country,admin1,latitude_wp,longitude_wp,elevation_wp,cwfunded_wp,wptype,pumptype,drillmethod,piped_source,piped_pump,rehabyn,qtyhh_wp,whomanage_wp,wp_age,rehab_age,qtypeople_wp,lockedfullday_wp,pumpstrokes,wc_present_wp,paytocollect_wp,improved_wponly_wp,qtyhh_c_wp,wc_admin_index_wp,wc_finance_index_wp,wc_mgmt_index_wp,wc_maint_index_wp,wc_savings_wp,wpqty_wp,pop_1000,annual_rain,season
Nepal,Central,27.04051,86.29366,811.7984,Yes,Public tap / standpipe,,,Protected spring,Gravity Fed,,2.0,Water committee,1.0,,11.0,No,,,,,,,,,,,,,,
Malawi,Central,-13.6446636,33.5351073,,Yes,Borehole with hand pump,Afridev,Manually drilled,,,No,45.0,Water committee,2.0,,225.0,No,1.0,Yes,No,1.0,45.0,Moderate,Inadequate,Inadequate,Inadequate,0.0,1.0,1423.596305,959.0,dry
Uganda,Eastern,0.4505326,33.8615182,1097.400024,Yes,Borehole with hand pump,U3,Manually drilled,,,No,120.0,Water committee,1.0,,530.0,No,1.0,,,,,,,,,,,,,
Uganda,Eastern,0.4678006,33.7486983,1177.0,Yes,Borehole with hand pump,U3,Manually drilled,,,No,29.0,Water committee,2.0,,174.0,No,2.0,Yes,Yes,1.0,69.0,Minimum,Minimum,Moderate,Moderate,1.0,2.0,1262.005344,1483.0,wet
Uganda,Eastern,0.4164281,33.7290568,1210.300049,Yes,Borehole with hand pump,India Mark II,Manually drilled,,,No,100.0,Water committee,2.0,,700.0,No,1.0,Yes,Yes,1.0,260.0,Minimum,Moderate,Moderate,Moderate,1.0,3.0,1591.008797,1483.0,wet
Mozambique,Nampula,-14.469251,39.8221891,337.0,Yes,Borehole with hand pump,Afridev,Manually drilled,,,No,51.0,Water committee,0.5,,321.0,No,1.0,,,,,,,,,,,,,
India,West Bengal,21.83018435,88.12225584,-46.0,Yes,Borehole with hand pump,Vergnet,Drilled by machine,,,Yes,20.0,Community leader,3.0,2.0,100.0,No,1.0,No,No,1.0,20.0,,,,,999.0,2.0,2395.735718,1439.0,dry
Ethiopia,Tigray,14.41115333,39.23011833,1914.5,Yes,Borehole with hand pump,Afridev,Manually drilled,,,No,48.0,Water committee,3.0,,284.0,No,2.0,Yes,Yes,1.0,250.0,Inadequate,Moderate,Inadequate,Moderate,1.0,8.0,483.8637074,601.0,dry
Nepal,Central,27.27832,85.97779,1392.4558,Yes,Public tap / standpipe,,,Protected spring,Gravity Fed,,11.0,Private person,1.0,,63.0,No,,Yes,Yes,1.0,74.0,Minimum,Moderate,Moderate,Moderate,1.0,8.0,209.6341198,1689.0,dry
Ethiopia,Tigray,13.98692833,38.43344167,1950.8,Yes,Protected dug well with hand pump,Afridev,Hand-dug,,,Yes,69.0,Water committee,7.0,3.0,433.0,,,Yes,Yes,0.0,589.0,Moderate,Moderate,Minimum,Minimum,1.0,9.0,661.6712094,601.0,dry
Niger,Maradi,13.7410489,7.0085371,390.0,Yes,Public tap / standpipe,,,Borehole,Solar powered pump,No,7.0,School,1.0,,268.0,No,,,,,,,,,,,,,,
Mozambique,Nampula,-14.4122532,39.9623499,279.0,Yes,Borehole with hand pump,Afridev,Manually drilled,,,No,110.0,Water committee,1.0,,550.0,,,,,,,,,,,,,,,
Malawi,South,-15.41112545,35.17996877,,Yes,Borehole with hand pump,Afridev,Manually drilled,,,No,40.0,Water committee,4.0,,200.0,No,2.0,Yes,Yes,1.0,40.0,Moderate,Moderate,Advanced,Advanced,1.0,1.0,835.5979032,1007.0,dry
Uganda,Eastern,0.5744178,33.9356513,1061.0,Yes,Borehole with hand pump,U3,Manually drilled,,,No,56.0,Water committee,1.0,,123.0,No,1.0,,,,,,,,,,,,,
Mali,Segou,13.2820006,-4.5879102,332.0,Yes,Borehole with hand pump,India Mark II,Manually drilled,,,Yes,2.0,Church,30.0,3.0,50.0,No,2.0,No,Yes,0.0,828.0,,,,,999.0,30.0,1003.464385,631.0,dry
Ethiopia,Tigray,13.88070833,39.02547667,1471.5,Yes,Borehole with hand pump,Afridev,Manually drilled,,,No,156.0,Water committee,6.0,,820.0,No,4.0,Yes,Yes,0.0,450.0,Moderate,Moderate,Moderate,Moderate,1.0,2.0,632.3384661,601.0,dry
Malawi,South,-15.80911113,34.47240598,504.0,Yes,Borehole with hand pump,Afridev,Drilled by machine,,,No,32.0,Water committee,5.0,,168.0,No,1.0,Yes,Yes,1.0,52.0,Minimum,Moderate,Minimum,Advanced,1.0,1.0,396.3095681,1007.0,dry
Mali,Koulikoro,13.4461723,-8.1594413,399.4559937,Yes,Borehole with hand pump,India Mark II,Manually drilled,,,No,82.0,Water committee,0.5,,820.0,No,3.0,,,,,,,,,,,,,
Ethiopia,Tigray,12.79826667,39.5009,2876.2,Yes,Borehole with hand pump,Afridev,Manually drilled,,,No,0.0,School,6.0,,,No,4.0,,,,,,,,,,,625.615313,601.0,wet
Rwanda,Northern Province,-1.834788756,29.95134937,2032.202487,Yes,Public tap / standpipe,,,Protected spring,Electric powered pump,No,30.0,Vendor,3.0,,185.0,No,,Yes,Yes,1.0,383.0,Moderate,Minimum,Minimum,Advanced,0.0,8.0,1101.72587,1205.0,wet
Ethiopia,Tigray,14.01610167,39.600485,2328.7,Yes,Borehole with hand pump,Afridev,Manually drilled,,,No,130.0,Water committee,3.0,,700.0,No,3.0,Yes,Yes,0.0,400.0,Moderate,Moderate,Moderate,Moderate,1.0,13.0,2093.337848,601.0,wet
Nepal,Central,27.10675,86.2157,1098.2519,Yes,Piped water into yard / plot,,,Protected spring,Gravity Fed,,2.0,Water committee,1.0,,7.0,No,,,,,,,,,,,,,,
Ethiopia,Tigray,14.14737333,39.01574667,1990.6,Yes,Borehole with hand pump,Afridev,Manually drilled,,,No,250.0,Water committee,3.0,,1235.0,,,Yes,Yes,0.0,623.0,Moderate,Moderate,Moderate,Moderate,1.0,5.0,378.2292824,601.0,dry
Ethiopia,Tigray,13.97474,39.72742667,2770.4,Yes,Borehole with hand pump,Afridev,Manually drilled,,,Yes,54.0,Water committee,4.0,1.0,331.0,No,2.0,Yes,Yes,1.0,403.0,Moderate,Moderate,Minimum,Minimum,1.0,6.0,635.5904867,601.0,dry
Mozambique,Zambezia,-17.2059863,36.2252798,146.3395127,Yes,Borehole with hand pump,Afridev,Manually drilled,,,No,25.0,Water committee,2.0,,200.0,No,1.0,Yes,No,0.0,80.0,Inadequate,Inadequate,Inadequate,Minimum,0.0,2.0,36.1411654,1203.0,wet
Uganda,Eastern,0.6506841,33.7767569,1055.082765,Yes,Borehole with hand pump,U3,Manually drilled,,,Yes,100.0,Water committee,17.0,2.0,600.0,No,2.0,Yes,Yes,1.0,210.0,Minimum,Minimum,Moderate,Moderate,1.0,2.0,1382.605075,1483.0,wet
India,West Bengal,21.79607821,88.12913028,-7.0,Yes,Borehole with hand pump,Afridev,Drilled by machine,,,No,50.0,Community leader,20.0,,150.0,No,1.0,No,No,1.0,50.0,,,,,999.0,2.0,1914.994812,1439.0,dry
Ethiopia,Tigray,13.18585667,39.365785,1971.6,Yes,Unprotected dug well,Afridev,Hand-dug,,,Yes,196.0,Water committee,15.0,5.0,1008.0,,,Yes,Yes,1.0,259.0,Moderate,Moderate,Moderate,Moderate,1.0,3.0,252.1964138,601.0,dry
Rwanda,Northern Province,-1.76789512,30.19892961,1877.0,Yes,Public tap / standpipe,,,Protected spring,Electric powered pump,No,100.0,Vendor,0.5,,120.0,No,,,,,,,,,,,,,,
Nepal,Western,28.37247,83.05542,1598.6483,Yes,Public tap / standpipe,,,Protected spring,Gravity Fed,,3.0,Water committee,1.0,,14.0,No,,,,,,,,,,,,,,
Malawi,Central,-13.64999382,33.537268,,Yes,Borehole with hand pump,Afridev,Manually drilled,,,No,137.0,Water committee,3.0,,685.0,No,1.0,Yes,Yes,1.0,137.0,Moderate,Moderate,Advanced,Advanced,1.0,1.0,1410.407316,959.0,dry
Rwanda,Northern Province,-1.677790782,30.03095442,2102.222326,Yes,Public tap / standpipe,,,Protected spring,Electric powered pump,No,25.0,Vendor,4.0,,70.0,No,,Yes,Yes,0.0,123.0,Moderate,Minimum,Minimum,Advanced,0.0,3.0,1454.035823,1205.0,wet
Malawi,Central,-13.67657727,33.45797449,,Yes,Borehole with hand pump,Afridev,Manually drilled,,,No,59.0,Water committee,3.0,,295.0,No,2.0,Yes,Yes,1.0,49.0,Inadequate,Moderate,Inadequate,Moderate,1.0,1.0,633.2913755,959.0,dry
Mali,Segou,12.9949478,-4.6966566,322.0,Yes,Borehole with hand pump,India Mark II,Manually drilled,,,No,30.0,Water committee,,,150.0,No,,Yes,Yes,1.0,120.0,Advanced,Inadequate,Inadequate,Advanced,1.0,5.0,228.0463929,631.0,dry
Ethiopia,Tigray,13.89691,39.54678667,2209.6,Yes,Protected dug well with hand pump,Afridev,Hand-dug,,,Yes,50.0,Water committee,6.0,1.0,302.0,No,3.0,Yes,Yes,1.0,120.0,Moderate,Moderate,Moderate,Moderate,1.0,8.0,495.3769877,601.0,dry
India,West Bengal,21.83165961,88.12656284,-38.0,Yes,Borehole with hand pump,Vergnet,Drilled by machine,,,Yes,80.0,Community leader,2.0,1.0,400.0,No,2.0,No,No,1.0,70.0,,,,,999.0,3.0,2640.78064,1439.0,dry
Nepal,Central,27.19179,86.32259,1325.5,Yes,Public tap / standpipe,,,Protected spring,Gravity Fed,,2.0,Private person,4.0,,5.0,No,,Yes,Yes,0.0,151.0,Inadequate,Moderate,Inadequate,Moderate,1.0,10.0,236.0210222,1689.0,wet
India,West Bengal,21.78452387,88.15658665,-55.0,Yes,Borehole with hand pump,Vergnet,Drilled by machine,,,Yes,45.0,Community leader,3.0,2.0,200.0,No,1.0,No,No,1.0,45.0,,,,,999.0,2.0,1962.700378,1439.0,dry
Ethiopia,Tigray,14.22524833,37.968385,1026.9,Yes,Borehole with hand pump,Afridev,Manually drilled,,,No,53.0,Water committee,0.5,,325.0,No,1.0,,,,,,,,,,,,,
Ethiopia,Tigray,12.61165667,39.516005,2495.1,Yes,Borehole with hand pump,Afridev,Manually drilled,,,No,56.0,Water committee,1.0,,280.0,No,2.0,,,,,,,,,,,,,
Ethiopia,Tigray,12.575795,39.320805,2054.0,Yes,Protected dug well with hand pump,Afridev,Hand-dug,,,No,30.0,Water committee,3.0,,130.0,,,Yes,Yes,0.0,450.0,Moderate,Moderate,Minimum,Minimum,1.0,8.0,235.9872829,601.0,wet
Nepal,Central,27.10827,86.12715,470.8765,Yes,Public tap / standpipe,,,Protected spring,Gravity Fed,,3.0,Water committee,1.0,,25.0,No,,,,,,,,,,,,,,
Mali,Segou,13.475297,-4.6656175,301.0,,Borehole with hand pump,India Mark II,Manually drilled,,,No,120.0,Water committee,4.0,,300.0,No,2.0,Yes,Yes,1.0,164.0,Moderate,Moderate,Minimum,Minimum,1.0,4.0,245.478121,631.0,dry
Malawi,South,-16.44735555,34.86622978,92.0,Yes,Borehole with hand pump,Afridev,Drilled by machine,,,No,45.0,Water committee,2.0,,675.0,No,2.0,Yes,Yes,1.0,45.0,Moderate,Moderate,Moderate,Moderate,1.0,3.0,912.5484551,1007.0,dry
Uganda,Eastern,0.406198,33.7441097,1205.48298,Yes,Borehole with hand pump,U3,Manually drilled,,,No,60.0,Water committee,2.0,,560.0,No,1.0,Yes,Yes,1.0,120.0,Minimum,Minimum,Moderate,Moderate,1.0,3.0,1709.081096,1483.0,wet
Ethiopia,Tigray,14.56692,38.074895,1411.9,Yes,Borehole with hand pump,Afridev,Manually drilled,,,Yes,59.0,Water committee,4.0,1.0,351.0,No,4.0,Yes,Yes,0.0,350.0,Advanced,Moderate,Minimum,Minimum,1.0,12.0,157.1813822,601.0,dry
Malawi,South,-16.26221498,35.05610528,80.0,Yes,Public tap / standpipe,,,Unprotected spring,Gravity Fed,No,20.0,Water committee,1.0,,137.0,No,,Yes,Yes,0.0,90.0,Moderate,Minimum,Minimum,Minimum,0.0,2.0,1946.056837,1007.0,dry
Uganda,Eastern,0.4576707,33.7866647,1138.307136,Yes,Borehole with hand pump,U3,Manually drilled,,,No,100.0,Water committee,2.0,,586.0,No,2.0,Yes,No,1.0,186.0,Minimum,Inadequate,Inadequate,Moderate,1.0,4.0,1810.666093,1483.0,wet
Malawi,South,-16.03034057,34.5328954,159.0,Yes,Borehole with hand pump,Afridev,Drilled by machine,,,No,96.0,Water committee,4.0,,576.0,No,4.0,Yes,Yes,1.0,96.0,Moderate,Minimum,Minimum,Advanced,0.0,1.0,1090.014858,1007.0,dry
Ethiopia,Tigray,13.505915,37.34522167,1400.7,Yes,Protected dug well with hand pump,Afridev,Hand-dug,,,No,47.0,Water committee,1.0,,282.0,No,3.0,,,,,,,,,,,,,
Ethiopia,Tigray,14.04577,38.03363833,1307.5,Yes,Borehole with hand pump,Afridev,Manually drilled,,,Yes,,Water committee,9.0,1.0,1475.0,No,3.0,,,,,,,,,,,953.7002871,601.0,dry
Ethiopia,Tigray,13.30728,39.11269333,1707.7,Yes,Borehole with hand pump,Afridev,Manually drilled,,,No,50.0,Water committee,5.0,,296.0,No,48.0,Yes,Yes,0.0,502.0,Moderate,Moderate,Minimum,Minimum,1.0,5.0,188.77245,601.0,dry
Ethiopia,Tigray,14.42620667,39.37430667,2897.3,Yes,Borehole with hand pump,Afridev,Manually drilled,,,No,10.0,Water committee,5.0,,56.0,No,2.0,Yes,Yes,0.0,150.0,Moderate,Moderate,Moderate,Moderate,1.0,2.0,2879.262804,601.0,dry
Uganda,Eastern,0.4670106,33.7422491,1179.168839,Yes,Borehole with hand pump,U3,Manually drilled,,,No,80.0,Water committee,2.0,,640.0,No,2.0,Yes,Yes,0.0,150.0,Inadequate,Moderate,Inadequate,Moderate,1.0,8.0,1692.131047,1483.0,wet
Ethiopia,Tigray,13.619145,38.88772167,1749.9,Yes,Borehole with hand pump,Afridev,Manually drilled,,,No,21.0,School,8.0,,105.0,No,,,,,,,,,,,,608.0062905,601.0,wet
Ethiopia,Tigray,12.90178833,39.39452,2137.2,Yes,Protected dug well with hand pump,Afridev,Hand-dug,,,No,80.0,Water committee,5.0,,400.0,No,3.0,Yes,Yes,1.0,170.0,Moderate,Moderate,Moderate,Moderate,1.0,5.0,289.4151305,601.0,wet
Malawi,Central,-15.00602,34.74876,,Yes,Borehole with hand pump,Afridev,Manually drilled,,,No,75.0,Water committee,1.0,,250.0,No,1.0,,,,,,,,,,,,,
Rwanda,Northern Province,-1.81003378,30.20181239,1741.0,Yes,Public tap / standpipe,,,Protected spring,Electric powered pump,No,60.0,Private person,0.5,,300.0,No,,,,,,,,,,,,,,
Niger,Dosso,12.8009417,2.6859994,228.0,Yes,Public tap / standpipe,,,Borehole,Solar powered pump,No,550.0,Water committee,3.0,,5000.0,No,,Yes,Yes,1.0,1002.0,Inadequate,Moderate,Inadequate,Minimum,1.0,7.0,101.2370738,634.0,dry
Niger,Dosso,12.943159,2.963599,,Yes,Borehole with hand pump,India Mark II,Manually drilled,,,Yes,5.0,School,,3.0,250.0,No,2.0,No,No,0.0,239.0,,,,,999.0,20.0,850.858534,634.0,dry
Nepal,Central,27.26718,85.54194,198.2455,Yes,Piped water into yard / plot,,,Protected spring,Gravity Fed,,1.0,Private person,1.0,,6.0,Yes,,,,,,,,,,,,,,
Mozambique,Zambezia,-17.5900795,35.5719904,250.0,Yes,Borehole with hand pump,Afridev,Manually drilled,,,No,30.0,Water committee,4.0,,120.0,No,2.0,Yes,Yes,0.0,521.0,Inadequate,Minimum,Inadequate,Minimum,0.0,31.0,79.41416522,1203.0,wet
Malawi,Central,-14.57399,34.57841,,Yes,Borehole with hand pump,Afridev,Manually drilled,,,No,102.0,Water committee,1.0,,510.0,No,1.0,,,,,,,,,,,,,
Malawi,South,-16.24664941,35.04426836,73.0,Yes,Public tap / standpipe,,,Unprotected spring,Gravity Fed,Yes,37.0,Water committee,27.0,2.0,111.0,No,,Yes,No,1.0,114.0,Moderate,Inadequate,Inadequate,Moderate,0.0,5.0,2055.032247,1007.0,dry
Malawi,South,-16.3435,34.78982,88.98,Yes,Borehole with hand pump,Afridev,Manually drilled,,,,45.0,Water committee,1.0,,225.0,No,,,,,,,,,,,,,,
Rwanda,Northern Province,-1.792279082,30.07522787,1617.831997,Yes,Public tap / standpipe,,,Protected spring,Electric powered pump,No,80.0,Water committee,2.0,,400.0,No,,Yes,Yes,1.0,318.0,Inadequate,Minimum,Inadequate,Advanced,0.0,2.0,2149.158232,1205.0,wet
Niger,Dosso,12.4891569,2.9195906,202.0,Yes,Borehole with hand pump,Water4,Manually drilled,,,No,12.0,Water committee,3.0,,12.0,No,1.0,Yes,No,1.0,20.0,Inadequate,Inadequate,Inadequate,Minimum,0.0,7.0,235.0342277,634.0,dry
Rwanda,Northern Province,-1.622754614,29.92160328,1915.800674,Yes,Public tap / standpipe,,,Protected spring,Gravity Fed,No,25.0,Vendor,2.0,,127.0,No,,Yes,Yes,1.0,218.0,Moderate,Minimum,Minimum,Moderate,0.0,5.0,2814.936115,1205.0,wet
Malawi,South,-15.98616593,34.44558942,196.0,Yes,Borehole with hand pump,Afridev,Drilled by machine,,,No,109.0,Water committee,4.0,,654.0,No,6.0,Yes,Yes,1.0,109.0,Moderate,Moderate,Advanced,Advanced,1.0,2.0,887.3743914,1007.0,dry
Ethiopia,Tigray,13.32916333,39.35836,2196.2,Yes,Protected dug well with hand pump,Afridev,Hand-dug,,,No,110.0,Water committee,9.0,,550.0,No,,Yes,Yes,0.0,250.0,Moderate,Moderate,Minimum,Minimum,1.0,8.0,1389.662906,601.0,dry
Nepal,Central,27.24787,85.58467,201.4365,Yes,Public tap / standpipe,,,Protected spring,Gravity Fed,,2.0,Water committee,1.0,,28.0,No,,,,,,,,,,,,,,
Uganda,Eastern,0.435764,33.805528,,Yes,Borehole with hand pump,India Mark II,Manually drilled,,,No,120.0,Water committee,1.0,,700.0,No,1.0,,,,,,,,,,,,,
Ethiopia,Tigray,13.91484333,39.46259333,2114.5,Yes,Borehole with hand pump,Afridev,Manually drilled,,,No,72.0,Water committee,3.0,,534.0,No,,Yes,Yes,1.0,400.0,Moderate,Moderate,Advanced,Advanced,1.0,6.0,929.7619351,601.0,wet
Uganda,Eastern,0.5448873,33.9547059,1139.668409,Yes,Borehole with hand pump,India Mark II,Manually drilled,,,No,50.0,Water committee,1.0,,280.0,No,1.0,,,,,,,,,,,,,
Ethiopia,Tigray,13.96131333,38.78508,1814.7,Yes,Protected dug well with hand pump,Afridev,Hand-dug,,,No,120.0,Water committee,4.0,,655.0,No,,Yes,Yes,0.0,250.0,Moderate,Moderate,Minimum,Minimum,1.0,6.0,620.2531792,601.0,dry
Nepal,Central,27.70338,84.73417,594.065,Yes,Public tap / standpipe,,,Protected spring,Gravity Fed,,2.0,Private person,1.0,,15.0,No,,,,,,,,,,,,,,
Ethiopia,Tigray,13.71006667,38.69492833,1801.5,Yes,Protected dug well with hand pump,Afridev,Hand-dug,,,Yes,80.0,Water committee,18.0,3.0,486.0,,,Yes,Yes,0.0,378.0,Moderate,Advanced,Minimum,Minimum,1.0,3.0,182.0951043,601.0,wet
Malawi,North,-11.87280798,33.50816399,,Yes,Public tap / standpipe,,,Borehole,Solar powered pump,No,5.0,Water committee,2.0,,25.0,No,,,,,,,,,,,,510.3189763,1053.0,dry
Rwanda,Northern Province,-1.77080024,30.17682924,1826.0,Yes,Public tap / standpipe,,,Protected spring,Electric powered pump,No,60.0,Water committee,0.5,,300.0,No,,,,,,,,,,,,,,
Mali,Segou,13.2017117,-4.3090003,397.0,Yes,Borehole with hand pump,India Mark II,Manually drilled,,,No,25.0,Water committee,4.0,,150.0,Yes,3.0,Yes,Yes,1.0,80.0,Minimum,Advanced,Minimum,Advanced,1.0,3.0,109.7646197,631.0,dry
Ethiopia,Tigray,14.35182833,38.06411167,1190.6,Yes,Borehole with hand pump,Afridev,Manually drilled,,,No,37.0,Water committee,1.0,,188.0,No,3.0,,,,,,,,,,,,,
Malawi,South,-15.82712045,34.47425955,472.0,Yes,Borehole with hand pump,Afridev,Drilled by machine,,,No,26.0,Community leader,5.0,,155.0,No,1.0,Yes,Yes,1.0,29.0,Inadequate,Moderate,Inadequate,Advanced,1.0,1.0,417.383604,1007.0,dry
India,Bihar,26.46762139,85.26532665,11.0,Yes,Borehole with hand pump,India Mark II,Drilled by machine,,,No,40.0,Water committee,1.0,,160.0,No,1.0,,,,,,,,,,,,,
Mali,Segou,13.0711323,-4.6417836,329.0,Yes,Public tap / standpipe,,,Borehole,Solar powered pump,No,31.0,Water committee,1.0,,124.0,Yes,,Yes,Yes,0.0,200.0,Minimum,Moderate,Minimum,Advanced,1.0,11.0,232.4580885,631.0,dry
India,West Bengal,21.73909097,88.36889386,-42.0,Yes,Borehole with hand pump,India Mark II,Drilled by machine,,,No,38.0,Water committee,3.0,,63.0,No,1.0,Yes,Yes,1.0,150.0,Inadequate,Moderate,Inadequate,Advanced,1.0,8.0,1199.763428,1439.0,dry
Nepal,Central,27.07304,86.21019,486.9,Yes,Public tap / standpipe,,,Protected spring,Gravity Fed,,1.0,Water committee,3.0,,5.0,No,,Yes,Yes,1.0,94.0,Inadequate,Minimum,Inadequate,Minimum,1.0,11.0,294.2532629,1689.0,dry
Ethiopia,Tigray,14.08927333,37.97012667,1121.9,Yes,Borehole with hand pump,Afridev,Manually drilled,,,Yes,120.0,Water committee,3.0,1.0,760.0,No,,Yes,Yes,1.0,340.0,Moderate,Moderate,Minimum,Minimum,1.0,5.0,734.3528471,601.0,dry
Mali,Segou,13.4177327,-4.6505215,324.0,,Borehole with hand pump,India Mark II,Manually drilled,,,No,50.0,Water committee,4.0,,100.0,Yes,1.0,Yes,Yes,1.0,240.0,Moderate,Advanced,Advanced,Advanced,1.0,2.0,200.7516712,631.0,dry
Nepal,Central,27.15899,86.14902,934.6,Yes,Public tap / standpipe,,,Protected spring,Gravity Fed,,2.0,Water committee,2.0,,8.0,No,,Yes,Yes,1.0,102.0,Moderate,Moderate,Moderate,Moderate,1.0,8.0,241.1747251,1689.0,wet
Mali,Segou,13.5986062,-4.5934413,443.0,Yes,Public tap / standpipe,,,,Solar powered pump,No,40.0,Water committee,4.0,,100.0,No,,Yes,Yes,0.0,350.0,Moderate,Moderate,Advanced,Advanced,1.0,16.0,432.5585388,631.0,dry
Nepal,Central,27.10842,86.0893,314.5663,Yes,Piped water into yard / plot,,,Protected spring,Gravity Fed,,1.0,Water committee,1.0,,4.0,No,,,,,,,,,,,,,,
Ethiopia,Tigray,13.82665,38.67002667,1813.7,Yes,Protected dug well with hand pump,Afridev,Hand-dug,,,Yes,64.0,Water committee,4.0,1.0,372.0,No,22.0,Yes,Yes,0.0,338.0,Advanced,Advanced,Minimum,Minimum,1.0,4.0,369.4455562,601.0,dry
Niger,Maradi,13.7435146,7.0108087,400.0,Yes,Public tap / standpipe,,,Borehole,Solar powered pump,No,26.0,Water committee,1.0,,200.0,No,,,,,,,,,,,,,,
Niger,Dosso,12.5812668,2.918198,210.0,Yes,Borehole with hand pump,Vergnet,Manually drilled,,,No,32.0,Water committee,3.0,,200.0,Yes,4.0,Yes,No,1.0,37.0,Inadequate,Inadequate,Inadequate,Minimum,0.0,5.0,572.5855074,634.0,dry
Uganda,Eastern,0.5574101,33.9090831,1072.235372,Yes,Borehole with hand pump,U3,Manually drilled,,,No,40.0,Water committee,1.0,,300.0,No,2.0,,,,,,,,,,,,,
Nepal,Central,27.06689,86.29704,837.658,Yes,Public tap / standpipe,,,Protected spring,Gravity Fed,,1.0,Water committee,2.0,,7.0,No,,Yes,Yes,1.0,36.0,Inadequate,Moderate,Inadequate,Moderate,1.0,5.0,165.5855761,1689.0,wet
Ethiopia,Tigray,14.17157861,38.27722767,1866.0,Yes,Borehole with hand pump,Afridev,Manually drilled,,,No,47.0,Water committee,1.0,,282.0,No,3.0,,,,,,,,,,,,,
Mali,Koulikoro,13.9551156,-8.2285832,378.2567749,Yes,Borehole with hand pump,India Mark II,Manually drilled,,,No,36.0,Water committee,1.0,,200.0,Yes,1.0,,,,,,,,,,,,,
Mozambique,Zambezia,-17.1998036,35.842522,277.0,Yes,Borehole with hand pump,Afridev,Manually drilled,,,Yes,33.0,Water committee,3.0,1.0,190.0,No,1.0,Yes,Yes,1.0,33.0,Moderate,Advanced,Advanced,Advanced,1.0,1.0,404.3350987,1203.0,wet
Ethiopia,Tigray,13.74977667,39.04431833,1767.9,Yes,Borehole with hand pump,Afridev,Manually drilled,,,No,115.0,Water committee,3.0,,700.0,No,2.0,Yes,Yes,0.0,500.0,Moderate,Moderate,Moderate,Moderate,1.0,5.0,1318.037984,601.0,wet
Uganda,Eastern,0.4744603,33.7637458,1194.329136,Yes,Borehole with hand pump,U3,Manually drilled,,,No,235.0,Water committee,2.0,,1900.0,No,2.0,Yes,No,1.0,425.0,Minimum,Inadequate,Inadequate,Moderate,0.0,2.0,1982.878172,1483.0,wet
Nepal,Central,27.27952,85.97977,1367.7859,Yes,Public tap / standpipe,,,Protected spring,Gravity Fed,,1.0,Water committee,1.0,,4.0,No,,Yes,Yes,1.0,74.0,Minimum,Moderate,Moderate,Moderate,1.0,8.0,317.1215338,1689.0,dry
Rwanda,Northern Province,-1.6223754,29.9886942,2218.0,Yes,Public tap / standpipe,,,Protected spring,Electric powered pump,No,75.0,Private person,1.0,,385.0,No,,,,,,,,,,,,,,
Nepal,Central,27.22388,86.31579,722.1,Yes,Public tap / standpipe,,,Protected spring,Gravity Fed,,1.0,Water committee,5.0,,6.0,No,,Yes,Yes,1.0,192.0,Moderate,Moderate,Moderate,Moderate,1.0,5.0,208.1176639,1689.0,wet
Nepal,Central,27.059,86.23303,390.1,Yes,Public tap / standpipe,,,Protected spring,Gravity Fed,,2.0,Water committee,2.0,,6.0,No,,Yes,Yes,1.0,110.0,Moderate,Moderate,Moderate,Moderate,1.0,24.0,166.8702634,1689.0,dry
Mali,Koulikoro,14.2529163,-8.4353684,348.2982178,Yes,Borehole with hand pump,India Mark II,Manually drilled,,,No,21.0,Water committee,0.5,,200.0,No,2.0,,,,,,,,,,,,,
Nepal,Western,28.29678,83.15136,1289.0451,Yes,Piped water into yard / plot,,,Protected spring,Gravity Fed,,1.0,Water committee,1.0,,12.0,No,,,,,,,,,,,,,,
Malawi,South,-15.77905405,34.29268247,497.0,Yes,Borehole with hand pump,Afridev,Drilled by machine,,,No,100.0,Water committee,3.0,,500.0,No,2.0,Yes,Yes,1.0,100.0,Inadequate,Moderate,Inadequate,Moderate,1.0,1.0,448.0860191,1007.0,dry
Mali,Koulikoro,13.7413808,-8.2813075,371.998291,Yes,Borehole with hand pump,India Mark II,Manually drilled,,,No,15.0,Water committee,0.5,,300.0,Yes,4.0,,,,,,,,,,,,,
Rwanda,Northern Province,-1.772316257,29.94578708,2000.105624,Yes,Public tap / standpipe,,,Protected spring,Electric powered pump,No,25.0,Vendor,4.0,,75.0,No,,Yes,Yes,1.0,115.0,Inadequate,Minimum,Inadequate,Minimum,0.0,2.0,1700.506633,1205.0,wet
Niger,Maradi,13.716298,7.1011522,405.0,Yes,Public tap / standpipe,,,Borehole,Solar powered pump,No,40.0,Water committee,1.0,,280.0,No,,,,,,,,,,,,,,
Mozambique,Nampula,-14.4295633,39.3904886,411.0,Yes,Borehole with hand pump,Afridev,Manually drilled,,,No,40.0,Water committee,1.0,,200.0,No,2.0,,,,,,,,,,,,,
Malawi,South,-16.14857151,34.8455678,90.0,Yes,Borehole with hand pump,Afridev,Drilled by machine,,,Yes,82.0,Water committee,19.0,1.0,492.0,No,16.0,Yes,Yes,1.0,82.0,Inadequate,Moderate,Inadequate,Advanced,1.0,1.0,2179.406273,1007.0,dry
India,West Bengal,21.87080988,88.38299904,-60.0,Yes,Borehole with hand pump,Afridev,Drilled by machine,,,Yes,56.0,Water committee,4.0,4.0,450.0,No,3.0,Yes,Yes,1.0,250.0,Inadequate,Minimum,Inadequate,Minimum,0.0,4.0,1848.329834,1439.0,dry
Ethiopia,Tigray,13.59511167,37.64129167,946.9,Yes,Borehole with hand pump,Afridev,Manually drilled,,,No,0.0,School,0.5,,532.0,No,2.0,,,,,,,,,,,,,
Rwanda,Northern Province,-1.754782025,30.0573856,1856.110883,Yes,Public tap / standpipe,,,Protected spring,Electric powered pump,No,50.0,Vendor,5.0,,200.0,No,,Yes,Yes,1.0,116.0,Inadequate,Minimum,Inadequate,Moderate,0.0,4.0,1655.901806,1205.0,wet
Ethiopia,Tigray,14.041615,38.43749167,1966.3,Yes,Borehole with hand pump,Afridev,Manually drilled,,,No,50.0,Water committee,1.0,,275.0,No,2.0,,,,,,,,,,,,,
Nepal,Central,27.17977,86.29154,1933.5098,Yes,Public tap / standpipe,,,Protected spring,Gravity Fed,,1.0,Private person,3.0,,4.0,No,,Yes,Yes,0.0,74.0,Minimum,Moderate,Moderate,Moderate,1.0,6.0,223.4740232,1689.0,wet
Malawi,Central,-15.06396,34.75033,,Yes,Borehole with hand pump,Afridev,Manually drilled,,,No,33.0,Water committee,1.0,,78.0,No,1.0,,,,,,,,,,,,,
Ethiopia,Tigray,13.21114167,39.53136333,2070.7,Yes,Protected dug well with hand pump,Afridev,Hand-dug,,,No,90.0,Water committee,10.0,,400.0,,,Yes,Yes,1.0,500.0,Inadequate,Moderate,Inadequate,Moderate,1.0,6.0,1065.146233,601.0,wet
Ethiopia,Tigray,13.49403333,39.58582667,2361.6,Yes,Borehole with hand pump,Afridev,Manually drilled,,,No,140.0,Water committee,4.0,,700.0,No,2.0,Yes,Yes,1.0,432.0,Inadequate,Moderate,Inadequate,Moderate,1.0,6.0,568.0487128,601.0,dry
Malawi,South,-16.53077,34.84146,175.46,Yes,Borehole with hand pump,Afridev,Manually drilled,,,,48.0,Water committee,1.0,,240.0,No,,,,,,,,,,,,,,
Ethiopia,Tigray,13.40434333,39.30743,1912.2,Yes,Protected dug well with hand pump,Afridev,Hand-dug,,,No,150.0,Water committee,8.0,,523.0,No,4.0,Yes,Yes,0.0,300.0,Moderate,Moderate,Minimum,Minimum,1.0,7.0,235.363263,601.0,dry
Uganda,Eastern,,,,Yes,Borehole with hand pump,U3,Manually drilled,,,No,58.0,Water committee,1.0,,375.0,No,3.0,,,,,,,,,,,,,
Rwanda,Northern Province,-1.702111369,30.02888867,1635.410051,Yes,Public tap / standpipe,,,Protected spring,Gravity Fed,No,25.0,Vendor,5.0,,125.0,No,,Yes,Yes,1.0,152.0,Moderate,Minimum,Minimum,Moderate,0.0,8.0,1842.816153,1205.0,dry
Mozambique,Nampula,-14.4438092,39.8482244,333.0,Yes,Borehole with hand pump,Afridev,Manually drilled,,,No,71.0,Water committee,0.5,,355.0,No,21.0,,,,,,,,,,,,,
Uganda,Eastern,0.6540889,33.8841018,1062.016911,Yes,Borehole with hand pump,India Mark II,Manually drilled,,,No,60.0,Water committee,1.0,,360.0,No,2.0,,,,,,,,,,,,,
Ethiopia,Tigray,14.233305,38.17685167,1726.0,Yes,Borehole with hand pump,Afridev,Manually drilled,,,No,55.0,Water committee,1.0,,220.0,No,3.0,,,,,,,,,,,,,
Ethiopia,Tigray,13.91684833,39.476525,2180.6,Yes,Protected dug well with hand pump,Afridev,Hand-dug,,,Yes,57.0,Water committee,4.0,1.0,427.0,No,1.0,Yes,Yes,1.0,380.0,Inadequate,Moderate,Inadequate,Advanced,1.0,8.0,684.5803068,601.0,wet
Rwanda,Northern Province,-1.838843323,29.98581737,1730.894508,Yes,Public tap / standpipe,,,Protected spring,Electric powered pump,No,25.0,Vendor,4.0,,110.0,No,,Yes,Yes,1.0,114.0,Inadequate,Minimum,Inadequate,Moderate,0.0,4.0,1565.680278,1205.0,dry
Niger,Dosso,12.6245158,2.9034333,201.0,Yes,Borehole with hand pump,Water4,Drilled by machine,,,No,20.0,Water committee,3.0,,200.0,No,1.0,Yes,No,1.0,298.0,Inadequate,Inadequate,Inadequate,Moderate,1.0,17.0,706.1630838,634.0,dry
Malawi,South,-15.3079761,35.168403,558.969241,Yes,Borehole with hand pump,Afridev,Manually drilled,,,No,45.0,Water committee,3.0,,200.0,No,1.0,Yes,Yes,1.0,170.0,Moderate,Moderate,Minimum,Minimum,1.0,2.0,666.3188827,1007.0,dry
Nepal,Central,27.34362,85.74319,990.5497,Yes,Public tap / standpipe,,,Protected spring,Gravity Fed,,5.0,Water committee,1.0,,24.0,No,,,,,,,,,,,,,,
Nepal,Central,27.27469,85.55188,128.3,No,Public tap / standpipe,,,Protected spring,Gravity Fed,,2.0,Water committee,2.0,,8.0,No,,Yes,No,0.0,82.0,Inadequate,Inadequate,Inadequate,Moderate,1.0,8.0,79.7369899,1689.0,wet
Ethiopia,Tigray,14.31226,38.98687167,2072.1,Yes,Borehole with hand pump,Afridev,Manually drilled,,,No,0.0,School,4.0,,,No,3.0,,,,,,,,,,,1061.400405,601.0,dry
Ethiopia,Tigray,13.40377833,39.17005833,2152.1,Yes,Borehole with hand pump,Afridev,Manually drilled,,,No,24.0,School,9.0,,208.0,No,3.0,,,,,,,,,,,267.1598636,601.0,dry
Malawi,South,-16.06500687,34.57438482,159.0,Yes,Borehole with hand pump,Afridev,Drilled by machine,,,No,108.0,Water committee,3.0,,648.0,No,7.0,Yes,Yes,1.0,108.0,Moderate,Moderate,Moderate,Moderate,1.0,4.0,484.3569568,1007.0,dry
Ethiopia,Tigray,13.23528,38.99178333,1614.2,Yes,Borehole with hand pump,Afridev,Manually drilled,,,No,0.0,School,5.0,,,No,3.0,,,,,,,,,,,388.5902064,601.0,wet
India,Bihar,26.49826579,85.28780494,-1.0,Yes,Borehole with hand pump,India Mark II,Drilled by machine,,,No,15.0,Water committee,1.0,,60.0,No,2.0,,,,,,,,,,,,,
Malawi,South,-16.2942049,35.05878188,80.0,Yes,Public tap / standpipe,,,Unprotected spring,Gravity Fed,Yes,25.0,Water committee,27.0,2.0,115.0,No,,,,,,,,,,,,2211.759422,1007.0,dry
Ethiopia,Tigray,14.08077667,38.32243667,1712.3,Yes,Protected dug well with hand pump,Afridev,Hand-dug,,,Yes,58.0,Water committee,5.0,2.0,348.0,,,Yes,Yes,1.0,560.0,Moderate,Moderate,Moderate,Moderate,1.0,10.0,714.4950204,601.0,dry
Ethiopia,Tigray,14.14842333,38.18602,1609.5,Yes,Protected dug well with hand pump,Afridev,Hand-dug,,,No,160.0,Water committee,8.0,,652.0,No,3.0,Yes,Yes,0.0,800.0,Moderate,Moderate,Moderate,Moderate,1.0,11.0,115.5399503,601.0,dry
Mozambique,Zambezia,-17.3615408,35.5578092,389.5742953,Yes,Borehole with hand pump,Afridev,Manually drilled,,,No,50.0,Water committee,2.0,,300.0,No,1.0,Yes,Yes,1.0,120.0,Moderate,Moderate,Advanced,Advanced,1.0,1.0,1597.046333,1203.0,wet
Ethiopia,Tigray,14.13746333,38.409845,1975.1,Yes,Borehole with hand pump,Afridev,Manually drilled,,,No,0.0,School,9.0,,,No,3.0,,,,,,,,,,,881.1101853,601.0,dry
Uganda,Eastern,0.3827621,33.710886,1191.833871,Yes,Borehole with hand pump,U3,Manually drilled,,,Yes,200.0,Water committee,6.0,2.0,1800.0,No,7.0,Yes,No,1.0,242.0,Inadequate,Inadequate,Inadequate,Moderate,0.0,2.0,1703.533882,1483.0,wet
Niger,Maradi,13.6960269,7.2882603,436.0,Yes,Borehole with hand pump,Vergnet Hydro,Manually drilled,,,No,50.0,Water committee,1.0,,350.0,No,,,,,,,,,,,,,,
Malawi,North,-11.86940094,33.50899547,,Yes,Public tap / standpipe,,,Borehole,Solar powered pump,No,10.0,Water committee,2.0,,50.0,Yes,,,,,,,,,,,,665.543265,1053.0,dry
Mozambique,Nampula,-14.2962659,39.4923364,370.0,Yes,Borehole with hand pump,Afridev,Manually drilled,,,No,100.0,Water committee,0.5,,500.0,No,2.0,,,,,,,,,,,,,
Mali,Segou,,,,Yes,Borehole with hand pump,India Mark II,Manually drilled,,,No,159.0,Water committee,1.0,,604.0,Yes,7.0,Yes,Yes,0.0,159.0,Inadequate,Inadequate,Inadequate,Advanced,1.0,4.0,,631.0,dry
Ethiopia,Tigray,14.21173833,39.12746,2004.6,Yes,Protected dug well with hand pump,Afridev,Hand-dug,,,No,65.0,No one,1.0,,422.0,,,Yes,Yes,0.0,380.0,Inadequate,Moderate,Inadequate,Moderate,1.0,6.0,482.1129582,601.0,dry
Uganda,Eastern,0.2891074,33.8044384,1141.599976,Yes,Borehole with hand pump,India Mark II,Manually drilled,,,No,100.0,Water committee,1.0,,1000.0,No,3.0,,,,,,,,,,,,,
Ethiopia,Tigray,13.56248833,39.11078333,2237.8,Yes,Protected spring,,,,,No,500.0,Water committee,8.0,,3000.0,No,,Yes,Yes,0.0,500.0,Inadequate,Moderate,Inadequate,Moderate,1.0,3.0,889.9419918,601.0,wet
Mali,Segou,13.3843433,-4.2257118,400.0,Yes,Borehole with hand pump,India Mark II,Manually drilled,,,No,,School,4.0,,178.0,Yes,,Yes,Yes,1.0,62.0,Minimum,Advanced,Minimum,Advanced,1.0,4.0,92.09234945,631.0,dry
Ethiopia,Tigray,14.06265833,38.75883667,2226.1,Yes,Protected dug well with hand pump,Afridev,Hand-dug,,,Yes,90.0,Water committee,6.0,1.0,521.0,,,Yes,Yes,1.0,626.0,Advanced,Advanced,Minimum,Minimum,1.0,7.0,541.7557095,601.0,dry
Malawi,South,-16.14000369,34.82503432,77.0,Yes,Borehole with hand pump,Afridev,Drilled by machine,,,Yes,56.0,Water committee,52.0,1.0,312.0,No,17.0,Yes,Yes,1.0,133.0,Inadequate,Moderate,Inadequate,Moderate,1.0,4.0,1374.806102,1007.0,dry
Niger,Dosso,12.6829004,2.9623839,208.0,Yes,Borehole with hand pump,India Mark II,Manually drilled,,,No,47.0,Water committee,3.0,,300.0,Yes,2.0,Yes,No,0.0,17.0,Moderate,Inadequate,Inadequate,Advanced,1.0,5.0,330.0011837,634.0,dry
Mozambique,Nampula,-14.3744119,39.9077433,290.0,Yes,Borehole with hand pump,Afridev,Manually drilled,,,No,39.0,Water committee,1.0,,195.0,No,1.0,,,,,,,,,,,,,
Rwanda,Northern Province,-1.62308254,29.96520309,1829.429699,Yes,Public tap / standpipe,,,Protected spring,Gravity Fed,No,5.0,Private person,2.0,,25.0,No,,No,No,1.0,185.0,,,,,999.0,3.0,2748.292157,1205.0,wet
Niger,Maradi,13.7395948,6.8461331,369.0,Yes,Borehole with hand pump,Hydro India,Manually drilled,,,Yes,110.0,Water committee,1.0,1.0,700.0,No,,,,,,,,,,,,,,
India,Bihar,26.51293683,85.33170624,2.0,Yes,Borehole with hand pump,India Mark II,Drilled by machine,,,No,40.0,Water committee,4.0,,250.0,No,1.0,Yes,No,1.0,40.0,Moderate,Inadequate,Inadequate,Minimum,0.0,3.0,4223.138428,1186.0,dry
Mozambique,Zambezia,-17.3630058,35.5145444,364.9367172,Yes,Borehole with hand pump,Afridev,Manually drilled,,,No,80.0,Community leader,4.0,,1000.0,No,3.0,Yes,Yes,1.0,100.0,Moderate,Moderate,Advanced,Advanced,1.0,1.0,622.4566672,1203.0,wet
Uganda,Eastern,0.4286269,33.7473382,1179.495519,Yes,Borehole with hand pump,U3,Manually drilled,,,No,58.0,Water committee,2.0,,464.0,No,1.0,Yes,No,1.0,306.0,Minimum,Inadequate,Inadequate,Moderate,0.0,5.0,1686.166567,1483.0,wet
India,Bihar,26.6211346,85.30111408,-24.0,Yes,Borehole with hand pump,Afridev,Drilled by machine,,,No,15.0,Water committee,1.0,,60.0,No,1.0,,,,,,,,,,,,,
Ethiopia,Tigray,13.02987667,39.58924167,2657.7,Yes,Protected dug well with hand pump,Afridev,Hand-dug,,,Yes,71.0,Water committee,8.0,4.0,393.0,,,Yes,Yes,0.0,396.0,Inadequate,Moderate,Inadequate,Moderate,1.0,4.0,1168.393991,601.0,dry
Malawi,Central,-14.54095,34.66926,,Yes,Borehole with hand pump,Afridev,Manually drilled,,,Yes,82.0,Water committee,20.0,1.0,584.0,No,1.0,,,,,,,,,,,,,
Nepal,Central,27.08105,86.14342,474.7,Yes,Public tap / standpipe,,,Protected spring,Gravity Fed,,2.0,Water committee,2.0,,12.0,No,,Yes,No,1.0,69.0,Inadequate,Inadequate,Inadequate,Inadequate,1.0,8.0,191.8411356,1689.0,wet
Nepal,Central,27.08538,86.14342,472.2,Yes,Public tap / standpipe,,,Protected spring,Gravity Fed,,1.0,Water committee,2.0,,4.0,No,,Yes,No,1.0,69.0,Inadequate,Inadequate,Inadequate,Inadequate,1.0,8.0,223.1728409,1689.0,wet
Nepal,Central,27.16808,86.0965,822.0,Yes,Public tap / standpipe,,,Protected spring,Gravity Fed,,1.0,Water committee,3.0,,6.0,No,,Yes,Yes,1.0,75.0,Moderate,Moderate,Moderate,Moderate,1.0,11.0,232.0966995,1689.0,wet
India,Bihar,26.51741194,85.2608377,16.0,Yes,Borehole with hand pump,India Mark II,Drilled by machine,,,No,35.0,Water committee,4.0,,150.0,No,5.0,Yes,Yes,1.0,150.0,Moderate,Moderate,Moderate,Moderate,1.0,4.0,2833.255249,1186.0,dry
Mozambique,Zambezia,-17.186368,35.9667157,238.8317606,Yes,Borehole with hand pump,Afridev,Manually drilled,,,No,30.0,Water committee,2.0,,400.0,No,2.0,Yes,Yes,0.0,80.0,Inadequate,Minimum,Inadequate,Minimum,0.0,2.0,93.99323894,1203.0,wet
Mozambique,Nampula,-14.2758089,39.987618,240.0,Yes,Public tap / standpipe,,,Borehole,,No,200.0,Water committee,1.0,,1000.0,No,,,,,,,,,,,,,,
Ethiopia,Tigray,13.58224344,37.13784574,918.0,Yes,Borehole with hand pump,Afridev,Manually drilled,,,No,45.0,Water committee,1.0,,265.0,No,2.0,,,,,,,,,,,,,
India,Bihar,26.56559498,85.35417722,2.0,Yes,Borehole with hand pump,India Mark II,Drilled by machine,,,No,25.0,Water committee,1.0,,100.0,No,1.0,,,,,,,,,,,,,
Malawi,Central,-14.68633,34.64676,,Yes,Borehole with hand pump,Afridev,Manually drilled,,,No,200.0,Water committee,1.0,,873.0,No,1.0,,,,,,,,,,,,,
Rwanda,Northern Province,-1.8001143,30.21639194,1564.0,Yes,Public tap / standpipe,,,Protected spring,Gravity Fed,No,100.0,Water committee,0.5,,700.0,No,,,,,,,,,,,,,,
India,West Bengal,21.97709128,88.36811652,-69.0,Yes,Borehole with hand pump,Vergnet,Drilled by machine,,,No,25.0,Water committee,2.0,,150.0,No,2.0,Yes,No,1.0,25.0,Inadequate,Inadequate,Inadequate,Minimum,0.0,2.0,1834.777039,1439.0,dry
Ethiopia,Tigray,13.216315,38.98847333,1656.8,Yes,Protected dug well with hand pump,Afridev,Hand-dug,,,No,80.0,Water committee,5.0,,246.0,No,,Yes,Yes,0.0,320.0,Moderate,Moderate,Moderate,Moderate,1.0,5.0,622.4958057,601.0,wet
Mozambique,Zambezia,-17.6348464,35.4973205,227.0,Yes,Borehole with hand pump,Afridev,Manually drilled,,,No,96.0,Water committee,4.0,,421.0,No,1.0,Yes,Yes,0.0,500.0,Minimum,Moderate,Minimum,Advanced,1.0,5.0,145.9691132,1203.0,wet
Rwanda,Northern Province,-1.78611061,30.19177787,1499.0,Yes,Protected spring,,,,,No,12.0,Water committee,0.5,,84.0,No,,,,,,,,,,,,,,
Nepal,Central,27.27325,85.58834,227.5,Yes,Public tap / standpipe,,,Protected spring,Gravity Fed,,1.0,Water committee,3.0,,5.0,No,,Yes,Yes,1.0,48.0,Moderate,Moderate,Moderate,Moderate,1.0,5.0,85.27888153,1689.0,wet
Mali,Segou,12.9409792,-4.3719124,408.0,Yes,Borehole with hand pump,India Mark II,Manually drilled,,,No,,School,1.0,,0.0,Yes,37.0,Yes,Yes,0.0,51.0,Inadequate,Minimum,Inadequate,Advanced,0.0,4.0,108.8411313,631.0,dry
Nepal,Central,27.60956,84.72274,659.0712,Yes,Public tap / standpipe,,,Protected spring,Gravity Fed,,2.0,Water committee,1.0,,16.0,No,,,,,,,,,,,,,,
Malawi,South,-16.26937774,35.05784369,66.0,Yes,Public tap / standpipe,,,Unprotected spring,Gravity Fed,Yes,33.0,Water committee,31.0,1.0,97.0,Yes,,Yes,Yes,1.0,124.0,Moderate,Minimum,Minimum,Minimum,0.0,6.0,2719.176503,1007.0,dry
Rwanda,Northern Province,-1.791075413,30.12515127,1428.464505,Yes,Public tap / standpipe,,,Protected spring,Gravity Fed,No,202.0,Water committee,8.0,,867.0,No,,No,No,1.0,202.0,,,,,999.0,2.0,3054.989927,1205.0,wet
Rwanda,Northern Province,-1.78169231,30.17385334,1813.0,Yes,Public tap / standpipe,,,Protected spring,Electric powered pump,No,70.0,Water committee,0.5,,450.0,No,,,,,,,,,,,,,,
Rwanda,Northern Province,-1.674935496,29.92121418,1777.551634,Yes,Public tap / standpipe,,,Protected spring,Gravity Fed,No,23.0,Water committee,3.0,,89.0,No,,Yes,Yes,1.0,132.0,Moderate,Minimum,Minimum,Advanced,0.0,5.0,2155.048776,1205.0,dry
Mali,Segou,13.378606,-4.2250588,404.0,Yes,Borehole with hand pump,India Mark II,Manually drilled,,,No,30.0,Water committee,4.0,,200.0,Yes,1.0,Yes,Yes,1.0,62.0,Minimum,Advanced,Minimum,Advanced,1.0,4.0,163.5622758,631.0,dry
Niger,Maradi,13.7579861,7.1336926,424.0,Yes,Borehole with hand pump,Vergnet Hydro,Manually drilled,,,No,80.0,Water committee,1.0,,569.0,No,1.0,,,,,,,,,,,,,
Rwanda,Northern Province,-1.766883089,29.99709812,2132.668507,Yes,Public tap / standpipe,,,Protected spring,Electric powered pump,No,50.0,Vendor,1.0,,70.0,No,,Yes,Yes,1.0,140.0,Inadequate,Minimum,Inadequate,Advanced,0.0,3.0,1726.172393,1205.0,wet
Ethiopia,Tigray,13.408125,39.67448333,2054.9,Yes,Borehole with hand pump,Afridev,Manually drilled,,,No,0.0,School,4.0,,,No,,,,,,,,,,,,401.7801251,601.0,wet
Nepal,Central,27.10311,86.10373,423.7559,Yes,Public tap / standpipe,,,Protected spring,Gravity Fed,,3.0,Water committee,1.0,,21.0,No,,,,,,,,,,,,,,
Ethiopia,Tigray,13.39650833,39.56881833,2341.8,Yes,Borehole with hand pump,Afridev,Manually drilled,,,No,126.0,Water committee,6.0,,630.0,No,6.0,Yes,Yes,1.0,370.0,Moderate,Moderate,Advanced,Advanced,1.0,5.0,303.0930865,601.0,dry
Ethiopia,Tigray,14.02092167,39.618785,2485.3,Yes,Protected spring,,,,,No,90.0,Water committee,6.0,,540.0,,,Yes,Yes,1.0,390.0,Moderate,Moderate,Minimum,Minimum,1.0,13.0,783.7100465,601.0,wet
Niger,Dosso,13.1050727,2.8417459,237.0,Yes,Public tap / standpipe,,,Borehole,Solar powered pump,No,45.0,Community leader,3.0,,150.0,No,,Yes,Yes,1.0,40.0,Minimum,Minimum,Minimum,Minimum,999.0,7.0,1403.274039,634.0,dry
Rwanda,Northern Province,-1.771070991,29.94180507,1945.707768,Yes,Public tap / standpipe,,,Protected spring,Electric powered pump,No,25.0,Vendor,4.0,,80.0,No,,Yes,Yes,1.0,133.0,Inadequate,Minimum,Inadequate,Minimum,0.0,6.0,1895.626871,1205.0,wet
Niger,Maradi,13.660666,7.2199569,416.0,Yes,Borehole with hand pump,Vergnet Hydro,Manually drilled,,,Yes,30.0,Water committee,15.0,1.0,210.0,No,1.0,,,,,,,,,,,,,
Niger,Dosso,12.9352531,2.7508654,243.0,Yes,Public tap / standpipe,,,Borehole,Solar powered pump,No,20.0,Community leader,3.0,,80.0,No,,Yes,Yes,0.0,473.0,Inadequate,Advanced,Inadequate,Minimum,1.0,8.0,461.2159736,634.0,dry
Niger,Dosso,12.5471541,2.6393378,195.0,Yes,Borehole with hand pump,Water4,Manually drilled,,,No,5.0,Water committee,3.0,,50.0,No,9.0,Yes,No,0.0,376.0,Moderate,Inadequate,Inadequate,Advanced,0.0,6.0,129.7770022,634.0,dry
Nepal,Central,27.32726,85.56558,932.8387,Yes,Public tap / standpipe,,,Protected spring,Gravity Fed,,2.0,Water committee,1.0,,11.0,No,,,,,,,,,,,,,,
Nepal,Central,27.35569,85.71445,1025.57,Yes,Public tap / standpipe,,,Protected spring,Gravity Fed,,5.0,Water committee,1.0,,36.0,No,,,,,,,,,,,,,,
Ethiopia,Tigray,14.37453667,37.717055,1027.9,Yes,Borehole with hand pump,Afridev,Manually drilled,,,No,110.0,Water committee,3.0,,750.0,No,4.0,Yes,Yes,0.0,700.0,Moderate,Moderate,Minimum,Minimum,1.0,6.0,138.4565915,601.0,dry
Mozambique,Zambezia,,,,Yes,Borehole with hand pump,Afridev,Manually drilled,,,No,35.0,Water committee,2.0,,450.0,,1.0,Yes,Yes,1.0,30.0,Moderate,Moderate,Advanced,Advanced,1.0,1.0,,1203.0,wet
Ethiopia,Tigray,12.89738,39.29933,1905.9,Yes,Protected dug well with hand pump,Afridev,Hand-dug,,,No,90.0,Water committee,5.0,,520.0,No,34.0,Yes,Yes,0.0,400.0,Inadequate,Moderate,Inadequate,Moderate,1.0,1.0,419.4680173,601.0,wet
Nepal,Central,27.2405,86.13297,1007.9,Yes,Public tap / standpipe,,,Protected spring,Gravity Fed,,1.0,Water committee,2.0,,7.0,No,,Yes,Yes,0.0,84.0,Moderate,Moderate,Moderate,Moderate,1.0,5.0,525.6970431,1689.0,wet
Ethiopia,Tigray,13.343155,39.28431667,2296.1,Yes,Borehole with hand pump,Afridev,Manually drilled,,,No,60.0,Water committee,4.0,,375.0,No,,Yes,Yes,0.0,413.0,Moderate,Advanced,Advanced,Moderate,1.0,4.0,800.937405,601.0,wet
Ethiopia,Tigray,13.24822333,39.20267667,1779.6,Yes,Borehole with hand pump,Afridev,Manually drilled,,,No,63.0,Water committee,1.0,,377.0,No,2.0,,,,,,,,,,,,,
Ethiopia,Tigray,14.09281833,38.555535,2132.9,Yes,Protected dug well with hand pump,Afridev,Hand-dug,,,No,50.0,Water committee,5.0,,252.0,No,,Yes,Yes,1.0,350.0,Moderate,Moderate,Moderate,Moderate,1.0,6.0,887.1659294,601.0,dry
Nepal,Central,27.11948,86.10982,395.6,Yes,Public tap / standpipe,,,Protected spring,Gravity Fed,,2.0,Water committee,2.0,,10.0,No,,Yes,Yes,1.0,99.0,Minimum,Minimum,Moderate,Moderate,1.0,10.0,248.0866841,1689.0,wet
India,Bihar,26.60371832,85.28251848,26.0,Yes,Borehole with hand pump,India Mark II,Drilled by machine,,,No,0.0,School,1.0,,,No,1.0,,,,,,,,,,,,,
Ethiopia,Tigray,14.09780333,38.45201333,1997.3,Yes,Borehole with hand pump,Afridev,Manually drilled,,,No,50.0,Community leader,1.0,,330.0,No,3.0,,,,,,,,,,,,,
Nepal,Central,27.14316,86.30698,1245.3075,Yes,Public tap / standpipe,,,Protected spring,Gravity Fed,,1.0,Private person,5.0,,8.0,No,,Yes,Yes,0.0,49.0,Minimum,Moderate,Moderate,Moderate,1.0,15.0,546.2194389,1689.0,wet
Mali,Segou,13.2810407,-4.1675578,431.0,Yes,Borehole with hand pump,India Mark II,Manually drilled,,,No,25.0,Water committee,4.0,,250.0,No,1.0,Yes,Yes,0.0,405.0,Moderate,Inadequate,Inadequate,Advanced,1.0,3.0,,631.0,dry
Malawi,South,-15.3820032,35.1998362,628.3745357,No,Borehole with hand pump,Afridev,Manually drilled,,,No,25.0,Water committee,3.0,,112.0,No,2.0,Yes,Yes,1.0,15.0,Moderate,Moderate,Minimum,Minimum,1.0,2.0,1454.546964,1007.0,dry
Nepal,Central,27.67757,84.73926,642.1225,Yes,Piped water into yard / plot,,,Protected spring,Gravity Fed,,1.0,Private person,1.0,,2.0,No,,,,,,,,,,,,,,
Uganda,Eastern,,,,Yes,Borehole with hand pump,U3,Manually drilled,,,No,150.0,Water committee,1.0,,900.0,No,2.0,,,,,,,,,,,,,
Malawi,North,-11.93503553,33.54129463,,Yes,Borehole with hand pump,Afridev,Manually drilled,,,No,35.0,Water committee,3.0,,175.0,No,1.0,Yes,Yes,1.0,110.0,Moderate,Moderate,Advanced,Advanced,1.0,5.0,617.2584521,1053.0,dry
Ethiopia,Tigray,14.10645833,36.94689333,816.2,Yes,Borehole with hand pump,Afridev,Manually drilled,,,No,120.0,Water committee,3.0,,720.0,No,6.0,Yes,Yes,0.0,800.0,Inadequate,Moderate,Inadequate,Minimum,1.0,9.0,362.8372954,601.0,dry
Nepal,Central,27.28969,85.52495,329.1429,Yes,Piped water into yard / plot,,,Unprotected spring,Gravity Fed,,1.0,Water committee,1.0,,7.0,No,,,,,,,,,,,,,,
Rwanda,Northern Province,-1.63599964,29.91339296,1972.688483,No,Protected spring,,,,,No,410.0,Community leader,3.0,,2460.0,No,,Yes,No,1.0,105.0,Inadequate,Inadequate,Inadequate,Moderate,0.0,1.0,2360.998942,1205.0,wet
India,West Bengal,21.76797422,88.33943418,-64.0,Yes,Borehole with hand pump,Vergnet,Drilled by machine,,,No,25.0,Private person,10.0,,50.0,No,2.0,Yes,Yes,1.0,150.0,Inadequate,Minimum,Inadequate,Minimum,0.0,3.0,4610.71582,1439.0,dry
Malawi,South,-16.15490701,34.6239248,167.0,Yes,Borehole with hand pump,Afridev,Drilled by machine,,,No,150.0,Water committee,4.0,,768.0,No,2.0,Yes,Yes,1.0,150.0,Moderate,Moderate,Advanced,Advanced,1.0,6.0,71.48950364,1007.0,dry
Mali,Segou,13.229376,-4.3178893,370.0,Yes,Public tap / standpipe,,,Borehole,Solar powered pump,No,29.0,Water committee,3.0,,120.0,No,,Yes,Yes,0.0,179.0,Moderate,Moderate,Moderate,Moderate,1.0,6.0,36.59560258,631.0,dry
Malawi,South,-15.93038944,34.39542507,232.0,Yes,Borehole with hand pump,Afridev,Drilled by machine,,,Yes,106.0,Water committee,48.0,7.0,636.0,No,7.0,Yes,Yes,1.0,106.0,Moderate,Minimum,Minimum,Moderate,0.0,2.0,1031.996363,1007.0,dry
Rwanda,Northern Province,-1.795521,30.20910288,1777.0,Yes,Public tap / standpipe,,,Protected spring,Electric powered pump,No,100.0,Water committee,0.5,,400.0,No,,,,,,,,,,,,,,
Ethiopia,Tigray,13.68099333,37.36212,2125.3,Yes,Borehole with hand pump,Afridev,Manually drilled,,,No,41.0,Water committee,0.5,,246.0,No,1.0,,,,,,,,,,,,,
Nepal,Central,27.08716,86.24306,627.0337,Yes,Public tap / standpipe,,,Protected spring,Gravity Fed,,1.0,Water committee,3.0,,3.0,No,,Yes,Yes,0.0,60.0,Inadequate,Moderate,Inadequate,Moderate,1.0,14.0,306.9374455,1689.0,wet
Ethiopia,Tigray,13.51952,38.932575,1774.9,Yes,Borehole with hand pump,Afridev,Manually drilled,,,Yes,45.0,Water committee,18.0,3.0,271.0,No,3.0,Yes,Yes,0.0,304.0,Inadequate,Advanced,Inadequate,Moderate,1.0,5.0,238.1458486,601.0,wet
India,Bihar,26.43631646,85.34666862,-34.0,Yes,Borehole with hand pump,India Mark II,Drilled by machine,,,No,30.0,Water committee,1.0,,120.0,No,1.0,,,,,,,,,,,,,
Nepal,Central,27.03943,86.29222,815.8916,Yes,Public tap / standpipe,,,Protected spring,Gravity Fed,,2.0,Water committee,1.0,,15.0,No,,,,,,,,,,,,,,
Ethiopia,Tigray,14.07209833,38.255425,1892.3,Yes,Borehole with hand pump,Afridev,Manually drilled,,,No,50.0,Water committee,1.0,,294.0,No,5.0,,,,,,,,,,,,,
Nepal,Central,27.34169,85.74692,1055.3494,Yes,Public tap / standpipe,,,Protected spring,Gravity Fed,,2.0,Water committee,1.0,,10.0,No,,,,,,,,,,,,,,
Ethiopia,Tigray,13.404755,39.22015833,1830.1,Yes,Borehole with hand pump,Afridev,Manually drilled,,,No,60.0,Water committee,4.0,,351.0,No,,Yes,Yes,0.0,351.0,Moderate,Moderate,Minimum,Minimum,1.0,4.0,315.0066533,601.0,wet
Rwanda,Northern Province,-1.807527613,30.07000985,1659.065054,Yes,Public tap / standpipe,,,Protected spring,Gravity Fed,No,40.0,Vendor,2.0,,200.0,No,,No,Yes,1.0,203.0,,,,,999.0,3.0,3141.09756,1205.0,wet
Uganda,Eastern,0.2554786,33.8333558,1140.649996,Yes,Borehole with hand pump,U3,Manually drilled,,,Yes,200.0,Water committee,9.0,2.0,800.0,No,3.0,Yes,Yes,1.0,336.0,Minimum,Minimum,Moderate,Moderate,1.0,5.0,1455.559469,1286.0,wet
Ethiopia,Tigray,14.24440667,38.85339333,2099.6,Yes,Protected dug well with hand pump,Afridev,Hand-dug,,,Yes,58.0,Water committee,10.0,3.0,342.0,,,Yes,Yes,0.0,493.0,Moderate,Advanced,Minimum,Minimum,1.0,8.0,724.7399814,601.0,dry
Ethiopia,Tigray,13.30204333,39.20129667,2020.2,Yes,Borehole with hand pump,Afridev,Manually drilled,,,No,49.0,Water committee,1.0,,349.0,No,1.0,,,,,,,,,,,,,
Nepal,Central,27.18852,85.51925,116.0294,Yes,Public tap / standpipe,,,Protected spring,Gravity Fed,,4.0,Water committee,1.0,,14.0,No,,,,,,,,,,,,,,
Mali,Segou,13.37426,-4.3739751,331.0,Yes,Borehole with hand pump,India Mark II,Manually drilled,,,Yes,38.0,Water committee,20.0,4.0,140.0,,55.0,Yes,Yes,0.0,200.0,Inadequate,Minimum,Inadequate,Minimum,0.0,14.0,115.0196207,631.0,dry
Niger,Dosso,13.0064547,2.8491666,237.0,Yes,Borehole with hand pump,India Mark II,Manually drilled,,,Yes,35.0,Water committee,23.0,3.0,,No,2.0,Yes,Yes,0.0,150.0,Moderate,Moderate,Advanced,Advanced,1.0,12.0,719.820141,634.0,dry
Ethiopia,Tigray,13.84270833,38.10095667,1287.5,Yes,Protected dug well with hand pump,Afridev,Hand-dug,,,,78.0,Water committee,,,546.0,,,,,,,,,,,,,200.2279873,601.0,dry
Rwanda,Northern Province,-1.769933046,29.95303515,2162.474264,Yes,Public tap / standpipe,,,Protected spring,Electric powered pump,No,90.0,Vendor,4.0,,400.0,No,,Yes,No,1.0,145.0,Inadequate,Inadequate,Inadequate,Moderate,0.0,5.0,1517.258015,1205.0,wet
Ethiopia,Tigray,13.86106229,36.8481421,777.0,Yes,Public tap / standpipe,,,Borehole,Solar powered pump,No,85.0,Water committee,1.0,,425.0,No,,,,,,,,,,,,,,
Ethiopia,Tigray,13.47345,38.90696333,585.8,Yes,Protected dug well with hand pump,Afridev,Hand-dug,,,Yes,59.0,Water committee,16.0,3.0,314.0,No,,Yes,Yes,0.0,389.0,Moderate,Advanced,Advanced,Moderate,1.0,6.0,412.6449532,601.0,wet
Nepal,Central,27.06215,86.21885,382.0,Yes,Public tap / standpipe,,,Protected spring,Gravity Fed,,3.0,Water committee,3.0,,15.0,No,,Yes,Yes,1.0,94.0,Inadequate,Minimum,Inadequate,Minimum,1.0,11.0,406.8778731,1689.0,dry
Ethiopia,Tigray,14.05019833,38.367945,1910.2,Yes,Protected dug well with hand pump,Afridev,Hand-dug,,,Yes,80.0,Water committee,6.0,1.0,494.0,No,,Yes,No,1.0,450.0,Moderate,Inadequate,Inadequate,Minimum,0.0,9.0,513.9399289,601.0,dry
Nepal,Central,27.30247,85.85763,631.0,Yes,Public tap / standpipe,,,Protected spring,Gravity Fed,,2.0,Water committee,1.0,,8.0,No,,,,,,,,,,,,,,
Ethiopia,Tigray,13.43786675,37.40288009,2551.0,Yes,Protected dug well with hand pump,Afridev,Hand-dug,,,No,45.0,Water committee,1.0,,270.0,No,1.0,,,,,,,,,,,,,
India,West Bengal,21.84550925,88.4076974,-54.0,Yes,Borehole with hand pump,Vergnet,Drilled by machine,,,No,35.0,Water committee,10.0,,280.0,No,1.0,Yes,Yes,1.0,35.0,Inadequate,Moderate,Inadequate,Minimum,1.0,2.0,2109.724121,1439.0,dry
Malawi,Central,-13.67083323,33.50799769,,Yes,Borehole with hand pump,Afridev,Manually drilled,,,No,95.0,Water committee,4.0,,475.0,Yes,2.0,Yes,No,1.0,221.0,Moderate,Inadequate,Inadequate,Advanced,1.0,2.0,1686.186957,959.0,dry
Nepal,Central,27.16353,86.12224,872.2,Yes,Public tap / standpipe,,,Protected spring,Gravity Fed,,,Water committee,3.0,,,No,,Yes,Yes,1.0,140.0,Moderate,Moderate,Moderate,Moderate,1.0,13.0,150.8814879,1689.0,wet
Ethiopia,Tigray,13.36068667,39.52626833,2239.9,Yes,Public tap / standpipe,,,Protected spring,Electric powered pump,No,50.0,Water committee,5.0,,361.0,,,Yes,Yes,0.0,897.0,Inadequate,Moderate,Inadequate,Moderate,1.0,9.0,525.8502719,601.0,dry
Uganda,Eastern,0.2765334,33.7956827,1148.701059,Yes,Borehole with hand pump,U3,Manually drilled,,,No,50.0,Water committee,2.0,,200.0,No,4.0,Yes,Yes,0.0,479.0,Minimum,Moderate,Moderate,Moderate,1.0,4.0,2335.517688,1286.0,wet
Mozambique,Zambezia,-17.2765948,36.3166281,161.4642447,Yes,Borehole with hand pump,Afridev,Manually drilled,,,No,35.0,Water committee,2.0,,350.0,No,5.0,Yes,Yes,0.0,60.0,Inadequate,Moderate,Inadequate,Minimum,1.0,2.0,73.89275795,1203.0,wet
Malawi,South,-16.04494931,34.57912344,187.0,Yes,Borehole with hand pump,Afridev,Drilled by machine,,,No,98.0,Water committee,8.0,,322.0,Yes,2.0,Yes,Yes,1.0,98.0,Moderate,Minimum,Minimum,Advanced,0.0,2.0,325.1160851,1007.0,dry
India,Bihar,26.42200306,85.33076328,-13.0,Yes,Borehole with hand pump,Afridev,Drilled by machine,,,Yes,25.0,Water committee,4.0,4.0,150.0,No,1.0,Yes,Yes,1.0,250.0,Moderate,Minimum,Minimum,Minimum,0.0,3.0,4681.045898,1186.0,dry
Nepal,Central,27.32654,85.79298,914.8863,Yes,Public tap / standpipe,,,Protected spring,Gravity Fed,,4.0,Water committee,1.0,,24.0,No,,,,,,,,,,,,,,
Malawi,North,-12.0556478,33.4424258,,Yes,Borehole with hand pump,Afridev,Manually drilled,,,No,26.0,Water committee,10.0,,130.0,Yes,2.0,Yes,Yes,1.0,20.0,Inadequate,Moderate,Inadequate,Minimum,1.0,2.0,803.6694786,1053.0,dry
Nepal,Central,27.08181,86.14878,464.6,Yes,Public tap / standpipe,,,Protected spring,Gravity Fed,,1.0,Water committee,2.0,,6.0,No,,Yes,No,1.0,69.0,Inadequate,Inadequate,Inadequate,Inadequate,1.0,8.0,251.0783445,1689.0,wet
Nepal,Central,27.08782,86.30365,1448.5328,Yes,Public tap / standpipe,,,Protected spring,Gravity Fed,,1.0,Water committee,3.0,,7.0,No,,Yes,Yes,0.0,144.0,Minimum,Moderate,Moderate,Moderate,1.0,10.0,203.4081638,1689.0,wet
Ethiopia,Tigray,14.136265,39.343825,2059.2,Yes,Protected dug well with hand pump,Afridev,Hand-dug,,,Yes,30.0,Water committee,9.0,4.0,178.0,,,Yes,Yes,1.0,500.0,Inadequate,Moderate,Inadequate,Minimum,1.0,6.0,319.2631599,601.0,dry
Nepal,Central,27.31135,85.85294,637.7487,Yes,Public tap / standpipe,,,Protected spring,Gravity Fed,,2.0,Private person,1.0,,12.0,No,,,,,,,,,,,,,,
Malawi,South,-16.4852,34.90362,79.0,Yes,Borehole with hand pump,Afridev,Manually drilled,,,,56.0,Water committee,1.0,,280.0,No,,,,,,,,,,,,,,
Mali,Segou,12.8892299,-4.231948,376.0,Yes,Borehole with hand pump,India Mark II,Manually drilled,,,Yes,73.0,Water committee,3.0,1.0,730.0,Yes,,Yes,Yes,1.0,230.0,Moderate,Moderate,Advanced,Advanced,1.0,4.0,111.6745694,631.0,dry
Malawi,South,-16.14586009,34.85174359,81.0,Yes,Borehole with hand pump,Afridev,Drilled by machine,,,Yes,116.0,Water committee,14.0,10.0,696.0,Yes,23.0,Yes,Yes,1.0,116.0,Moderate,Moderate,Advanced,Advanced,1.0,1.0,3352.284247,1007.0,dry
Nepal,Central,27.11171,86.20409,821.5546,Yes,Public tap / standpipe,,,Protected spring,Gravity Fed,,2.0,Water committee,1.0,,10.0,No,,,,,,,,,,,,,,
Uganda,Eastern,0.3986049,33.7309456,1229.284228,Yes,Borehole with hand pump,India Mark II,Manually drilled,,,No,54.0,Water committee,2.0,,324.0,No,,Yes,Yes,1.0,250.0,Moderate,Minimum,Moderate,Moderate,0.0,4.0,1571.631,1483.0,wet
Uganda,Eastern,0.4302986,33.8370574,1138.412036,Yes,Borehole with hand pump,U3,Manually drilled,,,No,40.0,Water committee,1.0,,200.0,No,1.0,,,,,,,,,,,,,
Malawi,Central,-15.04084,34.67853,,Yes,Borehole with hand pump,Afridev,Manually drilled,,,No,85.0,Water committee,1.0,,350.0,No,1.0,,,,,,,,,,,,,
Uganda,Eastern,0.5015021,33.8593842,1119.817081,Yes,Borehole with hand pump,U3,Manually drilled,,,No,50.0,Water committee,1.0,,374.0,No,2.0,,,,,,,,,,,,,
Niger,Dosso,12.978054,2.9533512,219.0,Yes,Borehole with hand pump,Water4,Manually drilled,,,No,25.0,Community leader,3.0,,175.0,No,1.0,No,No,0.0,267.0,,,,,999.0,11.0,677.5532768,634.0,dry
Nepal,Central,27.2773,85.58143,466.2,Yes,Public tap / standpipe,,,Protected spring,Gravity Fed,,1.0,Water committee,3.0,,7.0,No,,Yes,Yes,1.0,48.0,Moderate,Moderate,Moderate,Moderate,1.0,5.0,35.54888382,1689.0,wet
Uganda,Eastern,0.6726272,33.849766,1060.099976,Yes,Borehole with hand pump,India Mark II,Manually drilled,,,No,35.0,Water committee,1.0,,210.0,No,1.0,,,,,,,,,,,,,
Rwanda,Northern Province,-1.75067841,30.03643988,1633.559333,Yes,Public tap / standpipe,,,Protected spring,Electric powered pump,No,,No one,4.0,,,No,,No,No,1.0,170.0,,,,,999.0,4.0,1355.971841,1205.0,wet
Mali,Segou,13.1041219,-4.4461277,339.0,Yes,Public tap / standpipe,,,Borehole,Solar powered pump,No,20.0,Water committee,3.0,,100.0,Yes,,Yes,Yes,0.0,220.0,Moderate,Moderate,Moderate,Moderate,1.0,6.0,308.6638455,631.0,dry
Nepal,Central,27.32676,85.7941,924.7984,Yes,Public tap / standpipe,,,Protected spring,Gravity Fed,,3.0,Water committee,1.0,,13.0,No,,,,,,,,,,,,,,
Nepal,Central,27.24738,85.52192,159.9,Yes,Public tap / standpipe,,,Protected spring,Gravity Fed,,5.0,Water committee,2.0,,25.0,No,,Yes,No,0.0,45.0,Inadequate,Inadequate,Inadequate,Moderate,1.0,5.0,160.8293715,1689.0,wet
Nepal,Central,27.3613,85.86422,1692.7802,Yes,Public tap / standpipe,,,Protected spring,Gravity Fed,,3.0,Private person,1.0,,15.0,No,,,,,,,,,,,,,,
Rwanda,Northern Province,-1.65188567,29.96983449,1796.524616,Yes,Public tap / standpipe,,,Borehole,Electric powered pump,No,25.0,Vendor,2.0,,60.0,No,,Yes,Yes,1.0,133.0,Moderate,Minimum,Minimum,Minimum,0.0,3.0,1501.522448,1205.0,wet
Ethiopia,Tigray,13.91384667,39.752095,2421.2,Yes,Protected dug well with hand pump,,Hand-dug,,,No,35.0,No one,2.0,,232.0,,,Yes,Yes,0.0,506.0,Moderate,Moderate,Moderate,Moderate,1.0,6.0,1101.459411,601.0,wet
Nepal,Western,28.31999,83.09657,1729.2822,Yes,Public tap / standpipe,,,Protected spring,Gravity Fed,,2.0,Water committee,1.0,,3.0,No,,,,,,,,,,,,,,
Niger,Maradi,13.797104,6.9753548,398.0,Yes,Borehole with hand pump,Vergnet Hydro,Manually drilled,,,Yes,20.0,Water committee,,1.0,120.0,No,3.0,,,,,,,,,,,,,
Malawi,South,-15.79889045,34.35409307,513.0,Yes,Borehole with hand pump,Afridev,Drilled by machine,,,No,65.0,Water committee,4.0,,325.0,No,2.0,Yes,Yes,1.0,178.0,Inadequate,Moderate,Inadequate,Advanced,1.0,4.0,653.784496,1007.0,dry
India,West Bengal,21.71191,88.41864,-55.0,Yes,Borehole with hand pump,India Mark II,Drilled by machine,,,Yes,20.0,Water committee,15.0,2.0,40.0,No,1.0,Yes,No,1.0,60.0,Moderate,Inadequate,Inadequate,Advanced,0.0,3.0,2037.742432,1439.0,dry
Nepal,Central,27.11655,86.11677,440.3837,Yes,Public tap / standpipe,,,Protected spring,Gravity Fed,,2.0,Private person,1.0,,12.0,No,,,,,,,,,,,,,,
Uganda,Eastern,0.5801874,33.9174864,1074.408195,Yes,Borehole with hand pump,India Mark II,Manually drilled,,,No,60.0,Water committee,1.0,,350.0,No,2.0,,,,,,,,,,,,,
Malawi,South,-16.46684,34.84911,118.73,Yes,Borehole with hand pump,Afridev,Manually drilled,,,,45.0,Water committee,1.0,,225.0,Yes,,,,,,,,,,,,,,
Ethiopia,Tigray,14.01533,39.39661,2061.9,Yes,Borehole with hand pump,Afridev,Manually drilled,,,Yes,36.0,Water committee,4.0,2.0,218.0,No,4.0,Yes,Yes,1.0,700.0,Advanced,Advanced,Advanced,Advanced,1.0,13.0,772.244376,601.0,wet
Mali,Segou,13.5063205,-4.1883549,352.0,,Borehole with hand pump,India Mark II,Manually drilled,,,No,,School,4.0,,130.0,Yes,1.0,Yes,Yes,0.0,87.0,Minimum,Moderate,Minimum,Advanced,1.0,3.0,279.6615953,631.0,dry
Malawi,South,-16.09271488,34.61040446,145.0,Yes,Borehole with hand pump,Afridev,Drilled by machine,,,No,132.0,Water committee,6.0,,792.0,No,6.0,Yes,Yes,1.0,132.0,Inadequate,Moderate,Inadequate,Moderate,1.0,2.0,1601.730079,1007.0,dry
Ethiopia,Tigray,12.56414167,39.512755,2710.7,Yes,Borehole with hand pump,Afridev,Manually drilled,,,No,45.0,Water committee,0.5,,239.0,No,5.0,,,,,,,,,,,,,
Mali,Segou,12.8936844,-4.229611,376.0,Yes,Borehole with hand pump,India Mark II,Manually drilled,,,No,46.0,Water committee,3.0,,460.0,Yes,9.0,Yes,Yes,1.0,230.0,Moderate,Moderate,Advanced,Advanced,1.0,4.0,58.4814729,631.0,dry
Mozambique,Zambezia,-16.9223497,35.7661818,374.1577981,Yes,Borehole with hand pump,Afridev,Manually drilled,,,Yes,50.0,Water committee,2.0,1.0,250.0,No,9.0,Yes,Yes,1.0,50.0,Minimum,Moderate,Minimum,Advanced,1.0,1.0,276.2283254,1203.0,wet
Nepal,Central,27.19656,86.36103,316.1,Yes,Public tap / standpipe,,,Protected spring,Gravity Fed,,3.0,Water committee,5.0,,17.0,No,,Yes,Yes,0.0,45.0,Moderate,Moderate,Moderate,Moderate,1.0,2.0,217.8051172,1689.0,wet
Nepal,Central,27.05871,86.23386,368.2,Yes,Public tap / standpipe,,,Protected spring,Gravity Fed,,3.0,Private person,2.0,,13.0,No,,Yes,Yes,1.0,110.0,Moderate,Moderate,Moderate,Moderate,1.0,24.0,239.7627151,1689.0,dry
Malawi,South,-16.1318046,34.79676627,81.0,Yes,Borehole with hand pump,Afridev,Drilled by machine,,,No,180.0,Water committee,3.0,,746.0,No,1.0,Yes,Yes,1.0,180.0,Moderate,Moderate,Moderate,Moderate,1.0,2.0,1166.454651,1007.0,dry
Uganda,Eastern,0.2748004,33.8047714,1166.131714,Yes,Borehole with hand pump,U3,Manually drilled,,,No,120.0,Water committee,2.0,,700.0,No,1.0,Yes,Yes,1.0,120.0,Inadequate,Minimum,Inadequate,Moderate,1.0,2.0,2057.347308,1286.0,wet
Mozambique,Nampula,-14.4470356,39.8273056,324.0,Yes,Borehole with hand pump,Afridev,Manually drilled,,,No,32.0,Water committee,1.0,,463.0,No,1.0,,,,,,,,,,,,,
Ethiopia,Tigray,14.46554833,39.39799167,2324.0,Yes,Borehole with hand pump,Afridev,Manually drilled,,,No,140.0,Water committee,2.0,,760.0,No,,Yes,Yes,0.0,300.0,Moderate,Moderate,Moderate,Moderate,1.0,5.0,702.9856155,601.0,dry
Mozambique,Zambezia,-17.0879729,35.6812012,335.9162075,Yes,Borehole with hand pump,Afridev,Manually drilled,,,No,101.0,Water committee,4.0,,1216.0,No,4.0,Yes,Yes,0.0,101.0,Moderate,Minimum,Minimum,Advanced,0.0,2.0,396.1577416,1203.0,wet
Ethiopia,Tigray,12.43515895,39.74038325,1722.0,Yes,Public tap / standpipe,,,Borehole,Electric powered pump,No,20.0,Vendor,1.0,,120.0,Yes,,,,,,,,,,,,,,
Malawi,South,-16.35772933,34.69592568,150.0,Yes,Borehole with hand pump,Afridev,Drilled by machine,,,Yes,224.0,Water committee,12.0,2.0,1120.0,Yes,3.0,Yes,No,0.0,224.0,Moderate,Inadequate,Inadequate,Moderate,0.0,4.0,1154.607018,1007.0,dry
Mozambique,Zambezia,,,,Yes,Borehole with hand pump,Afridev,Manually drilled,,,No,39.0,Water committee,2.0,,390.0,No,1.0,Yes,Yes,1.0,3000.0,Moderate,Moderate,Advanced,Advanced,1.0,4.0,,1203.0,wet
Malawi,Central,-14.69853,34.6486,,Yes,Borehole with hand pump,Afridev,Manually drilled,,,No,25.0,Water committee,1.0,,130.0,No,1.0,,,,,,,,,,,,,
Nepal,Central,27.11157,86.13974,378.0708,Yes,Public tap / standpipe,,,Protected spring,Gravity Fed,,5.0,Water committee,1.0,,26.0,No,,,,,,,,,,,,,,
Ethiopia,Tigray,14.17798,39.00702333,2103.4,Yes,Protected dug well with hand pump,Afridev,Hand-dug,,,No,53.0,Water committee,7.0,,264.0,No,8.0,Yes,Yes,0.0,301.0,Inadequate,Advanced,Inadequate,Moderate,1.0,7.0,237.8421166,601.0,dry
Nepal,Central,27.06524,86.29305,844.1617,Yes,Public tap / standpipe,,,Protected spring,Gravity Fed,,1.0,Water committee,2.0,,8.0,No,,Yes,Yes,1.0,36.0,Inadequate,Moderate,Inadequate,Moderate,1.0,5.0,110.5510261,1689.0,wet
Mozambique,Nampula,-14.5835551,39.8943018,341.0,Yes,Borehole with hand pump,Afridev,Manually drilled,,,No,50.0,Water committee,1.0,,250.0,No,1.0,,,,,,,,,,,,,
Nepal,Central,27.06431,86.29613,933.8171,Yes,Public tap / standpipe,,,Protected spring,Gravity Fed,,1.0,Water committee,2.0,,11.0,No,,Yes,Yes,1.0,36.0,Inadequate,Moderate,Inadequate,Moderate,1.0,5.0,104.3952152,1689.0,wet
Niger,Dosso,13.0655784,2.794135,249.0,Yes,Borehole with hand pump,Hydro India,Manually drilled,,,No,100.0,Water committee,3.0,,250.0,No,1.0,Yes,Yes,1.0,35.0,Inadequate,Minimum,Inadequate,Minimum,0.0,4.0,275.3657684,634.0,dry
Nepal,Central,27.14489,86.11122,570.7278,Yes,Piped water into yard / plot,,,Protected spring,Gravity Fed,,1.0,Water committee,1.0,,14.0,No,,,,,,,,,,,,,,
Ethiopia,Tigray,14.11915333,39.11559333,1982.8,Yes,Borehole with hand pump,Afridev,Manually drilled,,,Yes,46.0,Water committee,3.0,0.5,274.0,No,3.0,Yes,Yes,1.0,210.0,Moderate,Moderate,Advanced,Advanced,1.0,4.0,612.0335593,601.0,dry
Uganda,Eastern,0.2571089,33.7988888,1156.400024,Yes,Borehole with hand pump,U3,Manually drilled,,,No,300.0,Water committee,2.0,,900.0,No,3.0,Yes,Yes,0.0,350.0,Minimum,Moderate,Moderate,Moderate,1.0,2.0,1437.919621,1286.0,wet
Ethiopia,Tigray,14.22392833,38.85457,2042.6,Yes,Borehole with hand pump,Afridev,Manually drilled,,,No,56.0,Water committee,5.0,,289.0,No,2.0,Yes,Yes,0.0,476.0,Advanced,Advanced,Advanced,Moderate,1.0,7.0,677.3213226,601.0,dry
Ethiopia,Tigray,14.16100333,38.411285,1910.2,Yes,Borehole with hand pump,Afridev,Manually drilled,,,No,120.0,Water committee,6.0,,600.0,Yes,5.0,Yes,Yes,1.0,220.0,Moderate,Moderate,Moderate,Moderate,1.0,4.0,826.3832962,601.0,dry
Malawi,South,-16.1032941,34.91481246,78.0,Yes,Borehole with hand pump,Afridev,Drilled by machine,,,No,100.0,Water committee,8.0,,500.0,No,2.0,Yes,Yes,1.0,244.0,Moderate,Moderate,Advanced,Advanced,1.0,5.0,1622.192282,1007.0,dry
Malawi,South,-16.47243,34.86808,121.83,Yes,Borehole with hand pump,Afridev,Manually drilled,,,,35.0,Water committee,1.0,,175.0,No,,,,,,,,,,,,,,
India,West Bengal,21.83209998,88.46279911,-56.0,Yes,Borehole with hand pump,Vergnet,Drilled by machine,,,No,35.0,Water committee,15.0,,200.0,No,1.0,Yes,Yes,1.0,35.0,Moderate,Moderate,Minimum,Minimum,1.0,2.0,2554.625244,1439.0,dry
Uganda,Eastern,0.2916862,33.8884421,1163.964686,Yes,Borehole with hand pump,U3,Manually drilled,,,Yes,260.0,Water committee,6.0,2.0,1100.0,No,2.0,Yes,Yes,0.0,500.0,Moderate,Moderate,Moderate,Moderate,1.0,5.0,1763.201986,1286.0,wet
Rwanda,Northern Province,-1.693902146,29.88805419,2148.74678,Yes,Public tap / standpipe,,,Protected spring,Electric powered pump,No,15.0,Vendor,4.0,,25.0,No,,Yes,Yes,1.0,70.0,Moderate,Minimum,Minimum,Minimum,0.0,3.0,1441.620176,1205.0,dry
Ethiopia,Tigray,14.00956667,39.26444833,1760.6,Yes,Protected dug well with hand pump,Afridev,Hand-dug,,,No,150.0,Water committee,8.0,,900.0,,,Yes,Yes,0.0,250.0,Moderate,Moderate,Moderate,Moderate,1.0,6.0,274.5293783,601.0,dry
Mali,Koulikoro,14.1414972,-8.0973218,376.3400269,Yes,Borehole with hand pump,India Mark II,Manually drilled,,,No,150.0,Water committee,1.0,,650.0,No,7.0,,,,,,,,,,,,,
Uganda,Eastern,0.2847885,33.8388092,1168.936091,Yes,Borehole with hand pump,U3,Manually drilled,,,Yes,130.0,Water committee,3.0,2.0,900.0,No,2.0,Yes,Yes,1.0,269.0,Minimum,Minimum,Moderate,Moderate,1.0,4.0,1950.697574,1286.0,wet
Malawi,Central,-15.1725709,34.8404141,521.105,Yes,Borehole with hand pump,Afridev,Manually drilled,,,No,10.0,Water committee,1.0,,55.0,No,1.0,,,,,,,,,,,,,
Mozambique,Nampula,-14.424095,39.381838,399.0,Yes,Borehole with hand pump,Afridev,Manually drilled,,,No,50.0,Water committee,1.0,,236.0,No,2.0,,,,,,,,,,,,,
Ethiopia,Tigray,13.87700667,39.64812333,1974.9,Yes,Protected dug well with hand pump,Afridev,Hand-dug,,,No,30.0,Water committee,3.0,,210.0,No,1.0,Yes,Yes,0.0,30.0,Moderate,Moderate,Moderate,Moderate,1.0,7.0,365.7866553,601.0,dry
Niger,Maradi,13.775542,6.8043183,366.0,Yes,Borehole with hand pump,Hydro India,Manually drilled,,,No,23.0,Water committee,1.0,,167.0,No,2.0,,,,,,,,,,,,,
Nepal,Central,27.1025,86.25607,937.8326,Yes,Public tap / standpipe,,,Protected spring,Gravity Fed,,1.0,Water committee,2.0,,5.0,No,,Yes,Yes,0.0,57.0,Moderate,Minimum,Moderate,Moderate,1.0,8.0,215.0008596,1689.0,wet
Ethiopia,Tigray,13.25271,39.46729667,2078.5,Yes,Borehole with hand pump,Afridev,Manually drilled,,,No,45.0,Water committee,8.0,,335.0,No,2.0,Yes,Yes,1.0,480.0,Moderate,Moderate,Advanced,Advanced,1.0,8.0,461.9288335,601.0,dry
Ethiopia,Tigray,14.09926,38.32471167,1887.2,Yes,Protected dug well with hand pump,Afridev,Hand-dug,,,No,59.0,Water committee,5.0,,413.0,Yes,3.0,Yes,Yes,0.0,360.0,Moderate,Advanced,Advanced,Advanced,1.0,5.0,1064.340297,601.0,dry
Niger,Dosso,13.0158545,2.9306408,211.0,Yes,Public tap / standpipe,,,Protected spring,Solar powered pump,No,80.0,Water committee,3.0,,200.0,No,,Yes,Yes,0.0,805.0,Inadequate,Advanced,Inadequate,Minimum,1.0,52.0,575.8898587,634.0,dry
Ethiopia,Tigray,12.96013833,39.68470667,1873.4,Yes,Protected dug well with hand pump,Afridev,Hand-dug,,,No,60.0,Water committee,15.0,,600.0,No,3.0,Yes,Yes,0.0,60.0,Moderate,Moderate,Minimum,Minimum,1.0,5.0,913.6096131,601.0,dry
Nepal,Central,27.08936,86.18862,806.5,Yes,Public tap / standpipe,,,Protected spring,Gravity Fed,,2.0,Water committee,3.0,,10.0,No,,Yes,Yes,1.0,85.0,Moderate,Moderate,Moderate,Moderate,1.0,15.0,311.5500135,1689.0,dry
Nepal,Central,27.14819,86.1639,843.9,Yes,Public tap / standpipe,,,Protected spring,Gravity Fed,,1.0,Water committee,2.0,,4.0,No,,Yes,Yes,1.0,62.0,Minimum,Moderate,Moderate,Moderate,1.0,12.0,375.5125472,1689.0,wet
Malawi,South,-15.3417958,35.1718149,,Yes,Borehole with hand pump,Afridev,Manually drilled,,,No,22.0,Water committee,3.0,,110.0,No,1.0,Yes,Yes,1.0,22.0,Moderate,Minimum,Minimum,Minimum,0.0,3.0,723.4073347,1007.0,dry
Ethiopia,Tigray,14.11161167,39.04407167,2324.4,Yes,Protected dug well with hand pump,Afridev,Hand-dug,,,No,150.0,Water committee,8.0,,900.0,No,,Yes,Yes,0.0,300.0,Inadequate,Moderate,Inadequate,Moderate,1.0,2.0,634.6204677,601.0,dry
Rwanda,Northern Province,-1.863339059,29.92750255,1397.447167,Yes,Public tap / standpipe,,,Protected spring,Gravity Fed,No,10.0,Vendor,3.0,,60.0,No,,Yes,Yes,1.0,130.0,Inadequate,Minimum,Inadequate,Moderate,0.0,2.0,2198.826809,1205.0,wet
Niger,Dosso,12.5286605,2.6695342,193.0,Yes,Borehole with hand pump,Hydro India,Manually drilled,,,No,64.0,Water committee,3.0,,650.0,No,1.0,Yes,Yes,0.0,64.0,Moderate,Moderate,Advanced,Advanced,1.0,3.0,225.9910378,634.0,dry
Nepal,Central,27.12206,86.31678,1806.3966,Yes,Public tap / standpipe,,,Protected spring,Gravity Fed,,4.0,Private person,5.0,,25.0,No,,Yes,Yes,0.0,65.0,Moderate,Moderate,Moderate,Moderate,1.0,8.0,387.4899336,1689.0,wet
Ethiopia,Tigray,13.51096167,39.67348333,2354.3,Yes,Borehole with hand pump,Afridev,Manually drilled,,,No,150.0,Water committee,6.0,,750.0,No,2.0,Yes,Yes,1.0,669.0,Moderate,Advanced,Advanced,Moderate,1.0,4.0,232.694505,601.0,dry
Mali,Koulikoro,13.3218238,-8.167389,371.8594971,Yes,Borehole with hand pump,India Mark II,Manually drilled,,,Yes,25.0,Water committee,1.0,1.0,200.0,Yes,1.0,,,,,,,,,,,,,
Uganda,Eastern,0.508666,33.8246024,1091.800049,Yes,Borehole with hand pump,India Mark II,Manually drilled,,,No,100.0,Water committee,1.0,,800.0,No,2.0,,,,,,,,,,,,,
Malawi,Central,-13.58045826,33.46670777,,Yes,Borehole with hand pump,Afridev,Manually drilled,,,No,21.0,Water committee,4.0,,105.0,No,1.0,Yes,Yes,1.0,21.0,Inadequate,Moderate,Inadequate,Advanced,1.0,1.0,786.6246833,959.0,dry
Malawi,Central,-13.62605932,33.54051679,,Yes,Borehole with hand pump,Afridev,Manually drilled,,,No,142.0,Water committee,3.0,,710.0,Yes,1.0,Yes,Yes,1.0,142.0,Moderate,Moderate,Moderate,Moderate,1.0,1.0,680.6236556,959.0,dry
Ethiopia,Tigray,14.43832,39.44331333,2142.0,Yes,Borehole with hand pump,Afridev,Manually drilled,,,No,0.0,School,7.0,,,,,,,,,,,,,,,999.9792793,601.0,dry
Nepal,Central,27.12068,86.1011,377.2,Yes,Public tap / standpipe,,,Protected spring,Gravity Fed,,2.0,Water committee,2.0,,5.0,No,,Yes,Yes,1.0,99.0,Minimum,Minimum,Moderate,Moderate,1.0,10.0,232.3163676,1689.0,wet
Nepal,Central,27.09849,86.26046,1072.4163,Yes,Public tap / standpipe,,,Protected spring,Gravity Fed,,1.0,Water committee,2.0,,10.0,No,,Yes,Yes,0.0,57.0,Moderate,Minimum,Moderate,Moderate,1.0,8.0,315.5767362,1689.0,wet
Uganda,Eastern,0.5359953,33.9335446,1117.621666,Yes,Borehole with hand pump,U3,Manually drilled,,,Yes,200.0,Water committee,6.0,2.0,1500.0,No,1.0,Yes,Yes,1.0,520.0,Minimum,Moderate,Moderate,Moderate,1.0,3.0,2065.59796,1483.0,wet
Mali,Koulikoro,13.9333546,-8.0054374,410.0155029,Yes,Public tap / standpipe,,,Borehole,Solar powered pump,No,62.0,Water committee,0.5,,198.0,No,,,,,,,,,,,,,,
Nepal,Central,27.11384,86.11458,475.4376,Yes,Public tap / standpipe,,,Protected spring,Gravity Fed,,2.0,Water committee,1.0,,12.0,No,,,,,,,,,,,,,,
Rwanda,Northern Province,-1.618110678,29.96218016,1864.491787,Yes,Public tap / standpipe,,,Protected spring,Gravity Fed,No,70.0,Vendor,3.0,,350.0,No,,Yes,Yes,1.0,206.0,Inadequate,Minimum,Inadequate,Moderate,0.0,2.0,2809.900801,1205.0,dry
Mali,Segou,13.3686418,-4.3273191,349.0,Yes,Borehole with hand pump,India Mark II,Manually drilled,,,No,,Other,3.0,,0.0,No,1.0,,,,,,,,,,,189.5193126,631.0,dry
Niger,Dosso,13.121628,2.781417,225.0,Yes,Borehole with hand pump,Water4,Manually drilled,,,No,,Water committee,3.0,,200.0,No,2.0,Yes,No,0.0,249.0,Inadequate,Inadequate,Inadequate,Advanced,1.0,8.0,403.0766624,634.0,dry
Nepal,Western,28.35651,83.10287,1463.5403,Yes,Public tap / standpipe,,,Protected spring,Gravity Fed,,2.0,Water committee,1.0,,8.0,No,,,,,,,,,,,,,,
India,Bihar,26.54320578,85.37636891,6.0,Yes,Borehole with hand pump,India Mark II,Drilled by machine,,,No,35.0,Water committee,1.0,,140.0,No,1.0,,,,,,,,,,,,,
Ethiopia,Tigray,14.04568,38.85320167,2024.2,Yes,Borehole with hand pump,Afridev,Manually drilled,,,No,56.0,Water committee,3.0,,342.0,No,5.0,Yes,Yes,0.0,348.0,Moderate,Advanced,Advanced,Moderate,1.0,6.0,521.4147912,601.0,dry
Rwanda,Northern Province,-1.81661466,30.2303463,1815.0,Yes,Public tap / standpipe,,,Protected spring,Gravity Fed,No,1.0,School,0.5,,1924.0,No,,,,,,,,,,,,,,
Ethiopia,Tigray,12.92711167,39.43231667,2475.6,Yes,Protected spring,,,,,No,60.0,Water committee,4.0,,300.0,No,,Yes,Yes,1.0,350.0,Moderate,Moderate,Moderate,Moderate,1.0,2.0,363.2496923,601.0,wet
Nepal,Central,27.24245,85.51675,129.2,Yes,Public tap / standpipe,,,Protected spring,Gravity Fed,,13.0,Water committee,2.0,,85.0,No,,Yes,No,0.0,45.0,Inadequate,Inadequate,Inadequate,Moderate,1.0,5.0,157.0001328,1689.0,wet
India,West Bengal,21.79415604,88.31182351,-73.0,Yes,Borehole with hand pump,Vergnet,Drilled by machine,,,Yes,35.0,Water committee,11.0,7.0,160.0,No,1.0,Yes,Yes,1.0,35.0,Moderate,Moderate,Minimum,Minimum,1.0,6.0,2754.603882,1439.0,dry
Ethiopia,Tigray,13.23445167,39.253785,2161.9,Yes,Borehole with hand pump,Afridev,Manually drilled,,,No,100.0,Water committee,6.0,,600.0,,,Yes,Yes,1.0,250.0,Moderate,Moderate,Minimum,Minimum,1.0,9.0,329.0568899,601.0,wet
Ethiopia,Tigray,13.91001206,37.10674779,1593.0,Yes,Borehole with hand pump,Afridev,Manually drilled,,,No,66.0,Water committee,1.0,,330.0,No,2.0,,,,,,,,,,,,,
India,Bihar,,,,Yes,Borehole with hand pump,India Mark II,Drilled by machine,,,No,20.0,Water committee,1.0,,80.0,No,1.0,,,,,,,,,,,,,
Ethiopia,Tigray,12.69980167,39.58051167,2369.9,Yes,Protected dug well with hand pump,Afridev,Hand-dug,,,No,106.0,Water committee,4.0,,652.0,No,3.0,Yes,Yes,0.0,800.0,Moderate,Moderate,Moderate,Moderate,1.0,4.0,478.2160415,601.0,wet
Niger,Maradi,13.7853024,6.8069629,362.0,Yes,Public tap / standpipe,,,Borehole,Solar powered pump,No,50.0,Water committee,1.0,,150.0,No,,,,,,,,,,,,,,
Uganda,Eastern,0.2625959,33.7746561,1141.099976,Yes,Borehole with hand pump,India Mark II,Manually drilled,,,Yes,75.0,Water committee,6.0,2.0,450.0,No,2.0,Yes,Yes,1.0,100.0,Moderate,Moderate,Moderate,Moderate,1.0,1.0,2069.105378,1286.0,wet
Nepal,Western,28.36149,83.0948,1470.3035,Yes,Piped water into yard / plot,,,Protected spring,Gravity Fed,,1.0,Water committee,1.0,,6.0,No,,,,,,,,,,,,,,
Malawi,South,-16.13771108,34.80340943,60.0,Yes,Borehole with hand pump,Afridev,Drilled by machine,,,No,46.0,Water committee,9.0,,230.0,No,1.0,Yes,Yes,1.0,52.0,Inadequate,Moderate,Inadequate,Minimum,1.0,1.0,1731.924498,1007.0,dry
Nepal,Central,27.10559,86.21625,895.961,Yes,Piped water into yard / plot,,,Protected spring,Gravity Fed,,1.0,Water committee,1.0,,1.0,No,,,,,,,,,,,,,,
Rwanda,Northern Province,-1.781501809,30.04629588,1942.991426,Yes,Public tap / standpipe,,,Protected spring,Electric powered pump,No,80.0,Vendor,2.0,,420.0,No,,Yes,Yes,1.0,99.0,Moderate,Minimum,Minimum,Advanced,0.0,3.0,2778.17018,1205.0,wet
Ethiopia,Tigray,14.14037833,39.53164,2425.8,Yes,Borehole with hand pump,Afridev,Manually drilled,,,No,120.0,Water committee,6.0,,950.0,No,2.0,Yes,Yes,0.0,280.0,Moderate,Advanced,Minimum,Minimum,1.0,4.0,816.9561656,601.0,wet
Uganda,Eastern,0.6994964,33.7605485,1080.537095,Yes,Borehole with hand pump,U3,Manually drilled,,,Yes,126.0,Water committee,6.0,1.0,755.0,No,4.0,Yes,Yes,0.0,126.0,Inadequate,Moderate,Inadequate,Moderate,0.0,2.0,1319.068318,1483.0,wet
Rwanda,Northern Province,-1.621104443,30.01363567,2139.033921,Yes,Public tap / standpipe,,,Protected spring,Gravity Fed,No,35.0,Water committee,4.0,,5.0,No,,Yes,Yes,1.0,147.0,Inadequate,Minimum,Inadequate,Moderate,0.0,1.0,3601.573147,1205.0,dry
Mozambique,Zambezia,,,,Yes,Borehole with hand pump,Afridev,Manually drilled,,,No,95.0,Water committee,3.0,,350.0,No,1.0,Yes,Yes,0.0,400.0,Moderate,Moderate,Advanced,Advanced,1.0,7.0,,1203.0,wet
Ethiopia,Tigray,13.64164628,37.18339861,1425.0,Yes,Protected dug well with hand pump,Afridev,Hand-dug,,,No,50.0,Water committee,0.5,,320.0,No,1.0,,,,,,,,,,,,,
Nepal,Central,27.2675,85.54366,222.3696,Yes,Piped water into yard / plot,,,Protected spring,Gravity Fed,,1.0,Water committee,1.0,,5.0,No,,,,,,,,,,,,,,
Malawi,South,-15.87447615,34.28726398,369.0,Yes,Borehole with hand pump,Afridev,Drilled by machine,,,No,130.0,Water committee,4.0,,650.0,No,6.0,Yes,Yes,1.0,130.0,Moderate,Moderate,Advanced,Advanced,1.0,2.0,247.1670988,1007.0,dry
India,West Bengal,21.76986596,88.08201328,-55.0,Yes,Borehole with hand pump,Afridev,Drilled by machine,,,Yes,70.0,Community leader,19.0,4.0,350.0,No,1.0,No,No,1.0,70.0,,,,,999.0,3.0,1660.402283,1439.0,dry
Ethiopia,Tigray,14.07051,38.36293167,1887.9,Yes,Borehole with hand pump,Afridev,Manually drilled,,,No,58.0,Water committee,1.0,,348.0,No,4.0,,,,,,,,,,,,,
Mali,Segou,12.8030319,-4.6453455,321.0,Yes,Public tap / standpipe,,,Borehole,Solar powered pump,No,30.0,Water committee,1.0,,300.0,Yes,,Yes,Yes,0.0,1081.0,Minimum,Advanced,Minimum,Advanced,1.0,12.0,210.6280918,631.0,dry
Nepal,Central,27.17483,86.29328,1737.4995,Yes,Public tap / standpipe,,,Protected spring,Gravity Fed,,2.0,Private person,3.0,,10.0,No,,Yes,Yes,0.0,74.0,Minimum,Moderate,Moderate,Moderate,1.0,6.0,588.6017463,1689.0,wet
Rwanda,Northern Province,-1.77755098,30.17609746,1772.0,Yes,Rainwater collection,,,,,No,1.0,School,1.0,,816.0,No,,,,,,,,,,,,,,
Nepal,Central,27.14257,86.11224,545.4095,Yes,Public tap / standpipe,,,Protected spring,Gravity Fed,,5.0,Water committee,1.0,,27.0,No,,,,,,,,,,,,,,
Uganda,Eastern,0.2303524,33.7480436,1143.699951,Yes,Borehole with hand pump,U3,Manually drilled,,,No,67.0,Water committee,2.0,,200.0,No,2.0,Yes,Yes,1.0,100.0,Inadequate,Moderate,Inadequate,Moderate,1.0,2.0,1304.366727,1286.0,wet
Nepal,Central,27.35842,85.86258,1708.0,Yes,Public tap / standpipe,,,Protected spring,Gravity Fed,,4.0,Water committee,1.0,,26.0,No,,,,,,,,,,,,,,
Ethiopia,Tigray,13.43167667,39.013715,1433.4,Yes,Borehole with hand pump,Afridev,Manually drilled,,,No,80.0,Water committee,5.0,,240.0,,,Yes,Yes,1.0,270.0,Inadequate,Moderate,Inadequate,Moderate,1.0,9.0,886.7304138,601.0,wet
Mozambique,Zambezia,-16.7751322,36.1578075,386.0,Yes,Borehole with hand pump,Afridev,Manually drilled,,,No,30.0,Water committee,4.0,,180.0,No,1.0,No,No,0.0,2310.0,,,,,999.0,30.0,110.5672968,1203.0,wet
Niger,Dosso,12.3179197,2.9557261,191.0,Yes,Borehole with hand pump,India Mark II,Manually drilled,,,No,10.0,Water committee,2.0,,350.0,No,9.0,Yes,Yes,0.0,10.0,Minimum,Advanced,Minimum,Minimum,1.0,3.0,341.2084986,634.0,dry
Ethiopia,Tigray,14.00152667,39.73132667,2834.5,Yes,Protected dug well with hand pump,Afridev,Hand-dug,,,No,30.0,Water committee,3.0,,180.0,No,,Yes,Yes,0.0,650.0,Inadequate,Moderate,Inadequate,Minimum,1.0,6.0,924.4387302,601.0,dry
Nepal,Central,27.31829,85.86064,843.0,Yes,Public tap / standpipe,,,Unprotected spring,Gravity Fed,,4.0,Private person,1.0,,19.0,No,,,,,,,,,,,,,,
Uganda,Eastern,0.4540563,33.7698415,1161.199951,Yes,Borehole with hand pump,U3,Manually drilled,,,No,30.0,Water committee,2.0,,180.0,No,3.0,Yes,Yes,1.0,100.0,Inadequate,Moderate,Inadequate,Moderate,1.0,5.0,2020.613817,1483.0,wet
India,West Bengal,21.75353232,88.33430758,-39.0,Yes,Borehole with hand pump,India Mark II,Drilled by machine,,,No,35.0,Water committee,3.0,,250.0,No,1.0,Yes,Yes,1.0,35.0,Advanced,Moderate,Minimum,Minimum,1.0,1.0,4622.241943,1439.0,dry
Ethiopia,Tigray,14.367125,38.03874167,1322.0,Yes,Borehole with hand pump,Afridev,Manually drilled,,,No,153.0,Water committee,3.0,,1253.0,No,4.0,Yes,Yes,0.0,400.0,Inadequate,Moderate,Inadequate,Moderate,1.0,9.0,79.49923063,601.0,dry
Ethiopia,Tigray,13.91782667,38.67114,1887.6,Yes,Borehole with hand pump,Afridev,Manually drilled,,,No,,Water committee,5.0,,500.0,No,3.0,,,,,,,,,,,1191.265358,601.0,dry
Rwanda,Northern Province,-1.758201542,29.98504075,2024.826132,Yes,Public tap / standpipe,,,Protected spring,Electric powered pump,No,40.0,Vendor,1.0,,230.0,No,,Yes,Yes,1.0,113.0,Inadequate,Minimum,Inadequate,Moderate,0.0,3.0,1721.657356,1205.0,wet
Malawi,South,-15.99123459,34.78142202,86.0,Yes,Borehole with hand pump,Afridev,Drilled by machine,,,No,96.0,Health administrator,8.0,,480.0,No,2.0,Yes,Yes,1.0,268.0,Moderate,Moderate,Advanced,Advanced,1.0,4.0,685.7616496,1007.0,dry
Niger,Maradi,13.6443042,7.0091299,383.0,Yes,Borehole with hand pump,Hydro India,Manually drilled,,,Yes,43.0,Water committee,10.0,1.0,327.0,No,2.0,,,,,,,,,,,,,
India,Bihar,26.34714552,85.36386343,20.0,Yes,Borehole with hand pump,Afridev,Drilled by machine,,,Yes,20.0,Water committee,4.0,2.0,150.0,No,1.0,Yes,Yes,1.0,150.0,Advanced,Moderate,Advanced,Advanced,1.0,3.0,6181.236328,1186.0,dry
Uganda,Eastern,0.4633418,33.8200729,1140.395034,Yes,Borehole with hand pump,India Mark II,Manually drilled,,,No,150.0,Water committee,1.0,,300.0,No,1.0,,,,,,,,,,,,,
Nepal,Western,28.35399,83.09247,1315.8319,Yes,Public tap / standpipe,,,Protected spring,Gravity Fed,,3.0,Water committee,1.0,,12.0,No,,,,,,,,,,,,,,
Nepal,Central,27.6988,84.7526,1041.7786,Yes,Public tap / standpipe,,,Protected spring,Gravity Fed,,3.0,Water committee,1.0,,23.0,No,,,,,,,,,,,,,,
Uganda,Eastern,0.2390592,33.9067621,1138.192297,Yes,Borehole with hand pump,U3,Manually drilled,,,No,90.0,Water committee,2.0,,600.0,No,,Yes,Yes,0.0,165.0,Inadequate,Minimum,Inadequate,Moderate,1.0,3.0,1421.436822,1286.0,wet
Rwanda,Northern Province,-1.83720941,30.2317752,1696.0,Yes,Public tap / standpipe,,,Protected spring,Electric powered pump,No,70.0,Private person,0.5,,350.0,No,,,,,,,,,,,,,,
Ethiopia,Tigray,13.202715,39.05658,1807.6,Yes,Protected dug well with hand pump,Afridev,Hand-dug,,,No,80.0,Water committee,8.0,,420.0,No,3.0,Yes,Yes,1.0,390.0,Moderate,Moderate,Minimum,Minimum,1.0,5.0,150.4053369,601.0,wet
Malawi,Central,,,,Yes,Borehole with hand pump,Afridev,Manually drilled,,,No,28.0,Water committee,1.0,,115.0,No,2.0,,,,,,,,,,,,,
Malawi,Central,-14.488965,34.6915484,513.753,Yes,Borehole with hand pump,Afridev,Manually drilled,,,Yes,58.0,Water committee,24.0,1.0,290.0,No,1.0,,,,,,,,,,,,,
Niger,Maradi,13.7288308,7.0845365,407.0,Yes,Public tap / standpipe,,,Borehole,Solar powered pump,No,,Water committee,1.0,,,No,,,,,,,,,,,,,,
Nepal,Central,27.19571,86.33778,897.8,Yes,Public tap / standpipe,,,Protected spring,Gravity Fed,,3.0,Water committee,4.0,,2.0,No,,Yes,Yes,0.0,151.0,Inadequate,Moderate,Inadequate,Moderate,1.0,10.0,208.3544706,1689.0,wet
Nepal,Western,28.28992,83.15632,1529.4948,Yes,Piped water into yard / plot,,,Protected spring,Gravity Fed,,1.0,Water committee,1.0,,9.0,No,,,,,,,,,,,,,,
Malawi,Central,-15.09415,34.75024,,Yes,Borehole with hand pump,Afridev,Manually drilled,,,No,15.0,Water committee,1.0,,473.0,No,,,,,,,,,,,,,,
Mozambique,Zambezia,-17.2862025,35.9158218,249.5037537,Yes,Borehole with hand pump,Afridev,Manually drilled,,,No,35.0,Water committee,2.0,,200.0,No,1.0,Yes,Yes,1.0,60.0,Inadequate,Minimum,Inadequate,Minimum,0.0,3.0,155.9491209,1203.0,wet
Ethiopia,Tigray,14.13295833,39.34289,2165.8,Yes,Protected dug well with hand pump,Afridev,Hand-dug,,,Yes,82.0,Water committee,4.0,1.0,467.0,No,7.0,Yes,Yes,1.0,500.0,Inadequate,Moderate,Inadequate,Advanced,1.0,6.0,319.2631599,601.0,dry
Mali,Segou,12.9585998,-4.637775,327.0,Yes,Public tap / standpipe,,,Borehole,Solar powered pump,No,100.0,Water committee,2.0,,1000.0,Yes,,Yes,Yes,1.0,500.0,Moderate,Moderate,Minimum,Minimum,1.0,3.0,185.7434116,631.0,dry
Ethiopia,Tigray,13.95732667,39.08744167,2880.5,Yes,Protected dug well with hand pump,Afridev,Hand-dug,,,No,55.0,Water committee,3.0,,122.0,No,3.0,Yes,Yes,1.0,500.0,Moderate,Moderate,Moderate,Moderate,1.0,6.0,309.0022355,601.0,dry
Mali,Segou,13.407966,-4.631382,317.0,No,Borehole with hand pump,India Mark II,Manually drilled,,,Yes,50.0,Water committee,30.0,4.0,100.0,Yes,1.0,Yes,Yes,1.0,200.0,Minimum,Inadequate,Inadequate,Advanced,1.0,4.0,68.74432405,631.0,dry
Nepal,Central,27.2637,86.00659,1169.7,Yes,Public tap / standpipe,,,Protected spring,Gravity Fed,,1.0,Private person,2.0,,7.0,No,,Yes,Yes,0.0,73.0,Moderate,Moderate,Moderate,Moderate,1.0,18.0,208.1685247,1689.0,dry
Mali,Segou,,,,Yes,Public tap / standpipe,,,Borehole,Solar powered pump,No,150.0,Water committee,2.0,,300.0,Yes,,Yes,Yes,0.0,400.0,Minimum,Advanced,Minimum,Minimum,1.0,25.0,,631.0,dry
Ethiopia,Tigray,13.7144,39.01976333,1808.9,Yes,Borehole with hand pump,Afridev,Manually drilled,,,No,100.0,Water committee,6.0,,650.0,,,Yes,Yes,0.0,450.0,Inadequate,Moderate,Inadequate,Moderate,1.0,8.0,878.9506223,601.0,wet
Rwanda,Northern Province,-1.85222902,29.93547645,1529.918663,Yes,Public tap / standpipe,,,Protected spring,Gravity Fed,No,20.0,Vendor,6.0,,95.0,No,,Yes,Yes,0.0,197.0,Moderate,Minimum,Minimum,Moderate,0.0,6.0,1271.023656,1205.0,dry
Nepal,Western,28.36555,83.08973,1761.1156,Yes,Piped water into yard / plot,,,Protected spring,Gravity Fed,,1.0,Water committee,1.0,,2.0,No,,,,,,,,,,,,,,
Mali,Segou,13.2426977,-4.4945911,357.0,Yes,Borehole with hand pump,India Mark II,Manually drilled,,,No,40.0,Water committee,3.0,,100.0,No,2.0,Yes,Yes,0.0,200.0,Moderate,Inadequate,Inadequate,Advanced,0.0,3.0,401.2058243,631.0,dry
Malawi,South,-16.44747,34.93199,48.09,Yes,Borehole with hand pump,Afridev,Manually drilled,,,,54.0,Water committee,1.0,,270.0,No,,,,,,,,,,,,,,
Mozambique,Zambezia,-16.9201583,35.7754103,371.8334974,Yes,Borehole with hand pump,Afridev,Manually drilled,,,No,41.0,Water committee,2.0,,184.0,No,2.0,Yes,Yes,1.0,41.0,Moderate,Moderate,Moderate,Moderate,1.0,1.0,143.4323221,1203.0,wet
Ethiopia,Tigray,14.48263833,39.48661,2039.8,Yes,Borehole with hand pump,Afridev,Manually drilled,,,No,110.0,Water committee,6.0,,650.0,,,Yes,Yes,0.0,2400.0,Inadequate,Moderate,Inadequate,Moderate,1.0,6.0,372.4858043,601.0,dry
Ethiopia,Tigray,14.13948833,39.157315,2192.0,Yes,Protected spring,,,,,No,90.0,Water committee,10.0,,650.0,No,,Yes,Yes,0.0,230.0,Moderate,Moderate,Minimum,Minimum,1.0,1.0,497.1529402,601.0,dry
Niger,Dosso,12.6199111,2.8515239,205.0,Yes,Borehole with hand pump,Water4,Manually drilled,,,No,45.0,Water committee,3.0,,250.0,No,,Yes,No,1.0,120.0,Moderate,Inadequate,Inadequate,Minimum,1.0,4.0,841.9805897,634.0,dry
Mozambique,Zambezia,-16.9660257,35.7111607,314.1163999,Yes,Borehole with hand pump,Afridev,Manually drilled,,,No,60.0,Water committee,4.0,,350.0,No,1.0,Yes,Yes,1.0,75.0,Inadequate,Minimum,Inadequate,Advanced,0.0,1.0,131.8871015,1203.0,wet
Malawi,South,-16.40456,34.86308,82.19,Yes,Borehole with hand pump,Afridev,Manually drilled,,,,65.0,Water committee,10.0,,325.0,No,,,,,,,,,,,,,,
Malawi,Central,-14.9886353,34.7007738,1016.491,Yes,Borehole with hand pump,Afridev,Manually drilled,,,No,50.0,Water committee,1.0,,261.0,No,2.0,,,,,,,,,,,,,
Ethiopia,Tigray,14.13546167,38.79405333,825.5,Yes,Borehole with hand pump,Afridev,Manually drilled,,,Yes,62.0,Water committee,3.0,2.0,290.0,,4.0,Yes,Yes,1.0,598.0,Advanced,Advanced,Advanced,Moderate,1.0,8.0,1200.446956,601.0,dry
Nepal,Western,28.2703,83.13036,1383.0455,Yes,Public tap / standpipe,,,Protected spring,Gravity Fed,,2.0,Water committee,1.0,,18.0,No,,,,,,,,,,,,,,
Nepal,Central,27.05725,86.29116,955.9328,Yes,Public tap / standpipe,,,Protected spring,Gravity Fed,,2.0,Water committee,1.0,,14.0,No,,,,,,,,,,,,,,
Nepal,Central,27.29893,85.53506,525.5948,Yes,Public tap / standpipe,,,Protected spring,Gravity Fed,,3.0,Don't Know,1.0,,20.0,No,,,,,,,,,,,,,,
Mali,Segou,13.373825,-4.3729102,326.0,Yes,Borehole with hand pump,India Mark II,Manually drilled,,,Yes,50.0,Water committee,20.0,4.0,200.0,,,Yes,Yes,0.0,200.0,Inadequate,Minimum,Inadequate,Minimum,0.0,14.0,168.6816925,631.0,dry
Nepal,Central,27.17446,86.28821,1684.523,Yes,Public tap / standpipe,,,Protected spring,Gravity Fed,,1.0,Private person,3.0,,8.0,No,,Yes,Yes,0.0,74.0,Minimum,Moderate,Moderate,Moderate,1.0,6.0,394.8911511,1689.0,wet
Ethiopia,Tigray,14.25076833,38.88639,2070.8,Yes,Rainwater collection,,,,,No,0.0,School,8.0,,,,,,,,,,,,,,,706.3434464,601.0,dry
Uganda,Eastern,0.4267752,33.8149972,1151.709128,Yes,Borehole with hand pump,India Mark II,Manually drilled,,,Yes,60.0,Water committee,8.0,1.0,340.0,No,1.0,,,,,,,,,,,,,
Ethiopia,Tigray,12.49160167,39.66105,1411.4,Yes,Borehole with hand pump,Afridev,Manually drilled,,,No,60.0,Water committee,3.0,,360.0,No,2.0,Yes,Yes,1.0,630.0,Moderate,Moderate,Moderate,Moderate,1.0,4.0,344.5559508,601.0,wet
Mali,Koulikoro,14.0470485,-8.0861268,384.1242676,Yes,Borehole with hand pump,India Mark II,Manually drilled,,,No,35.0,Water committee,1.0,,215.0,No,5.0,,,,,,,,,,,,,
Ethiopia,Tigray,12.43663333,39.677365,1421.2,Yes,Public tap / standpipe,,,Borehole,Solar powered pump,No,90.0,Water committee,1.0,,455.0,No,,,,,,,,,,,,,,
Niger,Dosso,12.8384091,2.8742821,203.0,Yes,Borehole with hand pump,Water4,Manually drilled,,,No,50.0,Water committee,3.0,,250.0,No,1.0,Yes,Yes,1.0,40.0,Moderate,Moderate,Minimum,Minimum,1.0,3.0,325.944617,634.0,dry
Ethiopia,Tigray,13.014695,39.61257167,2440.9,Yes,Borehole with hand pump,Afridev,Manually drilled,,,No,140.0,Water committee,7.0,,500.0,,3.0,Yes,Yes,0.0,325.0,Moderate,Moderate,Moderate,Moderate,1.0,6.0,545.7838646,601.0,wet
India,West Bengal,21.76510591,88.3773857,-73.0,Yes,Borehole with hand pump,Afridev,Drilled by machine,,,Yes,50.0,Water committee,7.0,4.0,100.0,No,1.0,Yes,Yes,1.0,230.0,Inadequate,Minimum,Inadequate,Minimum,0.0,10.0,3144.623169,1439.0,dry
Malawi,North,-11.9943494,33.4561258,,Yes,Borehole with hand pump,Afridev,Manually drilled,,,Yes,15.0,Water committee,,2.0,75.0,No,1.0,Yes,No,1.0,55.0,Moderate,Inadequate,Inadequate,Advanced,1.0,3.0,514.4723615,1053.0,dry
Malawi,Central,-13.65774964,33.47392827,,Yes,Borehole with hand pump,Afridev,Manually drilled,,,No,26.0,Water committee,3.0,,130.0,No,1.0,Yes,Yes,1.0,25.0,Moderate,Moderate,Moderate,Moderate,1.0,1.0,866.2577125,959.0,dry
Niger,Maradi,13.7846683,6.9120825,378.0,Yes,Borehole with hand pump,Vergnet Hydro,Manually drilled,,,No,25.0,Water committee,1.0,,175.0,Yes,4.0,,,,,,,,,,,,,
Nepal,Central,27.06926,86.29016,710.5621,Yes,Public tap / standpipe,,,Protected spring,Gravity Fed,,1.0,Water committee,2.0,,6.0,No,,Yes,Yes,1.0,36.0,Inadequate,Moderate,Inadequate,Moderate,1.0,5.0,175.0605187,1689.0,wet
Mali,Segou,13.3318827,-4.1548349,426.0,Yes,Borehole with hand pump,India Mark II,Manually drilled,,,No,35.0,Water committee,4.0,,230.0,No,4.0,Yes,Yes,1.0,400.0,Minimum,Advanced,Minimum,Advanced,1.0,2.0,109.5969531,631.0,dry
Nepal,Central,27.05752,86.32391,987.2,Yes,Public tap / standpipe,,,Protected spring,Gravity Fed,,1.0,Water committee,3.0,,4.0,No,,Yes,Yes,0.0,88.0,Moderate,Moderate,Moderate,Moderate,1.0,8.0,178.5129658,1689.0,wet
Malawi,South,-15.31528781,35.2301985,,Yes,Borehole with hand pump,Afridev,Manually drilled,,,Yes,35.0,Water committee,15.0,5.0,185.0,No,2.0,Yes,No,1.0,35.0,Moderate,Inadequate,Inadequate,Advanced,1.0,6.0,1553.777012,1007.0,dry
Ethiopia,Tigray,14.03076667,38.83036833,2011.9,Yes,Borehole with hand pump,Afridev,Manually drilled,,,No,,Water committee,3.0,,196.0,No,3.0,,,,,,,,,,,404.6975829,601.0,dry
India,Bihar,26.62540152,85.29549662,-3.0,Yes,Borehole with hand pump,India Mark II,Drilled by machine,,,No,15.0,Water committee,1.0,,60.0,No,1.0,,,,,,,,,,,,,
Malawi,North,-11.9871626,33.5566356,,Yes,Borehole with hand pump,Afridev,Manually drilled,,,No,40.0,Water committee,3.0,,200.0,No,2.0,Yes,No,1.0,40.0,Inadequate,Inadequate,Inadequate,Moderate,1.0,1.0,210.5891686,1053.0,dry
Mali,Segou,13.4069604,-4.7205052,314.0,,Public tap / standpipe,,,Borehole,Solar powered pump,No,60.0,Water committee,2.0,,150.0,Yes,,Yes,Yes,1.0,300.0,Moderate,Advanced,Advanced,Advanced,1.0,10.0,387.4499351,631.0,dry
Niger,Maradi,13.7188942,7.107267,411.0,Yes,Public tap / standpipe,,,Borehole,Solar powered pump,No,43.0,Water committee,0.5,,290.0,No,,,,,,,,,,,,,,
Malawi,South,-16.16126527,34.75585219,89.0,Yes,Borehole with hand pump,Afridev,Drilled by machine,,,No,202.0,Water committee,3.0,,1050.0,No,2.0,Yes,Yes,1.0,210.0,Moderate,Moderate,Moderate,Moderate,1.0,6.0,1013.683718,1007.0,dry
Ethiopia,Tigray,14.09511167,37.78614,872.5,Yes,Protected dug well with hand pump,Afridev,Hand-dug,,,Yes,90.0,Water committee,6.0,1.0,547.0,No,,Yes,Yes,0.0,623.0,Moderate,Moderate,Minimum,Minimum,1.0,6.0,124.8270194,601.0,dry
Niger,Maradi,13.891818,6.8008066,384.0,Yes,Borehole with hand pump,Vergnet Hydro,Manually drilled,,,Yes,200.0,Water committee,12.0,1.0,1000.0,No,,,,,,,,,,,,,,
Nepal,Central,27.07007,86.21861,593.7,Yes,Public tap / standpipe,,,Protected spring,Gravity Fed,,1.0,Water committee,3.0,,11.0,No,,Yes,Yes,1.0,94.0,Inadequate,Minimum,Inadequate,Minimum,1.0,11.0,204.5497636,1689.0,dry
Rwanda,Northern Province,-1.62934535,29.99245436,2101.0,Yes,Public tap / standpipe,,,Protected spring,Electric powered pump,No,80.0,Private person,1.0,,400.0,No,,,,,,,,,,,,,,
Uganda,Eastern,0.4426082,33.7814582,1138.622778,Yes,Borehole with hand pump,U3,Manually drilled,,,No,102.0,Water committee,2.0,,610.0,No,1.0,Yes,Yes,1.0,300.0,Minimum,Moderate,Moderate,Moderate,1.0,3.0,2030.725469,1483.0,wet
Malawi,North,-11.9815977,33.5006676,,Yes,Borehole with hand pump,Afridev,Manually drilled,,,No,30.0,Water committee,3.0,,150.0,No,2.0,Yes,No,1.0,122.0,Moderate,Inadequate,Inadequate,Moderate,1.0,3.0,890.735394,1053.0,dry
Ethiopia,Tigray,12.72066667,39.56716,2222.5,Yes,Protected spring,,,,,No,112.0,Water committee,6.0,,586.0,No,,Yes,Yes,1.0,400.0,Moderate,Moderate,Moderate,Moderate,1.0,7.0,432.5661354,601.0,wet
Mali,Segou,13.4185086,-4.2881265,352.0,Yes,Borehole with hand pump,India Mark II,Manually drilled,,,No,120.0,Water committee,4.0,,600.0,No,,Yes,Yes,0.0,200.0,Minimum,Minimum,Minimum,Advanced,0.0,3.0,258.9315396,631.0,dry
Mali,Segou,13.4199098,-4.6507825,324.0,,Borehole with hand pump,India Mark II,Manually drilled,,,No,88.0,Water committee,3.0,,200.0,Yes,1.0,Yes,Yes,1.0,240.0,Moderate,Advanced,Advanced,Advanced,1.0,2.0,200.7516712,631.0,dry
Mozambique,Nampula,-14.4771191,39.925614,295.0,Yes,Borehole with hand pump,Afridev,Manually drilled,,,No,96.0,Water committee,1.0,,480.0,No,2.0,,,,,,,,,,,,,
Uganda,Eastern,0.2102858,33.7570116,1140.286588,Yes,Borehole with hand pump,U3,Manually drilled,,,Yes,30.0,Water committee,6.0,2.0,300.0,No,1.0,Yes,Yes,1.0,300.0,Inadequate,Minimum,Inadequate,Moderate,1.0,3.0,1422.968472,1286.0,wet
Nepal,Central,27.11117,86.13959,495.4356,Yes,Public tap / standpipe,,,Protected spring,Gravity Fed,,5.0,Water committee,1.0,,28.0,No,,,,,,,,,,,,,,
Malawi,South,-16.02171622,34.92665266,327.0,Yes,Borehole with hand pump,Afridev,Drilled by machine,,,No,48.0,Water committee,3.0,,240.0,No,2.0,Yes,Yes,1.0,78.0,Moderate,Moderate,Advanced,Advanced,1.0,2.0,886.6598263,1007.0,dry
Nepal,Central,27.23198,86.14443,820.5,Yes,Public tap / standpipe,,,Protected spring,Gravity Fed,,1.0,Water committee,3.0,,12.0,No,,Yes,Yes,1.0,82.0,Moderate,Minimum,Moderate,Moderate,1.0,6.0,513.5862495,1689.0,wet
Nepal,Central,27.21625,86.30904,792.8,Yes,Public tap / standpipe,,,Protected spring,Gravity Fed,,1.0,Water committee,4.0,,4.0,No,,Yes,Yes,1.0,61.0,Inadequate,Moderate,Inadequate,Moderate,1.0,6.0,185.3431862,1689.0,wet
Malawi,South,-15.3524233,35.1761656,582.0085223,Yes,Borehole with hand pump,Afridev,Manually drilled,,,No,25.0,Water committee,3.0,,125.0,Yes,1.0,Yes,No,1.0,25.0,Moderate,Inadequate,Inadequate,Minimum,,4.0,701.0425198,1007.0,dry
India,West Bengal,21.76529897,88.13536069,-54.0,Yes,Borehole with hand pump,Vergnet,Drilled by machine,,,Yes,65.0,Water committee,6.0,2.0,300.0,No,2.0,Yes,No,1.0,65.0,Moderate,Inadequate,Inadequate,Moderate,0.0,2.0,1669.84906,1439.0,dry
Uganda,Eastern,0.4408285,33.829028,1158.925429,Yes,Borehole with hand pump,India Mark II,Manually drilled,,,No,50.0,Water committee,1.0,,340.0,No,2.0,,,,,,,,,,,,,
Malawi,North,-12.0511023,33.4670796,1306.29481,Yes,Mechanized borehole,,Manually drilled,Borehole,Solar powered pump,Yes,15.0,Water committee,11.0,1.0,80.0,Yes,,Yes,Yes,1.0,20.0,Moderate,Minimum,Minimum,Advanced,0.0,2.0,688.3080618,1053.0,dry
Nepal,Central,27.22729,86.3026,774.8,Yes,Public tap / standpipe,,,Protected spring,Gravity Fed,,3.0,Water committee,5.0,,24.0,No,,Yes,Yes,1.0,192.0,Moderate,Moderate,Moderate,Moderate,1.0,5.0,142.4852525,1689.0,wet
Malawi,South,-16.40468,34.78043,173.63,Yes,Borehole with hand pump,Afridev,Manually drilled,,,,71.0,Water committee,39.0,,355.0,No,,,,,,,,,,,,,,
Niger,Maradi,13.7453333,6.9964626,391.0,Yes,Public tap / standpipe,,,Borehole,Solar powered pump,No,20.0,Water committee,1.0,,140.0,No,,,,,,,,,,,,,,
Malawi,Central,-13.64152185,33.49643737,,Yes,Borehole with hand pump,Afridev,Manually drilled,,,No,75.0,Water committee,3.0,,375.0,No,1.0,Yes,Yes,0.0,25.0,Moderate,Moderate,Advanced,Advanced,1.0,2.0,1043.598643,959.0,dry
Ethiopia,Tigray,14.11708167,39.04667667,2097.7,Yes,Protected dug well with hand pump,Afridev,Hand-dug,,,No,200.0,Water committee,2.0,,1000.0,No,,Yes,Yes,1.0,600.0,Moderate,Moderate,Moderate,Moderate,1.0,5.0,558.6871826,601.0,dry
Niger,Maradi,13.7275195,6.8953053,371.0,Yes,Borehole with hand pump,Vergnet Hydro,Manually drilled,,,No,31.0,Water committee,1.0,,235.0,No,3.0,,,,,,,,,,,,,
India,West Bengal,21.9526118,88.3659482,-30.0,Yes,Borehole with hand pump,India Mark II,Drilled by machine,,,No,35.0,Water committee,7.0,,250.0,No,1.0,Yes,Yes,1.0,50.0,Moderate,Moderate,Minimum,Minimum,1.0,2.0,2249.558838,1439.0,dry
Mali,Segou,13.5161769,-4.653085,292.0,Yes,Borehole with hand pump,India Mark II,Manually drilled,,,No,100.0,Water committee,4.0,,500.0,Yes,5.0,Yes,Yes,1.0,635.0,Moderate,Inadequate,Inadequate,Advanced,0.0,4.0,149.2442071,631.0,dry
India,West Bengal,21.86807172,88.41378666,-63.0,Yes,Borehole with hand pump,India Mark II,Drilled by machine,,,No,25.0,Water committee,3.0,,250.0,No,1.0,Yes,Yes,1.0,25.0,Moderate,Moderate,Minimum,Minimum,1.0,3.0,1058.344238,1439.0,dry
Nepal,Central,27.18694,85.51901,108.4274,Yes,Piped water into yard / plot,,,Protected spring,Gravity Fed,,1.0,Water committee,1.0,,6.0,No,,,,,,,,,,,,,,
Mali,Koulikoro,13.7409762,-8.374562,333.0612793,Yes,Borehole with hand pump,India Mark II,Manually drilled,,,No,15.0,Water committee,0.5,,350.0,No,10.0,,,,,,,,,,,,,
Rwanda,Northern Province,-1.81533268,30.22272983,1865.0,Yes,Public tap / standpipe,,,Protected spring,Electric powered pump,No,80.0,Water committee,0.5,,400.0,No,,,,,,,,,,,,,,
Rwanda,Northern Province,-1.690358329,30.01554089,2087.39252,Yes,Public tap / standpipe,,,Protected spring,Electric powered pump,No,100.0,Vendor,1.0,,450.0,No,,Yes,Yes,1.0,105.0,Inadequate,Minimum,Inadequate,Minimum,0.0,3.0,1987.275156,1205.0,wet
Uganda,Eastern,0.4200329,33.7826068,1174.290995,Yes,Borehole with hand pump,U3,Manually drilled,,,No,38.0,Water committee,2.0,,304.0,No,12.0,Yes,Yes,1.0,58.0,Inadequate,Minimum,Inadequate,Moderate,1.0,3.0,3070.374944,1483.0,wet
Uganda,Eastern,0.4819735,33.8087612,1125.599976,Yes,Borehole with hand pump,India Mark II,Manually drilled,,,No,172.0,Water committee,1.0,,320.0,No,3.0,,,,,,,,,,,,,
Ethiopia,Tigray,13.96451667,39.74692167,2812.7,Yes,Protected dug well with hand pump,Afridev,Hand-dug,,,Yes,28.0,School,15.0,2.0,33.0,No,4.0,,,,,,,,,,,698.1253308,601.0,dry
Ethiopia,Tigray,13.62741167,38.935595,1742.3,Yes,Borehole with hand pump,Afridev,Manually drilled,,,No,70.0,Water committee,5.0,,450.0,No,,Yes,Yes,1.0,350.0,Moderate,Moderate,Moderate,Moderate,1.0,5.0,954.8960892,601.0,wet
Ethiopia,Tigray,13.96390667,38.469555,1898.0,Yes,Protected spring,,,,,No,80.0,Water committee,5.0,,490.0,,,Yes,Yes,0.0,453.0,Moderate,Moderate,Minimum,Minimum,1.0,6.0,962.6625973,601.0,dry
Ethiopia,Tigray,13.38678333,39.31819333,2128.4,Yes,Borehole with hand pump,Afridev,Manually drilled,,,Yes,78.0,Water committee,6.0,1.0,395.0,No,,Yes,Yes,0.0,1005.0,Inadequate,Moderate,Inadequate,Minimum,1.0,8.0,343.6690402,601.0,wet
Mozambique,Zambezia,-17.1462626,35.7253497,368.0,Yes,Borehole with hand pump,Afridev,Manually drilled,,,No,290.0,Water committee,4.0,,1200.0,No,2.0,No,Yes,1.0,290.0,,,,,999.0,1.0,493.9265734,1203.0,wet
Rwanda,Northern Province,-1.61467748,29.99457766,2234.0,Yes,Public tap / standpipe,,,Protected spring,Electric powered pump,No,1.0,School,0.5,,739.0,No,,,,,,,,,,,,,,
Ethiopia,Tigray,14.134365,39.01944333,2017.9,Yes,Protected dug well with hand pump,Afridev,Hand-dug,,,No,130.0,Water committee,9.0,,784.0,No,14.0,Yes,Yes,0.0,400.0,Moderate,Moderate,Advanced,Advanced,1.0,7.0,426.4695454,601.0,dry
Nepal,Central,27.09453,86.21348,957.2791,Yes,Piped water into yard / plot,,,Protected spring,Gravity Fed,,2.0,Water committee,1.0,,7.0,No,,,,,,,,,,,,,,
Ethiopia,Tigray,13.6319,38.95848167,1810.5,Yes,Borehole with hand pump,Afridev,Manually drilled,,,Yes,50.0,Water committee,5.0,1.0,300.0,No,3.0,Yes,Yes,1.0,630.0,Moderate,Moderate,Advanced,Advanced,1.0,9.0,1926.808489,601.0,wet
Niger,Dosso,12.4895747,2.9197267,211.0,Yes,Borehole with hand pump,Water4,Manually drilled,,,No,12.0,Water committee,3.0,,150.0,No,,Yes,No,1.0,20.0,Inadequate,Inadequate,Inadequate,Minimum,0.0,7.0,235.0342277,634.0,dry
Malawi,Central,-15.01957,34.73744,,Yes,Borehole with hand pump,Afridev,Manually drilled,,,No,43.0,Water committee,1.0,,213.0,No,1.0,,,,,,,,,,,,,
Mozambique,Zambezia,-17.0285585,35.7369207,353.0,Yes,Borehole with hand pump,Afridev,Manually drilled,,,Yes,40.0,Water committee,3.0,2.0,1016.0,No,1.0,Yes,Yes,1.0,40.0,Moderate,Advanced,Advanced,Advanced,1.0,1.0,208.806144,1203.0,wet
Mali,Segou,13.5874475,-4.5762127,309.0,,Borehole with hand pump,India Mark II,Manually drilled,,,No,200.0,Water committee,4.0,,1300.0,Yes,1.0,Yes,Yes,1.0,700.0,Moderate,Inadequate,Inadequate,Advanced,0.0,3.0,134.6118955,631.0,dry
Malawi,Central,-14.5355478,34.6775696,526.176,Yes,Borehole with hand pump,Afridev,Manually drilled,,,Yes,,Water committee,26.0,1.0,,Yes,1.0,,,,,,,,,,,,,
Ethiopia,Tigray,14.13028667,38.949815,1975.7,Yes,Borehole with hand pump,Afridev,Manually drilled,,,No,55.0,Water committee,5.0,,258.0,No,4.0,Yes,Yes,1.0,326.0,Moderate,Moderate,Moderate,Moderate,1.0,7.0,640.5913634,601.0,dry
Nepal,Central,27.11473,86.20815,1009.5341,Yes,Public tap / standpipe,,,Protected spring,Gravity Fed,,2.0,Water committee,1.0,,16.0,No,,,,,,,,,,,,,,
Malawi,South,-15.3098957,35.1615159,,Yes,Borehole with hand pump,Afridev,Manually drilled,,,No,105.0,Water committee,13.0,,506.0,No,1.0,Yes,Yes,1.0,170.0,Moderate,Moderate,Minimum,Minimum,1.0,2.0,535.1670946,1007.0,dry
Ethiopia,Tigray,13.48757833,38.75529,1211.8,Yes,Protected dug well with hand pump,Afridev,Hand-dug,,,No,60.0,Water committee,4.0,,461.0,No,4.0,Yes,Yes,0.0,496.0,Advanced,Advanced,Minimum,Minimum,1.0,5.0,329.6656984,601.0,wet
Nepal,Central,27.05421,86.24955,519.6,Yes,Public tap / standpipe,,,Protected spring,Gravity Fed,,1.0,Water committee,2.0,,4.0,No,,Yes,Yes,1.0,82.0,Inadequate,Moderate,Inadequate,Moderate,1.0,45.0,179.4480175,1689.0,dry
Malawi,Central,-13.64244977,33.53156894,,Yes,Borehole with hand pump,Afridev,Manually drilled,,,No,350.0,Water committee,3.0,,1050.0,No,1.0,Yes,Yes,1.0,350.0,Moderate,Moderate,Advanced,Advanced,1.0,1.0,1589.28902,959.0,dry
Niger,Dosso,13.0737905,2.7547543,263.0,Yes,Mechanized borehole,,Manually drilled,Borehole,Solar powered pump,No,90.0,Water committee,3.0,,700.0,No,,Yes,Yes,0.0,270.0,Inadequate,Moderate,Inadequate,Moderate,1.0,6.0,387.7850516,634.0,dry
Malawi,South,-16.07960089,34.55559217,161.0,Yes,Borehole with hand pump,Afridev,Drilled by machine,,,No,150.0,Water committee,6.0,,750.0,Yes,,Yes,No,1.0,90.0,Inadequate,Inadequate,Inadequate,Moderate,0.0,7.0,874.0220065,1007.0,dry
Ethiopia,Tigray,13.77506,39.35146333,1966.2,Yes,Protected dug well with hand pump,Afridev,Hand-dug,,,No,0.0,School,5.0,,,No,2.0,,,,,,,,,,,842.608903,601.0,dry
Malawi,Central,-14.66957,34.64693,,Yes,Borehole with hand pump,Afridev,Manually drilled,,,Yes,250.0,Water committee,,1.0,850.0,No,3.0,,,,,,,,,,,,,
Malawi,Central,-13.71915281,33.51149529,,Yes,Borehole with hand pump,Afridev,Manually drilled,,,No,270.0,Water committee,2.0,,1350.0,No,1.0,Yes,Yes,1.0,300.0,Moderate,Moderate,Advanced,Advanced,1.0,1.0,1450.66126,959.0,dry
Ethiopia,Tigray,14.48860833,38.98954333,1826.1,Yes,Borehole with hand pump,Afridev,Manually drilled,,,Yes,74.0,Water committee,3.0,0.5,512.0,No,3.0,Yes,Yes,1.0,330.0,Minimum,Moderate,Minimum,Minimum,1.0,5.0,352.9925198,601.0,dry
Niger,Dosso,12.9397041,2.8562532,238.0,Yes,Borehole with hand pump,India Mark II,Manually drilled,,,No,47.0,Water committee,3.0,,376.0,No,3.0,Yes,Yes,0.0,50.0,Minimum,Advanced,Minimum,Advanced,1.0,2.0,1067.549405,634.0,dry
India,Bihar,26.52191837,85.34494667,8.0,Yes,Borehole with hand pump,India Mark II,Drilled by machine,,,No,35.0,Water committee,4.0,,250.0,No,5.0,Yes,No,1.0,30.0,Moderate,Inadequate,Inadequate,Moderate,0.0,2.0,4535.801514,1186.0,dry
Ethiopia,Tigray,13.91249926,38.43793089,1877.0,Yes,Borehole with hand pump,Afridev,Manually drilled,,,No,40.0,Water committee,1.0,,240.0,No,2.0,,,,,,,,,,,,,
Nepal,Central,27.30219,85.86494,644.0,Yes,Piped water into yard / plot,,,Protected spring,Gravity Fed,,1.0,Water committee,1.0,,4.0,No,,,,,,,,,,,,,,
Mozambique,Zambezia,-17.0811821,35.7324635,356.0070093,Yes,Borehole with hand pump,Afridev,Manually drilled,,,No,75.0,Water committee,4.0,,375.0,No,2.0,Yes,Yes,1.0,75.0,Moderate,Moderate,Advanced,Advanced,1.0,1.0,275.4178783,1203.0,wet
Malawi,South,-16.09131087,34.61355295,114.0,Yes,Borehole with hand pump,Afridev,Drilled by machine,,,No,103.0,Water committee,4.0,,618.0,No,8.0,Yes,Yes,1.0,103.0,Moderate,Moderate,Advanced,Advanced,1.0,2.0,1658.106109,1007.0,dry
Malawi,South,-15.78525628,34.40064372,543.0,Yes,Borehole with hand pump,Afridev,Drilled by machine,,,No,45.0,Water committee,5.0,,225.0,No,2.0,Yes,Yes,1.0,30.0,Moderate,Moderate,Advanced,Advanced,1.0,3.0,677.6962389,1007.0,dry
India,West Bengal,21.71962405,88.15543195,-28.0,Yes,Borehole with hand pump,Afridev,Drilled by machine,,,No,40.0,Water committee,7.0,,200.0,No,5.0,Yes,Yes,1.0,40.0,Moderate,Moderate,Minimum,Minimum,1.0,2.0,844.4016113,1439.0,dry
Malawi,South,-16.08515964,34.53646467,170.0,Yes,Borehole with hand pump,Afridev,Drilled by machine,,,No,60.0,Water committee,4.0,,300.0,No,2.0,Yes,Yes,1.0,60.0,Moderate,Moderate,Advanced,Advanced,1.0,1.0,556.0004331,1007.0,dry
Ethiopia,Tigray,13.69987,39.04646833,1997.7,Yes,Unprotected dug well,Afridev,Hand-dug,,,No,280.0,Water committee,9.0,,1650.0,No,,Yes,Yes,0.0,600.0,Moderate,Moderate,Moderate,Moderate,1.0,1.0,746.9017145,601.0,wet
Rwanda,Northern Province,-1.651433573,29.91871129,1743.249857,Yes,Public tap / standpipe,,,Protected spring,Gravity Fed,No,40.0,Water committee,2.0,,160.0,No,,Yes,Yes,1.0,250.0,Inadequate,Moderate,Inadequate,Advanced,1.0,9.0,1853.110614,1205.0,wet
India,Bihar,26.49106092,85.28742342,-3.0,Yes,Borehole with hand pump,India Mark II,Drilled by machine,,,No,25.0,Water committee,1.0,,100.0,No,1.0,,,,,,,,,,,,,
Malawi,Central,-13.66932161,33.51240724,,Yes,Borehole with hand pump,Afridev,Manually drilled,,,Yes,60.0,Water committee,22.0,2.0,210.0,No,1.0,Yes,No,1.0,60.0,Moderate,Inadequate,Inadequate,Moderate,0.0,1.0,1787.499938,959.0,dry
Malawi,South,-16.44495,34.77931,117.76,Yes,Borehole with hand pump,Afridev,Manually drilled,,,,32.0,Water committee,1.0,,160.0,No,,,,,,,,,,,,,,
Nepal,Central,27.28529,85.53247,391.3702,Yes,Public tap / standpipe,,,Protected spring,Gravity Fed,,2.0,Water committee,1.0,,9.0,No,,,,,,,,,,,,,,
India,Bihar,,,,Yes,Borehole with hand pump,India Mark II,Drilled by machine,,,No,12.0,School,1.0,,60.0,No,1.0,,,,,,,,,,,,,
Malawi,South,-15.3959324,35.1722976,,Yes,Borehole with hand pump,Afridev,Manually drilled,,,No,28.0,Water committee,4.0,,140.0,No,2.0,Yes,No,1.0,28.0,Moderate,Inadequate,Inadequate,Advanced,0.0,2.0,1488.046569,1007.0,dry
Ethiopia,Tigray,14.03251833,39.28264,1805.0,Yes,Protected dug well with hand pump,Afridev,Hand-dug,,,,40.0,Water committee,4.0,,211.0,No,3.0,Yes,Yes,0.0,310.0,Moderate,Moderate,Minimum,Minimum,1.0,5.0,351.3082643,601.0,dry
India,Bihar,26.37131128,85.32218071,1.0,Yes,Borehole with hand pump,India Mark II,Drilled by machine,,,No,25.0,Water committee,1.0,,100.0,No,1.0,,,,,,,,,,,,,
India,West Bengal,21.7521587,88.14340677,-46.0,Yes,Borehole with hand pump,Afridev,Drilled by machine,,,No,45.0,Water committee,6.0,,250.0,No,1.0,Yes,Yes,1.0,45.0,Moderate,Minimum,Minimum,Moderate,0.0,2.0,1538.743652,1439.0,dry
India,West Bengal,21.84414877,88.37092437,-57.0,Yes,Borehole with hand pump,,Drilled by machine,,,Yes,25.0,Water committee,29.0,5.0,58.0,,,Yes,No,1.0,40.0,Inadequate,Inadequate,Inadequate,Moderate,0.0,1.0,3008.426147,1439.0,dry
Nepal,Central,27.08062,86.27309,860.4405,Yes,Public tap / standpipe,,,Protected spring,Gravity Fed,,2.0,Water committee,3.0,,10.0,No,,Yes,Yes,0.0,80.0,Moderate,Moderate,Moderate,Moderate,1.0,10.0,244.5465645,1689.0,wet
India,West Bengal,21.80407348,88.34465463,-60.0,Yes,Borehole with hand pump,Vergnet,Drilled by machine,,,Yes,40.0,Water committee,16.0,4.0,80.0,No,1.0,Yes,Yes,1.0,80.0,Minimum,Minimum,Minimum,Advanced,0.0,1.0,7837.694824,1439.0,dry
Rwanda,Northern Province,-1.778262529,30.03089063,1990.234573,Yes,Public tap / standpipe,,,Protected spring,Electric powered pump,No,45.0,Vendor,2.0,,210.0,No,,Yes,Yes,0.0,190.0,Inadequate,Minimum,Inadequate,Minimum,0.0,6.0,1506.651396,1205.0,wet
Ethiopia,Tigray,13.97801833,38.75512833,1942.3,Yes,Protected dug well with hand pump,Afridev,Hand-dug,,,Yes,61.0,Water committee,6.0,3.0,421.0,No,1.0,Yes,Yes,0.0,312.0,Advanced,Advanced,Minimum,Minimum,1.0,4.0,3423.227771,601.0,dry
Rwanda,Northern Province,-1.735809395,30.03259038,2017.556404,Yes,Public tap / standpipe,,,Protected spring,Electric powered pump,No,82.0,Water committee,4.0,,258.0,No,,Yes,Yes,1.0,123.0,Inadequate,Minimum,Inadequate,Moderate,0.0,6.0,1032.996088,1205.0,dry
Nepal,Central,27.07352,86.26563,684.9457,Yes,Public tap / standpipe,,,Protected spring,Gravity Fed,,1.0,Water committee,3.0,,2.0,No,,Yes,Yes,0.0,80.0,Moderate,Moderate,Moderate,Moderate,1.0,10.0,194.3606662,1689.0,wet
Mozambique,Zambezia,-17.1471405,35.666823,384.3900775,Yes,Borehole with hand pump,Afridev,Manually drilled,,,No,150.0,Water committee,2.0,,1209.0,No,2.0,Yes,Yes,0.0,150.0,Inadequate,Moderate,Inadequate,Minimum,1.0,5.0,557.5308046,1203.0,wet
Ethiopia,Tigray,13.61672,36.97032333,744.2,Yes,Borehole with hand pump,Afridev,Manually drilled,,,No,40.0,Water committee,1.0,,290.0,No,2.0,,,,,,,,,,,,,
Ethiopia,Tigray,13.89406809,38.25737765,1520.0,Yes,Borehole with hand pump,Afridev,Manually drilled,,,No,82.0,Water committee,1.0,,504.0,No,2.0,,,,,,,,,,,,,
Ethiopia,Tigray,12.49209667,39.67636833,1427.2,Yes,Borehole with hand pump,Afridev,Manually drilled,,,No,60.0,Water committee,2.0,,370.0,No,,Yes,Yes,0.0,450.0,Moderate,Minimum,Minimum,Moderate,0.0,4.0,205.3268728,601.0,wet
Uganda,Eastern,0.2673967,33.7856963,1163.680309,Yes,Borehole with hand pump,U3,Manually drilled,,,Yes,150.0,Water committee,8.0,2.0,1500.0,No,2.0,Yes,Yes,0.0,200.0,Minimum,Moderate,Moderate,Moderate,1.0,2.0,2523.028071,1286.0,wet
Malawi,Central,-14.98922,34.76652,,Yes,Borehole with hand pump,Afridev,Manually drilled,,,No,25.0,Water committee,1.0,,100.0,No,2.0,,,,,,,,,,,,,
Rwanda,Northern Province,-1.639386575,30.02226588,2222.723534,Yes,Public tap / standpipe,,,Protected spring,Electric powered pump,No,150.0,Water committee,5.0,,750.0,No,,Yes,Yes,0.0,184.0,Inadequate,Minimum,Inadequate,Advanced,0.0,6.0,2494.275893,1205.0,dry
Ethiopia,Tigray,13.45234833,37.376645,2350.3,Yes,Borehole with hand pump,Afridev,Manually drilled,,,No,42.0,Water committee,0.5,,252.0,No,2.0,,,,,,,,,,,,,
Mali,Segou,13.0382269,-4.5549204,327.0,Yes,Public tap / standpipe,,,Borehole,Solar powered pump,No,,Water committee,3.0,,200.0,Yes,,,,,,,,,,,,284.0276792,631.0,dry
Malawi,South,-15.82908102,34.38810004,446.0,Yes,Borehole with hand pump,Afridev,Drilled by machine,,,No,77.0,Water committee,5.0,,476.0,No,3.0,Yes,Yes,1.0,76.0,Inadequate,Moderate,Inadequate,Moderate,1.0,3.0,859.8609916,1007.0,dry
Rwanda,Northern Province,-1.795129872,30.03890604,1970.257316,Yes,Public tap / standpipe,,,Protected spring,Electric powered pump,No,139.0,Water committee,1.0,,695.0,No,,Yes,Yes,1.0,156.0,Moderate,Minimum,Minimum,Advanced,0.0,3.0,2466.038904,1205.0,wet
Ethiopia,Tigray,14.33138,39.50606833,2395.2,Yes,Borehole with hand pump,Afridev,Manually drilled,,,No,120.0,Water committee,5.0,,780.0,No,2.0,Yes,Yes,0.0,400.0,Moderate,Moderate,Moderate,Moderate,1.0,4.0,261.0689569,601.0,dry
Malawi,Central,-13.67683788,33.55065554,,Yes,Borehole with hand pump,Afridev,Manually drilled,,,Yes,240.0,Water committee,22.0,1.0,886.0,No,1.0,Yes,No,1.0,240.0,Moderate,Inadequate,Inadequate,Moderate,0.0,1.0,1282.80046,959.0,dry
Malawi,South,-16.10780784,34.89912204,59.0,Yes,Borehole with hand pump,Afridev,Drilled by machine,,,No,60.0,Water committee,8.0,,300.0,No,2.0,Yes,Yes,1.0,200.0,Moderate,Moderate,Advanced,Advanced,1.0,2.0,2093.853833,1007.0,dry
Ethiopia,Tigray,14.18982833,39.41070167,2807.6,Yes,Protected dug well with hand pump,Afridev,Hand-dug,,,No,69.0,Water committee,3.0,,469.0,No,28.0,Yes,Yes,1.0,1000.0,Inadequate,Advanced,Inadequate,Advanced,1.0,4.0,471.8975174,601.0,dry
Rwanda,Northern Province,-1.828994046,29.92647078,1616.347202,Yes,Public tap / standpipe,,,Protected spring,Gravity Fed,No,40.0,Water committee,5.0,,190.0,No,,Yes,No,1.0,122.0,Advanced,Inadequate,Inadequate,Minimum,0.0,5.0,1395.439003,1205.0,wet
Mozambique,Zambezia,-17.0020645,35.7299019,364.1365179,Yes,Borehole with hand pump,Afridev,Manually drilled,,,No,124.0,Water committee,2.0,,620.0,No,2.0,Yes,Yes,1.0,124.0,Advanced,Moderate,Advanced,Moderate,1.0,1.0,238.0050209,1203.0,wet
Malawi,South,-15.2975311,35.1244173,,Yes,Borehole with hand pump,Afridev,Manually drilled,,,Yes,52.0,Water committee,12.0,3.0,260.0,No,1.0,Yes,No,1.0,58.0,Moderate,Inadequate,Inadequate,Moderate,0.0,2.0,451.7620331,1007.0,dry
Ethiopia,Tigray,14.17508833,38.401005,1942.4,Yes,Borehole with hand pump,Afridev,Manually drilled,,,No,120.0,Water committee,2.0,,780.0,Yes,,Yes,Yes,1.0,360.0,Moderate,Moderate,Advanced,Advanced,1.0,8.0,493.9461323,601.0,dry
Nepal,Central,27.36369,85.71215,1199.7869,Yes,Public tap / standpipe,,,Protected spring,Gravity Fed,,5.0,Water committee,1.0,,48.0,No,,,,,,,,,,,,,,
Mozambique,Nampula,-14.5760497,39.571079,372.0,Yes,Borehole with hand pump,Afridev,Manually drilled,,,No,50.0,Water committee,1.0,,250.0,No,2.0,,,,,,,,,,,,,
Nepal,Central,27.14067,86.11192,469.1056,Yes,Public tap / standpipe,,,Protected spring,Gravity Fed,,3.0,Water committee,1.0,,14.0,No,,,,,,,,,,,,,,
Malawi,South,-15.3063429,35.222422,619.2343966,Yes,Borehole with hand pump,Afridev,Manually drilled,,,No,19.0,Water committee,4.0,,89.0,No,1.0,Yes,Yes,1.0,22.0,Advanced,Moderate,Minimum,Minimum,1.0,1.0,1763.335328,1007.0,dry
Mozambique,Zambezia,-16.8466048,36.2380839,315.1626889,Yes,Public tap / standpipe,,,Borehole,Solar powered pump,Yes,72.0,Water committee,4.0,1.0,157.0,No,,Yes,Yes,1.0,584.0,Inadequate,Minimum,Inadequate,Minimum,999.0,7.0,174.9188008,1203.0,wet
Ethiopia,Tigray,13.54284333,39.42265,1878.8,Yes,Protected dug well with hand pump,Afridev,Hand-dug,,,No,90.0,Water committee,9.0,,405.0,No,7.0,Yes,Yes,1.0,360.0,Moderate,Moderate,Advanced,Advanced,1.0,5.0,389.3766994,601.0,dry
Malawi,Central,-13.68217002,33.48859996,,Yes,Borehole with hand pump,Afridev,Manually drilled,,,No,52.0,Water committee,2.0,,420.0,No,1.0,Yes,Yes,1.0,52.0,Moderate,Moderate,Advanced,Advanced,1.0,1.0,901.1223185,959.0,dry
Ethiopia,Tigray,13.60323333,38.95164667,1403.0,Yes,Protected dug well with hand pump,Afridev,Hand-dug,,,No,280.0,Water committee,10.0,,1500.0,,,Yes,Yes,0.0,400.0,Moderate,Moderate,Moderate,Moderate,1.0,9.0,510.4601766,601.0,wet
Mozambique,Zambezia,-17.507364,35.5344611,314.0,Yes,Borehole with hand pump,Afridev,Manually drilled,,,No,100.0,Water committee,4.0,,485.0,No,2.0,Yes,Yes,0.0,400.0,Moderate,Moderate,Minimum,Minimum,1.0,15.0,104.6812406,1203.0,wet
Malawi,South,-16.33258559,34.62932392,204.0,Yes,Borehole with hand pump,Afridev,Drilled by machine,,,No,1.0,Water committee,2.0,,232.0,No,1.0,Yes,Yes,1.0,42.0,Inadequate,Moderate,Inadequate,Moderate,1.0,2.0,110.2355146,1007.0,dry
Ethiopia,Tigray,13.04003667,39.67281667,2208.5,Yes,Borehole with hand pump,Afridev,Manually drilled,,,No,70.0,Water committee,1.0,,280.0,No,2.0,,,,,,,,,,,,,
Uganda,Eastern,,,,Yes,Borehole with hand pump,U3,Manually drilled,,,No,60.0,Water committee,1.0,,350.0,No,2.0,,,,,,,,,,,,,
Niger,Dosso,13.1055147,2.8448894,239.0,Yes,Public tap / standpipe,,,Borehole,Solar powered pump,No,30.0,Community leader,3.0,,200.0,No,,Yes,Yes,1.0,40.0,Minimum,Minimum,Minimum,Minimum,999.0,7.0,1403.274039,634.0,dry
Mali,Koulikoro,13.9383449,-8.028851,424.4067383,Yes,Borehole with hand pump,India Mark II,Manually drilled,,,No,44.0,Water committee,1.0,,198.0,No,1.0,,,,,,,,,,,,,
India,West Bengal,21.90722233,88.31815045,-52.0,Yes,Borehole with hand pump,Afridev,Drilled by machine,,,No,32.0,Private person,9.0,,125.0,No,49.0,No,No,1.0,35.0,,,,,999.0,1.0,1769.929688,1439.0,dry
Malawi,South,-15.88196953,34.39278779,292.0,Yes,Borehole with hand pump,Afridev,Drilled by machine,,,Yes,74.0,Water committee,43.0,7.0,444.0,No,16.0,Yes,No,1.0,74.0,Moderate,Inadequate,Inadequate,Moderate,0.0,1.0,131.6531485,1007.0,dry
India,West Bengal,21.61933779,88.40195539,-44.0,Yes,Borehole with hand pump,India Mark II,Drilled by machine,,,No,20.0,Water committee,2.0,,40.0,No,1.0,Yes,Yes,1.0,50.0,Moderate,Moderate,Advanced,Advanced,1.0,3.0,1931.822937,1439.0,dry
Mali,Koulikoro,14.1917774,-7.9141944,431.3168945,Yes,Borehole with hand pump,India Mark II,Manually drilled,,,No,15.0,Water committee,0.5,,207.0,No,,,,,,,,,,,,,,
India,Bihar,26.41585687,85.25845449,9.0,Yes,Borehole with hand pump,India Mark II,Drilled by machine,,,No,20.0,Water committee,1.0,,80.0,No,1.0,,,,,,,,,,,,,
Nepal,Central,27.26314,86.12622,417.7,Yes,Public tap / standpipe,,,Protected spring,Gravity Fed,,4.0,Private person,3.0,,21.0,No,,Yes,Yes,0.0,84.0,Moderate,Moderate,Moderate,Moderate,1.0,5.0,391.2478356,1689.0,wet
Rwanda,Northern Province,-1.709507795,30.05074887,1564.382165,Yes,Public tap / standpipe,,,Protected spring,Gravity Fed,No,100.0,Private person,4.0,,320.0,No,,Yes,No,1.0,167.0,Inadequate,Inadequate,Inadequate,Moderate,0.0,6.0,1578.361411,1205.0,wet
Ethiopia,Tigray,13.83581167,38.55111333,1693.7,Yes,Protected dug well with hand pump,Afridev,Hand-dug,,,No,120.0,No one,4.0,,539.0,Yes,,Yes,Yes,0.0,500.0,Moderate,Moderate,Moderate,Moderate,1.0,8.0,318.5962067,601.0,dry
Malawi,South,-16.18248636,34.98114534,62.0,Yes,Borehole with hand pump,Afridev,Drilled by machine,,,No,80.0,Water committee,7.0,,400.0,No,,Yes,Yes,1.0,460.0,Moderate,Minimum,Minimum,Advanced,0.0,6.0,944.779759,1007.0,dry
Nepal,Central,27.28289,85.57773,360.1,Yes,Public tap / standpipe,,,Protected spring,Gravity Fed,,1.0,Water committee,3.0,,2.0,No,,Yes,Yes,1.0,50.0,Moderate,Moderate,Moderate,Moderate,1.0,12.0,48.98644598,1689.0,wet
Mali,Segou,13.50901,-4.1874473,347.0,Yes,Borehole with hand pump,India Mark II,Manually drilled,,,No,50.0,Water committee,4.0,,100.0,Yes,4.0,Yes,Yes,0.0,87.0,Minimum,Moderate,Minimum,Advanced,1.0,3.0,279.6615953,631.0,dry
Ethiopia,Tigray,14.18049,38.69107333,1872.1,Yes,Protected dug well with hand pump,Afridev,Hand-dug,,,No,56.0,Water committee,4.0,,285.0,,,Yes,Yes,0.0,362.0,Moderate,Moderate,Moderate,Moderate,1.0,3.0,610.4642684,601.0,dry
Mali,Segou,13.1053342,-4.5983677,315.0,Yes,Borehole with hand pump,India Mark II,Manually drilled,,,No,150.0,Water committee,3.0,,800.0,No,2.0,Yes,Yes,0.0,351.0,Moderate,Moderate,Advanced,Advanced,1.0,17.0,289.4234375,631.0,dry
Ethiopia,Tigray,14.10807833,39.29464667,1927.5,Yes,Borehole with hand pump,Afridev,Manually drilled,,,No,150.0,Water committee,8.0,,1830.0,Yes,3.0,Yes,Yes,1.0,650.0,Moderate,Moderate,Moderate,Moderate,1.0,8.0,386.2463438,601.0,dry
Ethiopia,Tigray,14.32186667,39.22396,2058.3,Yes,Borehole with hand pump,Afridev,Manually drilled,,,No,0.0,School,7.0,,,No,2.0,,,,,,,,,,,3094.057479,601.0,dry
Mozambique,Nampula,-14.3637245,39.7350002,312.0,Yes,Public tap / standpipe,,,Borehole,Solar powered pump,No,48.0,Community leader,1.0,,240.0,No,,,,,,,,,,,,,,
Niger,Maradi,13.7491872,7.1797852,413.0,Yes,Borehole with hand pump,Vergnet Hydro,Manually drilled,,,Yes,28.0,Water committee,13.0,1.0,224.0,No,3.0,,,,,,,,,,,,,
Nepal,Central,27.18821,85.52078,111.1744,Yes,Public tap / standpipe,,,Protected spring,Gravity Fed,,6.0,Water committee,1.0,,32.0,No,,,,,,,,,,,,,,
India,Bihar,26.46316962,85.26407611,-1.0,Yes,Borehole with hand pump,India Mark II,Drilled by machine,,,No,25.0,Water committee,1.0,,100.0,No,1.0,,,,,,,,,,,,,
Malawi,South,-15.3698292,35.174239,589.7009189,Yes,Borehole with hand pump,Afridev,Manually drilled,,,No,35.0,Water committee,4.0,,176.0,,2.0,,,,,,,,,,,1026.400861,1007.0,dry
India,West Bengal,21.79301419,88.13820299,-39.0,Yes,Borehole with hand pump,Afridev,Drilled by machine,,,Yes,45.0,Community leader,20.0,4.0,150.0,No,,No,No,1.0,45.0,,,,,999.0,2.0,1971.953979,1439.0,dry
Uganda,Eastern,0.433965,33.7122619,1183.897354,Yes,Borehole with hand pump,U3,Manually drilled,,,Yes,100.0,Water committee,6.0,2.0,350.0,No,1.0,Yes,Yes,1.0,250.0,Moderate,Moderate,Moderate,Moderate,1.0,4.0,1838.364713,1483.0,wet
Rwanda,Northern Province,-1.856216641,30.03727274,1694.610304,Yes,Public tap / standpipe,,,Protected spring,Electric powered pump,No,210.0,Vendor,1.0,,745.0,No,,Yes,Yes,1.0,318.0,Inadequate,Minimum,Inadequate,Minimum,0.0,1.0,2741.723953,1205.0,wet
Malawi,Central,-15.02916,34.80793,,Yes,Borehole with hand pump,Afridev,Manually drilled,,,No,29.0,Water committee,1.0,,116.0,No,1.0,,,,,,,,,,,,,
Mali,Segou,12.9102617,-4.7514463,312.0,Yes,Borehole with hand pump,India Mark II,Manually drilled,,,No,10.0,Water committee,3.0,,70.0,Yes,2.0,Yes,Yes,1.0,102.0,Minimum,Moderate,Minimum,Advanced,1.0,2.0,129.5835054,631.0,dry
Ethiopia,Tigray,14.01566667,38.71096833,1941.0,Yes,Protected dug well with hand pump,Afridev,Hand-dug,,,No,120.0,Water committee,9.0,,600.0,No,3.0,Yes,Yes,0.0,450.0,Moderate,Moderate,Moderate,Moderate,1.0,6.0,567.7795127,601.0,dry
Nepal,Central,27.32113,85.5315,778.6675,Yes,Piped water into yard / plot,,,Protected spring,Gravity Fed,,1.0,Private person,1.0,,5.0,No,,,,,,,,,,,,,,
Mozambique,Zambezia,-17.2070366,35.7776692,377.3871926,Yes,Public tap / standpipe,,,Borehole,Solar powered pump,No,520.0,Water committee,2.0,,2600.0,No,,Yes,Yes,1.0,2000.0,Moderate,Moderate,Advanced,Advanced,1.0,8.0,821.0573332,1203.0,wet
Nepal,Central,27.24895,85.99711,1395.9,Yes,Public tap / standpipe,,,Protected spring,Gravity Fed,,2.0,Water committee,3.0,,11.0,No,,Yes,Yes,0.0,73.0,Moderate,Moderate,Moderate,Moderate,1.0,18.0,136.6691829,1689.0,dry
Niger,Maradi,13.741344,7.0114415,395.0,Yes,Public tap / standpipe,,,Borehole,Solar powered pump,No,15.0,Water committee,1.0,,105.0,No,,,,,,,,,,,,,,
Rwanda,Northern Province,-1.85805973,29.97183296,1981.552855,Yes,Public tap / standpipe,,,Protected spring,Gravity Fed,No,125.0,Vendor,5.0,,720.0,No,,Yes,Yes,1.0,186.0,Moderate,Minimum,Minimum,Minimum,0.0,4.0,3120.01251,1205.0,wet
Malawi,Central,-14.61184,34.73862,,Yes,Borehole with hand pump,Afridev,Manually drilled,,,Yes,50.0,Water committee,20.0,1.0,2998.0,No,1.0,,,,,,,,,,,,,
Malawi,South,-15.39121926,35.1675877,,Yes,Borehole with hand pump,Afridev,Manually drilled,,,No,56.0,Water committee,9.0,,280.0,No,,Yes,No,1.0,56.0,Moderate,Inadequate,Inadequate,Moderate,1.0,2.0,985.4342253,1007.0,dry
Uganda,Eastern,0.2722829,33.8569278,1158.099976,Yes,Borehole with hand pump,India Mark II,Manually drilled,,,No,80.0,Water committee,2.0,,480.0,No,1.0,Yes,Yes,0.0,280.0,Minimum,Moderate,Moderate,Moderate,1.0,6.0,1297.799357,1286.0,wet
Malawi,South,-15.2488961,35.2202058,586.4420037,Yes,Borehole with hand pump,Afridev,Manually drilled,,,No,20.0,Water committee,4.0,,107.0,No,3.0,Yes,Yes,1.0,30.0,Advanced,Moderate,Minimum,Minimum,1.0,4.0,912.3242974,1007.0,dry
Mozambique,Zambezia,,,,Yes,Borehole with hand pump,Afridev,Manually drilled,,,No,22.0,Water committee,2.0,,150.0,No,1.0,No,Yes,1.0,90.0,,,,,999.0,1.0,,1203.0,dry
India,West Bengal,21.99618134,88.3613239,-53.0,Yes,Borehole with hand pump,India Mark II,Drilled by machine,,,No,50.0,Water committee,2.0,,350.0,No,1.0,Yes,No,1.0,90.0,Moderate,Inadequate,Inadequate,Minimum,1.0,3.0,5044.04248,1439.0,dry
Nepal,Central,27.17561,86.34118,1048.6,Yes,Public tap / standpipe,,,Protected spring,Gravity Fed,,2.0,Water committee,4.0,,7.0,No,,Yes,Yes,0.0,47.0,Inadequate,Moderate,Inadequate,Moderate,1.0,7.0,140.3683231,1689.0,wet
Ethiopia,Tigray,14.18189667,39.21870333,2363.9,Yes,Protected dug well with hand pump,Afridev,Hand-dug,,,No,67.0,Water committee,3.0,,435.0,Yes,2.0,Yes,Yes,1.0,580.0,Inadequate,Moderate,Inadequate,Advanced,1.0,7.0,259.795094,601.0,dry
Malawi,South,-15.94311166,34.75155135,95.0,Yes,Borehole with hand pump,Afridev,Drilled by machine,,,No,95.0,Water committee,8.0,,475.0,No,1.0,Yes,Yes,1.0,230.0,Minimum,Moderate,Minimum,Advanced,1.0,4.0,245.4519129,1007.0,dry
Mali,Segou,12.7840283,-4.3618644,483.0,Yes,Public tap / standpipe,,,Borehole,Solar powered pump,No,250.0,Water committee,2.0,,500.0,Yes,,Yes,Yes,0.0,400.0,Minimum,Advanced,Minimum,Minimum,1.0,25.0,105.8178649,631.0,dry
Mali,Segou,13.2832738,-4.2073889,409.0,,Borehole with hand pump,India Mark II,Manually drilled,,,Yes,50.0,Water committee,19.0,5.0,100.0,No,1.0,Yes,Yes,1.0,470.0,Inadequate,Inadequate,Inadequate,Minimum,0.0,5.0,231.6386761,631.0,dry
Nepal,Western,28.35528,83.09211,1315.1947,Yes,Public tap / standpipe,,,Protected spring,Gravity Fed,,2.0,Water committee,1.0,,11.0,No,,,,,,,,,,,,,,
Malawi,South,-16.22742845,34.67749212,138.0,Yes,Borehole with hand pump,Afridev,Drilled by machine,,,No,200.0,Water committee,3.0,,1000.0,No,1.0,Yes,Yes,1.0,100.0,Moderate,Moderate,Advanced,Advanced,1.0,2.0,1051.368771,1007.0,dry
Mali,Segou,13.4673661,-4.0762575,422.0,Yes,Borehole with hand pump,India Mark II,Manually drilled,,,No,70.0,Water committee,4.0,,300.0,Yes,1.0,Yes,Yes,0.0,220.0,Inadequate,Advanced,Inadequate,Advanced,1.0,11.0,34.43149544,631.0,dry
Ethiopia,Tigray,12.991735,39.41075,2620.1,Yes,Protected spring,,,,,No,105.0,Water committee,5.0,,670.0,No,,Yes,Yes,0.0,510.0,Moderate,Moderate,Minimum,Minimum,1.0,4.0,341.6235369,601.0,wet
Ethiopia,Tigray,12.48701531,39.62560734,1458.0,Yes,Borehole with hand pump,Afridev,Manually drilled,,,No,39.0,Water committee,1.0,,273.0,No,2.0,,,,,,,,,,,,,
Rwanda,Northern Province,-1.648283687,29.92532331,930.7493674,Yes,Public tap / standpipe,,,Protected spring,Gravity Fed,No,35.0,Private person,3.0,,160.0,No,,No,Yes,1.0,140.0,,,,,999.0,2.0,1989.343124,1205.0,dry
India,Bihar,26.46510934,85.26535725,6.0,Yes,Borehole with hand pump,India Mark II,Drilled by machine,,,No,10.0,School,1.0,,40.0,No,1.0,,,,,,,,,,,,,
Uganda,Eastern,0.4464953,33.6412868,1173.729674,Yes,Borehole with hand pump,U3,Manually drilled,,,Yes,95.0,Water committee,5.0,2.0,750.0,No,2.0,Yes,No,1.0,180.0,Minimum,Inadequate,Inadequate,Moderate,0.0,2.0,1944.004457,1483.0,wet
Niger,Maradi,13.686269,7.2066027,347.0,Yes,Borehole with hand pump,Vergnet Hydro,Manually drilled,,,Yes,41.0,Water committee,16.0,0.5,360.0,No,3.0,,,,,,,,,,,,,
Malawi,South,-16.39764,34.77913,158.0,Yes,Borehole with hand pump,Afridev,Manually drilled,,,,35.0,Water committee,1.0,,175.0,No,,,,,,,,,,,,,,
Ethiopia,Tigray,14.03187167,38.730835,1980.9,Yes,Protected dug well with hand pump,Afridev,Hand-dug,,,Yes,54.0,Water committee,7.0,5.0,301.0,No,3.0,Yes,Yes,0.0,587.0,Moderate,Advanced,Minimum,Minimum,1.0,7.0,380.3973459,601.0,dry
Nepal,Central,27.08481,86.24045,601.9723,Yes,Public tap / standpipe,,,Protected spring,Gravity Fed,,2.0,Water committee,0.5,,10.0,No,,Yes,Yes,0.0,60.0,Inadequate,Moderate,Inadequate,Moderate,1.0,14.0,394.1610352,1689.0,wet
Malawi,Central,-15.06021,34.85506,,Yes,Borehole with hand pump,Afridev,Manually drilled,,,No,25.0,Water committee,1.0,,125.0,Yes,1.0,,,,,,,,,,,,,
Ethiopia,Tigray,13.98122333,38.429855,1959.5,Yes,Protected dug well with hand pump,Afridev,Hand-dug,,,Yes,64.0,Water committee,10.0,4.0,380.0,,,Yes,Yes,1.0,612.0,Moderate,Moderate,Minimum,Minimum,1.0,9.0,1153.874505,601.0,dry
Ethiopia,Tigray,14.235865,39.649555,2805.9,Yes,Public tap / standpipe,,,Borehole,Electric powered pump,No,200.0,Water committee,4.0,,1600.0,No,,Yes,Yes,1.0,700.0,Moderate,Moderate,Moderate,Moderate,1.0,8.0,1537.539925,601.0,wet
Ethiopia,Tigray,12.63500667,39.49801167,2560.2,Yes,Protected spring,,,,,No,240.0,Water committee,6.0,,1680.0,,,Yes,No,0.0,420.0,Inadequate,Inadequate,Inadequate,Minimum,0.0,4.0,817.3827615,601.0,wet
Mozambique,Zambezia,-17.122718,35.379174,,Yes,Borehole with hand pump,Afridev,Manually drilled,,,No,35.0,Water committee,3.0,,260.0,No,,Yes,Yes,1.0,35.0,Inadequate,Advanced,Inadequate,Minimum,1.0,1.0,119.9180411,1203.0,wet
India,West Bengal,21.97574725,88.37232305,-53.0,Yes,Borehole with hand pump,India Mark II,Drilled by machine,,,No,42.0,Water committee,2.0,,200.0,No,1.0,Yes,No,1.0,40.0,Inadequate,Inadequate,Inadequate,Minimum,0.0,3.0,2682.067749,1439.0,dry
Niger,Maradi,13.6719695,6.9197613,374.0,Yes,Public tap / standpipe,,,Borehole,Solar powered pump,No,0.0,School,1.0,,247.0,No,,,,,,,,,,,,,,
Ethiopia,Tigray,13.68675333,38.87159333,1987.3,Yes,Protected dug well with hand pump,Afridev,Hand-dug,,,No,56.0,Water committee,6.0,,364.0,,,Yes,No,0.0,160.0,Inadequate,Inadequate,Inadequate,Moderate,0.0,3.0,688.3260094,601.0,wet
Ethiopia,Tigray,14.061215,38.46907,1947.4,Yes,Protected dug well with hand pump,Afridev,Hand-dug,,,No,160.0,Water committee,5.0,,800.0,No,,Yes,Yes,0.0,420.0,Moderate,Moderate,Moderate,Moderate,1.0,9.0,667.5029952,601.0,dry
Nepal,Central,27.12855,86.29284,1727.8501,Yes,Public tap / standpipe,,,Protected spring,Gravity Fed,,1.0,Private person,5.0,,8.0,No,,Yes,Yes,0.0,49.0,Minimum,Moderate,Moderate,Moderate,1.0,15.0,347.2234079,1689.0,wet
Rwanda,Northern Province,-1.777013103,30.06107458,1713.993729,Yes,Public tap / standpipe,,,Protected spring,,No,150.0,Vendor,3.0,,750.0,No,,No,Yes,0.0,204.0,,,,,999.0,3.0,1841.208493,1205.0,wet
Uganda,Eastern,0.2539223,33.891096,1159.106787,Yes,Borehole with hand pump,U3,Manually drilled,,,No,100.0,Water committee,2.0,,600.0,No,1.0,Yes,Yes,0.0,350.0,Moderate,Moderate,Moderate,Moderate,1.0,6.0,2691.250607,1286.0,wet
Ethiopia,Tigray,14.27125667,38.368925,1777.3,Yes,Borehole with hand pump,Afridev,Manually drilled,,,No,53.0,Water committee,1.0,,352.0,No,1.0,,,,,,,,,,,,,
India,West Bengal,21.96280444,88.35205992,-45.0,Yes,Borehole with hand pump,India Mark II,Drilled by machine,,,No,30.0,Water committee,2.0,,180.0,No,1.0,Yes,No,1.0,250.0,Moderate,Inadequate,Inadequate,Minimum,0.0,6.0,2702.240479,1439.0,dry
Ethiopia,Tigray,13.84063667,39.62829667,1877.6,Yes,Borehole with hand pump,Afridev,Manually drilled,,,No,91.0,Water committee,4.0,,458.0,No,3.0,Yes,Yes,1.0,409.0,Moderate,Moderate,Minimum,Minimum,1.0,8.0,769.5493311,601.0,dry
Mozambique,Zambezia,-17.1074392,35.7105499,362.2159773,Yes,Borehole with hand pump,Afridev,Manually drilled,,,No,70.0,Water committee,2.0,,300.0,No,1.0,Yes,Yes,1.0,70.0,Moderate,Moderate,Minimum,Minimum,1.0,1.0,496.2186645,1203.0,wet
Mozambique,Zambezia,-17.3613405,35.552521,386.5662279,Yes,Borehole with hand pump,Afridev,Manually drilled,,,No,58.0,Water committee,6.0,,406.0,No,2.0,Yes,Yes,1.0,58.0,Moderate,Moderate,Moderate,Moderate,1.0,1.0,1507.309777,1203.0,wet
Uganda,Eastern,0.4451232,33.8232069,1153.308512,Yes,Borehole with hand pump,U3,Manually drilled,,,No,376.0,Water committee,1.0,,1200.0,No,1.0,,,,,,,,,,,,,
Ethiopia,Tigray,14.09229833,38.36336667,1999.4,Yes,Borehole with hand pump,Afridev,Manually drilled,,,Yes,59.0,Water committee,8.0,1.0,354.0,No,,Yes,Yes,1.0,1085.0,Moderate,Moderate,Minimum,Minimum,1.0,12.0,907.4884913,601.0,dry
Nepal,Central,27.07741,86.15193,485.0226,Yes,Public tap / standpipe,,,Protected spring,Gravity Fed,,2.0,Water committee,1.0,,11.0,No,,,,,,,,,,,,,,
Ethiopia,Tigray,14.32018167,38.99683333,2069.9,Yes,Protected spring,,,,,No,34.0,Water committee,4.0,,272.0,No,,Yes,Yes,1.0,220.0,Moderate,Advanced,Minimum,Minimum,1.0,5.0,1075.187942,601.0,dry
Rwanda,Northern Province,-1.720734633,30.06526607,1628.946419,Yes,Public tap / standpipe,,,Protected spring,Electric powered pump,No,14.0,Water committee,3.0,,81.0,Yes,,No,Yes,1.0,150.0,,,,,999.0,2.0,1896.816127,1205.0,dry
Rwanda,Northern Province,-1.891607455,29.97375538,1421.381546,Yes,Public tap / standpipe,,,Protected spring,Gravity Fed,No,30.0,Vendor,5.0,,186.0,No,,Yes,Yes,0.0,168.0,Moderate,Minimum,Minimum,Moderate,0.0,2.0,2599.272984,1205.0,wet
Nepal,Central,27.07319,86.25368,567.6908,Yes,Public tap / standpipe,,,Protected spring,Gravity Fed,,1.0,Water committee,3.0,,5.0,No,,Yes,Yes,0.0,50.0,Moderate,Moderate,Moderate,Moderate,1.0,11.0,304.5257934,1689.0,wet
Malawi,South,-15.91750456,34.39826528,249.0,Yes,Borehole with hand pump,Afridev,Drilled by machine,,,No,80.0,Water committee,7.0,,432.0,Yes,2.0,Yes,Yes,0.0,92.0,Moderate,Moderate,Advanced,Advanced,1.0,1.0,876.8468703,1007.0,dry
Nepal,Central,27.35828,85.87089,1633.0,Yes,Piped water into yard / plot,,,Protected spring,Gravity Fed,,1.0,Water committee,1.0,,5.0,No,,,,,,,,,,,,,,
India,Bihar,26.45373184,85.31416836,-9.0,Yes,Borehole with hand pump,India Mark II,Drilled by machine,,,No,25.0,Water committee,1.0,,125.0,No,1.0,,,,,,,,,,,,,
Ethiopia,Tigray,14.125595,38.30651,1968.2,Yes,Borehole with hand pump,Afridev,Manually drilled,,,No,43.0,Water committee,1.0,,276.0,No,4.0,,,,,,,,,,,,,
Malawi,South,-16.15012585,34.79094705,115.0,Yes,Borehole with hand pump,Afridev,Drilled by machine,,,No,76.0,Water committee,9.0,,418.0,No,2.0,Yes,No,1.0,96.0,Inadequate,Inadequate,Inadequate,Moderate,1.0,3.0,1028.642749,1007.0,dry
Malawi,Central,-13.65205726,33.4885785,,Yes,Borehole with hand pump,Afridev,Manually drilled,,,Yes,31.0,Water committee,,4.0,155.0,No,3.0,Yes,Yes,1.0,31.0,Moderate,Minimum,Minimum,Advanced,0.0,1.0,1239.531456,959.0,dry
Ethiopia,Tigray,13.42688333,38.95752833,1493.3,Yes,Borehole with hand pump,Afridev,Manually drilled,,,No,120.0,Water committee,4.0,,730.0,No,3.0,Yes,Yes,1.0,250.0,Moderate,Moderate,Moderate,Moderate,1.0,5.0,555.9104482,601.0,wet
Nepal,Central,27.32935,85.87126,1221.1525,Yes,Piped water into yard / plot,,,Unprotected spring,Gravity Fed,,2.0,Water committee,1.0,,9.0,No,,,,,,,,,,,,,,
Niger,Dosso,13.013912,2.93079,217.0,Yes,Public tap / standpipe,,,Borehole,Solar powered pump,No,20.0,Vendor,7.0,,140.0,No,,Yes,Yes,0.0,805.0,Inadequate,Advanced,Inadequate,Minimum,1.0,52.0,814.6161096,634.0,dry
Mali,Segou,13.2515185,-4.5120665,365.0,Yes,Borehole with hand pump,India Mark II,Manually drilled,,,Yes,,School,,3.0,533.0,Yes,1.0,,,,,,,,,,,466.142061,631.0,dry
Niger,Dosso,13.1223629,2.7822815,221.0,Yes,Borehole with hand pump,Water4,Manually drilled,,,No,,Water committee,3.0,,200.0,No,8.0,Yes,No,0.0,249.0,Inadequate,Inadequate,Inadequate,Advanced,1.0,8.0,403.0766624,634.0,dry
Uganda,Eastern,0.463148,33.726827,1156.699951,Yes,Borehole with hand pump,U3,Manually drilled,,,No,100.0,Water committee,2.0,,300.0,No,2.0,Yes,No,0.0,150.0,Inadequate,Inadequate,Inadequate,Moderate,0.0,4.0,1379.989341,1483.0,wet
Rwanda,Northern Province,-1.776561001,30.04850375,1875.416027,Yes,Public tap / standpipe,,,Protected spring,Electric powered pump,No,130.0,Water committee,2.0,,562.0,No,,Yes,Yes,1.0,140.0,Moderate,Minimum,Minimum,Advanced,0.0,1.0,2585.591338,1205.0,wet
Nepal,Central,27.18645,85.52047,192.386,Yes,Public tap / standpipe,,,Protected spring,Gravity Fed,,6.0,Water committee,1.0,,24.0,No,,,,,,,,,,,,,,
Nepal,Central,27.3203,85.53269,823.5045,Yes,Piped water into yard / plot,,,Protected spring,Gravity Fed,,1.0,Water committee,1.0,,19.0,No,,,,,,,,,,,,,,
Malawi,South,-15.38221456,35.18323034,,Yes,Borehole with hand pump,Afridev,Manually drilled,,,No,50.0,Water committee,9.0,,250.0,No,2.0,Yes,No,1.0,50.0,Moderate,Inadequate,Inadequate,Advanced,1.0,1.0,1908.68755,1007.0,dry
Malawi,South,-15.4204496,35.1815178,647.2072056,Yes,Borehole with hand pump,Afridev,Manually drilled,,,No,50.0,Water committee,5.0,,250.0,No,2.0,Yes,Yes,0.0,50.0,Inadequate,Minimum,Inadequate,Minimum,0.0,4.0,1136.022851,1007.0,dry
Niger,Dosso,13.0410193,2.8517796,226.0,Yes,Borehole with hand pump,India Mark II,Manually drilled,,,No,70.0,Vendor,3.0,,280.0,Yes,,No,Yes,0.0,375.0,,,,,999.0,17.0,839.676783,634.0,dry
Rwanda,Northern Province,-1.852076515,29.98240852,1803.681628,Yes,Public tap / standpipe,,,Protected spring,Electric powered pump,No,30.0,Vendor,6.0,,180.0,No,,No,Yes,1.0,239.0,,,,,999.0,4.0,2067.561031,1205.0,wet
India,Bihar,26.55637294,85.35660708,-17.0,Yes,Borehole with hand pump,India Mark II,Drilled by machine,,,No,20.0,Water committee,1.0,,80.0,No,1.0,,,,,,,,,,,,,
Malawi,South,-15.4148115,35.1820938,626.3440003,Yes,Borehole with hand pump,Afridev,Manually drilled,,,No,150.0,Water committee,15.0,,650.0,No,2.0,Yes,Yes,0.0,50.0,Inadequate,Minimum,Inadequate,Minimum,0.0,4.0,1136.022851,1007.0,dry
Malawi,Central,-13.66291018,33.48565489,,Yes,Borehole with hand pump,Afridev,Manually drilled,,,No,63.0,Water committee,2.0,,330.0,No,1.0,Yes,Yes,1.0,63.0,Advanced,Moderate,Advanced,Moderate,1.0,1.0,1416.900294,959.0,dry
Mozambique,Zambezia,-17.4099564,35.5773665,387.1881957,Yes,Borehole with hand pump,Afridev,Manually drilled,,,No,50.0,Water committee,4.0,,350.0,No,1.0,Yes,Yes,1.0,50.0,Advanced,Moderate,Advanced,Advanced,1.0,1.0,627.6566655,1203.0,wet
Nepal,Central,27.12327,86.31809,1672.6254,Yes,Public tap / standpipe,,,Protected spring,Gravity Fed,,2.0,Private person,5.0,,20.0,No,,Yes,Yes,0.0,65.0,Moderate,Moderate,Moderate,Moderate,1.0,8.0,387.4899336,1689.0,wet
Ethiopia,Tigray,14.422705,38.74101,1404.7,Yes,Borehole with hand pump,Afridev,Manually drilled,,,Yes,70.0,Water committee,7.0,3.0,940.0,,,Yes,Yes,0.0,480.0,Moderate,Moderate,Moderate,Moderate,1.0,12.0,226.6873549,601.0,dry
Niger,Dosso,12.8724251,2.8795753,211.0,Yes,Borehole with hand pump,Water4,Manually drilled,,,No,20.0,Community leader,3.0,,140.0,No,1.0,No,No,0.0,40.0,,,,,999.0,10.0,719.0504132,634.0,dry
Nepal,Central,27.10374,86.09766,426.7572,Yes,Public tap / standpipe,,,Protected spring,Gravity Fed,,3.0,Water committee,1.0,,21.0,No,,,,,,,,,,,,,,
Mozambique,Zambezia,,,,Yes,Borehole with hand pump,Afridev,Manually drilled,,,No,46.0,Water committee,3.0,,322.0,No,1.0,Yes,Yes,1.0,46.0,Moderate,Moderate,Advanced,Advanced,1.0,1.0,,1203.0,dry
Rwanda,Northern Province,-1.79872784,30.17639556,1432.0,Yes,Rainwater collection,,,,,No,1.0,School,0.5,,1148.0,No,,,,,,,,,,,,,,
Rwanda,Northern Province,-1.81473669,30.25790381,1617.0,Yes,Public tap / standpipe,,,Protected spring,Gravity Fed,No,40.0,Water committee,0.5,,55.0,No,,,,,,,,,,,,,,
Nepal,Central,27.05927,86.28895,775.6418,Yes,Public tap / standpipe,,,Protected spring,Gravity Fed,,2.0,Water committee,1.0,,20.0,No,,,,,,,,,,,,,,
Rwanda,Northern Province,-1.624261879,29.87020259,1888.488338,Yes,Public tap / standpipe,,,Protected spring,Gravity Fed,Yes,0.0,Vendor,3.0,3.0,20.0,No,,Yes,Yes,1.0,185.0,Moderate,Minimum,Minimum,Moderate,0.0,4.0,1417.737327,1205.0,wet
India,West Bengal,21.78481664,88.0988872,-63.0,Yes,Borehole with hand pump,Afridev,Drilled by machine,,,Yes,50.0,Community leader,20.0,6.0,250.0,No,1.0,No,No,1.0,50.0,,,,,999.0,1.0,2793.244141,1439.0,dry
Niger,Dosso,12.8693821,2.6333493,244.0,Yes,Borehole with hand pump,Vergnet,Manually drilled,,,Yes,75.0,Water committee,19.0,3.0,601.0,No,3.0,Yes,Yes,0.0,95.0,Inadequate,Moderate,Inadequate,Moderate,1.0,3.0,59.08569105,634.0,dry
Ethiopia,Tigray,13.57279333,39.65701333,2358.2,Yes,Borehole with hand pump,Afridev,Manually drilled,,,No,150.0,Water committee,3.0,,800.0,Yes,,Yes,Yes,1.0,250.0,Moderate,Moderate,Moderate,Moderate,1.0,5.0,174.8808036,601.0,wet
Malawi,North,-11.9501983,33.4626112,1257.842951,Yes,Borehole with hand pump,Afridev,Manually drilled,,,No,50.0,Water committee,3.0,,256.0,Yes,1.0,Yes,Yes,1.0,30.0,Moderate,Moderate,Advanced,Advanced,1.0,1.0,588.4815696,1053.0,dry
Malawi,Central,-13.622169,33.4841752,,Yes,Borehole with hand pump,Afridev,Manually drilled,,,No,27.0,Water committee,3.0,,135.0,No,2.0,Yes,No,1.0,34.0,Moderate,Inadequate,Inadequate,Minimum,1.0,1.0,990.7615815,959.0,dry
Ethiopia,Tigray,14.03939667,37.72799667,846.0,Yes,Protected dug well with hand pump,Afridev,Hand-dug,,,Yes,89.0,Water committee,4.0,2.0,536.0,No,4.0,Yes,Yes,0.0,562.0,Moderate,Moderate,Minimum,Minimum,1.0,7.0,196.8433023,601.0,dry
Mali,Segou,13.375699,-4.3723396,343.0,,Borehole with hand pump,India Mark II,Manually drilled,,,No,50.0,Water committee,4.0,,200.0,No,1.0,Yes,Yes,0.0,200.0,Inadequate,Minimum,Inadequate,Minimum,0.0,14.0,115.0196207,631.0,dry
Malawi,South,-15.83983676,34.39588607,514.0,Yes,Borehole with hand pump,Afridev,Drilled by machine,,,No,63.0,Water committee,5.0,,325.0,No,1.0,Yes,Yes,1.0,63.0,Inadequate,Moderate,Inadequate,Moderate,1.0,2.0,803.0561356,1007.0,dry
Nepal,Western,28.37148,83.05519,1671.8787,Yes,Public tap / standpipe,,,Protected spring,Gravity Fed,,2.0,Water committee,1.0,,13.0,No,,,,,,,,,,,,,,
Ethiopia,Tigray,13.25846333,38.99166333,1578.2,Yes,Borehole with hand pump,Afridev,Manually drilled,,,No,74.0,Water committee,4.0,,560.0,No,3.0,Yes,Yes,1.0,200.0,Inadequate,Moderate,Inadequate,Moderate,1.0,2.0,548.2012045,601.0,wet
Mozambique,Zambezia,-17.1269684,35.6557515,343.4549766,Yes,Borehole with hand pump,Afridev,Manually drilled,,,No,62.0,Water committee,3.0,,425.0,No,1.0,Yes,Yes,1.0,62.0,Advanced,Moderate,Advanced,Advanced,1.0,1.0,378.3814297,1203.0,wet
India,West Bengal,21.72900197,88.16115557,-61.0,Yes,Borehole with hand pump,India Mark II,Drilled by machine,,,No,62.0,Water committee,4.0,,350.0,No,1.0,Yes,Yes,1.0,62.0,Moderate,Moderate,Moderate,Moderate,1.0,1.0,1592.672058,1439.0,dry
Niger,Dosso,12.9329611,2.7483527,239.0,Yes,Public tap / standpipe,,,Borehole,Solar powered pump,No,15.0,Community leader,3.0,,100.0,No,,Yes,Yes,0.0,473.0,Inadequate,Advanced,Inadequate,Minimum,1.0,8.0,461.2159736,634.0,dry
Ethiopia,Tigray,14.510265,38.08764667,1365.7,Yes,Borehole with hand pump,Afridev,Manually drilled,,,No,150.0,Water committee,4.0,,368.0,No,,Yes,Yes,0.0,405.0,Inadequate,Moderate,Inadequate,Moderate,1.0,10.0,108.3564302,601.0,dry
Mali,Segou,12.9908572,-4.6988488,311.0,Yes,Borehole with hand pump,India Mark II,Manually drilled,,,Yes,3.0,Water committee,33.0,3.0,20.0,No,9.0,Yes,Yes,1.0,120.0,Advanced,Inadequate,Inadequate,Advanced,1.0,5.0,234.9790644,631.0,dry
Ethiopia,Tigray,14.00187167,39.56608833,2376.9,Yes,Protected dug well with hand pump,Afridev,Hand-dug,,,No,70.0,Water committee,2.0,,420.0,No,2.0,Yes,Yes,1.0,300.0,Moderate,Moderate,Moderate,Moderate,1.0,5.0,1083.35576,601.0,wet
Nepal,Central,27.14962,86.1049,532.7,Yes,Public tap / standpipe,,,Protected spring,Gravity Fed,,1.0,Water committee,3.0,,5.0,No,,Yes,Yes,1.0,75.0,Moderate,Moderate,Moderate,Moderate,1.0,11.0,101.9602686,1689.0,wet
Nepal,Western,28.28954,83.16074,1174.633,Yes,Public tap / standpipe,,,Protected spring,Gravity Fed,,2.0,Water committee,1.0,,21.0,No,,,,,,,,,,,,,,
Malawi,South,-16.14393036,34.84325574,73.0,Yes,Borehole with hand pump,Afridev,Drilled by machine,,,No,64.0,Water committee,3.0,,306.0,No,3.0,Yes,Yes,1.0,64.0,Moderate,Moderate,Advanced,Advanced,1.0,1.0,2580.686126,1007.0,dry
Ethiopia,Tigray,13.70117667,38.73154667,1677.4,Yes,Borehole with hand pump,Afridev,Manually drilled,,,Yes,36.0,Water committee,4.0,3.0,180.0,No,3.0,Yes,Yes,1.0,356.0,Advanced,Advanced,Minimum,Minimum,1.0,6.0,438.7940129,601.0,wet
Malawi,Central,-13.64089106,33.49339575,,Yes,Borehole with hand pump,Afridev,Manually drilled,,,Yes,40.0,Water committee,10.0,3.0,200.0,No,3.0,,,,,,,,,,,783.6344515,959.0,dry
Nepal,Central,27.33306,85.88541,1525.0,Yes,Public tap / standpipe,,,Protected spring,Gravity Fed,,2.0,Water committee,1.0,,7.0,No,,,,,,,,,,,,,,
Ethiopia,Tigray,13.93208,39.59577833,2424.0,Yes,Borehole with hand pump,Afridev,Manually drilled,,,No,120.0,Water committee,7.0,,750.0,No,2.0,Yes,Yes,1.0,450.0,Moderate,Moderate,Minimum,Minimum,1.0,11.0,1034.95281,601.0,dry
Malawi,South,-15.2700878,35.1352879,482.8499874,Yes,Borehole with hand pump,Afridev,Manually drilled,,,No,20.0,Water committee,3.0,,100.0,No,1.0,Yes,Yes,0.0,50.0,Advanced,Moderate,Advanced,Advanced,1.0,3.0,324.2675385,1007.0,dry
Malawi,South,-16.50397,34.88262,124.29,Yes,Borehole with hand pump,Afridev,Manually drilled,,,,55.0,Water committee,1.0,,275.0,No,,,,,,,,,,,,,,
Ethiopia,Tigray,12.45373,39.42747333,2701.6,Yes,Protected dug well with hand pump,Afridev,Hand-dug,,,No,46.0,Water committee,5.0,,390.0,No,,Yes,Yes,0.0,458.0,Inadequate,Minimum,Inadequate,Minimum,,5.0,427.537679,601.0,wet
Rwanda,Northern Province,-1.835663275,29.93061606,1595.81727,Yes,Public tap / standpipe,,,Protected spring,Gravity Fed,No,9.0,Vendor,5.0,,54.0,No,,Yes,Yes,0.0,91.0,Inadequate,Minimum,Inadequate,Moderate,0.0,2.0,1548.689879,1205.0,dry
Nepal,Central,27.67252,84.72898,503.4291,Yes,Public tap / standpipe,,,Protected spring,Gravity Fed,,2.0,Private person,1.0,,10.0,No,,,,,,,,,,,,,,
Ethiopia,Tigray,13.51753333,37.50777833,2030.4,Yes,Borehole with hand pump,Afridev,Manually drilled,,,No,45.0,Water committee,1.0,,215.0,No,3.0,,,,,,,,,,,,,
Nepal,Central,27.30688,85.85167,656.623,Yes,Piped water into yard / plot,,,Protected spring,Gravity Fed,,1.0,Private person,1.0,,5.0,No,,,,,,,,,,,,,,
Mali,Segou,13.3797423,-4.2266425,411.0,Yes,Borehole with hand pump,India Mark II,Manually drilled,,,Yes,30.0,Water committee,41.0,4.0,220.0,No,3.0,Yes,Yes,1.0,62.0,Minimum,Advanced,Minimum,Advanced,1.0,4.0,211.1455567,631.0,dry
Mali,Koulikoro,13.9569092,-7.9310526,437.531189,Yes,Public tap / standpipe,,,Borehole,Solar powered pump,No,80.0,Water committee,1.0,,800.0,Yes,,,,,,,,,,,,,,
Ethiopia,Tigray,14.14540833,37.94202167,1110.7,Yes,Protected dug well with hand pump,Afridev,Hand-dug,,,No,62.0,Water committee,6.0,,390.0,No,3.0,Yes,Yes,1.0,456.0,Moderate,Moderate,Minimum,Minimum,1.0,8.0,170.1099109,601.0,dry
Rwanda,Northern Province,-1.81940344,30.21621449,1783.0,Yes,Public tap / standpipe,,,Protected spring,Electric powered pump,No,100.0,Water committee,0.5,,1500.0,No,,,,,,,,,,,,,,
Malawi,Central,-15.02253,34.83452,,Yes,Borehole with hand pump,Afridev,Manually drilled,,,No,31.0,Water committee,1.0,,150.0,No,1.0,,,,,,,,,,,,,
India,West Bengal,21.67787021,88.07917017,-62.0,Yes,Borehole with hand pump,Vergnet,Drilled by machine,,,Yes,35.0,Community leader,36.0,2.0,150.0,No,7.0,No,No,1.0,35.0,,,,,999.0,1.0,2075.414734,1439.0,dry
Nepal,Central,27.07218,86.25069,511.1806,Yes,Public tap / standpipe,,,Protected spring,Gravity Fed,,1.0,Water committee,3.0,,5.0,No,,Yes,Yes,0.0,50.0,Moderate,Moderate,Moderate,Moderate,1.0,11.0,197.7946419,1689.0,wet
Ethiopia,Tigray,13.79799667,37.31451167,2024.1,Yes,Borehole with hand pump,Afridev,Manually drilled,,,No,50.0,Water committee,0.5,,248.0,No,2.0,,,,,,,,,,,,,
Nepal,Central,27.07721,86.29081,912.5287,Yes,Public tap / standpipe,,,Protected spring,Gravity Fed,,2.0,Water committee,3.0,,10.0,No,,Yes,Yes,0.0,69.0,Moderate,Moderate,Moderate,Moderate,1.0,10.0,283.3335752,1689.0,wet
Mozambique,Zambezia,-16.9650995,36.0503569,311.0,Yes,Borehole with hand pump,Afridev,Manually drilled,,,No,121.0,Water committee,6.0,,853.0,No,2.0,Yes,Yes,1.0,121.0,Advanced,Moderate,Advanced,Advanced,1.0,1.0,120.8884314,1203.0,wet
Nepal,Central,27.18638,86.16565,1554.8,Yes,Public tap / standpipe,,,Protected spring,Gravity Fed,,4.0,Water committee,4.0,,28.0,No,,Yes,Yes,0.0,64.0,Moderate,Moderate,Moderate,Moderate,1.0,3.0,816.5998024,1689.0,wet
Nepal,Central,27.11443,86.14116,445.9902,Yes,Public tap / standpipe,,,Protected spring,Gravity Fed,,5.0,Water committee,1.0,,25.0,No,,,,,,,,,,,,,,
Uganda,Eastern,0.4771553,33.7722856,1178.099409,Yes,Borehole with hand pump,U3,Manually drilled,,,No,200.0,Water committee,2.0,,1400.0,No,2.0,Yes,No,0.0,350.0,Moderate,Inadequate,Inadequate,Moderate,1.0,7.0,1333.369757,1483.0,wet
Mali,Segou,13.5988927,-4.5946675,312.0,Yes,Public tap / standpipe,,,Borehole,Solar powered pump,No,90.0,Health administrator,4.0,,243.0,Yes,,Yes,Yes,0.0,350.0,Moderate,Moderate,Advanced,Advanced,1.0,16.0,301.5759178,631.0,dry
Ethiopia,Tigray,14.08630167,38.36327667,1928.3,Yes,Borehole with hand pump,Afridev,Manually drilled,,,No,25.0,Water committee,5.0,,200.0,No,,Yes,Yes,0.0,520.0,Moderate,Advanced,Advanced,Moderate,1.0,7.0,856.4347266,601.0,dry
Ethiopia,Tigray,12.75310333,39.515565,2460.2,Yes,Borehole with hand pump,Afridev,Manually drilled,,,No,140.0,Water committee,8.0,,900.0,No,3.0,Yes,Yes,1.0,700.0,Moderate,Moderate,Minimum,Minimum,1.0,6.0,2205.614971,601.0,wet
Nepal,Central,27.60528,84.7242,655.9292,Yes,Public tap / standpipe,,,Protected spring,Gravity Fed,,2.0,Water committee,1.0,,7.0,No,,,,,,,,,,,,,,
Rwanda,Northern Province,-1.75803662,30.18585453,1934.0,Yes,Public tap / standpipe,,,Protected spring,Electric powered pump,No,1.0,School,0.5,,1714.0,No,,,,,,,,,,,,,,
Malawi,South,-15.90018156,34.78666926,250.0,Yes,Borehole with hand pump,Afridev,Drilled by machine,,,No,140.0,Water committee,8.0,,700.0,No,10.0,Yes,Yes,1.0,140.0,Inadequate,Minimum,Inadequate,Minimum,888.0,4.0,63.31007567,1007.0,dry
Rwanda,Northern Province,-1.842644513,29.93898018,1660.092013,Yes,Public tap / standpipe,,,Protected spring,Gravity Fed,No,15.0,Vendor,5.0,,90.0,No,,Yes,Yes,1.0,156.0,Inadequate,Minimum,Inadequate,Minimum,0.0,3.0,1610.1089,1205.0,wet
Nepal,Western,28.35831,83.10255,1618.8539,Yes,Public tap / standpipe,,,Protected spring,Gravity Fed,,2.0,Water committee,1.0,,21.0,No,,,,,,,,,,,,,,
Mali,Segou,13.1348222,-4.4279077,338.0,Yes,Borehole with hand pump,India Mark II,Manually drilled,,,No,110.0,Water committee,3.0,,400.0,No,8.0,Yes,Yes,0.0,140.0,Moderate,Minimum,Minimum,Advanced,0.0,3.0,350.7926729,631.0,dry
Mali,Segou,13.2786405,-4.2031414,411.0,Yes,Borehole with hand pump,India Mark II,Manually drilled,,,No,10.0,Water committee,4.0,,50.0,No,1.0,Yes,Yes,1.0,470.0,Inadequate,Inadequate,Inadequate,Minimum,0.0,5.0,195.0664489,631.0,dry
Niger,Dosso,12.4898406,2.8693512,200.0,Yes,Borehole with hand pump,Hydro India,Manually drilled,,,No,20.0,Water committee,3.0,,500.0,Yes,1.0,Yes,No,1.0,20.0,Inadequate,Inadequate,Inadequate,Minimum,0.0,4.0,516.4459857,634.0,dry
Nepal,Central,27.0979,86.13797,753.9082,Yes,Piped water into yard / plot,,,Protected spring,Gravity Fed,,1.0,Water committee,1.0,,17.0,No,,,,,,,,,,,,,,
India,Bihar,26.41408797,85.30275389,-3.0,Yes,Borehole with hand pump,India Mark II,Drilled by machine,,,No,0.0,School,1.0,,,No,1.0,,,,,,,,,,,,,
Nepal,Central,27.18034,86.32883,1540.5,Yes,Public tap / standpipe,,,Protected spring,Gravity Fed,,3.0,Water committee,4.0,,17.0,No,,Yes,No,0.0,97.0,Inadequate,Inadequate,Inadequate,Inadequate,1.0,8.0,217.4546486,1689.0,wet
Ethiopia,Tigray,13.56449167,37.548135,2007.3,Yes,Borehole with hand pump,Afridev,Manually drilled,,,No,65.0,Water committee,0.5,,397.0,No,2.0,,,,,,,,,,,,,
Ethiopia,Tigray,12.29472833,39.62023333,1438.3,Yes,Borehole with hand pump,Afridev,Manually drilled,,,Yes,0.0,School,5.0,0.5,,No,2.0,,,,,,,,,,,703.5000846,601.0,wet
Rwanda,Northern Province,-1.68695612,30.03121713,1791.873963,Yes,Public tap / standpipe,,,Protected spring,Gravity Fed,No,11.0,Vendor,4.0,,59.0,No,,Yes,Yes,1.0,107.0,Inadequate,Minimum,Inadequate,Moderate,0.0,3.0,1507.584207,1205.0,wet
Niger,Dosso,12.9730611,2.9004708,235.0,Yes,Borehole with hand pump,Water4,Manually drilled,,,No,50.0,Community leader,3.0,,,No,,Yes,Yes,0.0,200.0,Inadequate,Moderate,Inadequate,Advanced,1.0,1.0,581.5774702,634.0,dry
Nepal,Central,27.08127,86.26706,824.7577,Yes,Public tap / standpipe,,,Protected spring,Gravity Fed,,3.0,Water committee,3.0,,14.0,No,,Yes,Yes,0.0,80.0,Moderate,Moderate,Moderate,Moderate,1.0,10.0,394.2815278,1689.0,wet
Ethiopia,Tigray,14.16349833,39.335995,2105.9,Yes,Borehole with hand pump,Afridev,Manually drilled,,,No,102.0,Water committee,4.0,,708.0,No,4.0,Yes,Yes,1.0,850.0,Moderate,Moderate,Advanced,Advanced,1.0,6.0,460.5700854,601.0,dry
Mali,Segou,12.9472196,-4.3784775,381.0,Yes,Borehole with hand pump,India Mark II,Manually drilled,,,Yes,31.0,Water committee,,3.0,163.0,No,5.0,Yes,Yes,0.0,51.0,Inadequate,Minimum,Inadequate,Advanced,0.0,4.0,143.0419305,631.0,dry
Ethiopia,Tigray,14.15312167,38.17151833,1660.5,Yes,Protected dug well with hand pump,Afridev,Hand-dug,,,No,152.0,Water committee,4.0,,659.0,No,,Yes,Yes,0.0,800.0,Inadequate,Moderate,Inadequate,Moderate,1.0,11.0,118.4003194,601.0,dry
Mozambique,Nampula,-14.5724984,39.5290536,405.0,Yes,Borehole with hand pump,Afridev,Manually drilled,,,No,85.0,Water committee,1.0,,425.0,No,2.0,,,,,,,,,,,,,
Nepal,Central,27.31362,85.85446,684.0,Yes,Piped water into yard / plot,,,Protected spring,Gravity Fed,,1.0,Private person,2.0,,12.0,No,,,,,,,,,,,,,,
Mozambique,Zambezia,-17.03447,36.1634761,227.4519407,Yes,Borehole with hand pump,Afridev,Manually drilled,,,No,35.0,Water committee,2.0,,300.0,No,1.0,Yes,Yes,0.0,80.0,Inadequate,Moderate,Inadequate,Moderate,1.0,2.0,96.41320262,1203.0,wet
Uganda,Eastern,0.4683815,33.8680197,1083.001654,Yes,Borehole with hand pump,India Mark II,Manually drilled,,,No,98.0,Water committee,1.0,,367.0,No,1.0,,,,,,,,,,,,,
Ethiopia,Tigray,13.981665,39.66841,2237.8,Yes,Protected dug well with hand pump,Afridev,Hand-dug,,,No,59.0,Water committee,8.0,,321.0,No,2.0,Yes,Yes,1.0,356.0,Moderate,Advanced,Minimum,Minimum,1.0,8.0,798.0294879,601.0,dry
Mozambique,Nampula,-14.3611275,39.7097028,313.0,Yes,Borehole with hand pump,Afridev,Manually drilled,,,No,114.0,Water committee,1.0,,569.0,No,2.0,,,,,,,,,,,,,
Mozambique,Zambezia,-17.4832271,35.6542055,284.9637672,Yes,Borehole with hand pump,Afridev,Manually drilled,,,No,20.0,Water committee,4.0,,140.0,No,1.0,Yes,Yes,0.0,50.0,Moderate,Moderate,Minimum,Minimum,1.0,1.0,300.7595368,1203.0,wet
Mozambique,Zambezia,-16.9625836,35.8107963,325.0,Yes,Borehole with hand pump,Afridev,Manually drilled,,,No,70.0,Water committee,2.0,,300.0,No,1.0,Yes,Yes,1.0,70.0,Moderate,Moderate,Advanced,Advanced,1.0,1.0,57.95012115,1203.0,wet
Nepal,Central,27.11122,86.1325,455.8,Yes,Public tap / standpipe,,,Protected spring,Gravity Fed,,3.0,Water committee,2.0,,9.0,No,,Yes,Yes,1.0,99.0,Minimum,Minimum,Moderate,Moderate,1.0,10.0,357.7698335,1689.0,wet
Rwanda,Northern Province,-1.78481825,30.25966718,1615.0,Yes,Public tap / standpipe,,,Protected spring,Gravity Fed,No,100.0,Water committee,0.5,,250.0,No,,,,,,,,,,,,,,
Mali,Segou,13.2309067,-4.316936,383.0,Yes,Public tap / standpipe,,,Borehole,Solar powered pump,No,60.0,Water committee,4.0,,205.0,No,,Yes,Yes,0.0,179.0,Moderate,Moderate,Moderate,Moderate,1.0,6.0,36.59560258,631.0,dry
Nepal,Central,27.09824,86.08524,454.3469,Yes,Public tap / standpipe,,,Protected spring,Gravity Fed,,3.0,Water committee,1.0,,19.0,No,,,,,,,,,,,,,,
Niger,Dosso,12.53266,2.9441081,200.0,Yes,Borehole with hand pump,India Mark II,Manually drilled,,,Yes,80.0,Community leader,7.0,3.0,1500.0,No,,No,No,0.0,160.0,,,,,999.0,11.0,229.1819672,634.0,dry
Mali,Segou,13.3113319,-4.3107568,384.0,Yes,Borehole with hand pump,India Mark II,Manually drilled,,,No,15.0,Water committee,4.0,,80.0,No,2.0,Yes,Yes,1.0,98.0,Moderate,Inadequate,Inadequate,Advanced,1.0,4.0,161.8659321,631.0,dry
Ethiopia,Tigray,13.70361333,39.64491667,2062.9,Yes,Public tap / standpipe,,,Borehole,Diesel powered pump,No,0.0,School,1.0,,,No,,,,,,,,,,,,940.3018319,601.0,dry
Nepal,Central,27.12557,86.32688,1565.8698,Yes,Public tap / standpipe,,,Protected spring,Gravity Fed,,2.0,Private person,5.0,,13.0,No,,Yes,Yes,0.0,65.0,Moderate,Moderate,Moderate,Moderate,1.0,8.0,382.021864,1689.0,wet
Mali,Segou,13.2009141,-4.3105879,395.0,Yes,Borehole with hand pump,India Mark II,Manually drilled,,,Yes,35.0,Water committee,31.0,4.0,250.0,Yes,3.0,Yes,Yes,1.0,80.0,Minimum,Advanced,Minimum,Advanced,1.0,3.0,149.3861589,631.0,dry
Niger,Dosso,12.5880371,2.84091,204.0,Yes,Borehole with hand pump,Water4,Manually drilled,,,No,50.0,Water committee,3.0,,120.0,No,2.0,Yes,No,1.0,120.0,Moderate,Inadequate,Inadequate,Moderate,1.0,24.0,1128.934659,634.0,dry
Niger,Dosso,12.8016273,2.6867526,236.0,Yes,Public tap / standpipe,,,Borehole,Solar powered pump,No,500.0,Water committee,3.0,,3000.0,No,,Yes,Yes,1.0,1002.0,Inadequate,Moderate,Inadequate,Minimum,1.0,7.0,106.4656397,634.0,dry
Uganda,Eastern,0.5022512,33.912935,1107.5,Yes,Borehole with hand pump,India Mark II,Manually drilled,,,No,30.0,Water committee,1.0,,200.0,No,2.0,,,,,,,,,,,,,
Nepal,Central,27.17888,86.12522,914.1629,Yes,Public tap / standpipe,,,Protected spring,Gravity Fed,,3.0,Water committee,1.0,,11.0,No,,,,,,,,,,,,,,
Niger,Maradi,13.7267649,7.090846,425.0,Yes,Public tap / standpipe,,,Borehole,Solar powered pump,No,100.0,Community leader,0.5,,500.0,No,,,,,,,,,,,,,,
Malawi,South,-16.52728,34.84908,143.82,Yes,Borehole with hand pump,Afridev,Manually drilled,,,,49.0,Water committee,19.0,,245.0,No,,,,,,,,,,,,,,
Nepal,Central,27.70011,84.73192,784.1206,Yes,Public tap / standpipe,,,Protected spring,Gravity Fed,,3.0,Private person,1.0,,18.0,No,,,,,,,,,,,,,,
Uganda,Eastern,0.5731932,33.961734,1113.800049,Yes,Borehole with hand pump,India Mark II,Manually drilled,,,No,107.0,Water committee,1.0,,856.0,No,2.0,,,,,,,,,,,,,
Nepal,Western,28.36634,83.08757,1788.0,Yes,Public tap / standpipe,,,Protected spring,Gravity Fed,,2.0,Water committee,1.0,,9.0,No,,,,,,,,,,,,,,
Ethiopia,Tigray,13.860795,38.44445333,1688.7,Yes,Protected dug well with hand pump,Afridev,Hand-dug,,,No,75.0,Water committee,9.0,,1250.0,No,,Yes,Yes,0.0,720.0,Moderate,Moderate,Moderate,Moderate,1.0,28.0,456.0659467,601.0,dry
Nepal,Central,27.11742,86.1166,446.2423,Yes,Public tap / standpipe,,,Protected spring,Gravity Fed,,2.0,Private person,1.0,,10.0,No,,,,,,,,,,,,,,
Malawi,Central,-14.5284569,34.6768863,585.084,Yes,Mechanized borehole,,Manually drilled,,Solar powered pump,No,52.0,Water committee,1.0,,2500.0,No,,,,,,,,,,,,,,
Ethiopia,Tigray,13.01687333,39.44249833,2576.5,Yes,Protected spring,,,,,No,65.0,Water committee,4.0,,370.0,Yes,,Yes,Yes,0.0,65.0,Moderate,Moderate,Minimum,Minimum,1.0,4.0,536.7939057,601.0,wet
Nepal,Central,27.16965,86.33984,1001.1,Yes,Public tap / standpipe,,,Protected spring,Gravity Fed,,3.0,Water committee,4.0,,17.0,No,,Yes,Yes,0.0,47.0,Inadequate,Moderate,Inadequate,Moderate,1.0,7.0,90.66842031,1689.0,wet
Malawi,Central,-14.9812645,34.7601507,865.468,Yes,Borehole with hand pump,Afridev,Manually drilled,,,Yes,109.0,Water committee,24.0,1.0,361.0,No,1.0,,,,,,,,,,,,,
Ethiopia,Tigray,14.30369833,38.23803833,1777.2,Yes,Protected dug well with hand pump,Afridev,Hand-dug,,,No,140.0,Water committee,3.0,,780.0,No,2.0,Yes,Yes,1.0,500.0,Inadequate,Moderate,Inadequate,Moderate,1.0,5.0,501.9701605,601.0,dry
Malawi,North,-11.9497753,33.562149,,Yes,Borehole with hand pump,Afridev,Manually drilled,,,No,100.0,Water committee,5.0,,500.0,No,2.0,Yes,No,1.0,100.0,Moderate,Inadequate,Inadequate,Moderate,1.0,1.0,327.7485304,1053.0,dry
Ethiopia,Tigray,14.16079167,38.30797833,1863.1,Yes,Borehole with hand pump,Afridev,Manually drilled,,,Yes,250.0,Water committee,7.0,1.0,521.0,No,2.0,Yes,Yes,1.0,521.0,Moderate,Moderate,Moderate,Moderate,1.0,9.0,785.1771268,601.0,dry
Malawi,South,-15.97976735,34.43526149,184.0,Yes,Borehole with hand pump,Afridev,Drilled by machine,,,No,98.0,Water committee,4.0,,574.0,No,1.0,Yes,Yes,0.0,98.0,Inadequate,Moderate,Inadequate,Minimum,1.0,2.0,957.233797,1007.0,dry
Nepal,Central,27.27469,85.55359,138.8,Yes,Public tap / standpipe,,,Protected spring,Gravity Fed,,2.0,Water committee,2.0,,16.0,No,,Yes,Yes,1.0,56.0,Moderate,Moderate,Moderate,Moderate,1.0,3.0,107.4265597,1689.0,wet
Nepal,Central,27.28841,85.98052,1354.5,Yes,Public tap / standpipe,,,Protected spring,Gravity Fed,,2.0,Private person,2.0,,8.0,No,,Yes,Yes,1.0,74.0,Minimum,Moderate,Moderate,Moderate,1.0,8.0,418.8569411,1689.0,dry
Ethiopia,Tigray,14.11749833,37.97658333,1077.9,Yes,Borehole with hand pump,Afridev,Manually drilled,,,No,110.0,Water committee,4.0,,690.0,No,,Yes,Yes,0.0,360.0,Moderate,Moderate,Minimum,Minimum,1.0,8.0,653.0955498,601.0,dry
India,West Bengal,21.86700124,88.38480248,-48.0,Yes,Borehole with hand pump,Afridev,Drilled by machine,,,Yes,30.0,Water committee,38.0,4.0,60.0,No,,Yes,No,1.0,30.0,Inadequate,Inadequate,Inadequate,Minimum,0.0,2.0,1231.738281,1439.0,dry
Rwanda,Northern Province,-1.763414338,30.05838728,1585.094749,Yes,Public tap / standpipe,,,Protected spring,Gravity Fed,No,120.0,Vendor,6.0,,4200.0,No,,Yes,Yes,0.0,160.0,Inadequate,Minimum,Inadequate,Minimum,0.0,1.0,1865.715931,1205.0,wet
Ethiopia,Tigray,13.32355833,38.93453167,1392.8,Yes,Borehole with hand pump,Afridev,Manually drilled,,,No,250.0,Water committee,2.0,,1850.0,No,3.0,Yes,Yes,0.0,350.0,Moderate,Moderate,Moderate,Moderate,1.0,3.0,135.0172369,601.0,wet
Rwanda,Northern Province,-1.665563046,30.0139193,2117.778336,Yes,Public tap / standpipe,,,Protected spring,Electric powered pump,No,152.0,Water committee,4.0,,760.0,No,,Yes,Yes,1.0,152.0,Moderate,Minimum,Minimum,Advanced,0.0,2.0,1231.995665,1205.0,dry
Malawi,South,-15.31997273,35.15545875,,Yes,Borehole with hand pump,Afridev,Manually drilled,,,No,250.0,Community leader,14.0,,1250.0,No,1.0,No,Yes,0.0,350.0,,,,,999.0,4.0,294.9636045,1007.0,dry
Niger,Dosso,12.9347697,2.7530909,246.0,Yes,Public tap / standpipe,,,Borehole,Solar powered pump,No,50.0,Community leader,3.0,,200.0,No,,Yes,Yes,0.0,473.0,Inadequate,Advanced,Inadequate,Minimum,1.0,8.0,345.8173598,634.0,dry
Niger,Dosso,12.8252755,2.9508591,216.0,Yes,Borehole with hand pump,India Mark II,Manually drilled,,,No,50.0,Water committee,3.0,,150.0,No,1.0,Yes,No,1.0,50.0,Inadequate,Inadequate,Inadequate,Minimum,1.0,9.0,680.6201751,634.0,dry
Nepal,Central,27.29914,85.58398,541.4,Yes,Public tap / standpipe,,,Protected spring,Gravity Fed,,1.0,Water committee,3.0,,14.0,No,,Yes,Yes,1.0,61.0,Inadequate,Moderate,Inadequate,Moderate,1.0,5.0,50.21438676,1689.0,wet
Ethiopia,Tigray,14.03868,39.58944167,2516.2,Yes,Borehole with hand pump,Afridev,Manually drilled,,,No,90.0,Water committee,4.0,,590.0,No,5.0,Yes,Yes,0.0,290.0,Minimum,Moderate,Minimum,Moderate,1.0,7.0,3092.730035,601.0,wet
Ethiopia,Tigray,14.06353833,38.618165,2346.0,Yes,Protected dug well with hand pump,Afridev,Hand-dug,,,No,500.0,Water committee,2.0,,3001.0,No,38.0,Yes,Yes,0.0,700.0,Advanced,Advanced,Advanced,Moderate,1.0,6.0,469.1755966,601.0,dry
Ethiopia,Tigray,14.04022652,38.21475182,1810.0,Yes,Borehole with hand pump,Afridev,Manually drilled,,,No,100.0,Water committee,1.0,,500.0,No,2.0,,,,,,,,,,,,,
Rwanda,Northern Province,-1.742678471,30.04339074,1953.568135,Yes,Public tap / standpipe,,,Protected spring,Electric powered pump,No,12.0,District/local government,3.0,,71.0,No,,Yes,Yes,1.0,127.0,Inadequate,Minimum,Inadequate,Moderate,0.0,4.0,977.0518642,1205.0,dry
Niger,Maradi,13.7457791,6.9969308,394.0,Yes,Public tap / standpipe,,,Borehole,Solar powered pump,No,25.0,Water committee,1.0,,175.0,No,,,,,,,,,,,,,,
India,West Bengal,21.68998541,88.14163434,-50.0,Yes,Borehole with hand pump,India Mark II,Drilled by machine,,,No,30.0,Water committee,3.0,,180.0,No,1.0,Yes,Yes,1.0,30.0,Advanced,Moderate,Advanced,Advanced,1.0,1.0,3151.367432,1439.0,dry
Nepal,Central,27.33218,85.88444,1488.8641,Yes,Public tap / standpipe,,,Protected spring,Gravity Fed,,2.0,Private person,1.0,,9.0,No,,,,,,,,,,,,,,
Mozambique,Zambezia,-17.1418027,35.7572048,315.9568879,Yes,Borehole with hand pump,Afridev,Manually drilled,,,No,30.0,Water committee,2.0,,180.0,No,2.0,Yes,Yes,1.0,30.0,Minimum,Moderate,Minimum,Moderate,1.0,1.0,296.0320174,1203.0,wet
Niger,Dosso,12.9079774,2.86763,240.0,Yes,Public tap / standpipe,,,Borehole,Solar powered pump,No,50.0,Community leader,3.0,,250.0,No,,No,Yes,1.0,645.0,,,,,999.0,9.0,1070.932135,634.0,dry
Nepal,Central,27.12264,86.32229,1669.2445,Yes,Public tap / standpipe,,,Protected spring,Gravity Fed,,2.0,Private person,5.0,,14.0,No,,Yes,Yes,0.0,65.0,Moderate,Moderate,Moderate,Moderate,1.0,8.0,268.6451515,1689.0,wet
Mali,Segou,13.4751578,-4.6975453,306.0,,Public tap / standpipe,,,Borehole,Solar powered pump,Yes,300.0,Water committee,5.0,3.0,500.0,Yes,,Yes,Yes,0.0,500.0,Advanced,Advanced,Advanced,Advanced,1.0,4.0,274.233672,631.0,dry
Ethiopia,Tigray,13.90438667,38.49842,1834.3,Yes,Protected spring,,,,,Yes,160.0,Water committee,9.0,6.0,960.0,No,,Yes,No,0.0,518.0,Moderate,Inadequate,Inadequate,Minimum,1.0,13.0,792.2280323,601.0,dry
Nepal,Central,27.31177,85.84946,676.4526,Yes,Public tap / standpipe,,,Protected spring,Gravity Fed,,3.0,Private person,1.0,,10.0,No,,,,,,,,,,,,,,
Uganda,Eastern,0.3337709,33.8132495,1151.300049,Yes,Borehole with hand pump,U3,Manually drilled,,,No,50.0,Water committee,1.0,,300.0,No,1.0,,,,,,,,,,,,,
Malawi,South,,,,Yes,Borehole with hand pump,Afridev,Manually drilled,,,No,42.0,Water committee,3.0,,210.0,No,2.0,Yes,Yes,0.0,35.0,Moderate,Moderate,Advanced,Advanced,1.0,2.0,,1007.0,dry
Malawi,North,-11.9278439,33.528519,,Yes,Borehole with hand pump,Afridev,Manually drilled,,,No,10.0,Water committee,3.0,,50.0,No,2.0,,,,,,,,,,,568.3422226,1053.0,dry
Ethiopia,Tigray,14.21557,39.07554167,2045.9,Yes,Protected dug well with hand pump,Afridev,Hand-dug,,,Yes,34.0,Water committee,4.0,1.0,197.0,No,3.0,Yes,Yes,1.0,250.0,Inadequate,Moderate,Inadequate,Moderate,1.0,10.0,728.0244324,601.0,dry
Nepal,Central,27.08358,86.26233,796.1966,Yes,Public tap / standpipe,,,Protected spring,Gravity Fed,,3.0,Water committee,3.0,,18.0,No,,Yes,Yes,0.0,80.0,Moderate,Moderate,Moderate,Moderate,1.0,10.0,278.8939692,1689.0,wet
Niger,Dosso,13.1017817,2.8526603,214.0,Yes,Public tap / standpipe,,,Borehole,Solar powered pump,No,60.0,Community leader,3.0,,1800.0,No,,Yes,Yes,1.0,40.0,Minimum,Minimum,Minimum,Minimum,999.0,7.0,1069.331074,634.0,dry
Ethiopia,Tigray,12.96554833,39.38430333,2034.4,Yes,Protected dug well with hand pump,Afridev,Hand-dug,,,No,12.0,Water committee,7.0,,130.0,No,2.0,Yes,Yes,0.0,120.0,Moderate,Moderate,Minimum,Minimum,1.0,4.0,480.4935354,601.0,wet
India,West Bengal,21.69782021,88.0600464,-21.0,Yes,Borehole with hand pump,Afridev,Drilled by machine,,,Yes,45.0,Community leader,7.0,2.0,150.0,No,1.0,No,No,1.0,35.0,,,,,999.0,2.0,2550.249207,1439.0,dry
Mali,Segou,13.0475715,-4.7157161,320.0,Yes,Borehole with hand pump,India Mark II,Manually drilled,,,No,50.0,Water committee,3.0,,150.0,No,5.0,Yes,Yes,0.0,135.0,Inadequate,Inadequate,Inadequate,Advanced,1.0,14.0,145.0491925,631.0,dry
Nepal,Central,27.05228,86.23266,466.4,Yes,Public tap / standpipe,,,Protected spring,Gravity Fed,,2.0,Water committee,2.0,,7.0,No,,Yes,Yes,1.0,110.0,Moderate,Moderate,Moderate,Moderate,1.0,24.0,157.5819058,1689.0,dry
India,West Bengal,21.66445184,88.04557425,-65.0,Yes,Borehole with hand pump,Vergnet,Drilled by machine,,,Yes,48.0,Community leader,4.0,2.0,300.0,No,1.0,No,No,1.0,48.0,,,,,999.0,1.0,2751.496399,1439.0,dry
Mozambique,Zambezia,-16.8136154,36.216954,341.0,Yes,Borehole with hand pump,Afridev,Manually drilled,,,No,34.0,Water committee,3.0,,136.0,No,2.0,Yes,Yes,0.0,520.0,Inadequate,Moderate,Inadequate,Minimum,1.0,5.0,81.21027503,1203.0,wet
Nepal,Central,27.35998,85.86938,1580.0819,Yes,Public tap / standpipe,,,Protected spring,Gravity Fed,,2.0,Private person,1.0,,11.0,No,,,,,,,,,,,,,,
India,West Bengal,21.76108839,88.11612635,-51.0,Yes,Borehole with hand pump,Afridev,Drilled by machine,,,Yes,250.0,Community leader,38.0,4.0,350.0,No,1.0,No,No,1.0,60.0,,,,,999.0,1.0,2498.017273,1439.0,dry
Nepal,Central,27.02829,86.28901,718.8292,Yes,Piped water into yard / plot,,,Protected spring,Gravity Fed,,1.0,Water committee,1.0,,2.0,No,,,,,,,,,,,,,,
Niger,Dosso,13.080842,2.8917333,212.0,Yes,Borehole with hand pump,India Mark II,Manually drilled,,,No,50.0,Church,3.0,,600.0,No,2.0,No,No,1.0,50.0,,,,,999.0,7.0,1460.636877,634.0,dry
Nepal,Central,27.19939,86.35192,350.9,Yes,Public tap / standpipe,,,Protected spring,Gravity Fed,,3.0,Water committee,5.0,,18.0,No,,Yes,Yes,0.0,45.0,Moderate,Moderate,Moderate,Moderate,1.0,2.0,290.5600285,1689.0,wet
Ethiopia,Tigray,13.42131333,39.433455,2507.4,Yes,Borehole with hand pump,Afridev,Manually drilled,,,No,240.0,No one,5.0,,2000.0,,,Yes,Yes,1.0,550.0,Moderate,Moderate,Moderate,Moderate,1.0,4.0,453.3287632,601.0,dry
Ethiopia,Tigray,14.11012667,39.32263333,1848.0,Yes,Protected dug well with hand pump,Afridev,Hand-dug,,,Yes,200.0,Water committee,8.0,5.0,1250.0,,,Yes,Yes,1.0,800.0,Moderate,Moderate,Moderate,Moderate,1.0,6.0,379.4511944,601.0,dry
Ethiopia,Tigray,14.10083167,38.79968667,2100.2,Yes,Protected dug well with hand pump,Afridev,Hand-dug,,,No,85.0,Water committee,5.0,,420.0,No,,Yes,Yes,0.0,420.0,Moderate,Moderate,Moderate,Moderate,1.0,7.0,748.8825051,601.0,dry
India,Bihar,26.59765454,85.31448018,-1.0,Yes,Borehole with hand pump,India Mark II,Drilled by machine,,,No,20.0,Water committee,1.0,,80.0,No,1.0,,,,,,,,,,,,,
Nepal,Central,27.05575,86.24852,592.5,Yes,Public tap / standpipe,,,Protected spring,Gravity Fed,,2.0,Water committee,2.0,,12.0,No,,Yes,Yes,1.0,82.0,Inadequate,Moderate,Inadequate,Moderate,1.0,45.0,148.3101167,1689.0,dry
Niger,Maradi,13.7137197,6.9683658,375.0,Yes,Public tap / standpipe,,,Borehole,Solar powered pump,No,23.0,Water committee,1.0,,180.0,No,,,,,,,,,,,,,,
Niger,Maradi,13.7560134,7.1905876,408.0,Yes,Borehole with hand pump,Vergnet Hydro,Manually drilled,,,Yes,27.0,Water committee,16.0,1.0,400.0,No,2.0,,,,,,,,,,,,,
Ethiopia,Tigray,13.96876667,39.66282167,2772.8,Yes,Protected dug well with hand pump,Afridev,Hand-dug,,,Yes,32.0,Water committee,9.0,3.0,227.0,Yes,42.0,Yes,Yes,0.0,303.0,Moderate,Advanced,Minimum,Minimum,1.0,5.0,323.8444521,601.0,wet
Malawi,South,-15.9334228,34.75460999,72.0,Yes,Borehole with hand pump,Afridev,Drilled by machine,,,No,332.0,Water committee,11.0,,1660.0,No,2.0,Yes,Yes,1.0,332.0,Inadequate,Minimum,Inadequate,Moderate,0.0,6.0,457.2765,1007.0,dry
India,West Bengal,21.78776905,88.43480884,-56.0,Yes,Borehole with hand pump,Vergnet,Drilled by machine,,,No,35.0,Community leader,17.0,,250.0,No,1.0,No,No,1.0,35.0,,,,,999.0,2.0,1919.653931,1439.0,dry
Ethiopia,Tigray,14.39714333,38.89901,1814.1,Yes,Borehole with hand pump,Afridev,Manually drilled,,,No,50.0,Water committee,2.0,,301.0,No,3.0,Yes,Yes,0.0,321.0,Moderate,Advanced,Advanced,Moderate,1.0,3.0,494.4211089,601.0,dry
Nepal,Central,27.11004,86.20314,776.2,Yes,Public tap / standpipe,,,Protected spring,Gravity Fed,,4.0,Water committee,4.0,,25.0,No,,Yes,Yes,1.0,70.0,Inadequate,Moderate,Inadequate,Moderate,1.0,6.0,488.7963819,1689.0,dry
India,West Bengal,21.81347472,88.48638012,-56.0,Yes,Borehole with hand pump,Afridev,Drilled by machine,,,No,50.0,No one,17.0,,300.0,No,1.0,No,No,1.0,50.0,,,,,999.0,1.0,3193.996643,1439.0,dry
Ethiopia,Tigray,14.33758,38.96795667,1936.9,Yes,Borehole with hand pump,Afridev,Manually drilled,,,No,120.0,Water committee,4.0,,720.0,No,4.0,Yes,Yes,1.0,260.0,Moderate,Moderate,Moderate,Moderate,1.0,10.0,2735.969627,601.0,dry
Mali,Segou,13.6005747,-4.5911653,310.0,Yes,Public tap / standpipe,,,Borehole,Solar powered pump,No,100.0,Water committee,4.0,,345.0,No,,Yes,Yes,0.0,350.0,Moderate,Moderate,Advanced,Advanced,1.0,16.0,536.9854148,631.0,dry
Uganda,Eastern,0.413529,33.7531459,1224.541347,Yes,Borehole with hand pump,U3,Manually drilled,,,No,87.0,Water committee,2.0,,609.0,No,,Yes,Yes,1.0,360.0,Inadequate,Moderate,Inadequate,Moderate,1.0,2.0,1739.462715,1483.0,wet
India,West Bengal,21.68358825,88.08976333,-77.0,Yes,Borehole with hand pump,Afridev,Drilled by machine,,,Yes,45.0,Community leader,18.0,4.0,200.0,No,1.0,No,No,1.0,45.0,,,,,999.0,1.0,3930.946045,1439.0,dry
Ethiopia,Tigray,13.77298833,39.66177167,2286.3,Yes,Protected dug well with hand pump,Afridev,Hand-dug,,,No,47.0,Water committee,4.0,,238.0,No,3.0,Yes,Yes,0.0,258.0,Advanced,Advanced,Minimum,Minimum,1.0,3.0,961.2542298,601.0,wet
Uganda,Eastern,0.4898903,33.8451849,1128.599976,Yes,Borehole with hand pump,U3,Manually drilled,,,No,180.0,Water committee,1.0,,800.0,No,2.0,,,,,,,,,,,,,
Ethiopia,Tigray,14.14625833,39.34289167,2032.0,Yes,Borehole with hand pump,Afridev,Manually drilled,,,No,52.0,Water committee,4.0,,309.0,No,5.0,Yes,Yes,1.0,450.0,Inadequate,Moderate,Inadequate,Advanced,1.0,6.0,310.8084483,601.0,dry
Ethiopia,Tigray,13.70456667,38.79023667,1973.1,Yes,Protected dug well with hand pump,Afridev,Hand-dug,,,No,56.0,Water committee,5.0,,305.0,No,3.0,Yes,Yes,1.0,412.0,Inadequate,Advanced,Inadequate,Moderate,1.0,6.0,329.6357718,601.0,wet
Niger,Maradi,13.7333794,6.958602,389.0,Yes,Public tap / standpipe,,,Borehole,Solar powered pump,No,31.0,Water committee,1.0,,218.0,No,,,,,,,,,,,,,,
Malawi,South,-16.40944,34.7842,144.19,Yes,Borehole with hand pump,Afridev,Manually drilled,,,,85.0,Water committee,1.0,,425.0,No,,,,,,,,,,,,,,
Nepal,Central,27.25121,86.1316,494.6,Yes,Public tap / standpipe,,,Protected spring,Gravity Fed,,4.0,Private person,3.0,,26.0,No,,Yes,Yes,0.0,84.0,Moderate,Moderate,Moderate,Moderate,1.0,5.0,408.9482456,1689.0,wet
Rwanda,Northern Province,-1.669794987,30.0184762,2100.205915,Yes,Public tap / standpipe,,,Protected spring,Electric powered pump,Yes,30.0,Vendor,4.0,2.0,200.0,No,,Yes,Yes,1.0,125.0,Moderate,Minimum,Minimum,Moderate,0.0,3.0,1316.672291,1205.0,dry
Malawi,South,-16.40803,34.78191,159.7,Yes,Borehole with hand pump,Afridev,Manually drilled,,,,87.0,Water committee,1.0,,435.0,No,,,,,,,,,,,,,,
Uganda,Eastern,0.4242344,33.7343304,1178.458274,Yes,Borehole with hand pump,U3,Manually drilled,,,No,30.0,Water committee,1.0,,250.0,No,1.0,Yes,Yes,1.0,306.0,Minimum,Minimum,Moderate,Moderate,1.0,5.0,1744.578308,1483.0,wet
Malawi,South,-16.3411,34.66562,193.0,Yes,Borehole with hand pump,Afridev,Manually drilled,,,,300.0,Water committee,12.0,,1500.0,No,,,,,,,,,,,,,,
Mozambique,Zambezia,-16.9717239,35.7439847,359.9991563,Yes,Borehole with hand pump,Afridev,Manually drilled,,,No,360.0,Water committee,2.0,,469.0,No,1.0,Yes,Yes,1.0,63.0,Inadequate,Moderate,Inadequate,Advanced,1.0,1.0,181.0558612,1203.0,wet
Mali,Segou,12.9572881,-4.6383714,331.0,Yes,Public tap / standpipe,,,Borehole,Solar powered pump,No,32.0,Water committee,2.0,,115.0,Yes,,Yes,Yes,1.0,500.0,Moderate,Moderate,Minimum,Minimum,1.0,3.0,245.6769783,631.0,dry
Mali,Segou,13.4085906,-4.7210523,323.0,Yes,Public tap / standpipe,,,Borehole,Solar powered pump,No,30.0,Water committee,1.0,,120.0,Yes,,Yes,Yes,1.0,300.0,Moderate,Advanced,Advanced,Advanced,1.0,10.0,478.2769945,631.0,dry
Malawi,South,-16.10827379,34.5772568,164.0,Yes,Borehole with hand pump,Afridev,Drilled by machine,,,Yes,60.0,Water committee,8.0,8.0,300.0,No,,Yes,No,1.0,60.0,Inadequate,Inadequate,Inadequate,Moderate,0.0,2.0,1036.471186,1007.0,dry
Mali,Segou,13.2824202,-4.2024272,416.0,Yes,Borehole with hand pump,India Mark II,Manually drilled,,,No,40.0,Water committee,4.0,,80.0,No,1.0,Yes,Yes,1.0,470.0,Inadequate,Inadequate,Inadequate,Minimum,0.0,5.0,152.098643,631.0,dry
Malawi,South,-15.27866366,35.16001046,,Yes,Borehole with hand pump,Afridev,Manually drilled,,,Yes,32.0,Water committee,15.0,3.0,192.0,No,5.0,Yes,Yes,0.0,59.0,Moderate,Moderate,Moderate,Moderate,1.0,2.0,594.6251884,1007.0,dry
Ethiopia,Tigray,14.08482167,37.94216333,1051.7,Yes,Borehole with hand pump,Afridev,Manually drilled,,,No,135.0,Water committee,3.0,,800.0,No,2.0,Yes,Yes,1.0,300.0,Moderate,Moderate,Minimum,Minimum,1.0,3.0,232.9472718,601.0,dry
India,West Bengal,21.72568805,88.40260946,-44.0,Yes,Borehole with hand pump,India Mark II,Drilled by machine,,,Yes,24.0,Water committee,9.0,2.0,42.0,No,,Yes,No,1.0,57.0,Inadequate,Inadequate,Inadequate,Minimum,0.0,2.0,2082.609009,1439.0,dry
Nepal,Central,27.11444,86.19939,816.3,Yes,Public tap / standpipe,,,Protected spring,Gravity Fed,,1.0,Water committee,4.0,,9.0,No,,Yes,Yes,1.0,70.0,Inadequate,Moderate,Inadequate,Moderate,1.0,6.0,360.3730174,1689.0,dry
India,Bihar,26.40602358,85.26730613,-8.0,Yes,Borehole with hand pump,India Mark II,Drilled by machine,,,No,5.0,Water committee,1.0,,20.0,No,1.0,,,,,,,,,,,,,
Ethiopia,Tigray,13.43287167,38.95936333,1503.0,Yes,Borehole with hand pump,Afridev,Manually drilled,,,No,100.0,Water committee,4.0,,800.0,,,Yes,Yes,1.0,250.0,Moderate,Moderate,Advanced,Advanced,1.0,5.0,625.0688032,601.0,wet
Nepal,Central,27.27571,85.56015,184.6,Yes,Public tap / standpipe,,,Protected spring,Gravity Fed,,2.0,Water committee,2.0,,8.0,No,,Yes,Yes,1.0,56.0,Moderate,Moderate,Moderate,Moderate,1.0,3.0,191.8105734,1689.0,wet
Mozambique,Zambezia,-17.4813808,35.6095967,321.0,Yes,Borehole with hand pump,Afridev,Manually drilled,,,No,36.0,Water committee,4.0,,250.0,No,1.0,Yes,Yes,0.0,150.0,Moderate,Moderate,Minimum,Minimum,1.0,2.0,261.8744251,1203.0,wet
Malawi,South,,,,Yes,Borehole with hand pump,Afridev,Manually drilled,,,Yes,40.0,Water committee,19.0,2.0,210.0,No,2.0,Yes,Yes,1.0,250.0,Inadequate,Moderate,Inadequate,Moderate,1.0,4.0,,1007.0,dry
Nepal,Central,27.69901,84.7518,1169.2889,Yes,Public tap / standpipe,,,Protected spring,Gravity Fed,,2.0,Water committee,1.0,,26.0,No,,,,,,,,,,,,,,
Mali,Segou,13.479461,-4.5562099,305.0,Yes,Borehole with hand pump,India Mark II,Manually drilled,,,No,50.0,Water committee,4.0,,150.0,Yes,6.0,Yes,Yes,1.0,150.0,Moderate,Moderate,Minimum,Minimum,1.0,3.0,367.0070835,631.0,dry
India,Bihar,26.45847004,85.24251599,12.0,Yes,Borehole with hand pump,Afridev,Drilled by machine,,,Yes,18.0,Water committee,6.0,4.0,100.0,No,1.0,Yes,Yes,1.0,300.0,Advanced,Moderate,Advanced,Advanced,1.0,3.0,3012.227783,1186.0,dry
Uganda,Eastern,,,,Yes,Borehole with hand pump,U3,Manually drilled,,,No,50.0,Water committee,1.0,,360.0,No,3.0,,,,,,,,,,,,,
Mozambique,Zambezia,,,,Yes,Borehole with hand pump,Afridev,Manually drilled,,,No,389.0,Water committee,2.0,,2334.0,No,1.0,Yes,Yes,1.0,340.0,Moderate,Minimum,Minimum,Minimum,0.0,8.0,,1203.0,wet
Nepal,Central,27.10256,86.25284,831.7584,Yes,Public tap / standpipe,,,Protected spring,Gravity Fed,,1.0,Water committee,2.0,,2.0,No,,Yes,Yes,0.0,57.0,Moderate,Minimum,Moderate,Moderate,1.0,8.0,215.0008596,1689.0,wet
Uganda,Eastern,0.3826135,33.7349966,1233.662379,Yes,Borehole with hand pump,U3,Manually drilled,,,No,100.0,Water committee,2.0,,300.0,No,2.0,Yes,No,1.0,169.0,Inadequate,Inadequate,Inadequate,Moderate,0.0,2.0,1395.588778,1483.0,wet
Malawi,South,-16.35828,34.6788,152.86,Yes,Borehole with hand pump,Afridev,Manually drilled,,,,181.0,Water committee,20.0,,905.0,No,,,,,,,,,,,,,,
Ethiopia,Tigray,13.70667167,38.83558167,1856.6,Yes,Borehole with hand pump,Afridev,Manually drilled,,,Yes,49.0,Water committee,2.0,1.0,297.0,Yes,3.0,Yes,Yes,1.0,496.0,Advanced,Advanced,Advanced,Moderate,1.0,10.0,684.8101768,601.0,wet
Ethiopia,Tigray,12.92907333,39.29654667,1925.0,Yes,Protected dug well with hand pump,Afridev,Hand-dug,,,No,120.0,Water committee,4.0,,912.0,,,Yes,No,0.0,450.0,Inadequate,Inadequate,Inadequate,Minimum,0.0,3.0,413.2500396,601.0,wet
Uganda,Eastern,0.546828,33.9482519,1112.099976,Yes,Borehole with hand pump,U3,Manually drilled,,,No,150.0,Water committee,1.0,,800.0,No,1.0,,,,,,,,,,,,,
Uganda,Eastern,0.4582933,33.8215559,1131.699951,Yes,Borehole with hand pump,U3,Manually drilled,,,No,90.0,Water committee,1.0,,275.0,No,1.0,,,,,,,,,,,,,
Nepal,Central,27.27794,85.56673,287.6,Yes,Public tap / standpipe,,,Protected spring,Gravity Fed,,1.0,Private person,3.0,,7.0,No,,Yes,Yes,1.0,50.0,Moderate,Moderate,Moderate,Moderate,1.0,12.0,79.48189107,1689.0,wet
India,Bihar,26.4046549,85.37422991,24.0,Yes,Borehole with hand pump,India Mark II,Drilled by machine,,,No,0.0,School,1.0,,,No,1.0,,,,,,,,,,,,,
Mali,Segou,12.7871527,-4.3601577,477.0,Yes,Public tap / standpipe,,,Borehole,Solar powered pump,No,300.0,Water committee,2.0,,500.0,Yes,,Yes,Yes,0.0,400.0,Minimum,Advanced,Minimum,Minimum,1.0,25.0,272.1654797,631.0,dry
Ethiopia,Tigray,14.116315,38.49383,2033.5,Yes,Borehole with hand pump,Afridev,Manually drilled,,,No,50.0,Water committee,1.0,,348.0,Yes,2.0,,,,,,,,,,,,,
Ethiopia,Tigray,14.17581333,38.89313833,2036.5,Yes,Public tap / standpipe,,,Unprotected spring,Electric powered pump,No,200.0,Water committee,2.0,,1000.0,,,Yes,Yes,1.0,200.0,Inadequate,Moderate,Inadequate,Moderate,1.0,1.0,9412.559168,601.0,dry
Ethiopia,Tigray,13.81512333,38.66545833,1796.5,Yes,Protected dug well with hand pump,Afridev,Hand-dug,,,No,73.0,Water committee,8.0,,474.0,No,,Yes,Yes,0.0,420.0,Moderate,Advanced,Advanced,Moderate,1.0,5.0,407.0563712,601.0,dry
Mali,Segou,12.7312129,-4.3124324,428.0,Yes,Borehole with hand pump,India Mark II,Manually drilled,,,No,0.0,Water committee,3.0,,0.0,Yes,6.0,Yes,Yes,0.0,152.0,Moderate,Inadequate,Inadequate,Minimum,0.0,5.0,132.3103716,631.0,dry
Mali,Segou,13.3984671,-4.6836944,325.0,Yes,Borehole with hand pump,India Mark II,Manually drilled,,,Yes,89.0,Water committee,,4.0,400.0,No,2.0,Yes,Yes,1.0,220.0,Inadequate,Minimum,Inadequate,Advanced,0.0,4.0,169.1831861,631.0,dry
Malawi,South,-16.04327372,34.53670096,166.0,Yes,Borehole with hand pump,Afridev,Drilled by machine,,,No,86.0,Water committee,4.0,,516.0,No,7.0,Yes,Yes,1.0,86.0,Moderate,Moderate,Moderate,Moderate,1.0,3.0,1214.100469,1007.0,dry
Nepal,Central,27.33263,85.79015,1164.4156,Yes,Public tap / standpipe,,,Protected spring,Gravity Fed,,3.0,Water committee,1.0,,14.0,No,,,,,,,,,,,,,,
Mali,Segou,13.0723385,-4.6422341,330.0,Yes,Public tap / standpipe,,,Borehole,Solar powered pump,No,21.0,Water committee,1.0,,105.0,Yes,,Yes,Yes,0.0,200.0,Minimum,Moderate,Minimum,Advanced,1.0,11.0,232.4580885,631.0,dry
Ethiopia,Tigray,13.95253,39.59818667,2413.8,Yes,Borehole with hand pump,Afridev,Manually drilled,,,No,100.0,Water committee,7.0,,700.0,No,2.0,Yes,Yes,0.0,550.0,Moderate,Moderate,Minimum,Minimum,1.0,5.0,1581.518292,601.0,wet
Nepal,Central,27.67172,84.72845,498.455,Yes,Public tap / standpipe,,,Protected spring,Gravity Fed,,2.0,Water committee,1.0,,10.0,No,,,,,,,,,,,,,,
Mozambique,Zambezia,-17.1368763,36.0139377,256.4216479,Yes,Borehole with hand pump,Afridev,Manually drilled,,,No,,Water committee,3.0,,,No,1.0,Yes,Yes,0.0,285.0,Inadequate,Minimum,Inadequate,Minimum,0.0,6.0,83.98780648,1203.0,wet
Rwanda,Northern Province,-1.771790022,30.03333647,2017.606121,Yes,Public tap / standpipe,,,Protected spring,Electric powered pump,No,45.0,Vendor,2.0,,170.0,No,,Yes,Yes,1.0,164.0,Moderate,Minimum,Minimum,Minimum,0.0,3.0,1403.205102,1205.0,wet
Ethiopia,Tigray,14.45163667,39.15880167,1869.8,Yes,Borehole with hand pump,Afridev,Manually drilled,,,No,0.0,Water committee,4.0,,,No,1.0,,,,,,,,,,,1343.086949,601.0,dry
Ethiopia,Tigray,13.78699,39.11227167,1586.8,Yes,Borehole with hand pump,Afridev,Manually drilled,,,No,115.0,Water committee,7.0,,600.0,No,40.0,Yes,Yes,1.0,450.0,Inadequate,Moderate,Inadequate,Moderate,1.0,3.0,813.8715496,601.0,wet
Malawi,North,-11.9326269,33.5398304,,Yes,Borehole with hand pump,Afridev,Manually drilled,,,Yes,25.0,Water committee,,3.0,125.0,No,2.0,Yes,No,1.0,34.0,Moderate,Inadequate,Inadequate,Advanced,1.0,1.0,617.2584521,1053.0,dry
India,West Bengal,21.78977931,88.13981739,-66.0,Yes,Borehole with hand pump,Afridev,Drilled by machine,,,No,35.0,Community leader,4.0,,150.0,No,1.0,No,No,1.0,35.0,,,,,999.0,3.0,1000.460693,1439.0,dry
Nepal,Central,27.17579,86.29234,1747.5852,Yes,Public tap / standpipe,,,Protected spring,Gravity Fed,,2.0,Private person,3.0,,13.0,No,,Yes,Yes,0.0,74.0,Minimum,Moderate,Moderate,Moderate,1.0,6.0,426.8316454,1689.0,wet
Niger,Dosso,12.6244499,2.9040409,203.0,Yes,Borehole with hand pump,Water4,Drilled by machine,,,No,20.0,Water committee,3.0,,200.0,No,2.0,Yes,No,1.0,298.0,Inadequate,Inadequate,Inadequate,Moderate,1.0,17.0,706.1630838,634.0,dry
Malawi,South,-16.33241908,35.09273831,70.0,Yes,Public tap / standpipe,,,Unprotected spring,Gravity Fed,Yes,21.0,Water committee,31.0,2.0,112.0,No,,Yes,Yes,1.0,245.0,Moderate,Moderate,Moderate,Moderate,1.0,6.0,2153.790253,1007.0,dry
Mali,Segou,12.931927,-4.5001535,352.0,Yes,Borehole with hand pump,India Mark II,Manually drilled,,,No,17.0,Water committee,2.0,,108.0,No,1.0,Yes,Yes,0.0,17.0,Moderate,Moderate,Minimum,Minimum,1.0,2.0,126.2858078,631.0,dry
Malawi,South,-16.11710094,34.8396112,70.0,Yes,Borehole with hand pump,Afridev,Drilled by machine,,,Yes,67.0,Water committee,20.0,10.0,360.0,No,1.0,Yes,Yes,1.0,67.0,Moderate,Moderate,Advanced,Advanced,1.0,1.0,1752.580469,1007.0,dry
India,Bihar,26.55899631,85.30636966,8.0,Yes,Borehole with hand pump,India Mark II,Drilled by machine,,,No,15.0,Water committee,1.0,,60.0,No,1.0,,,,,,,,,,,,,
Malawi,Central,-15.05978,34.71237,,Yes,Borehole with hand pump,Afridev,,,,No,18.0,Water committee,1.0,,90.0,No,1.0,,,,,,,,,,,,,
Mali,Koulikoro,13.9079485,-8.4133392,322.1168213,Yes,Borehole with hand pump,India Mark II,Manually drilled,,,No,70.0,Water committee,2.0,,320.0,No,6.0,,,,,,,,,,,,,
Uganda,Eastern,0.2403489,33.8091519,1152.385938,Yes,Borehole with hand pump,U3,Manually drilled,,,No,138.0,Water committee,2.0,,828.0,No,2.0,Yes,Yes,0.0,300.0,Minimum,Minimum,Moderate,Moderate,0.0,3.0,2044.579973,1286.0,wet
Mozambique,Zambezia,-17.0714338,35.7286256,356.0,Yes,Borehole with hand pump,Afridev,Manually drilled,,,No,21.0,Water committee,4.0,,120.0,No,4.0,Yes,Yes,1.0,21.0,Inadequate,Minimum,Inadequate,Moderate,0.0,1.0,332.6062508,1203.0,wet
India,Bihar,26.43402796,85.30365807,3.0,Yes,Borehole with hand pump,India Mark II,Drilled by machine,,,No,25.0,Water committee,1.0,,125.0,No,1.0,,,,,,,,,,,,,
Malawi,South,-15.81551441,34.3465802,504.0,Yes,Borehole with hand pump,Afridev,Drilled by machine,,,No,24.0,Water committee,5.0,,120.0,No,2.0,Yes,Yes,1.0,92.0,Inadequate,Moderate,Inadequate,Advanced,1.0,3.0,625.8913915,1007.0,dry
Ethiopia,Tigray,13.26084833,39.20904833,1174.6,Yes,Borehole with hand pump,Afridev,Manually drilled,,,No,81.0,Water committee,4.0,,571.0,No,43.0,Yes,Yes,0.0,303.0,Moderate,Moderate,Minimum,Minimum,1.0,6.0,372.7540696,601.0,wet
Nepal,Central,27.0309,86.30804,829.7243,Yes,Public tap / standpipe,,,Protected spring,Gravity Fed,,2.0,Water committee,1.0,,12.0,No,,,,,,,,,,,,,,
Malawi,South,-16.53532,34.86583,147.6,Yes,Borehole with hand pump,Afridev,Manually drilled,,,,35.0,Water committee,1.0,,175.0,No,,,,,,,,,,,,,,
Mozambique,Zambezia,-17.1702829,35.7070532,389.0,Yes,Borehole with hand pump,Afridev,Manually drilled,,,No,250.0,Water committee,2.0,,1200.0,No,2.0,Yes,Yes,1.0,300.0,Moderate,Moderate,Advanced,Advanced,1.0,1.0,989.7434566,1203.0,wet
Ethiopia,Tigray,14.03131667,37.99613667,1237.9,Yes,Protected dug well with hand pump,Afridev,Hand-dug,,,Yes,65.0,Water committee,4.0,1.0,390.0,No,,Yes,Yes,0.0,420.0,Inadequate,Advanced,Inadequate,Advanced,1.0,5.0,168.6039973,601.0,dry
India,West Bengal,21.91410714,88.3783918,-69.0,Yes,Borehole with hand pump,Vergnet,Drilled by machine,,,Yes,60.0,Water committee,36.0,4.0,380.0,No,3.0,Yes,Yes,1.0,60.0,Inadequate,Minimum,Inadequate,Minimum,0.0,2.0,1914.062744,1439.0,dry
Mali,Segou,13.3115092,-4.3891444,335.0,Yes,Borehole with hand pump,India Mark II,Manually drilled,,,No,,Water committee,4.0,,142.0,Yes,,Yes,Yes,1.0,80.0,Moderate,Inadequate,Inadequate,Advanced,1.0,2.0,213.8061478,631.0,dry
Niger,Dosso,12.8010333,2.6827524,239.0,Yes,Public tap / standpipe,,,Borehole,Solar powered pump,No,100.0,Water committee,3.0,,300.0,No,,Yes,Yes,1.0,1002.0,Inadequate,Moderate,Inadequate,Minimum,1.0,7.0,101.2370738,634.0,dry
Mozambique,Nampula,-14.4180897,39.8152263,325.0,Yes,Borehole with hand pump,Afridev,Manually drilled,,,No,35.0,Water committee,1.0,,175.0,No,2.0,,,,,,,,,,,,,
Niger,Dosso,12.5490223,2.6385191,196.0,Yes,Borehole with hand pump,Water4,Manually drilled,,,No,10.0,Water committee,3.0,,150.0,No,,Yes,No,0.0,376.0,Moderate,Inadequate,Inadequate,Advanced,0.0,6.0,129.7770022,634.0,dry
Mozambique,Nampula,-14.5845847,39.5901019,402.0,Yes,Borehole with hand pump,Afridev,Manually drilled,,,No,50.0,Water committee,1.0,,250.0,No,1.0,,,,,,,,,,,,,
Malawi,South,-16.29421248,35.0568273,55.0,Yes,Public tap / standpipe,,,Unprotected spring,Gravity Fed,Yes,17.0,Water committee,27.0,2.0,59.0,No,,Yes,Yes,1.0,150.0,Inadequate,Minimum,Inadequate,Moderate,0.0,4.0,2211.759422,1007.0,dry
Ethiopia,Tigray,14.03981667,38.76568,1997.2,Yes,Protected dug well with hand pump,Afridev,Hand-dug,,,No,80.0,Water committee,4.0,,450.0,No,35.0,Yes,Yes,0.0,321.0,Moderate,Moderate,Moderate,Moderate,1.0,7.0,2082.648498,601.0,dry
Malawi,South,-15.38416966,35.1772812,,Yes,Mechanized borehole,,Manually drilled,Borehole,Solar powered pump,No,20.0,Water committee,2.0,,100.0,No,,Yes,No,1.0,100.0,Moderate,Inadequate,Inadequate,Minimum,0.0,1.0,1117.140261,1007.0,dry
Mali,Koulikoro,14.0026619,-8.3320016,374.4689941,Yes,Borehole with hand pump,India Mark II,Manually drilled,,,No,200.0,Water committee,0.5,,800.0,Yes,3.0,,,,,,,,,,,,,
Nepal,Central,27.33218,85.88522,1470.0,Yes,Piped water into yard / plot,,,Protected spring,Gravity Fed,,1.0,Water committee,1.0,,6.0,No,,,,,,,,,,,,,,
Mali,Segou,13.373571,-4.3723537,322.0,Yes,Borehole with hand pump,India Mark II,Manually drilled,,,No,40.0,Water committee,4.0,,150.0,,,Yes,Yes,0.0,200.0,Inadequate,Minimum,Inadequate,Minimum,0.0,14.0,168.6816925,631.0,dry
Ethiopia,Tigray,12.76335833,39.865045,1915.3,Yes,Protected dug well with hand pump,Afridev,Hand-dug,,,Yes,120.0,Water committee,6.0,2.0,960.0,No,,Yes,Yes,0.0,320.0,Inadequate,Moderate,Inadequate,Moderate,1.0,6.0,391.0685076,601.0,wet
Ethiopia,Tigray,13.37793,39.11316667,1988.8,Yes,Protected dug well with hand pump,Afridev,Hand-dug,,,No,38.0,Water committee,8.0,,190.0,,,Yes,Yes,0.0,389.0,Inadequate,Minimum,Inadequate,Minimum,0.0,3.0,258.5351628,601.0,wet
Rwanda,Northern Province,-1.76273715,30.20724263,1606.0,Yes,Public tap / standpipe,,,Protected spring,Electric powered pump,No,20.0,Water committee,0.5,,100.0,No,,,,,,,,,,,,,,
Malawi,South,-16.34357925,34.78974743,107.0,Yes,Borehole with hand pump,Afridev,Drilled by machine,,,No,30.0,Water committee,2.0,,192.0,No,1.0,Yes,Yes,1.0,30.0,Moderate,Moderate,Moderate,Moderate,1.0,1.0,754.7236993,1007.0,dry
Niger,Dosso,12.9928188,2.847494,236.0,Yes,Borehole with hand pump,India Mark II,Manually drilled,,,No,39.0,Water committee,3.0,,350.0,No,3.0,Yes,No,1.0,40.0,Inadequate,Inadequate,Inadequate,Minimum,0.0,3.0,716.0118983,634.0,dry
India,West Bengal,21.80355431,88.29071253,-49.0,Yes,Borehole with hand pump,Vergnet,Drilled by machine,,,No,5.0,Water committee,3.0,,70.0,No,2.0,Yes,No,1.0,350.0,Moderate,Inadequate,Inadequate,Moderate,0.0,4.0,1204.793457,1439.0,dry
Mali,Koulikoro,14.2358458,-8.2628633,354.1520996,Yes,Borehole with hand pump,India Mark II,Manually drilled,,,No,45.0,Water committee,0.5,,220.0,No,23.0,,,,,,,,,,,,,
Rwanda,Northern Province,-1.699436379,29.90678116,1769.095376,Yes,Public tap / standpipe,,,Protected spring,Gravity Fed,Yes,40.0,Water committee,4.0,2.0,240.0,No,,No,No,0.0,121.0,,,,,999.0,4.0,2136.065815,1205.0,dry
Mozambique,Nampula,-14.5798213,39.5753542,394.0,Yes,Borehole with hand pump,Afridev,Manually drilled,,,No,230.0,Water committee,1.0,,1150.0,No,1.0,,,,,,,,,,,,,
Niger,Maradi,13.7394099,6.9947153,396.0,Yes,Public tap / standpipe,,,Borehole,Solar powered pump,No,31.0,Water committee,1.0,,223.0,No,,,,,,,,,,,,,,
Mali,Segou,13.2799258,-4.1649618,437.0,Yes,Borehole with hand pump,India Mark II,Manually drilled,,,No,35.0,Water committee,4.0,,400.0,No,,Yes,Yes,0.0,405.0,Moderate,Inadequate,Inadequate,Advanced,1.0,3.0,,631.0,dry
Mali,Segou,13.1333465,-4.7537903,312.0,Yes,Borehole with hand pump,India Mark II,Manually drilled,,,Yes,10.0,Water committee,,3.0,70.0,No,2.0,Yes,Yes,0.0,210.0,Inadequate,Inadequate,Inadequate,Minimum,0.0,3.0,211.2812173,631.0,dry
Ethiopia,Tigray,14.35064833,38.985785,1958.5,Yes,Protected dug well with hand pump,Afridev,Hand-dug,,,No,14.0,Water committee,8.0,,84.0,No,6.0,Yes,Yes,1.0,150.0,Moderate,Advanced,Advanced,Moderate,1.0,4.0,2392.076966,601.0,dry
Niger,Maradi,13.7163578,7.0998162,398.0,Yes,Public tap / standpipe,,,Borehole,Solar powered pump,No,37.0,Water committee,1.0,,259.0,No,,,,,,,,,,,,,,
Ethiopia,Tigray,14.05557667,38.656845,2058.7,Yes,Public tap / standpipe,,,Borehole,Solar powered pump,No,0.0,School,8.0,,,,,Yes,Yes,0.0,350.0,Moderate,Moderate,Moderate,Moderate,1.0,4.0,468.9680627,601.0,dry
Mozambique,Zambezia,-16.8637397,36.2339416,328.1626789,Yes,Borehole with hand pump,Afridev,Manually drilled,,,No,100.0,Water committee,4.0,,700.0,No,1.0,No,Yes,0.0,1150.0,,,,,999.0,15.0,142.1245246,1203.0,wet
Malawi,South,-16.10043562,34.65533707,133.0,Yes,Borehole with hand pump,Afridev,Drilled by machine,,,No,87.0,Water committee,6.0,,522.0,No,12.0,Yes,Yes,1.0,87.0,Inadequate,Moderate,Inadequate,Moderate,1.0,1.0,326.2687296,1007.0,dry
Nepal,Central,27.09446,86.14746,780.2443,Yes,Public tap / standpipe,,,Protected spring,Gravity Fed,,5.0,Water committee,1.0,,36.0,No,,,,,,,,,,,,,,
Mali,Segou,13.069167,-4.7638298,303.0,Yes,Public tap / standpipe,,,Borehole,Solar powered pump,No,20.0,Water committee,3.0,,100.0,Yes,,Yes,Yes,0.0,585.0,Minimum,Moderate,Minimum,Moderate,1.0,7.0,400.6471111,631.0,dry
Mozambique,Zambezia,-17.1132885,35.6385629,337.0,Yes,Borehole with hand pump,Afridev,Manually drilled,,,No,170.0,Water committee,4.0,,256.0,No,1.0,Yes,Yes,1.0,200.0,Minimum,Moderate,Minimum,Advanced,1.0,1.0,242.3533556,1203.0,wet
Niger,Maradi,13.7774177,6.8045717,375.0,Yes,Public tap / standpipe,,,Borehole,Solar powered pump,No,49.0,Water committee,1.0,,251.0,No,,,,,,,,,,,,,,
Ethiopia,Tigray,13.99724,39.00308,1993.5,Yes,Borehole with hand pump,Afridev,Manually drilled,,,No,263.0,Water committee,3.0,,1832.0,No,3.0,Yes,Yes,0.0,185.0,Moderate,Moderate,Minimum,Minimum,1.0,8.0,692.7927748,601.0,dry
Nepal,Central,27.30803,85.57446,583.5,Yes,Public tap / standpipe,,,Protected spring,Gravity Fed,,2.0,Water committee,3.0,,12.0,No,,Yes,Yes,1.0,61.0,Inadequate,Moderate,Inadequate,Moderate,1.0,5.0,54.45061916,1689.0,wet
Niger,Maradi,13.6983278,6.8960999,358.0,Yes,Borehole with hand pump,Hydro India,Manually drilled,,,Yes,60.0,Water committee,16.0,1.0,420.0,No,,,,,,,,,,,,,,
Rwanda,Northern Province,-1.82937659,30.22478155,1752.0,Yes,Public tap / standpipe,,,Protected spring,Electric powered pump,No,250.0,Water committee,0.5,,700.0,No,,,,,,,,,,,,,,
Malawi,North,-11.96844513,33.42679113,,Yes,Borehole with hand pump,Afridev,Manually drilled,,,No,50.0,Water committee,4.0,,250.0,Yes,1.0,Yes,Yes,0.0,72.0,Moderate,Moderate,Moderate,Moderate,1.0,2.0,323.3690461,1053.0,dry
Rwanda,Northern Province,-1.79412135,30.22949768,1813.0,Yes,Public tap / standpipe,,,Protected spring,Electric powered pump,No,90.0,Water committee,0.5,,550.0,No,,,,,,,,,,,,,,
India,Bihar,26.56705598,85.34732559,4.0,Yes,Borehole with hand pump,India Mark II,Drilled by machine,,,No,25.0,Water committee,1.0,,100.0,No,1.0,,,,,,,,,,,,,
Uganda,Eastern,0.4064643,33.7978061,1162.810619,Yes,Borehole with hand pump,U3,Manually drilled,,,Yes,700.0,Water committee,61.0,2.0,4000.0,No,2.0,Yes,No,1.0,1200.0,Minimum,Inadequate,Inadequate,Moderate,0.0,2.0,1982.110516,1483.0,wet
Malawi,Central,-15.02829,34.80399,,Yes,Borehole with hand pump,Afridev,Manually drilled,,,Yes,39.0,Water committee,11.0,1.0,150.0,No,1.0,,,,,,,,,,,,,
India,West Bengal,21.97921462,88.34411024,-160.0,Yes,Borehole with hand pump,India Mark II,Drilled by machine,,,No,40.0,Water committee,2.0,,220.0,No,1.0,Yes,Yes,1.0,40.0,Moderate,Moderate,Minimum,Minimum,1.0,1.0,4595.910889,1439.0,dry
Mali,Segou,13.1997838,-4.3086789,399.0,Yes,Borehole with hand pump,India Mark II,Manually drilled,,,Yes,20.0,Water committee,47.0,4.0,100.0,Yes,5.0,Yes,Yes,1.0,80.0,Minimum,Advanced,Minimum,Advanced,1.0,3.0,59.31317424,631.0,dry
Ethiopia,Tigray,14.02008667,39.444425,2422.9,Yes,Borehole with hand pump,Afridev,Manually drilled,,,No,30.0,Water committee,3.0,,178.0,No,8.0,Yes,Yes,1.0,230.0,Inadequate,Moderate,Inadequate,Advanced,1.0,6.0,572.6577517,601.0,wet
Ethiopia,Tigray,13.00404333,39.44015167,2697.4,Yes,Protected spring,,,,,Yes,94.0,Water committee,4.0,1.0,589.0,No,,Yes,No,0.0,158.0,Inadequate,Inadequate,Inadequate,Minimum,0.0,4.0,401.0638086,601.0,wet
Ethiopia,Tigray,14.38778833,37.91025,1322.3,Yes,Borehole with hand pump,Afridev,Manually drilled,,,Yes,110.0,Water committee,5.0,0.5,550.0,No,4.0,Yes,Yes,1.0,1021.0,Moderate,Moderate,Minimum,Minimum,1.0,11.0,69.18305908,601.0,dry
Nepal,Central,27.12248,86.2114,1123.0576,Yes,Public tap / standpipe,,,Protected spring,Gravity Fed,,3.0,Water committee,1.0,,19.0,No,,,,,,,,,,,,,,
Uganda,Eastern,0.5472941,33.9100456,1085.599976,Yes,Borehole with hand pump,India Mark II,Manually drilled,,,No,100.0,Water committee,1.0,,800.0,No,1.0,,,,,,,,,,,,,
India,Bihar,26.57824486,85.38259317,-4.0,Yes,Borehole with hand pump,India Mark II,Drilled by machine,,,No,20.0,Water committee,1.0,,80.0,No,1.0,,,,,,,,,,,,,
India,West Bengal,21.80602536,88.36829715,-47.0,Yes,Borehole with hand pump,Vergnet,Drilled by machine,,,Yes,20.0,Water committee,18.0,4.0,30.0,No,,Yes,No,1.0,50.0,Inadequate,Inadequate,Inadequate,Moderate,0.0,3.0,4888.090576,1439.0,dry
Ethiopia,Tigray,14.37629167,39.48998667,2376.8,Yes,Protected dug well with hand pump,Afridev,Hand-dug,,,No,90.0,Water committee,8.0,,470.0,No,2.0,Yes,No,0.0,400.0,Inadequate,Inadequate,Inadequate,Moderate,0.0,9.0,408.3805155,601.0,dry
Ethiopia,Tigray,13.93698833,39.610195,2466.0,Yes,Borehole with hand pump,Afridev,Manually drilled,,,No,150.0,Water committee,2.0,,528.0,No,3.0,Yes,Yes,1.0,350.0,Moderate,Moderate,Advanced,Advanced,1.0,7.0,623.3307159,601.0,dry
Ethiopia,Tigray,14.26309333,37.828815,1107.2,Yes,Borehole with hand pump,Afridev,Manually drilled,,,Yes,67.0,Water committee,5.0,1.0,390.0,No,,Yes,Yes,1.0,604.0,Minimum,Moderate,Minimum,Minimum,1.0,9.0,58.26889727,601.0,dry
Mozambique,Zambezia,-16.8201782,36.2426534,309.0,Yes,Borehole with hand pump,Afridev,Manually drilled,,,No,35.0,Water committee,4.0,,220.0,No,,Yes,Yes,0.0,67.0,Inadequate,Minimum,Inadequate,Moderate,0.0,7.0,119.4455671,1203.0,wet
Nepal,Central,27.27348,85.55098,165.8,Yes,Public tap / standpipe,,,Protected spring,Gravity Fed,,1.0,Water committee,2.0,,7.0,No,,Yes,No,0.0,82.0,Inadequate,Inadequate,Inadequate,Moderate,1.0,8.0,79.7369899,1689.0,wet
Ethiopia,Tigray,13.80145333,39.59682,2003.5,Yes,Borehole with hand pump,Afridev,Manually drilled,,,Yes,52.0,Water committee,5.0,2.0,321.0,No,3.0,Yes,Yes,0.0,3650.0,Advanced,Advanced,Advanced,Moderate,1.0,13.0,8894.580192,601.0,wet
Nepal,Central,27.07224,86.25122,510.6444,Yes,Public tap / standpipe,,,Protected spring,Gravity Fed,,2.0,Water committee,3.0,,12.0,No,,Yes,Yes,0.0,50.0,Moderate,Moderate,Moderate,Moderate,1.0,11.0,197.7946419,1689.0,wet
Mozambique,Zambezia,-17.2156585,36.2558081,183.0,Yes,Borehole with hand pump,Afridev,Manually drilled,,,No,50.0,Water committee,2.0,,400.0,No,1.0,Yes,Yes,1.0,50.0,Inadequate,Moderate,Inadequate,Moderate,1.0,1.0,42.45033652,1203.0,wet
Ethiopia,Tigray,13.71508333,38.784965,1990.3,Yes,Borehole with hand pump,Afridev,Manually drilled,,,No,150.0,Water committee,5.0,,607.0,No,,Yes,Yes,0.0,398.0,Moderate,Advanced,Minimum,Minimum,1.0,5.0,640.2077135,601.0,wet
Mali,Segou,13.0718198,-4.6450992,337.0,Yes,Public tap / standpipe,,,Borehole,Solar powered pump,No,31.0,Water committee,1.0,,155.0,Yes,,Yes,Yes,0.0,200.0,Minimum,Moderate,Minimum,Advanced,1.0,11.0,413.1813285,631.0,dry
Nepal,Central,27.29255,85.57036,325.7,Yes,Public tap / standpipe,,,Protected spring,Gravity Fed,,,Water committee,3.0,,,No,,Yes,Yes,1.0,61.0,Inadequate,Moderate,Inadequate,Moderate,1.0,5.0,81.67483423,1689.0,wet
Nepal,Central,27.12172,86.11544,387.4,Yes,Public tap / standpipe,,,Protected spring,Gravity Fed,,2.0,Water committee,2.0,,10.0,No,,Yes,Yes,1.0,99.0,Minimum,Minimum,Moderate,Moderate,1.0,10.0,267.869944,1689.0,wet
Niger,Dosso,12.4067705,2.8939652,194.0,Yes,Borehole with hand pump,Water4,Manually drilled,,,No,128.0,Water committee,3.0,,500.0,No,1.0,Yes,No,0.0,128.0,Inadequate,Inadequate,Inadequate,Minimum,0.0,9.0,299.9275463,634.0,dry
Uganda,Eastern,0.624785,33.8862507,1059.127074,Yes,Borehole with hand pump,India Mark II,Manually drilled,,,No,70.0,Water committee,0.5,,700.0,No,2.0,,,,,,,,,,,,,
Nepal,Central,27.27137,85.53761,234.0946,Yes,Piped water into yard / plot,,,Protected spring,Gravity Fed,,1.0,Water committee,1.0,,8.0,No,,,,,,,,,,,,,,
Niger,Dosso,12.9148215,2.9638951,210.0,Yes,Borehole with hand pump,India Mark II,Manually drilled,,,No,27.0,Water committee,3.0,,300.0,No,1.0,Yes,Yes,1.0,27.0,Inadequate,Moderate,Inadequate,Advanced,1.0,10.0,378.0376048,634.0,dry
Ethiopia,Tigray,14.17039333,37.94107833,1036.9,Yes,Protected dug well with hand pump,Afridev,Hand-dug,,,No,52.0,Water committee,4.0,,208.0,No,,Yes,Yes,1.0,282.0,Moderate,Moderate,Advanced,Advanced,1.0,3.0,172.6974333,601.0,dry
Malawi,South,-15.82388252,34.44899138,469.0,Yes,Borehole with hand pump,Afridev,Drilled by machine,,,No,21.0,Water committee,5.0,,107.0,No,2.0,Yes,Yes,1.0,92.0,Moderate,Moderate,Moderate,Moderate,1.0,3.0,342.8259641,1007.0,dry
Nepal,Central,27.67963,84.73195,715.0986,Yes,Public tap / standpipe,,,Protected spring,Gravity Fed,,3.0,Private person,1.0,,11.0,No,,,,,,,,,,,,,,
Niger,Dosso,12.9763385,2.8472311,233.0,Yes,Mechanized borehole,,Manually drilled,Borehole,Solar powered pump,No,140.0,Water committee,3.0,,1500.0,No,,Yes,Yes,0.0,153.0,Minimum,Moderate,Minimum,Minimum,1.0,6.0,812.4647449,634.0,dry
Nepal,Central,27.18447,86.11973,1008.5739,Yes,Piped water into yard / plot,,,Protected spring,Gravity Fed,,1.0,Water committee,1.0,,6.0,No,,,,,,,,,,,,,,
Niger,Maradi,13.7320244,6.9603663,386.0,Yes,Public tap / standpipe,,,Borehole,Solar powered pump,No,5.0,School,1.0,,323.0,No,,,,,,,,,,,,,,
Malawi,Central,-13.5760103,33.4741804,,Yes,Borehole with hand pump,Afridev,Manually drilled,,,No,27.0,Water committee,3.0,,165.0,Yes,1.0,Yes,Yes,0.0,27.0,Moderate,Minimum,Minimum,Moderate,0.0,2.0,714.7382665,959.0,dry
Nepal,Central,27.07372,86.30442,1156.2732,Yes,Public tap / standpipe,,,Protected spring,Gravity Fed,,1.0,Water committee,3.0,,6.0,No,,Yes,Yes,0.0,144.0,Minimum,Moderate,Moderate,Moderate,1.0,10.0,288.4881071,1689.0,wet
Ethiopia,Tigray,12.46585167,39.54697167,2313.4,Yes,Protected spring,,,,,No,50.0,Water committee,6.0,,350.0,No,,Yes,No,0.0,206.0,Inadequate,Inadequate,Inadequate,Inadequate,0.0,3.0,738.9290793,601.0,wet
India,Bihar,26.48212089,85.27824132,-4.0,Yes,Borehole with hand pump,India Mark II,Drilled by machine,,,No,20.0,Water committee,1.0,,80.0,No,1.0,,,,,,,,,,,,,
Nepal,Central,27.32025,85.84654,1020.4256,Yes,Piped water into yard / plot,,,Protected spring,Gravity Fed,,1.0,Water committee,1.0,,3.0,No,,,,,,,,,,,,,,
Malawi,South,-15.3659839,35.1752733,582.9320844,Yes,Borehole with hand pump,Afridev,Manually drilled,,,No,41.0,Water committee,3.0,,207.0,No,1.0,Yes,Yes,1.0,38.0,Moderate,Moderate,Minimum,Minimum,1.0,3.0,1026.400861,1007.0,dry
Niger,Dosso,12.9335721,2.7515346,250.0,Yes,Public tap / standpipe,,,Borehole,Solar powered pump,No,100.0,Water committee,3.0,,600.0,No,,Yes,Yes,0.0,473.0,Inadequate,Advanced,Inadequate,Minimum,1.0,8.0,461.2159736,634.0,dry
India,West Bengal,21.81782502,88.29565319,-54.0,Yes,Borehole with hand pump,Vergnet,Drilled by machine,,,Yes,50.0,Water committee,39.0,4.0,300.0,No,7.0,Yes,No,1.0,200.0,Inadequate,Inadequate,Inadequate,Minimum,0.0,20.0,1251.839905,1439.0,dry
Nepal,Central,27.06,86.24179,390.7,Yes,Public tap / standpipe,,,Protected spring,Gravity Fed,,2.0,Water committee,2.0,,15.0,No,,Yes,Yes,1.0,82.0,Inadequate,Moderate,Inadequate,Moderate,1.0,45.0,178.1976426,1689.0,dry
Nepal,Central,27.20052,86.31224,1304.2,Yes,Public tap / standpipe,,,Protected spring,Gravity Fed,,1.0,Water committee,4.0,,9.0,No,,Yes,Yes,1.0,61.0,Inadequate,Moderate,Inadequate,Moderate,1.0,6.0,114.5782561,1689.0,wet
India,West Bengal,21.94482774,88.34536536,-57.0,Yes,Borehole with hand pump,Afridev,Drilled by machine,,,No,25.0,Community leader,10.0,,200.0,No,1.0,No,Yes,1.0,32.0,,,,,999.0,2.0,1739.647644,1439.0,dry
Ethiopia,Tigray,14.09184,39.59993333,2543.9,Yes,Borehole with hand pump,Afridev,Manually drilled,,,No,110.0,Water committee,3.0,,630.0,No,22.0,,,,,,,,,,,575.6244707,601.0,wet
Rwanda,Northern Province,-1.661639828,30.06197126,1928.22912,Yes,Public tap / standpipe,,,Protected spring,Electric powered pump,No,100.0,Vendor,4.0,,500.0,No,,No,Yes,1.0,150.0,,,,,999.0,2.0,1082.816831,1205.0,wet
Ethiopia,Tigray,14.034975,37.85179167,1123.8,Yes,Borehole with hand pump,Afridev,Manually drilled,,,No,50.0,Water committee,1.0,,250.0,No,2.0,,,,,,,,,,,,,
Uganda,Eastern,0.3922991,33.7501422,1208.620288,Yes,Borehole with hand pump,U3,Manually drilled,,,No,36.0,Water committee,2.0,,216.0,No,2.0,Yes,No,1.0,96.0,Minimum,Inadequate,Inadequate,Moderate,1.0,3.0,1022.801404,1483.0,wet
Malawi,North,-11.8626329,33.5107694,1276.638859,Yes,Borehole with hand pump,Afridev,Manually drilled,,,No,50.0,Water committee,3.0,,300.0,Yes,2.0,,,,,,,,,,,522.3703265,1053.0,dry
Rwanda,Northern Province,-1.878130362,29.94338206,1368.001072,Yes,Public tap / standpipe,,,Protected spring,Gravity Fed,Yes,20.0,Vendor,12.0,5.0,110.0,No,,Yes,Yes,1.0,243.0,Moderate,Minimum,Minimum,Advanced,0.0,2.0,2329.377233,1205.0,wet
Uganda,Eastern,0.1954354,33.8786789,1145.900024,Yes,Borehole with hand pump,U3,Manually drilled,,,No,170.0,Water committee,2.0,,900.0,No,4.0,Yes,Yes,0.0,270.0,Inadequate,Minimum,Inadequate,Moderate,0.0,3.0,1572.99703,1286.0,wet
Ethiopia,Tigray,14.17175362,38.34108705,1981.0,Yes,Borehole with hand pump,Afridev,Manually drilled,,,No,42.0,Water committee,1.0,,210.0,No,5.0,,,,,,,,,,,,,
Mali,Segou,12.8047778,-4.6438642,325.0,Yes,Borehole with hand pump,India Mark II,Manually drilled,,,No,20.0,Water committee,4.0,,110.0,Yes,2.0,Yes,Yes,0.0,1081.0,Minimum,Advanced,Minimum,Advanced,1.0,12.0,210.6280918,631.0,dry
Mali,Segou,13.4725215,-4.1587526,352.0,Yes,Borehole with hand pump,India Mark II,Manually drilled,,,No,40.0,Water committee,4.0,,220.0,Yes,5.0,Yes,Yes,1.0,120.0,Minimum,Moderate,Minimum,Advanced,1.0,2.0,73.22192221,631.0,dry
Ethiopia,Tigray,14.02172,39.074865,1804.0,Yes,Borehole with hand pump,Afridev,Manually drilled,,,No,40.0,Water committee,3.0,,289.0,No,2.0,Yes,Yes,1.0,500.0,Moderate,Moderate,Moderate,Moderate,1.0,8.0,1489.861519,601.0,dry
Rwanda,Northern Province,-1.848811077,29.91630295,1656.917351,Yes,Public tap / standpipe,,,Protected spring,Gravity Fed,No,30.0,Vendor,3.0,,120.0,No,,Yes,Yes,1.0,142.0,Inadequate,Minimum,Inadequate,Moderate,0.0,2.0,1849.747753,1205.0,wet
Mozambique,Zambezia,-17.4133954,35.5223571,382.0,Yes,Borehole with hand pump,Afridev,Manually drilled,,,No,150.0,Water committee,3.0,,430.0,No,1.0,Yes,Yes,1.0,310.0,Inadequate,Minimum,Inadequate,Minimum,999.0,5.0,392.3616206,1203.0,wet
Malawi,South,-16.16251363,34.7547068,109.0,Yes,Borehole with hand pump,Afridev,Drilled by machine,,,Yes,45.0,Water committee,17.0,3.0,225.0,No,6.0,Yes,Yes,1.0,200.0,Moderate,Moderate,Advanced,Advanced,1.0,5.0,686.0075964,1007.0,dry
Malawi,Central,-15.00627,34.74555,,Yes,Borehole with hand pump,Afridev,Manually drilled,,,No,54.0,Water committee,1.0,,200.0,No,1.0,,,,,,,,,,,,,
Ethiopia,Tigray,13.94665167,39.44519667,2188.1,Yes,Protected dug well with hand pump,Afridev,Hand-dug,,,No,28.0,Water committee,4.0,,159.0,No,5.0,Yes,Yes,1.0,352.0,Advanced,Advanced,Advanced,Moderate,1.0,6.0,1176.581262,601.0,wet
Rwanda,Northern Province,-1.61335796,29.99441957,2215.0,Yes,Public tap / standpipe,,,Protected spring,Electric powered pump,No,80.0,Water committee,0.5,,456.0,No,,,,,,,,,,,,,,
Malawi,South,-15.34605221,35.15456825,,Yes,Borehole with hand pump,Afridev,Manually drilled,,,No,50.0,Water committee,3.0,,250.0,No,1.0,Yes,Yes,0.0,42.0,Moderate,Minimum,Minimum,Advanced,0.0,2.0,1018.408784,1007.0,dry
Niger,Maradi,13.7131094,7.0569596,395.0,Yes,Borehole with hand pump,Vergnet Hydro,Manually drilled,,,No,,Community leader,1.0,,,No,95.0,,,,,,,,,,,,,
Niger,Dosso,13.0809256,2.7756741,269.0,Yes,Borehole with hand pump,Hydro India,Manually drilled,,,No,112.0,Water committee,3.0,,560.0,No,,Yes,Yes,0.0,320.0,Moderate,Moderate,Advanced,Advanced,1.0,4.0,195.9795166,634.0,dry
Malawi,South,-16.414623,34.8660515,122.0,Yes,Borehole with hand pump,Afridev,Drilled by machine,,,Yes,220.0,Water committee,26.0,2.0,1200.0,No,3.0,Yes,Yes,1.0,220.0,Moderate,Moderate,Advanced,Advanced,1.0,1.0,1807.791146,1007.0,dry
Mali,Segou,13.0698868,-4.6438524,333.0,Yes,Public tap / standpipe,,,Borehole,Solar powered pump,No,43.0,Water committee,1.0,,215.0,Yes,,Yes,Yes,0.0,200.0,Minimum,Moderate,Minimum,Advanced,1.0,11.0,236.4596415,631.0,dry
Nepal,Central,27.07333,86.28034,864.9284,Yes,Public tap / standpipe,,,Protected spring,Gravity Fed,,2.0,Water committee,4.0,,20.0,No,,Yes,Yes,0.0,69.0,Moderate,Moderate,Moderate,Moderate,1.0,10.0,163.63324,1689.0,wet
Mozambique,Zambezia,-17.2049883,36.2834781,180.0,Yes,Borehole with hand pump,Afridev,Manually drilled,,,Yes,47.0,Water committee,2.0,1.0,329.0,No,1.0,No,Yes,0.0,47.0,,,,,999.0,2.0,42.07184202,1203.0,wet
Nepal,Central,27.0967,86.10346,434.6113,Yes,Public tap / standpipe,,,Protected spring,Gravity Fed,,7.0,Water committee,1.0,,27.0,No,,,,,,,,,,,,,,
Mozambique,Nampula,-14.4237622,39.8251371,311.0,Yes,Borehole with hand pump,Afridev,Manually drilled,,,No,59.0,Water committee,1.0,,267.0,No,3.0,,,,,,,,,,,,,
Mozambique,Nampula,-14.3810979,39.9062621,301.0,Yes,Borehole with hand pump,Afridev,Manually drilled,,,No,30.0,Water committee,0.5,,150.0,No,1.0,,,,,,,,,,,,,
Ethiopia,Tigray,12.598515,39.45180167,2790.5,Yes,Protected dug well with hand pump,Afridev,Hand-dug,,,No,35.0,Water committee,7.0,,70.0,No,,Yes,Yes,0.0,300.0,Moderate,Moderate,Minimum,Minimum,1.0,6.0,1493.130309,601.0,wet
India,West Bengal,21.97459606,88.32800529,-23.0,Yes,Borehole with hand pump,Afridev,Drilled by machine,,,No,55.0,Water committee,10.0,,250.0,No,2.0,Yes,Yes,1.0,62.0,Inadequate,Minimum,Inadequate,Minimum,0.0,6.0,3140.232788,1439.0,dry
Nepal,Central,27.36533,85.74007,1106.4248,Yes,Public tap / standpipe,,,Protected spring,Gravity Fed,,2.0,Water committee,1.0,,15.0,No,,,,,,,,,,,,,,
Niger,Maradi,13.7364295,6.9833192,388.0,Yes,Public tap / standpipe,,,Borehole,Solar powered pump,No,25.0,Water committee,0.5,,120.0,No,,,,,,,,,,,,,,
Uganda,Eastern,0.6014714,33.8795757,1097.008077,Yes,Borehole with hand pump,U3,Manually drilled,,,No,30.0,Water committee,1.0,,320.0,No,1.0,,,,,,,,,,,,,
Nepal,Central,27.2404,86.15704,599.6,Yes,Public tap / standpipe,,,Protected spring,Gravity Fed,,1.0,Water committee,3.0,,4.0,No,,Yes,Yes,1.0,82.0,Moderate,Minimum,Moderate,Moderate,1.0,6.0,533.8806854,1689.0,wet
Nepal,Central,27.36553,85.74347,1073.4628,Yes,Piped water into yard / plot,,,Protected spring,Gravity Fed,,1.0,Water committee,1.0,,10.0,No,,,,,,,,,,,,,,
Nepal,Central,27.3096,85.54306,750.9229,Yes,Public tap / standpipe,,,Protected spring,Gravity Fed,,2.0,Water committee,1.0,,10.0,No,,,,,,,,,,,,,,
Niger,Dosso,12.712977,2.9428579,205.0,Yes,Borehole with hand pump,India Mark II,Manually drilled,,,No,41.0,Water committee,3.0,,800.0,No,4.0,Yes,No,0.0,41.0,Inadequate,Inadequate,Inadequate,Minimum,0.0,9.0,325.5926281,634.0,dry
India,West Bengal,21.79051857,88.33618499,-45.0,Yes,Borehole with hand pump,Vergnet,Drilled by machine,,,No,35.0,Water committee,3.0,,250.0,No,1.0,Yes,Yes,1.0,35.0,Inadequate,Minimum,Inadequate,Minimum,0.0,3.0,5168.585938,1439.0,dry
Mali,Segou,13.4723895,-4.1551222,357.0,Yes,Borehole with hand pump,India Mark II,Manually drilled,,,No,100.0,Water committee,4.0,,300.0,Yes,7.0,Yes,Yes,1.0,120.0,Minimum,Moderate,Minimum,Advanced,1.0,2.0,152.2744483,631.0,dry
Nepal,Central,27.20771,86.32953,456.1,Yes,Public tap / standpipe,,,Protected spring,Gravity Fed,,2.0,Water committee,4.0,,7.0,No,,Yes,Yes,0.0,151.0,Inadequate,Moderate,Inadequate,Moderate,1.0,10.0,136.3804914,1689.0,wet
Nepal,Central,27.27218,85.54867,146.9,Yes,Public tap / standpipe,,,Protected spring,Gravity Fed,,7.0,Water committee,2.0,,40.0,No,,Yes,No,0.0,82.0,Inadequate,Inadequate,Inadequate,Moderate,1.0,8.0,149.2126821,1689.0,wet
Mozambique,Nampula,-14.6023333,39.7115674,324.0,Yes,Borehole with hand pump,Afridev,Manually drilled,,,No,,Water committee,1.0,,350.0,No,2.0,,,,,,,,,,,,,
Malawi,South,-16.50185,34.89117,116.13,Yes,Borehole with hand pump,Afridev,Manually drilled,,,,76.0,Water committee,1.0,,380.0,No,,,,,,,,,,,,,,
Rwanda,Northern Province,-1.78701571,30.06787008,1691.023105,Yes,Public tap / standpipe,,,Protected spring,Electric powered pump,No,50.0,Vendor,2.0,,2500.0,No,,Yes,Yes,1.0,450.0,Inadequate,Minimum,Inadequate,Minimum,0.0,3.0,3037.496177,1205.0,wet
Ethiopia,Tigray,13.93865365,38.22987193,1762.0,Yes,Protected spring,,,,,No,78.0,No one,0.5,,390.0,No,,,,,,,,,,,,,,
Mali,Segou,,,,Yes,Borehole with hand pump,India Mark II,Manually drilled,,,Yes,150.0,Water committee,35.0,4.0,700.0,Yes,4.0,Yes,Yes,1.0,240.0,Inadequate,Inadequate,Inadequate,Advanced,0.0,3.0,,631.0,dry
Nepal,Central,27.17199,86.1228,775.1,Yes,Public tap / standpipe,,,Protected spring,Gravity Fed,,4.0,Water committee,3.0,,25.0,No,,Yes,Yes,1.0,140.0,Moderate,Moderate,Moderate,Moderate,1.0,13.0,315.9092155,1689.0,wet
Ethiopia,Tigray,13.54076,39.05583,1591.2,Yes,Protected dug well with hand pump,Afridev,Hand-dug,,,No,80.0,Water committee,4.0,,480.0,Yes,,Yes,Yes,0.0,750.0,Moderate,Advanced,Minimum,Minimum,1.0,5.0,1238.958519,601.0,wet
Ethiopia,Tigray,13.99601667,37.822215,1081.2,Yes,Borehole with hand pump,Afridev,Manually drilled,,,No,102.0,Water committee,3.0,,408.0,No,2.0,Yes,Yes,1.0,300.0,Moderate,Advanced,Minimum,Minimum,1.0,3.0,288.9531602,601.0,dry
Rwanda,Northern Province,-1.80216346,30.25979874,1594.0,Yes,Public tap / standpipe,,,Protected spring,Gravity Fed,No,60.0,Private person,1.0,,300.0,No,,,,,,,,,,,,,,
Ethiopia,Tigray,13.95807667,39.55379667,2151.4,Yes,Borehole with hand pump,Afridev,Manually drilled,,,No,120.0,Water committee,3.0,,750.0,No,,Yes,Yes,0.0,500.0,Moderate,Moderate,Moderate,Moderate,1.0,7.0,490.5155791,601.0,wet
Malawi,North,-11.96661364,33.4572342,,Yes,Borehole with hand pump,Afridev,Manually drilled,,,No,37.0,Water committee,3.0,,185.0,No,1.0,Yes,Yes,1.0,91.0,Moderate,Moderate,Minimum,Minimum,1.0,4.0,399.74652,1053.0,dry
India,West Bengal,21.7144558,88.43557183,-51.0,Yes,Borehole with hand pump,India Mark II,Drilled by machine,,,Yes,100.0,Community leader,4.0,2.0,500.0,No,1.0,No,Yes,1.0,100.0,,,,,999.0,1.0,1001.378601,1439.0,dry
Niger,Dosso,12.843923,2.8564268,231.0,Yes,Borehole with hand pump,India Mark II,Manually drilled,,,No,35.0,Water committee,3.0,,100.0,No,7.0,Yes,Yes,1.0,35.0,Inadequate,Moderate,Inadequate,Minimum,1.0,2.0,433.4818408,634.0,dry
India,Bihar,26.52237266,85.38290658,2.0,Yes,Borehole with hand pump,India Mark II,Drilled by machine,,,No,0.0,School,1.0,,,No,1.0,,,,,,,,,,,,,
Ethiopia,Tigray,14.16375333,38.19408,1645.0,Yes,Protected dug well with hand pump,Afridev,Hand-dug,,,No,120.0,Water committee,7.0,,620.0,No,3.0,Yes,Yes,0.0,360.0,Moderate,Advanced,Advanced,Moderate,1.0,15.0,135.7207306,601.0,dry
Ethiopia,Tigray,13.776705,39.33741333,1948.8,Yes,Borehole with hand pump,Afridev,Manually drilled,,,No,90.0,Water committee,4.0,,360.0,,,Yes,Yes,0.0,450.0,Moderate,Moderate,Moderate,Moderate,1.0,10.0,752.8754504,601.0,dry
Rwanda,Northern Province,-1.829699449,30.05902339,1789.997476,Yes,Public tap / standpipe,,,Protected spring,Electric powered pump,Yes,182.0,Water committee,36.0,2.0,1456.0,No,,Yes,Yes,1.0,278.0,Minimum,Minimum,Minimum,Advanced,0.0,2.0,3290.345221,1205.0,wet
Uganda,Eastern,0.5062498,33.7535444,1192.800049,Yes,Borehole with hand pump,U3,Manually drilled,,,No,50.0,Water committee,2.0,,300.0,No,1.0,Yes,Yes,0.0,350.0,Moderate,Moderate,Moderate,Moderate,1.0,4.0,1959.192906,1483.0,wet
Ethiopia,Tigray,14.14466833,39.02054833,2012.2,Yes,Protected dug well with hand pump,Afridev,Hand-dug,,,No,150.0,Water committee,8.0,,632.0,,,Yes,Yes,0.0,500.0,Moderate,Moderate,Moderate,Moderate,1.0,5.0,428.4689124,601.0,dry
Malawi,Central,-13.67564947,33.45693916,,Yes,Borehole with hand pump,Afridev,Manually drilled,,,Yes,41.0,Water committee,20.0,2.0,205.0,No,1.0,Yes,Yes,0.0,36.0,Moderate,Moderate,Advanced,Advanced,1.0,2.0,461.1023442,959.0,dry
Niger,Dosso,12.973265,2.9008544,234.0,Yes,Borehole with hand pump,Water4,Manually drilled,,,No,50.0,Community leader,3.0,,,No,,Yes,Yes,0.0,200.0,Inadequate,Moderate,Inadequate,Advanced,1.0,1.0,581.5774702,634.0,dry
Malawi,South,-16.32682827,35.08026252,75.0,Yes,Public tap / standpipe,,,Unprotected spring,Gravity Fed,Yes,216.0,Water committee,,1.0,1186.0,No,,Yes,Yes,0.0,216.0,Inadequate,Minimum,Inadequate,Moderate,0.0,4.0,1157.462639,1007.0,dry
Mali,Segou,13.1062218,-4.4453025,339.0,Yes,Public tap / standpipe,,,Borehole,Solar powered pump,No,40.0,Water committee,3.0,,200.0,Yes,,Yes,Yes,0.0,220.0,Moderate,Moderate,Moderate,Moderate,1.0,6.0,593.4679619,631.0,dry
Uganda,Eastern,0.5212619,33.924128,1087.47144,Yes,Borehole with hand pump,U3,Manually drilled,,,Yes,400.0,Water committee,6.0,1.0,1500.0,No,1.0,,,,,,,,,,,,,
Malawi,South,-15.96934265,34.44538817,204.0,Yes,Borehole with hand pump,Afridev,Drilled by machine,,,No,123.0,Water committee,4.0,,738.0,No,6.0,Yes,Yes,1.0,123.0,Moderate,Moderate,Moderate,Moderate,1.0,2.0,684.3333653,1007.0,dry
Uganda,Eastern,0.4943993,33.8175784,1123.127713,Yes,Borehole with hand pump,India Mark II,Manually drilled,,,No,100.0,Water committee,1.0,,600.0,No,1.0,,,,,,,,,,,,,
Niger,Dosso,12.9175276,2.9312803,208.0,Yes,Borehole with hand pump,Water4,Manually drilled,,,No,37.0,Water committee,3.0,,245.0,No,1.0,Yes,Yes,0.0,71.0,Moderate,Moderate,Advanced,Advanced,1.0,4.0,681.9564368,634.0,dry
Nepal,Central,27.24692,86.13514,645.9,Yes,Public tap / standpipe,,,Protected spring,Gravity Fed,,2.0,Private person,3.0,,15.0,No,,Yes,Yes,0.0,84.0,Moderate,Moderate,Moderate,Moderate,1.0,5.0,730.1542044,1689.0,wet
Nepal,Central,27.29162,85.52893,236.525,Yes,Public tap / standpipe,,,Protected spring,Gravity Fed,,2.0,Water committee,1.0,,23.0,No,,,,,,,,,,,,,,
Uganda,Eastern,0.5374998,33.9309244,1103.551181,Yes,Borehole with hand pump,India Mark II,Manually drilled,,,No,100.0,Water committee,1.0,,400.0,No,1.0,,,,,,,,,,,,,
Uganda,Eastern,0.2482037,33.7696556,1150.646093,Yes,Borehole with hand pump,U3,Manually drilled,,,Yes,50.0,Water committee,4.0,2.0,350.0,No,1.0,Yes,Yes,0.0,150.0,Inadequate,Minimum,Inadequate,Moderate,1.0,3.0,1888.55924,1286.0,wet
Nepal,Central,27.28284,85.5823,357.5,Yes,Public tap / standpipe,,,Protected spring,Gravity Fed,,1.0,Water committee,3.0,,13.0,Yes,,Yes,Yes,1.0,50.0,Moderate,Moderate,Moderate,Moderate,1.0,12.0,31.78126798,1689.0,wet
Ethiopia,Tigray,13.60718167,37.29538333,2247.9,Yes,Protected dug well with hand pump,Afridev,Hand-dug,,,No,39.0,District/local government,1.0,,206.0,No,4.0,,,,,,,,,,,,,
Niger,Maradi,13.7328408,6.9600559,382.0,Yes,Public tap / standpipe,,,Borehole,Solar powered pump,No,27.0,Water committee,1.0,,191.0,No,,,,,,,,,,,,,,
Nepal,Central,27.06629,86.28391,711.5,Yes,Public tap / standpipe,,,Protected spring,Gravity Fed,,4.0,Water committee,3.0,,24.0,No,,Yes,Yes,0.0,75.0,Moderate,Moderate,Moderate,Moderate,1.0,3.0,227.4305781,1689.0,wet
Mozambique,Nampula,-14.4573721,39.8287544,330.0,Yes,Borehole with hand pump,Afridev,Manually drilled,,,No,52.0,Water committee,1.0,,300.0,No,1.0,,,,,,,,,,,,,
Niger,Dosso,12.6678213,2.9684501,206.0,Yes,Borehole with hand pump,Water4,Manually drilled,,,No,90.0,Water committee,3.0,,700.0,No,2.0,Yes,No,1.0,24.0,Minimum,Inadequate,Inadequate,Minimum,0.0,3.0,510.1660026,634.0,dry
Rwanda,Northern Province,-1.79053888,30.21983937,1836.0,Yes,Public tap / standpipe,,,Protected spring,Electric powered pump,No,120.0,Water committee,0.5,,310.0,No,,,,,,,,,,,,,,
Uganda,Eastern,0.5262208,33.8466118,1073.903809,Yes,Borehole with hand pump,U3,Manually drilled,,,No,200.0,Water committee,1.0,,600.0,No,1.0,,,,,,,,,,,,,
Nepal,Central,27.14167,86.1687,641.0,Yes,Public tap / standpipe,,,Protected spring,Gravity Fed,,1.0,Water committee,2.0,,6.0,No,,Yes,Yes,1.0,62.0,Minimum,Moderate,Moderate,Moderate,1.0,12.0,174.436442,1689.0,wet
India,West Bengal,21.74751383,88.30978067,-58.0,Yes,Borehole with hand pump,Vergnet,Drilled by machine,,,Yes,20.0,Private person,9.0,3.0,40.0,No,1.0,Yes,Yes,1.0,150.0,Inadequate,Minimum,Inadequate,Minimum,0.0,4.0,2487.041443,1439.0,dry
Mozambique,Zambezia,,,,Yes,Borehole with hand pump,Afridev,Manually drilled,,,No,67.0,Water committee,4.0,,300.0,No,1.0,Yes,Yes,1.0,67.0,Moderate,Moderate,Advanced,Advanced,1.0,1.0,,1203.0,wet
Ethiopia,Tigray,14.049365,38.96726,1669.3,Yes,Unprotected spring,,,,,No,130.0,No one,6.0,,650.0,No,,Yes,No,0.0,470.0,Moderate,Inadequate,Inadequate,Moderate,0.0,5.0,562.7050432,601.0,dry
Nepal,Western,28.32191,83.0964,1724.5856,Yes,Public tap / standpipe,,,Protected spring,Gravity Fed,,4.0,Water committee,1.0,,22.0,No,,,,,,,,,,,,,,
Uganda,Eastern,0.2522806,33.8377261,1140.199951,Yes,Borehole with hand pump,U3,Manually drilled,,,No,336.0,Water committee,2.0,,2015.0,No,16.0,Yes,Yes,1.0,336.0,Minimum,Minimum,Moderate,Moderate,1.0,5.0,1955.408943,1286.0,wet
Uganda,Eastern,0.45612,33.732155,1157.015781,Yes,Borehole with hand pump,U3,Manually drilled,,,No,50.0,Water committee,2.0,,300.0,Yes,1.0,Yes,Yes,1.0,75.0,Inadequate,Minimum,Inadequate,Moderate,1.0,3.0,1674.601649,1483.0,wet
Nepal,Central,27.10426,86.21718,969.8102,Yes,Piped water into yard / plot,,,Protected spring,Gravity Fed,,1.0,Water committee,1.0,,8.0,No,,,,,,,,,,,,,,
Niger,Dosso,12.7997937,2.6832139,246.0,Yes,Public tap / standpipe,,,Borehole,Solar powered pump,No,40.0,Water committee,3.0,,250.0,No,,Yes,Yes,1.0,1002.0,Inadequate,Moderate,Inadequate,Minimum,1.0,7.0,133.9436107,634.0,dry
Ethiopia,Tigray,13.211795,39.10200333,1887.3,Yes,Protected dug well with hand pump,Afridev,Hand-dug,,,No,122.0,Water committee,3.0,,672.0,No,15.0,Yes,Yes,1.0,500.0,Moderate,Moderate,Moderate,Moderate,1.0,4.0,428.0077703,601.0,wet
Malawi,North,-11.9778048,33.5484657,1374.439645,Yes,Borehole with hand pump,Afridev,Manually drilled,,,No,15.0,Water committee,3.0,,75.0,Yes,1.0,,,,,,,,,,,266.800709,1053.0,dry
India,Bihar,26.39809741,85.28338998,-5.0,Yes,Borehole with hand pump,India Mark II,Drilled by machine,,,No,30.0,Water committee,1.0,,120.0,No,1.0,,,,,,,,,,,,,
Ethiopia,Tigray,13.7296,38.883585,4493.7,Yes,Protected dug well with hand pump,Afridev,Hand-dug,,,No,150.0,Water committee,4.0,,950.0,No,4.0,Yes,Yes,0.0,280.0,Moderate,Moderate,Moderate,Moderate,1.0,7.0,224.6573669,601.0,wet
Uganda,Eastern,0.5177292,33.8522106,1106.265176,Yes,Borehole with hand pump,U3,Manually drilled,,,No,88.0,Water committee,1.0,,564.0,No,1.0,,,,,,,,,,,,,
Nepal,Central,27.06848,86.26902,759.2,Yes,Public tap / standpipe,,,Protected spring,Gravity Fed,,1.0,Water committee,3.0,,5.0,No,,Yes,Yes,0.0,75.0,Moderate,Moderate,Moderate,Moderate,1.0,3.0,238.5504857,1689.0,wet
Nepal,Central,27.06863,86.274,626.7,Yes,Public tap / standpipe,,,Protected spring,Gravity Fed,,3.0,Water committee,3.0,,13.0,No,,Yes,Yes,0.0,75.0,Moderate,Moderate,Moderate,Moderate,1.0,3.0,112.3722688,1689.0,wet
Malawi,South,-15.3525082,35.16768426,,Yes,Borehole with hand pump,Afridev,Manually drilled,,,Yes,63.0,Water committee,19.0,3.0,315.0,Yes,3.0,Yes,Yes,1.0,56.0,Moderate,Moderate,Minimum,Minimum,1.0,1.0,863.5088561,1007.0,dry
Uganda,Eastern,0.5760878,33.9444215,1077.571177,Yes,Borehole with hand pump,India Mark II,Manually drilled,,,No,45.0,Water committee,1.0,,450.0,No,1.0,,,,,,,,,,,,,
India,West Bengal,21.75149858,88.08848297,-35.0,Yes,Borehole with hand pump,Afridev,Drilled by machine,,,Yes,200.0,Water committee,18.0,3.0,1000.0,No,1.0,Yes,No,1.0,200.0,Moderate,Inadequate,Inadequate,Moderate,0.0,2.0,2043.302429,1439.0,dry
Malawi,South,-16.44213,34.76029,187.0,Yes,Borehole with hand pump,Afridev,Manually drilled,,,,120.0,Water committee,1.0,,600.0,No,,,,,,,,,,,,,,
Nepal,Central,27.09644,86.21664,894.4796,Yes,Piped water into yard / plot,,,Protected spring,Gravity Fed,,1.0,Water committee,1.0,,4.0,No,,,,,,,,,,,,,,
Ethiopia,Tigray,14.11780333,39.15181833,2114.7,Yes,Protected dug well with hand pump,Afridev,Hand-dug,,,No,32.0,Water committee,4.0,,182.0,No,2.0,Yes,Yes,1.0,280.0,Moderate,Moderate,Moderate,Moderate,1.0,5.0,270.1388973,601.0,dry
Nepal,Central,27.35284,85.73392,901.7453,Yes,Public tap / standpipe,,,Protected spring,Gravity Fed,,4.0,Water committee,1.0,,33.0,No,,,,,,,,,,,,,,
Ethiopia,Tigray,14.26415167,39.49381833,2386.8,Yes,Borehole with hand pump,Afridev,Manually drilled,,,Yes,73.0,Water committee,4.0,1.0,512.0,No,2.0,Yes,Yes,1.0,700.0,Moderate,Moderate,Advanced,Advanced,1.0,4.0,434.3440668,601.0,dry
Mali,Segou,12.7563958,-4.4436174,383.0,Yes,Borehole with hand pump,India Mark II,Manually drilled,,,Yes,66.0,Water committee,43.0,3.0,800.0,Yes,1.0,Yes,Yes,0.0,77.0,Inadequate,Moderate,Inadequate,Minimum,1.0,4.0,101.851487,631.0,dry
Niger,Dosso,12.6195889,2.851552,198.0,Yes,Borehole with hand pump,Water4,Manually drilled,,,No,,Water committee,3.0,,20.0,No,1.0,Yes,No,1.0,120.0,Moderate,Inadequate,Inadequate,Minimum,1.0,4.0,651.6677666,634.0,dry
Ethiopia,Tigray,13.32757833,39.10797667,1719.1,Yes,Borehole with hand pump,Afridev,Manually drilled,,,No,120.0,Water committee,5.0,,500.0,,,Yes,Yes,0.0,600.0,Moderate,Moderate,Minimum,Minimum,1.0,7.0,382.5377185,601.0,dry
Mozambique,Zambezia,,,,Yes,Borehole with hand pump,Afridev,Manually drilled,,,No,45.0,Water committee,2.0,,350.0,No,17.0,Yes,Yes,1.0,65.0,Inadequate,Moderate,Inadequate,Inadequate,1.0,1.0,,1203.0,wet
Uganda,Eastern,0.2220052,33.8537585,1148.863481,Yes,Borehole with hand pump,U3,Manually drilled,,,Yes,140.0,Water committee,6.0,2.0,1200.0,No,1.0,Yes,Yes,0.0,140.0,Minimum,Moderate,Moderate,Moderate,1.0,3.0,2148.728948,1286.0,wet
Mali,Koulikoro,13.7566824,-8.1874212,370.5230103,Yes,Borehole with hand pump,India Mark II,Manually drilled,,,No,101.0,Water committee,0.5,,500.0,No,1.0,,,,,,,,,,,,,
Malawi,North,-11.93288891,33.46520573,,Yes,Borehole with hand pump,Afridev,Manually drilled,,,No,48.0,Water committee,5.0,,250.0,No,1.0,Yes,Yes,1.0,95.0,Moderate,Moderate,Moderate,Moderate,1.0,3.0,832.621513,1053.0,dry
Nepal,Central,27.1846,86.33965,1431.3,Yes,Public tap / standpipe,,,Protected spring,Gravity Fed,,3.0,Water committee,4.0,,14.0,No,,Yes,No,0.0,97.0,Inadequate,Inadequate,Inadequate,Inadequate,1.0,8.0,169.3801412,1689.0,wet
Uganda,Eastern,0.3055791,33.8005419,1137.900024,Yes,Borehole with hand pump,U3,Manually drilled,,,No,50.0,Water committee,1.0,,350.0,No,2.0,,,,,,,,,,,,,
Nepal,Western,28.32045,83.09627,1921.8795,Yes,Public tap / standpipe,,,Protected spring,Gravity Fed,,4.0,Water committee,1.0,,26.0,No,,,,,,,,,,,,,,
Rwanda,Northern Province,-1.81913956,30.23707301,1754.0,Yes,Public tap / standpipe,,,Protected spring,Electric powered pump,No,110.0,Water committee,0.5,,227.0,No,,,,,,,,,,,,,,
Nepal,Central,27.11031,86.20641,769.4,Yes,Public tap / standpipe,,,Protected spring,Gravity Fed,,2.0,Water committee,4.0,,11.0,No,,Yes,Yes,1.0,70.0,Inadequate,Moderate,Inadequate,Moderate,1.0,6.0,248.0136313,1689.0,dry
Malawi,South,-16.06421645,34.90678637,175.0,Yes,Borehole with hand pump,Afridev,Drilled by machine,,,No,22.0,Water committee,3.0,,110.0,No,2.0,Yes,Yes,1.0,102.0,Inadequate,Moderate,Inadequate,Advanced,1.0,3.0,795.6570396,1007.0,dry
Mali,Segou,13.5999502,-4.5934037,310.0,Yes,Public tap / standpipe,,,Borehole,Solar powered pump,No,30.0,Water committee,4.0,,60.0,No,,Yes,Yes,0.0,350.0,Moderate,Moderate,Advanced,Advanced,1.0,16.0,432.5585388,631.0,dry
Nepal,Western,28.35729,83.10286,1611.4483,Yes,Public tap / standpipe,,,Protected spring,Gravity Fed,,2.0,Water committee,1.0,,11.0,No,,,,,,,,,,,,,,
Malawi,South,-15.3099831,35.1024517,,Yes,Borehole with hand pump,Afridev,Manually drilled,,,No,52.0,Water committee,4.0,,260.0,No,2.0,Yes,No,1.0,180.0,Moderate,Inadequate,Inadequate,Moderate,0.0,2.0,326.5733625,1007.0,dry
Nepal,Central,27.373,85.70831,1527.7787,Yes,Public tap / standpipe,,,Protected spring,Gravity Fed,,4.0,Water committee,1.0,,30.0,No,,,,,,,,,,,,,,
Nepal,Central,27.08954,86.1951,930.6,Yes,Public tap / standpipe,,,Protected spring,Gravity Fed,,4.0,Water committee,3.0,,19.0,No,,Yes,Yes,1.0,85.0,Moderate,Moderate,Moderate,Moderate,1.0,15.0,407.0123794,1689.0,dry
Ethiopia,Tigray,13.43212167,38.96160667,1562.0,Yes,Borehole with hand pump,Afridev,Manually drilled,,,Yes,0.0,School,5.0,1.0,,No,3.0,,,,,,,,,,,607.3806113,601.0,wet
Rwanda,Northern Province,-1.80924997,30.26921444,1548.0,Yes,Public tap / standpipe,,,Protected spring,Gravity Fed,No,50.0,Private person,0.5,,250.0,No,,,,,,,,,,,,,,
Rwanda,Northern Province,-1.79222131,30.19782359,1655.0,Yes,Public tap / standpipe,,,Protected spring,Electric powered pump,No,165.0,Water committee,0.5,,280.0,No,,,,,,,,,,,,,,
Mozambique,Nampula,-14.3771048,39.9059876,293.0,Yes,Borehole with hand pump,Afridev,Manually drilled,,,No,102.0,Water committee,1.0,,475.0,No,2.0,,,,,,,,,,,,,
Malawi,South,-16.08200172,34.57483225,148.0,Yes,Borehole with hand pump,Afridev,Drilled by machine,,,No,106.0,Water committee,4.0,,636.0,No,4.0,Yes,Yes,1.0,106.0,Moderate,Moderate,Moderate,Moderate,1.0,2.0,1537.171041,1007.0,dry
Mali,Segou,13.3115257,-4.3891692,324.0,Yes,Borehole with hand pump,India Mark II,Manually drilled,,,No,80.0,Water committee,4.0,,310.0,Yes,11.0,Yes,Yes,1.0,80.0,Moderate,Inadequate,Inadequate,Advanced,1.0,2.0,213.8061478,631.0,dry
Nepal,Central,27.05783,86.32408,912.3,Yes,Public tap / standpipe,,,Protected spring,Gravity Fed,,2.0,Water committee,3.0,,10.0,No,,Yes,Yes,0.0,88.0,Moderate,Moderate,Moderate,Moderate,1.0,8.0,270.3740798,1689.0,wet
India,Bihar,26.46175289,85.33576046,-13.0,Yes,Borehole with hand pump,Afridev,Drilled by machine,,,No,,Water committee,5.0,,,No,,Yes,No,1.0,120.0,Moderate,Inadequate,Inadequate,Moderate,0.0,8.0,1672.492554,1186.0,dry
India,West Bengal,21.77865684,88.41588014,-55.0,Yes,Borehole with hand pump,India Mark II,Drilled by machine,,,No,50.0,Water committee,2.0,,250.0,No,1.0,Yes,Yes,1.0,50.0,Moderate,Moderate,Minimum,Minimum,1.0,1.0,1229.074463,1439.0,dry
India,Bihar,26.33642436,85.32966487,-28.0,Yes,Borehole with hand pump,Afridev,Drilled by machine,,,No,20.0,Water committee,1.0,,80.0,No,1.0,,,,,,,,,,,,,
Malawi,South,-15.3836083,35.1728531,,Yes,Borehole with hand pump,Afridev,Manually drilled,,,No,75.0,Water committee,15.0,,375.0,No,1.0,Yes,Yes,1.0,75.0,Moderate,Minimum,Minimum,Advanced,0.0,2.0,1492.910463,1007.0,dry
Malawi,South,-15.38588683,35.17318279,,Yes,Public tap / standpipe,,,Borehole,Solar powered pump,No,19.0,Water committee,2.0,,100.0,No,,Yes,Yes,1.0,75.0,Moderate,Minimum,Minimum,Advanced,0.0,2.0,1492.910463,1007.0,dry
Ethiopia,Tigray,13.90742833,39.43441667,2041.0,Yes,Protected dug well with hand pump,Afridev,Hand-dug,,,Yes,103.0,Water committee,11.0,1.0,752.0,No,1.0,Yes,Yes,1.0,350.0,Inadequate,Moderate,Inadequate,Advanced,1.0,6.0,778.4704773,601.0,wet
Ethiopia,Tigray,14.01521333,38.48323667,1941.8,Yes,Protected spring,,,,,No,300.0,Water committee,4.0,,1500.0,No,,Yes,Yes,1.0,800.0,Moderate,Moderate,Moderate,Moderate,1.0,6.0,676.684429,601.0,dry
Ethiopia,Tigray,14.1141,39.56314,2526.2,Yes,Protected dug well with hand pump,Afridev,Hand-dug,,,No,90.0,Water committee,18.0,,560.0,No,92.0,Yes,Yes,0.0,160.0,Moderate,Moderate,Moderate,Moderate,1.0,8.0,1176.60348,601.0,wet
Nepal,Central,27.16869,86.13007,937.0,Yes,Public tap / standpipe,,,Protected spring,Gravity Fed,,2.0,Water committee,3.0,,11.0,No,,Yes,Yes,1.0,140.0,Moderate,Moderate,Moderate,Moderate,1.0,13.0,311.9057134,1689.0,wet
Malawi,Central,-15.21778,34.82316,,Yes,Borehole with hand pump,Afridev,Manually drilled,,,No,4.0,Water committee,1.0,,450.0,No,4.0,,,,,,,,,,,,,
Ethiopia,Tigray,14.16755833,38.85970333,1914.7,Yes,Borehole with hand pump,Afridev,Manually drilled,,,No,150.0,Water committee,4.0,,589.0,No,,Yes,Yes,1.0,350.0,Inadequate,Advanced,Inadequate,Advanced,1.0,3.0,2527.258294,601.0,dry
Ethiopia,Tigray,13.71384167,38.755665,1154.3,Yes,Protected spring,,,,,No,206.0,Water committee,4.0,,1441.0,,,Yes,Yes,0.0,452.0,Moderate,Advanced,Minimum,Minimum,1.0,4.0,646.887953,601.0,wet
Rwanda,Northern Province,-1.7509574,30.24873077,1527.0,Yes,Public tap / standpipe,,,Protected spring,Gravity Fed,No,50.0,Vendor,0.5,,86.0,No,,,,,,,,,,,,,,
Niger,Dosso,12.8487957,2.8629365,215.0,Yes,Borehole with hand pump,India Mark II,Manually drilled,,,No,32.0,Water committee,3.0,,140.0,No,3.0,Yes,Yes,1.0,41.0,Moderate,Advanced,Minimum,Minimum,1.0,2.0,298.9802176,634.0,dry
Malawi,South,-15.263858,35.1558162,581.2633102,Yes,Borehole with hand pump,Afridev,Manually drilled,,,Yes,60.0,Water committee,14.0,3.0,300.0,No,5.0,Yes,Yes,1.0,59.0,Inadequate,Moderate,Inadequate,Advanced,1.0,2.0,423.325444,1007.0,dry
Malawi,South,-15.9818148,34.80252212,66.0,Yes,Borehole with hand pump,Afridev,Drilled by machine,,,Yes,82.0,Water committee,7.0,,430.0,No,3.0,Yes,Yes,1.0,82.0,Moderate,Minimum,Minimum,Advanced,0.0,2.0,799.4472843,1007.0,dry
Ethiopia,Tigray,13.47176833,38.93135667,1454.2,Yes,Protected dug well with hand pump,Afridev,Hand-dug,,,Yes,70.0,Water committee,7.0,1.0,389.0,No,,Yes,Yes,0.0,301.0,Moderate,Moderate,Minimum,Minimum,1.0,5.0,264.5004937,601.0,wet
Niger,Dosso,12.8532817,2.9028476,214.0,Yes,Borehole with hand pump,India Mark II,Manually drilled,,,No,80.0,Water committee,3.0,,450.0,No,1.0,Yes,No,1.0,111.0,Inadequate,Inadequate,Inadequate,Advanced,1.0,11.0,334.7674812,634.0,dry
Rwanda,Northern Province,-1.873108834,29.97499779,1570.402166,Yes,Public tap / standpipe,,,Protected spring,Gravity Fed,No,20.0,Community leader,3.0,,112.0,No,,Yes,Yes,1.0,142.0,Moderate,Minimum,Minimum,Advanced,0.0,2.0,1941.219881,1205.0,wet
Mali,Koulikoro,13.9187235,-8.221145,391.0766602,Yes,Public tap / standpipe,,,Borehole,Solar powered pump,No,10.0,Water committee,0.5,,197.0,No,,,,,,,,,,,,,,
Ethiopia,Tigray,14.00470667,39.57372833,2343.1,Yes,Borehole with hand pump,Afridev,Manually drilled,,,No,110.0,Water committee,2.0,,690.0,No,2.0,Yes,Yes,0.0,330.0,Moderate,Moderate,Minimum,Minimum,1.0,6.0,1131.098693,601.0,wet
Malawi,South,-15.3204016,35.2274222,,Yes,Borehole with hand pump,Afridev,Manually drilled,,,No,34.0,Water committee,2.0,,170.0,Yes,1.0,Yes,Yes,1.0,34.0,Moderate,Moderate,Inadequate,Inadequate,1.0,1.0,1870.024064,1007.0,dry
Malawi,South,-16.34806,34.80093,107.0,Yes,Borehole with hand pump,Afridev,Manually drilled,,,,52.0,Water committee,1.0,,260.0,No,,,,,,,,,,,,,,
Niger,Maradi,13.745919,6.9466259,384.0,Yes,Public tap / standpipe,,,Borehole,Solar powered pump,No,25.0,Water committee,0.5,,150.0,No,,,,,,,,,,,,,,
Nepal,Central,27.70276,84.73346,716.3142,Yes,Piped water into yard / plot,,,Protected spring,Gravity Fed,,1.0,Private person,1.0,,6.0,No,,,,,,,,,,,,,,
Ethiopia,Tigray,14.30301167,38.73290333,1437.4,Yes,Public tap / standpipe,,,Protected spring,Gravity Fed,No,,Water committee,4.0,,513.0,,,,,,,,,,,,,577.9658367,601.0,dry
Nepal,Central,27.34142,85.57952,465.2079,Yes,Piped water into yard / plot,,,Protected spring,Gravity Fed,,1.0,Private person,1.0,,3.0,No,,,,,,,,,,,,,,
Niger,Maradi,13.7370711,6.981209,384.0,Yes,Public tap / standpipe,,,Borehole,Solar powered pump,No,,Water committee,0.5,,,No,,,,,,,,,,,,,,
Niger,Dosso,13.0115418,2.8479523,235.0,Yes,Borehole with hand pump,Hydro India,Manually drilled,,,Yes,40.0,Water committee,20.0,3.0,200.0,No,,Yes,Yes,1.0,40.0,Inadequate,Moderate,Inadequate,Minimum,1.0,7.0,899.9682167,634.0,dry
Ethiopia,Tigray,14.12952167,38.95725,1955.1,Yes,Borehole with hand pump,Afridev,Manually drilled,,,Yes,32.0,Water committee,5.0,0.5,160.0,No,3.0,Yes,Yes,1.0,322.0,Moderate,Advanced,Advanced,Moderate,1.0,7.0,660.388419,601.0,dry
Nepal,Central,27.34576,85.73834,1019.6455,Yes,Public tap / standpipe,,,Protected spring,Gravity Fed,,5.0,Water committee,1.0,,24.0,No,,,,,,,,,,,,,,
Nepal,Central,27.27158,85.54816,73.7,Yes,Public tap / standpipe,,,Protected spring,Gravity Fed,,5.0,Water committee,2.0,,28.0,No,,Yes,No,0.0,82.0,Inadequate,Inadequate,Inadequate,Moderate,1.0,8.0,149.2126821,1689.0,wet
Mali,Koulikoro,13.8859732,-8.2085374,406.8101807,Yes,Borehole with hand pump,India Mark II,Manually drilled,,,No,60.0,Water committee,1.0,,400.0,No,1.0,,,,,,,,,,,,,
Nepal,Central,27.28793,85.52368,287.7109,Yes,Piped water into yard / plot,,,Protected spring,Gravity Fed,,1.0,Private person,1.0,,12.0,No,,,,,,,,,,,,,,
India,West Bengal,21.81066709,88.14189569,-61.0,Yes,Borehole with hand pump,India Mark II,Drilled by machine,,,No,100.0,Community leader,4.0,,500.0,No,1.0,No,No,1.0,100.0,,,,,999.0,5.0,1980.435913,1439.0,dry
Uganda,Eastern,0.2645778,33.8180691,1173.800049,Yes,Borehole with hand pump,U3,Manually drilled,,,No,70.0,Water committee,2.0,,250.0,No,1.0,Yes,Yes,1.0,300.0,Inadequate,Moderate,Inadequate,Moderate,1.0,4.0,2090.149186,1286.0,wet
Malawi,North,-12.0112013,33.5071933,,Yes,Borehole with hand pump,Afridev,Manually drilled,,,No,45.0,Water committee,4.0,,300.0,Yes,1.0,Yes,Yes,1.0,45.0,Moderate,Moderate,Advanced,Advanced,1.0,1.0,673.4545021,1053.0,dry
Uganda,Eastern,,,,Yes,Borehole with hand pump,U3,Manually drilled,,,No,48.0,Water committee,1.0,,420.0,No,3.0,,,,,,,,,,,,,
Malawi,South,-16.10368042,34.57658331,138.0,Yes,Borehole with hand pump,Afridev,Drilled by machine,,,No,80.0,Water committee,8.0,,400.0,Yes,9.0,Yes,Yes,1.0,80.0,Inadequate,Moderate,Inadequate,Moderate,1.0,2.0,912.4067673,1007.0,dry
Nepal,Central,27.11388,86.19922,786.9,Yes,Public tap / standpipe,,,Protected spring,Gravity Fed,,2.0,Water committee,4.0,,15.0,No,,Yes,Yes,1.0,70.0,Inadequate,Moderate,Inadequate,Moderate,1.0,6.0,360.3730174,1689.0,dry
Uganda,Eastern,0.4237296,33.7846264,1163.579358,Yes,Borehole with hand pump,U3,Manually drilled,,,No,52.0,Water committee,2.0,,252.0,No,5.0,Yes,Yes,1.0,128.0,Minimum,Moderate,Moderate,Moderate,1.0,4.0,2863.270237,1483.0,wet
Malawi,South,-15.88802713,34.77012397,188.0,Yes,Borehole with hand pump,Afridev,Drilled by machine,,,No,69.0,Water committee,11.0,,345.0,No,12.0,Yes,Yes,1.0,155.0,Inadequate,Moderate,Inadequate,Advanced,1.0,2.0,97.61416339,1007.0,dry
Mali,Segou,13.1230326,-4.3742023,354.0,Yes,Borehole with hand pump,India Mark II,Manually drilled,,,No,,School,3.0,,956.0,Yes,3.0,,,,,,,,,,,207.8215624,631.0,dry
Niger,Maradi,13.7093638,7.2565323,408.0,Yes,Borehole with hand pump,Vergnet Hydro,Manually drilled,,,Yes,,Water committee,4.0,0.5,,No,75.0,,,,,,,,,,,,,
Ethiopia,Tigray,14.15485833,38.14740833,1464.2,Yes,Protected dug well with hand pump,Afridev,Hand-dug,,,Yes,70.0,Water committee,2.0,1.0,483.0,No,3.0,Yes,Yes,0.0,560.0,Moderate,Moderate,Moderate,Moderate,1.0,7.0,163.8727908,601.0,dry
Mali,Segou,12.8050777,-4.6447553,322.0,Yes,Public tap / standpipe,,,Borehole,Solar powered pump,No,35.0,Water committee,1.0,,150.0,Yes,,Yes,Yes,0.0,1081.0,Minimum,Advanced,Minimum,Advanced,1.0,12.0,270.3363175,631.0,dry
Ethiopia,Tigray,13.437705,39.43967333,2134.5,Yes,Borehole with hand pump,Afridev,Manually drilled,,,No,150.0,Water committee,3.0,,600.0,Yes,,Yes,Yes,0.0,560.0,Moderate,Moderate,Moderate,Moderate,1.0,11.0,721.9012961,601.0,dry
India,West Bengal,21.66566356,88.40085673,-58.0,Yes,Borehole with hand pump,India Mark II,Drilled by machine,,,No,30.0,Water committee,2.0,,150.0,No,1.0,Yes,Yes,1.0,60.0,Minimum,Minimum,Minimum,Advanced,0.0,2.0,3015.258179,1439.0,dry
Nepal,Central,27.10765,86.12855,437.9671,Yes,Public tap / standpipe,,,Protected spring,Gravity Fed,,2.0,Water committee,1.0,,11.0,No,,,,,,,,,,,,,,
Malawi,Central,-13.64768885,33.51746053,,Yes,Borehole with hand pump,Afridev,Manually drilled,,,No,73.0,Water committee,3.0,,365.0,No,2.0,Yes,No,1.0,130.0,Advanced,Inadequate,Inadequate,Moderate,1.0,3.0,1516.718436,959.0,dry
Mali,Segou,12.7312843,-4.3119084,427.0,Yes,Borehole with hand pump,India Mark II,Manually drilled,,,Yes,152.0,Water committee,,3.0,760.0,No,3.0,Yes,Yes,0.0,152.0,Moderate,Inadequate,Inadequate,Minimum,0.0,5.0,227.5855871,631.0,dry
Ethiopia,Tigray,13.87526667,39.36132667,1953.4,Yes,Protected dug well with hand pump,Afridev,Hand-dug,,,No,51.0,Water committee,8.0,,289.0,No,,Yes,Yes,1.0,150.0,Inadequate,Moderate,Inadequate,Minimum,1.0,3.0,764.8136532,601.0,wet
Ethiopia,Tigray,13.58154,38.46720667,1428.1,Yes,Borehole with hand pump,Afridev,Manually drilled,,,No,50.0,Water committee,1.0,,265.0,No,38.0,,,,,,,,,,,,,
Uganda,Eastern,0.3723501,33.9188507,1118.083111,Yes,Borehole with hand pump,U3,Manually drilled,,,Yes,200.0,Water committee,5.0,2.0,1200.0,No,20.0,Yes,Yes,1.0,300.0,Minimum,Moderate,Moderate,Moderate,1.0,1.0,1206.858398,1286.0,wet
Ethiopia,Tigray,14.02598833,38.36259167,1954.8,Yes,Borehole with hand pump,Afridev,Manually drilled,,,No,57.0,Water committee,1.0,,235.0,No,5.0,,,,,,,,,,,,,
Nepal,Central,27.30711,85.57556,630.6,Yes,Public tap / standpipe,,,Protected spring,Gravity Fed,,3.0,Water committee,3.0,,21.0,No,,Yes,Yes,1.0,61.0,Inadequate,Moderate,Inadequate,Moderate,1.0,5.0,40.22056053,1689.0,wet
Nepal,Central,27.06595,86.20787,501.3,Yes,Public tap / standpipe,,,Protected spring,Gravity Fed,,1.0,Water committee,3.0,,5.0,,,Yes,Yes,1.0,94.0,Inadequate,Minimum,Inadequate,Minimum,1.0,11.0,300.0407884,1689.0,dry
Nepal,Central,27.27258,85.53766,268.9381,Yes,Piped water into yard / plot,,,Protected spring,Gravity Fed,,1.0,Water committee,1.0,,11.0,No,,,,,,,,,,,,,,
Ethiopia,Tigray,14.03213333,38.41463,1943.7,Yes,Protected spring,,,,,No,120.0,Water committee,10.0,,846.0,,,Yes,Yes,0.0,567.0,Moderate,Advanced,Advanced,Moderate,1.0,8.0,523.1700178,601.0,dry
Rwanda,Northern Province,-1.77009356,30.25743262,1507.0,Yes,Public tap / standpipe,,,Protected spring,Gravity Fed,No,40.0,Private person,0.5,,150.0,No,,,,,,,,,,,,,,
Mozambique,Zambezia,-17.5506013,35.5284127,282.8669888,Yes,Borehole with hand pump,Afridev,Manually drilled,,,No,40.0,Water committee,4.0,,325.0,No,2.0,Yes,Yes,1.0,55.0,Minimum,Minimum,Minimum,Advanced,0.0,1.0,112.1056336,1203.0,wet
Ethiopia,Tigray,13.857225,39.46601,2071.3,Yes,Protected dug well with hand pump,Afridev,Hand-dug,,,No,80.0,Water committee,8.0,,462.0,No,3.0,Yes,Yes,1.0,420.0,Moderate,Moderate,Moderate,Moderate,1.0,9.0,1824.32867,601.0,dry
Ethiopia,Tigray,13.85601833,39.74080167,2528.0,Yes,Borehole with hand pump,Afridev,Manually drilled,,,No,110.0,Water committee,2.0,,580.0,No,3.0,Yes,Yes,1.0,400.0,Moderate,Moderate,Moderate,Moderate,1.0,5.0,1410.764117,601.0,wet
Mali,Segou,13.4937911,-4.5254842,303.0,Yes,Borehole with hand pump,India Mark II,Manually drilled,,,Yes,35.0,Water committee,14.0,4.0,100.0,Yes,2.0,Yes,Yes,1.0,35.0,Moderate,Moderate,Minimum,Minimum,1.0,1.0,268.9652154,631.0,dry
Malawi,North,-11.94829805,33.46233577,,Yes,Borehole with hand pump,Afridev,Manually drilled,,,No,60.0,Water committee,3.0,,300.0,No,1.0,Yes,Yes,1.0,30.0,Moderate,Moderate,Advanced,Advanced,1.0,2.0,588.4815696,1053.0,dry
Malawi,South,-16.10905155,34.64951391,128.0,Yes,Borehole with hand pump,Afridev,Drilled by machine,,,No,76.0,Water committee,3.0,,456.0,No,12.0,Yes,Yes,1.0,76.0,Moderate,Moderate,Moderate,Moderate,1.0,1.0,394.1078921,1007.0,dry
Nepal,Central,27.10289,86.21459,810.4559,Yes,Piped water into yard / plot,,,Protected spring,Gravity Fed,,1.0,Water committee,1.0,,6.0,No,,,,,,,,,,,,,,
Ethiopia,Tigray,14.082655,39.38288167,2065.4,Yes,Borehole with hand pump,Afridev,Manually drilled,,,Yes,31.0,Water committee,3.0,1.0,182.0,No,5.0,Yes,Yes,1.0,400.0,Moderate,Moderate,Advanced,Advanced,1.0,6.0,315.9994722,601.0,wet
Mali,Koulikoro,14.238226,-8.4599726,340.5367432,Yes,Borehole with hand pump,India Mark II,Manually drilled,,,No,,Water committee,0.5,,,No,20.0,,,,,,,,,,,,,
Malawi,South,-16.46972,34.84572,122.65,Yes,Borehole with hand pump,Afridev,Manually drilled,,,,35.0,Water committee,1.0,,175.0,Yes,,,,,,,,,,,,,,
Malawi,South,-16.10748526,34.5851248,157.0,Yes,Borehole with hand pump,Afridev,Drilled by machine,,,No,87.0,Water committee,8.0,,435.0,No,3.0,Yes,Yes,1.0,77.0,Moderate,Moderate,Advanced,Advanced,1.0,1.0,443.9999601,1007.0,dry
Nepal,Central,27.33197,85.88611,1470.9665,Yes,Piped water into yard / plot,,,Protected spring,Gravity Fed,,1.0,Water committee,1.0,,4.0,No,,,,,,,,,,,,,,
Malawi,Central,-14.64392,34.80796,,Yes,Borehole with hand pump,Afridev,Manually drilled,,,No,300.0,Water committee,2.0,,1500.0,No,1.0,,,,,,,,,,,,,
Mali,Segou,13.3685942,-4.3277169,343.0,Yes,Public tap / standpipe,,,Borehole,Solar powered pump,No,,Other,4.0,,434.0,Yes,,,,,,,,,,,,189.5193126,631.0,dry
Mali,Segou,12.8037599,-4.6438412,321.0,Yes,Public tap / standpipe,,,Borehole,Solar powered pump,No,25.0,Water committee,1.0,,120.0,Yes,,Yes,Yes,0.0,1081.0,Minimum,Advanced,Minimum,Advanced,1.0,12.0,210.6280918,631.0,dry
Niger,Dosso,12.8873408,2.7842982,233.0,Yes,Mechanized borehole,,Manually drilled,Borehole,Solar powered pump,No,350.0,Water committee,3.0,,3000.0,No,,Yes,Yes,1.0,641.0,Minimum,Moderate,Minimum,Advanced,1.0,25.0,151.2271391,634.0,dry
India,Bihar,26.43357047,85.34952355,-27.0,Yes,Borehole with hand pump,India Mark II,Drilled by machine,,,No,25.0,Water committee,1.0,,30.0,No,1.0,,,,,,,,,,,,,
Malawi,South,-16.52868,34.85164,162.16,Yes,Borehole with hand pump,Afridev,Manually drilled,,,,51.0,Water committee,1.0,,255.0,No,,,,,,,,,,,,,,
Niger,Dosso,12.9179876,2.9310209,210.0,Yes,Borehole with hand pump,Water4,Manually drilled,,,No,43.0,Water committee,3.0,,279.0,No,2.0,Yes,Yes,0.0,71.0,Moderate,Moderate,Advanced,Advanced,1.0,4.0,681.9564368,634.0,dry
Mozambique,Zambezia,-17.4426655,35.4991963,302.0,Yes,Borehole with hand pump,Afridev,Manually drilled,,,No,40.0,Water committee,3.0,,450.0,No,1.0,Yes,Yes,1.0,50.0,Moderate,Moderate,Minimum,Minimum,1.0,1.0,141.2006521,1203.0,wet
Mozambique,Zambezia,-17.0961902,35.6676545,309.0,Yes,Borehole with hand pump,Afridev,Manually drilled,,,No,88.0,Water committee,1.0,,490.0,No,2.0,Yes,Yes,1.0,88.0,Moderate,Minimum,Minimum,Advanced,0.0,1.0,237.8911858,1203.0,wet
Malawi,South,-16.10096959,34.8689078,62.0,Yes,Borehole with hand pump,Afridev,Drilled by machine,,,Yes,70.0,Water committee,29.0,8.0,361.0,No,5.0,No,Yes,1.0,220.0,,,,,999.0,1.0,1362.308515,1007.0,dry
Malawi,South,-15.98594586,34.43705438,200.0,Yes,Borehole with hand pump,Afridev,Drilled by machine,,,Yes,88.0,Water committee,6.0,4.0,440.0,No,2.0,Yes,Yes,1.0,101.0,Moderate,Moderate,Advanced,Advanced,1.0,2.0,957.233797,1007.0,dry
Rwanda,Northern Province,-1.809933857,29.98461318,1686.374568,Yes,Public tap / standpipe,,,Protected spring,Gravity Fed,No,30.0,Vendor,3.0,,120.0,No,,Yes,No,1.0,144.0,Inadequate,Inadequate,Inadequate,Advanced,0.0,3.0,1147.92079,1205.0,wet
Mali,Koulikoro,14.1592438,-8.5953939,307.1472168,Yes,Borehole with hand pump,India Mark II,Manually drilled,,,No,31.0,Water committee,0.5,,310.0,Yes,1.0,,,,,,,,,,,,,
Ethiopia,Tigray,14.32666833,38.19325833,1756.1,Yes,Borehole with hand pump,Afridev,Manually drilled,,,No,130.0,Water committee,3.0,,780.0,No,3.0,Yes,Yes,1.0,650.0,Inadequate,Moderate,Inadequate,Minimum,1.0,8.0,652.1106952,601.0,dry
Nepal,Central,27.02954,86.28626,811.9454,Yes,Public tap / standpipe,,,Protected spring,Gravity Fed,,4.0,Water committee,1.0,,19.0,No,,,,,,,,,,,,,,
Uganda,Eastern,0.5911737,33.8744028,1058.004139,Yes,Borehole with hand pump,India Mark II,Manually drilled,,,No,80.0,Water committee,1.0,,420.0,No,2.0,,,,,,,,,,,,,
Uganda,Eastern,0.2922763,33.7891676,1156.199951,Yes,Borehole with hand pump,U3,Manually drilled,,,No,100.0,Water committee,1.0,,585.0,No,1.0,,,,,,,,,,,,,
India,Bihar,26.53429741,85.37946226,-9.0,Yes,Borehole with hand pump,India Mark II,Drilled by machine,,,No,35.0,Water committee,5.0,,200.0,No,1.0,No,No,1.0,40.0,,,,,999.0,2.0,7503.579834,1186.0,dry
Malawi,South,-16.54464,34.89341,121.62,Yes,Borehole with hand pump,Afridev,Manually drilled,,,,46.0,Water committee,1.0,,230.0,No,,,,,,,,,,,,,,
Nepal,Central,27.22185,86.31257,804.7,Yes,Public tap / standpipe,,,Protected spring,Gravity Fed,,2.0,Water committee,5.0,,7.0,No,,Yes,Yes,1.0,192.0,Moderate,Moderate,Moderate,Moderate,1.0,5.0,261.3216669,1689.0,wet
Nepal,Central,27.27597,85.55914,157.4,Yes,Public tap / standpipe,,,Protected spring,Gravity Fed,,4.0,Water committee,2.0,,14.0,No,,Yes,Yes,1.0,56.0,Moderate,Moderate,Moderate,Moderate,1.0,3.0,191.8105734,1689.0,wet
Rwanda,Northern Province,-1.815325696,30.06035284,1833.946831,Yes,Public tap / standpipe,,,Protected spring,Electric powered pump,Yes,50.0,Water committee,10.0,0.5,300.0,No,,Yes,Yes,1.0,158.0,Moderate,Moderate,Advanced,Advanced,1.0,3.0,3361.467074,1205.0,wet
Nepal,Western,28.37256,83.05433,1647.693,Yes,Public tap / standpipe,,,Protected spring,Gravity Fed,,5.0,Water committee,1.0,,15.0,No,,,,,,,,,,,,,,
India,West Bengal,21.7818953,88.37283128,-59.0,Yes,Borehole with hand pump,India Mark II,Drilled by machine,,,No,32.0,Water committee,4.0,,61.0,No,1.0,Yes,Yes,1.0,250.0,Inadequate,Minimum,Inadequate,Advanced,999.0,5.0,5868.370972,1439.0,dry
Nepal,Central,27.70746,84.73111,735.0245,Yes,Public tap / standpipe,,,Protected spring,Gravity Fed,,3.0,Private person,1.0,,18.0,No,,,,,,,,,,,,,,
Niger,Dosso,12.6282343,2.8481505,195.0,Yes,Borehole with hand pump,Water4,Manually drilled,,,No,50.0,Water committee,3.0,,100.0,No,1.0,Yes,No,1.0,120.0,Moderate,Inadequate,Inadequate,Minimum,1.0,4.0,490.6942505,634.0,dry
Mozambique,Zambezia,-17.4873682,35.6191086,307.1941459,Yes,Borehole with hand pump,Afridev,Manually drilled,,,No,35.0,Water committee,3.0,,200.0,No,2.0,Yes,Yes,1.0,45.0,Moderate,Moderate,Minimum,Minimum,1.0,1.0,348.5574049,1203.0,wet
Malawi,South,-15.78257696,34.42115751,567.0,Yes,Borehole with hand pump,Afridev,Drilled by machine,,,No,38.0,Water committee,5.0,,190.0,Yes,2.0,Yes,Yes,1.0,42.0,Moderate,Moderate,Moderate,Moderate,1.0,4.0,690.1048776,1007.0,dry
Nepal,Central,27.1629,86.09528,731.9,Yes,Public tap / standpipe,,,Protected spring,Gravity Fed,,1.0,Water committee,3.0,,7.0,No,,Yes,Yes,1.0,75.0,Moderate,Moderate,Moderate,Moderate,1.0,11.0,273.6102649,1689.0,wet
Nepal,Central,27.10205,86.26158,985.6784,Yes,Public tap / standpipe,,,Protected spring,Gravity Fed,,1.0,Water committee,2.0,,5.0,No,,Yes,Yes,0.0,57.0,Moderate,Minimum,Moderate,Moderate,1.0,8.0,411.5484606,1689.0,wet
Nepal,Central,27.19032,86.17211,1524.2,Yes,Public tap / standpipe,,,Protected spring,Gravity Fed,,7.0,Water committee,4.0,,49.0,No,,Yes,Yes,0.0,64.0,Moderate,Moderate,Moderate,Moderate,1.0,3.0,614.746925,1689.0,wet
Uganda,Eastern,0.5455451,33.9306062,1092.31626,Yes,Borehole with hand pump,India Mark II,Manually drilled,,,No,90.0,Water committee,1.0,,540.0,No,2.0,,,,,,,,,,,,,
Mozambique,Nampula,-14.4206713,39.8554822,347.0,Yes,Borehole with hand pump,Afridev,Manually drilled,,,No,300.0,Water committee,1.0,,713.0,No,3.0,,,,,,,,,,,,,
Nepal,Central,27.32014,85.8596,961.2775,Yes,Piped water into yard / plot,,,Unprotected spring,Gravity Fed,,3.0,Water committee,1.0,,13.0,No,,,,,,,,,,,,,,
Rwanda,Northern Province,-1.783658989,30.01954834,1978.039067,Yes,Public tap / standpipe,,,Protected spring,Electric powered pump,No,100.0,Vendor,2.0,,550.0,Yes,,Yes,Yes,0.0,158.0,Moderate,Minimum,Minimum,Advanced,0.0,5.0,2334.337361,1205.0,wet
Malawi,North,-11.87357968,33.50542277,,Yes,Public tap / standpipe,,,Borehole,Solar powered pump,No,4.0,Water committee,2.0,,20.0,Yes,,Yes,Yes,1.0,50.0,Moderate,Moderate,Moderate,Moderate,1.0,10.0,510.3189763,1053.0,dry
Uganda,Eastern,0.4153045,33.7425353,1218.374798,Yes,Borehole with hand pump,U3,Manually drilled,,,No,50.0,Water committee,2.0,,280.0,No,2.0,Yes,Yes,1.0,52.0,Minimum,Moderate,Moderate,Moderate,1.0,1.0,1709.480456,1483.0,wet
Malawi,South,-16.34189,34.80304,102.04,Yes,Borehole with hand pump,Afridev,Manually drilled,,,,223.0,Water committee,1.0,,1115.0,No,,,,,,,,,,,,,,
Ethiopia,Tigray,13.97431,37.79200667,1009.9,Yes,Protected dug well with hand pump,Afridev,Hand-dug,,,No,81.0,Water committee,3.0,,248.0,No,15.0,Yes,Yes,0.0,650.0,Inadequate,Moderate,Inadequate,Minimum,1.0,20.0,112.3965569,601.0,dry
Nepal,Central,27.07695,86.16152,1338.5695,Yes,Public tap / standpipe,,,Protected spring,Gravity Fed,,2.0,Water committee,1.0,,8.0,No,,,,,,,,,,,,,,
Malawi,South,-16.39927,34.77056,155.0,Yes,Borehole with hand pump,Afridev,Manually drilled,,,,280.0,Water committee,20.0,,1400.0,No,,,,,,,,,,,,,,
Ethiopia,Tigray,14.019865,39.301065,1599.1,Yes,Protected dug well with hand pump,Afridev,Hand-dug,,,Yes,32.0,Water committee,17.0,2.0,182.0,No,9.0,Yes,Yes,0.0,150.0,Inadequate,Moderate,Inadequate,Minimum,1.0,4.0,343.3140875,601.0,dry
Mali,Segou,12.7934417,-4.6393289,323.0,Yes,Borehole with hand pump,India Mark II,Manually drilled,,,No,,Water committee,4.0,,175.0,No,1.0,Yes,Yes,0.0,1081.0,Minimum,Advanced,Minimum,Advanced,1.0,12.0,84.92366613,631.0,dry
Niger,Maradi,13.6821961,7.0953608,401.0,Yes,Borehole with hand pump,Vergnet Hydro,Manually drilled,,,No,70.0,Water committee,1.0,,500.0,Yes,2.0,,,,,,,,,,,,,
Mozambique,Zambezia,-17.1087759,35.8053825,320.8055882,Yes,Borehole with hand pump,Afridev,Manually drilled,,,No,35.0,Water committee,2.0,,200.0,No,2.0,Yes,Yes,1.0,35.0,Inadequate,Moderate,Inadequate,Moderate,1.0,1.0,183.6547177,1203.0,wet
Ethiopia,Tigray,13.80638,38.16748,1264.8,Yes,Protected dug well with hand pump,Afridev,Hand-dug,,,Yes,124.0,Water committee,10.0,2.0,753.0,No,8.0,Yes,No,0.0,600.0,Inadequate,Inadequate,Inadequate,Moderate,1.0,6.0,219.2409486,601.0,dry
Ethiopia,Tigray,14.25725667,38.37044333,1897.3,Yes,Borehole with hand pump,Afridev,Manually drilled,,,No,245.0,Water committee,2.0,,1250.0,Yes,,Yes,Yes,1.0,420.0,Moderate,Moderate,Moderate,Moderate,1.0,7.0,1034.139355,601.0,dry
Ethiopia,Tigray,13.539535,39.03496833,1576.2,Yes,Borehole with hand pump,Afridev,Manually drilled,,,No,0.0,School,10.0,,,No,3.0,,,,,,,,,,,1901.764055,601.0,wet
Rwanda,Northern Province,-1.752160881,29.9079634,2223.683302,Yes,Public tap / standpipe,,,Protected spring,Electric powered pump,No,80.0,Vendor,4.0,,100.0,No,,Yes,Yes,0.0,155.0,Moderate,Minimum,Minimum,Minimum,0.0,7.0,1142.064204,1205.0,dry
Nepal,Central,27.2373,86.15469,590.3,Yes,Public tap / standpipe,,,Protected spring,Gravity Fed,,3.0,Water committee,3.0,,21.0,No,,Yes,Yes,1.0,82.0,Moderate,Minimum,Moderate,Moderate,1.0,6.0,574.0280434,1689.0,wet
Uganda,Eastern,0.3883815,33.7340372,1241.800049,Yes,Borehole with hand pump,U3,Manually drilled,,,Yes,60.0,Water committee,17.0,2.0,360.0,No,,Yes,No,1.0,200.0,Inadequate,Inadequate,Inadequate,Moderate,1.0,3.0,1081.570674,1483.0,wet
Nepal,Central,27.25051,85.58456,195.3917,Yes,Public tap / standpipe,,,Protected spring,Gravity Fed,,2.0,Water committee,1.0,,8.0,No,,,,,,,,,,,,,,
Nepal,Central,27.09999,86.19654,988.4,Yes,Public tap / standpipe,,,Protected spring,Gravity Fed,,1.0,Water committee,3.0,,5.0,No,,Yes,Yes,1.0,85.0,Moderate,Moderate,Moderate,Moderate,1.0,15.0,422.9837722,1689.0,dry
Niger,Dosso,12.6432668,2.9351633,206.0,Yes,Borehole with hand pump,India Mark II,Manually drilled,,,No,39.0,Water committee,3.0,,120.0,No,2.0,Yes,No,1.0,39.0,Inadequate,Inadequate,Inadequate,Minimum,0.0,1.0,315.4303051,634.0,dry
Uganda,Eastern,0.4625226,33.8545865,1106.5,Yes,Borehole with hand pump,U3,Manually drilled,,,No,45.0,Water committee,1.0,,180.0,No,1.0,,,,,,,,,,,,,
Mozambique,Nampula,-14.5757976,39.7472173,315.0,Yes,Borehole with hand pump,Afridev,Manually drilled,,,No,365.0,Water committee,1.0,,1250.0,No,1.0,,,,,,,,,,,,,
Ethiopia,Tigray,13.95623833,38.82007833,1821.6,Yes,Borehole with hand pump,Afridev,Manually drilled,,,No,123.0,Water committee,4.0,,1312.0,No,2.0,Yes,Yes,0.0,457.0,Moderate,Moderate,Minimum,Minimum,1.0,11.0,463.7559167,601.0,dry
Ethiopia,Tigray,14.45026667,37.85914,1085.2,Yes,Borehole with hand pump,Afridev,Manually drilled,,,Yes,121.0,Water committee,5.0,0.5,513.0,No,,Yes,Yes,1.0,300.0,Moderate,Moderate,Moderate,Moderate,1.0,6.0,37.85412199,601.0,dry
Malawi,South,-16.29006512,35.02166966,36.0,Yes,Public tap / standpipe,,,Unprotected spring,Gravity Fed,Yes,104.0,Water committee,,1.0,572.0,No,,Yes,No,1.0,104.0,Moderate,Inadequate,Inadequate,Moderate,0.0,2.0,1188.773283,1007.0,dry
Mali,Segou,13.2312787,-4.3190399,375.0,Yes,Public tap / standpipe,,,Borehole,Solar powered pump,No,36.0,Water committee,4.0,,105.0,No,,Yes,Yes,0.0,179.0,Moderate,Moderate,Moderate,Moderate,1.0,6.0,36.59560258,631.0,dry
Nepal,Western,28.35781,83.10149,1598.3946,Yes,Public tap / standpipe,,,Protected spring,Gravity Fed,,2.0,Water committee,1.0,,14.0,No,,,,,,,,,,,,,,
Uganda,Eastern,0.6528641,33.7874005,1066.819545,Yes,Borehole with hand pump,U3,Manually drilled,,,Yes,60.0,Water committee,10.0,2.0,600.0,No,5.0,Yes,Yes,1.0,107.0,Inadequate,Minimum,Inadequate,Moderate,0.0,2.0,1516.574462,1483.0,wet
Uganda,Eastern,0.2294691,33.8905199,1179.008955,Yes,Borehole with hand pump,U3,Manually drilled,,,No,40.0,Water committee,2.0,,280.0,No,1.0,Yes,No,0.0,50.0,Minimum,Inadequate,Inadequate,Moderate,0.0,5.0,1721.055094,1286.0,wet
Malawi,South,-15.79747269,34.38205945,500.0,Yes,Borehole with hand pump,Afridev,Drilled by machine,,,No,40.0,Water committee,4.0,,200.0,No,2.0,Yes,Yes,1.0,90.0,Moderate,Moderate,Advanced,Advanced,1.0,2.0,756.3764397,1007.0,dry
Malawi,South,-16.48898,34.8938,94.33,Yes,Borehole with hand pump,Afridev,Manually drilled,,,,32.0,Water committee,1.0,,160.0,No,,,,,,,,,,,,,,
Rwanda,Northern Province,-1.801573604,30.1215537,1579.069701,Yes,Public tap / standpipe,,,Protected spring,Gravity Fed,No,50.0,Vendor,6.0,,300.0,No,,Yes,Yes,1.0,232.0,Moderate,Minimum,Minimum,Advanced,0.0,2.0,3193.087551,1205.0,wet
Rwanda,Northern Province,-1.615678386,29.91177295,1926.392815,Yes,Public tap / standpipe,,,Protected spring,Gravity Fed,No,12.0,Vendor,3.0,,72.0,Yes,,Yes,No,1.0,170.0,Inadequate,Inadequate,Inadequate,Minimum,0.0,5.0,2482.934237,1205.0,wet
Niger,Dosso,12.7906422,2.9630278,211.0,Yes,Public tap / standpipe,,,Borehole,Solar powered pump,No,50.0,Water committee,3.0,,300.0,No,,No,Yes,0.0,413.0,,,,,999.0,33.0,364.1879983,634.0,dry
Niger,Dosso,12.7629268,2.9642432,208.0,Yes,Borehole with hand pump,Hydro India,Manually drilled,,,Yes,47.0,Water committee,11.0,3.0,329.0,No,1.0,No,No,0.0,232.0,,,,,999.0,37.0,749.2225849,634.0,dry
Ethiopia,Tigray,14.20593,39.24891333,2138.9,Yes,Borehole with hand pump,Afridev,Manually drilled,,,No,103.0,Water committee,4.0,,619.0,,,Yes,Yes,1.0,3000.0,Inadequate,Moderate,Inadequate,Moderate,1.0,9.0,1451.642475,601.0,dry
India,West Bengal,21.63076464,88.41504194,-70.0,Yes,Borehole with hand pump,India Mark II,Drilled by machine,,,Yes,28.0,Water committee,16.0,2.0,40.0,No,1.0,Yes,Yes,1.0,300.0,Moderate,Moderate,Advanced,Advanced,1.0,13.0,1857.352783,1439.0,dry
Niger,Maradi,13.7459465,6.9448882,389.0,Yes,Public tap / standpipe,,,Borehole,Solar powered pump,No,20.0,Water committee,0.5,,120.0,No,,,,,,,,,,,,,,
Niger,Dosso,12.6254833,2.9039874,200.0,Yes,Borehole with hand pump,Water4,Manually drilled,,,No,20.0,Water committee,3.0,,200.0,No,2.0,Yes,No,1.0,298.0,Inadequate,Inadequate,Inadequate,Moderate,1.0,17.0,706.1630838,634.0,dry
Nepal,Central,27.0844,86.24295,615.6366,Yes,Public tap / standpipe,,,Protected spring,Gravity Fed,,2.0,Water committee,3.0,,10.0,No,,Yes,Yes,0.0,60.0,Inadequate,Moderate,Inadequate,Moderate,1.0,14.0,299.7380041,1689.0,wet
Malawi,South,-16.43481,34.7628,181.0,Yes,Borehole with hand pump,Afridev,Manually drilled,,,,95.0,Water committee,1.0,,475.0,No,,,,,,,,,,,,,,
Mali,Koulikoro,14.081931,-8.0982027,379.1641846,Yes,Borehole with hand pump,India Mark II,Manually drilled,,,Yes,10.0,Water committee,10.0,0.5,62.0,No,4.0,,,,,,,,,,,,,
Ethiopia,Tigray,13.89451167,39.52806833,2171.2,Yes,Protected dug well with hand pump,Afridev,Hand-dug,,,No,25.0,Water committee,4.0,,198.0,No,5.0,Yes,Yes,0.0,470.0,Moderate,Moderate,Moderate,Moderate,1.0,9.0,438.3613081,601.0,dry
Mali,Segou,13.2303209,-4.3194379,387.0,Yes,Public tap / standpipe,,,Borehole,Solar powered pump,No,35.0,Water committee,4.0,,175.0,No,,Yes,Yes,0.0,179.0,Moderate,Moderate,Moderate,Moderate,1.0,6.0,36.59560258,631.0,dry
Nepal,Central,27.25981,85.58184,170.4148,Yes,Public tap / standpipe,,,Protected spring,Gravity Fed,,7.0,Water committee,1.0,,53.0,No,,,,,,,,,,,,,,
Malawi,South,-16.15520423,34.69084935,106.0,Yes,Borehole with hand pump,Afridev,Drilled by machine,,,No,44.0,Water committee,3.0,,269.0,No,4.0,Yes,Yes,1.0,44.0,Inadequate,Moderate,Inadequate,Moderate,1.0,1.0,1455.619845,1007.0,dry
Ethiopia,Tigray,12.90479667,39.394645,2191.0,Yes,Borehole with hand pump,Afridev,Manually drilled,,,No,100.0,Water committee,5.0,,500.0,No,6.0,Yes,Yes,1.0,170.0,Moderate,Moderate,Moderate,Moderate,1.0,5.0,387.1642271,601.0,wet
Nepal,Central,27.17085,86.33914,1010.8,Yes,Public tap / standpipe,,,Protected spring,Gravity Fed,,5.0,Water committee,4.0,,33.0,No,,Yes,Yes,0.0,47.0,Inadequate,Moderate,Inadequate,Moderate,1.0,7.0,90.66842031,1689.0,wet
Nepal,Western,28.36038,83.08976,1270.6013,Yes,Public tap / standpipe,,,Protected spring,Gravity Fed,,2.0,Water committee,1.0,,10.0,No,,,,,,,,,,,,,,
Ethiopia,Tigray,14.20889,38.64696,1755.0,Yes,Protected dug well with hand pump,Afridev,Hand-dug,,,Yes,67.0,Private person,18.0,3.0,452.0,No,,Yes,Yes,0.0,436.0,Moderate,Moderate,Moderate,Moderate,1.0,3.0,369.7475127,601.0,dry
Malawi,South,-15.81439777,34.41564482,556.0,Yes,Borehole with hand pump,Afridev,Drilled by machine,,,No,25.0,Water committee,5.0,,142.0,No,2.0,Yes,Yes,1.0,82.0,Inadequate,Moderate,Inadequate,Moderate,1.0,3.0,643.604103,1007.0,dry
Malawi,Central,-15.03997,34.68777,,Yes,Borehole with hand pump,Afridev,Manually drilled,,,No,49.0,Water committee,1.0,,239.0,No,1.0,,,,,,,,,,,,,
Mozambique,Zambezia,-17.0807812,35.9583146,301.4957801,Yes,Borehole with hand pump,Afridev,Manually drilled,,,No,30.0,Water committee,2.0,,225.0,No,1.0,Yes,Yes,0.0,45.0,Moderate,Moderate,Minimum,Minimum,1.0,2.0,51.35845641,1203.0,wet
Mali,Segou,13.1082566,-4.6889529,310.0,Yes,Borehole with hand pump,India Mark II,Manually drilled,,,No,50.0,Water committee,3.0,,200.0,No,2.0,Yes,Yes,0.0,155.0,Minimum,Inadequate,Inadequate,Minimum,0.0,14.0,243.0926878,631.0,dry
Ethiopia,Tigray,13.26747,38.9226,1580.2,Yes,Protected dug well with hand pump,Afridev,Hand-dug,,,No,125.0,Water committee,4.0,,870.0,No,4.0,Yes,Yes,0.0,390.0,Moderate,Advanced,Minimum,Minimum,1.0,2.0,183.4380539,601.0,wet
Mali,Segou,13.1334483,-4.6755747,309.0,Yes,Borehole with hand pump,India Mark II,Manually drilled,,,No,,School,2.0,,500.0,Yes,1.0,Yes,Yes,0.0,278.0,Inadequate,Minimum,Inadequate,Advanced,0.0,14.0,174.9488933,631.0,dry
Malawi,South,-16.00548412,34.49223303,187.0,Yes,Borehole with hand pump,Afridev,Drilled by machine,,,No,103.0,Water committee,3.0,,618.0,No,3.0,Yes,Yes,1.0,103.0,Moderate,Moderate,Advanced,Advanced,1.0,2.0,1467.388353,1007.0,dry
Ethiopia,Tigray,13.54154,38.26798833,1414.2,Yes,Protected spring,,,,,No,43.0,Water committee,1.0,,258.0,Yes,,,,,,,,,,,,,,
Mozambique,Zambezia,-16.9199648,35.6956825,284.0,Yes,Borehole with hand pump,Afridev,Manually drilled,,,No,48.0,Water committee,2.0,,300.0,No,1.0,Yes,Yes,1.0,48.0,Inadequate,Moderate,Inadequate,Inadequate,1.0,1.0,301.8286428,1203.0,wet
Mali,Segou,13.4830401,-4.5340279,328.0,Yes,Borehole with hand pump,India Mark II,Manually drilled,,,No,85.0,Water committee,4.0,,1009.0,Yes,2.0,Yes,Yes,0.0,85.0,Moderate,Advanced,Advanced,Advanced,1.0,5.0,230.6084987,631.0,dry
Ethiopia,Tigray,13.93598833,38.48858,1960.2,Yes,Protected dug well with hand pump,Afridev,Hand-dug,,,No,150.0,Water committee,3.0,,900.0,No,,Yes,Yes,1.0,250.0,Inadequate,Moderate,Inadequate,Moderate,1.0,11.0,530.370353,601.0,dry
Nepal,Central,27.15173,86.14309,756.8,Yes,Public tap / standpipe,,,Protected spring,Gravity Fed,,1.0,Water committee,2.0,,6.0,No,,Yes,Yes,1.0,102.0,Moderate,Moderate,Moderate,Moderate,1.0,8.0,311.1488311,1689.0,wet
Niger,Dosso,13.0416557,2.8508918,231.0,Yes,Borehole with hand pump,Vergnet,Manually drilled,,,No,30.0,Community leader,2.0,,220.0,No,,No,Yes,0.0,375.0,,,,,999.0,17.0,839.676783,634.0,dry
Niger,Maradi,13.7177514,6.9775127,388.0,Yes,Public tap / standpipe,,,Borehole,Solar powered pump,No,17.0,Water committee,1.0,,289.0,No,,,,,,,,,,,,,,
Ethiopia,Tigray,14.29235333,37.82114333,1049.0,Yes,Borehole with hand pump,Afridev,Manually drilled,,,No,37.0,Water committee,4.0,,250.0,No,2.0,Yes,Yes,1.0,650.0,Moderate,Moderate,Moderate,Moderate,1.0,12.0,101.9752229,601.0,dry
Ethiopia,Tigray,13.689095,38.95738167,1912.6,Yes,Protected dug well with hand pump,Afridev,Hand-dug,,,Yes,203.0,Water committee,18.0,1.0,1221.0,No,34.0,Yes,Yes,1.0,300.0,Moderate,Moderate,Advanced,Advanced,1.0,2.0,725.5427619,601.0,wet
Mozambique,Zambezia,-17.4940619,35.5697863,300.3789677,Yes,Borehole with hand pump,Afridev,Manually drilled,,,No,53.0,Water committee,4.0,,400.0,No,1.0,Yes,Yes,1.0,53.0,Moderate,Moderate,Moderate,Moderate,1.0,1.0,225.0178406,1203.0,wet
Malawi,North,-11.99249475,33.4630385,,Yes,Borehole with hand pump,Afridev,Manually drilled,,,Yes,35.0,Water committee,17.0,3.0,175.0,No,2.0,Yes,No,1.0,55.0,Moderate,Inadequate,Inadequate,Moderate,1.0,1.0,547.956789,1053.0,dry
Mali,Segou,13.4646574,-4.0745231,428.0,Yes,Borehole with hand pump,India Mark II,Manually drilled,,,No,40.0,Water committee,4.0,,220.0,Yes,2.0,Yes,Yes,0.0,220.0,Inadequate,Advanced,Inadequate,Advanced,1.0,11.0,73.92194772,631.0,dry
Rwanda,Northern Province,-1.903658509,29.97248615,1365.716572,Yes,Public tap / standpipe,,,Protected spring,Gravity Fed,No,50.0,Vendor,3.0,,180.0,No,,No,Yes,1.0,245.0,,,,,999.0,2.0,2976.661325,1205.0,wet
Nepal,Central,27.19074,86.16649,1493.5,Yes,Public tap / standpipe,,,Protected spring,Gravity Fed,,6.0,Water committee,4.0,,39.0,No,,Yes,Yes,0.0,64.0,Moderate,Moderate,Moderate,Moderate,1.0,3.0,604.3232686,1689.0,wet
Ethiopia,Tigray,13.50296333,38.76634333,1447.3,Yes,Protected dug well with hand pump,Afridev,Hand-dug,,,Yes,200.0,Water committee,4.0,0.5,1400.0,No,,Yes,Yes,1.0,496.0,Inadequate,Advanced,Inadequate,Minimum,1.0,5.0,299.6439566,601.0,wet
Mali,Segou,13.0699096,-4.7613328,312.0,Yes,Public tap / standpipe,,,Borehole,Solar powered pump,No,,School,3.0,,369.0,No,,Yes,Yes,0.0,585.0,Minimum,Moderate,Minimum,Moderate,1.0,7.0,302.7168503,631.0,dry
Nepal,Central,27.22547,86.3127,616.0,Yes,Public tap / standpipe,,,Protected spring,Gravity Fed,,2.0,Water committee,5.0,,14.0,No,,Yes,Yes,1.0,192.0,Moderate,Moderate,Moderate,Moderate,1.0,5.0,135.2066382,1689.0,wet
Mali,Segou,13.2565803,-4.3901399,358.0,Yes,Borehole with hand pump,India Mark II,Manually drilled,,,No,,School,3.0,,116.0,Yes,1.0,,,,,,,,,,,100.818613,631.0,dry
Ethiopia,Tigray,14.03628107,38.20962251,1827.0,Yes,Protected spring,,,,,No,38.0,Water committee,1.0,,228.0,No,,,,,,,,,,,,,,
Ethiopia,Tigray,12.59918167,39.52465333,2462.9,Yes,Borehole with hand pump,Afridev,Manually drilled,,,No,42.0,Water committee,10.0,,252.0,No,2.0,Yes,Yes,1.0,5000.0,Moderate,Moderate,Minimum,Minimum,1.0,15.0,3286.835671,601.0,wet
India,West Bengal,21.72841771,88.32413434,-55.0,Yes,Borehole with hand pump,India Mark II,Drilled by machine,,,No,23.0,Water committee,3.0,,46.0,No,1.0,Yes,No,1.0,250.0,Moderate,Inadequate,Inadequate,Advanced,0.0,10.0,5317.999756,1439.0,dry
Niger,Dosso,12.5466172,2.6402845,201.0,Yes,Borehole with hand pump,Water4,Manually drilled,,,No,20.0,Water committee,3.0,,160.0,No,8.0,Yes,No,0.0,376.0,Moderate,Inadequate,Inadequate,Advanced,0.0,6.0,129.7770022,634.0,dry
Ethiopia,Tigray,14.28795667,38.27189333,1746.2,Yes,Borehole with hand pump,Afridev,Manually drilled,,,No,24.0,Water committee,1.0,,130.0,No,7.0,,,,,,,,,,,,,
Malawi,North,-12.0509487,33.4667069,1298.014597,Yes,Borehole with hand pump,Afridev,Manually drilled,,,No,20.0,Water committee,17.0,,100.0,No,9.0,Yes,Yes,1.0,20.0,Moderate,Minimum,Minimum,Advanced,0.0,2.0,688.3080618,1053.0,dry
Malawi,Central,-13.67330391,33.51207465,,Yes,Borehole with hand pump,Afridev,Manually drilled,,,No,532.0,Water committee,1.0,,212.0,No,1.0,Yes,Yes,1.0,53.0,Minimum,Moderate,Minimum,Advanced,1.0,1.0,845.7321465,959.0,dry
Malawi,Central,-14.9687,34.7617,,Yes,Borehole with hand pump,Afridev,Manually drilled,,,No,15.0,Water committee,1.0,,60.0,No,1.0,,,,,,,,,,,,,
Nepal,Central,27.06109,86.27472,933.642,Yes,Piped water into yard / plot,,,Protected spring,Gravity Fed,,1.0,Water committee,1.0,,2.0,No,,,,,,,,,,,,,,
Niger,Dosso,12.489345,2.9191278,206.0,Yes,Borehole with hand pump,Water4,Manually drilled,,,No,10.0,Water committee,3.0,,200.0,No,3.0,Yes,No,1.0,20.0,Inadequate,Inadequate,Inadequate,Minimum,0.0,7.0,235.0342277,634.0,dry
Rwanda,Northern Province,-1.7903686,30.17939474,1712.0,Yes,Public tap / standpipe,,,Protected spring,Electric powered pump,No,50.0,Water committee,0.5,,350.0,No,,,,,,,,,,,,,,
Malawi,Central,-13.6128619,33.4874584,,No,Borehole with hand pump,Afridev,Manually drilled,,,Yes,45.0,Water committee,16.0,4.0,225.0,No,1.0,Yes,No,1.0,56.0,Moderate,Inadequate,Inadequate,Advanced,1.0,1.0,1258.618168,959.0,dry
Mozambique,Zambezia,-17.4753536,35.5168039,311.0869778,Yes,Borehole with hand pump,Afridev,Manually drilled,,,No,22.0,Water committee,4.0,,190.0,No,2.0,Yes,Yes,1.0,95.0,Moderate,Minimum,Minimum,Moderate,0.0,2.0,137.3541782,1203.0,wet
India,West Bengal,21.83253464,88.15108989,-53.0,Yes,Borehole with hand pump,Vergnet,Drilled by machine,,,Yes,60.0,Community leader,48.0,4.0,300.0,No,,No,No,1.0,60.0,,,,,999.0,3.0,1775.804688,1439.0,dry
Ethiopia,Tigray,13.35494167,38.84709333,1058.6,Yes,Borehole with hand pump,,Manually drilled,,,No,280.0,Water committee,6.0,,1300.0,,,Yes,Yes,0.0,280.0,Moderate,Moderate,Moderate,Moderate,1.0,4.0,399.089401,601.0,wet
Nepal,Central,27.0947,86.14908,761.575,Yes,Public tap / standpipe,,,Protected spring,Gravity Fed,,3.0,Water committee,1.0,,20.0,No,,,,,,,,,,,,,,
Uganda,Eastern,0.2491254,33.8042661,1165.384273,Yes,Borehole with hand pump,U3,Manually drilled,,,No,93.0,Water committee,2.0,,744.0,No,2.0,Yes,Yes,0.0,220.0,Moderate,Moderate,Moderate,Moderate,1.0,2.0,2010.123303,1286.0,wet
Mali,Segou,12.7792356,-4.5027506,362.0,Yes,Public tap / standpipe,,,Borehole,Solar powered pump,Yes,4.0,Water committee,15.0,3.0,100.0,Yes,,Yes,Yes,0.0,220.0,Minimum,Moderate,Minimum,Minimum,1.0,6.0,130.5415584,631.0,dry
Niger,Dosso,12.7646775,2.9638593,214.0,Yes,Mechanized borehole,,Manually drilled,Borehole,Solar powered pump,No,12.0,Community leader,3.0,,30.0,No,,No,No,0.0,232.0,,,,,999.0,37.0,570.3997567,634.0,dry
Ethiopia,Tigray,12.84305,39.482485,3398.4,Yes,Protected spring,,,,,No,300.0,Water committee,9.0,,1800.0,No,,Yes,Yes,1.0,420.0,Moderate,Moderate,Minimum,Minimum,1.0,5.0,900.0588994,601.0,wet
Nepal,Central,27.24684,85.52156,99.5,Yes,Public tap / standpipe,,,Protected spring,Gravity Fed,,6.0,Water committee,2.0,,41.0,No,,Yes,No,0.0,45.0,Inadequate,Inadequate,Inadequate,Moderate,1.0,5.0,160.8293715,1689.0,wet
Nepal,Western,28.36694,83.08565,1772.518,Yes,Public tap / standpipe,,,Protected spring,Gravity Fed,,3.0,Water committee,1.0,,17.0,No,,,,,,,,,,,,,,
Rwanda,Northern Province,-1.817371062,30.04997181,1856.936591,Yes,Public tap / standpipe,,,Protected spring,Electric powered pump,No,50.0,Vendor,1.0,,200.0,No,,Yes,Yes,1.0,127.0,Moderate,Minimum,Minimum,Advanced,0.0,2.0,2467.900463,1205.0,wet
Niger,Dosso,12.9793103,2.9538888,221.0,Yes,Borehole with hand pump,Water4,Drilled by machine,,,No,41.0,Water committee,3.0,,115.0,No,1.0,No,No,0.0,267.0,,,,,999.0,11.0,480.5090779,634.0,dry
Malawi,South,-15.3850472,35.165154,,Yes,Borehole with hand pump,Afridev,Manually drilled,,,No,21.0,Water committee,3.0,,105.0,No,1.0,Yes,No,1.0,21.0,Inadequate,Inadequate,Inadequate,Moderate,0.0,2.0,1323.934009,1007.0,dry
Uganda,Eastern,0.2889053,33.8111732,1134.491208,Yes,Borehole with hand pump,U3,Manually drilled,,,No,60.0,Water committee,2.0,,210.0,No,2.0,Yes,Yes,0.0,152.0,Minimum,Minimum,Moderate,Moderate,1.0,5.0,1573.619816,1286.0,wet
Ethiopia,Tigray,14.38744167,37.87877333,1114.9,Yes,Borehole with hand pump,Afridev,Manually drilled,,,No,0.0,School,1.0,,460.0,No,3.0,,,,,,,,,,,,,
Ethiopia,Tigray,12.89954,39.33396833,1867.9,Yes,Borehole with hand pump,Afridev,Manually drilled,,,No,0.0,School,8.0,,,No,3.0,,,,,,,,,,,1783.306061,601.0,wet
Mali,Segou,13.4069932,-4.7173784,323.0,,Public tap / standpipe,,,Borehole,Solar powered pump,No,50.0,Water committee,2.0,,160.0,Yes,,Yes,Yes,1.0,300.0,Moderate,Advanced,Advanced,Advanced,1.0,10.0,278.2709492,631.0,dry
Ethiopia,Tigray,14.60729,39.05313,1427.7,Yes,Borehole with hand pump,Afridev,Manually drilled,,,No,245.0,Water committee,3.0,,1284.0,No,3.0,Yes,Yes,1.0,120.0,Moderate,Moderate,Minimum,Minimum,1.0,4.0,261.0763275,601.0,dry
Nepal,Central,27.06036,86.34676,610.3,Yes,Public tap / standpipe,,,Protected spring,Gravity Fed,,2.0,Water committee,3.0,,17.0,No,,Yes,Yes,0.0,88.0,Moderate,Moderate,Moderate,Moderate,1.0,8.0,177.0253603,1689.0,wet
India,Bihar,26.60807257,85.31200337,-12.0,Yes,Borehole with hand pump,India Mark II,Drilled by machine,,,No,25.0,Water committee,1.0,,100.0,No,1.0,,,,,,,,,,,,,
Niger,Dosso,12.8737396,2.8789796,201.0,Yes,Borehole with hand pump,Water4,Manually drilled,,,Yes,10.0,Community leader,3.0,1.0,50.0,No,2.0,No,No,0.0,40.0,,,,,999.0,10.0,719.0504132,634.0,dry
Rwanda,Northern Province,-1.738863675,29.93943034,1750.265061,Yes,Public tap / standpipe,,,Protected spring,Gravity Fed,No,21.0,Water committee,2.0,,100.0,No,,Yes,No,1.0,105.0,Advanced,Inadequate,Inadequate,Advanced,1.0,4.0,1642.674788,1205.0,dry
India,West Bengal,21.82422303,88.33153626,-52.0,Yes,Borehole with hand pump,Vergnet,Drilled by machine,,,Yes,40.0,Water committee,40.0,4.0,80.0,No,4.0,Yes,Yes,1.0,72.0,Inadequate,Moderate,Inadequate,Advanced,1.0,2.0,3222.111328,1439.0,dry
Rwanda,Northern Province,-1.79392892,30.21734811,1833.0,Yes,Public tap / standpipe,,,Protected spring,Electric powered pump,No,200.0,School,1.0,,120.0,No,,,,,,,,,,,,,,
Ethiopia,Tigray,13.99687667,39.458815,2228.1,Yes,Borehole with hand pump,Afridev,Manually drilled,,,No,64.0,Water committee,4.0,,392.0,No,5.0,Yes,Yes,1.0,623.0,Inadequate,Moderate,Inadequate,Advanced,1.0,8.0,1150.120735,601.0,wet
Nepal,Central,27.185,86.34487,1322.9,Yes,Public tap / standpipe,,,Protected spring,Gravity Fed,,1.0,Water committee,4.0,,7.0,No,,Yes,No,0.0,97.0,Inadequate,Inadequate,Inadequate,Inadequate,1.0,8.0,170.7080315,1689.0,wet
Uganda,Eastern,0.4455165,33.8318873,1153.483965,Yes,Borehole with hand pump,India Mark II,Manually drilled,,,No,100.0,Water committee,1.0,,400.0,No,1.0,,,,,,,,,,,,,
Malawi,South,-16.12645355,34.79596697,76.0,Yes,Borehole with hand pump,Afridev,Drilled by machine,,,No,120.0,Water committee,3.0,,750.0,Yes,2.0,Yes,Yes,1.0,76.0,Moderate,Moderate,Advanced,Advanced,1.0,1.0,711.0462101,1007.0,dry
Nepal,Central,27.61762,84.72903,418.6756,Yes,Public tap / standpipe,,,Protected spring,Gravity Fed,,2.0,Water committee,1.0,,5.0,No,,,,,,,,,,,,,,
Ethiopia,Tigray,12.46878667,39.52008833,2318.8,Yes,Borehole with hand pump,Afridev,Manually drilled,,,No,95.0,Water committee,6.0,,665.0,No,,Yes,Yes,0.0,120.0,Moderate,Moderate,Minimum,Minimum,1.0,5.0,1424.119448,601.0,wet
Nepal,Central,27.08383,86.29559,1145.4139,Yes,Public tap / standpipe,,,Protected spring,Gravity Fed,,2.0,Water committee,3.0,,11.0,No,,Yes,Yes,0.0,144.0,Minimum,Moderate,Moderate,Moderate,1.0,10.0,270.8249684,1689.0,wet
Mozambique,Nampula,-14.2747207,39.9936374,245.0,Yes,Public tap / standpipe,,,Borehole,Solar powered pump,No,120.0,Water committee,1.0,,600.0,No,,,,,,,,,,,,,,
Mali,Segou,12.7744112,-4.6615979,314.0,Yes,Borehole with hand pump,India Mark II,Manually drilled,,,No,,Water committee,1.0,,200.0,No,13.0,Yes,Yes,0.0,1081.0,Minimum,Advanced,Minimum,Advanced,1.0,12.0,122.9457025,631.0,dry
Ethiopia,Tigray,14.20198667,38.59517333,2167.9,Yes,Borehole with hand pump,Afridev,Manually drilled,,,Yes,120.0,Water committee,8.0,1.0,722.0,No,3.0,Yes,Yes,0.0,300.0,Moderate,Moderate,Moderate,Moderate,1.0,7.0,1622.958728,601.0,dry
Mali,Segou,13.4082569,-4.7181273,312.0,Yes,Public tap / standpipe,,,Borehole,Solar powered pump,No,30.0,Water committee,1.0,,100.0,Yes,,Yes,Yes,1.0,300.0,Moderate,Advanced,Advanced,Advanced,1.0,10.0,278.2709492,631.0,dry
India,Bihar,26.60339592,85.2826295,17.0,Yes,Borehole with hand pump,India Mark II,Drilled by machine,,,No,15.0,Water committee,1.0,,60.0,No,,,,,,,,,,,,,,
Malawi,South,-16.10745995,34.64616006,123.0,Yes,Borehole with hand pump,Afridev,Drilled by machine,,,No,36.0,Water committee,6.0,,216.0,No,4.0,Yes,Yes,1.0,36.0,Moderate,Minimum,Minimum,Moderate,0.0,2.0,265.9051525,1007.0,dry
Ethiopia,Tigray,14.21418833,39.08278,2106.8,Yes,Borehole with hand pump,Afridev,Manually drilled,,,Yes,,School,18.0,4.0,1127.0,No,3.0,,,,,,,,,,,444.2985841,601.0,dry
Ethiopia,Tigray,14.4071,38.26795667,1712.2,Yes,Borehole with hand pump,Afridev,Manually drilled,,,No,,Water committee,3.0,,850.0,No,2.0,,,,,,,,,,,451.9997815,601.0,dry
Niger,Dosso,12.8350684,2.8528747,231.0,Yes,Borehole with hand pump,India Mark II,Manually drilled,,,No,13.0,Water committee,3.0,,100.0,No,4.0,Yes,Yes,1.0,13.0,Inadequate,Moderate,Inadequate,Advanced,1.0,9.0,306.1672802,634.0,dry
Uganda,Eastern,0.4243365,33.7101171,1217.133488,Yes,Borehole with hand pump,U3,Manually drilled,,,No,40.0,Water committee,2.0,,170.0,No,30.0,Yes,Yes,1.0,100.0,Inadequate,Moderate,Inadequate,Moderate,1.0,4.0,1734.73217,1483.0,wet
Mali,Koulikoro,14.1045713,-8.2195073,352.9700928,Yes,Borehole with hand pump,India Mark II,Manually drilled,,,No,70.0,Water committee,1.0,,230.0,Yes,1.0,,,,,,,,,,,,,
Mali,Koulikoro,13.9326179,-8.0557075,420.2280273,Yes,Borehole with hand pump,India Mark II,Manually drilled,,,No,63.0,Water committee,1.0,,300.0,Yes,1.0,,,,,,,,,,,,,
Nepal,Central,27.1997,86.35668,342.6,Yes,Public tap / standpipe,,,Protected spring,Gravity Fed,,1.0,Water committee,5.0,,5.0,No,,Yes,Yes,0.0,45.0,Moderate,Moderate,Moderate,Moderate,1.0,2.0,214.0496383,1689.0,wet
Mali,Segou,12.7878042,-4.3643972,463.0,Yes,Public tap / standpipe,,,Borehole,Solar powered pump,No,400.0,Water committee,2.0,,650.0,Yes,,Yes,Yes,0.0,400.0,Minimum,Advanced,Minimum,Minimum,1.0,25.0,208.5851338,631.0,dry
Mali,Segou,12.9552815,-4.636428,329.0,Yes,Public tap / standpipe,,,Borehole,Solar powered pump,No,15.0,Water committee,2.0,,225.0,Yes,,Yes,Yes,1.0,500.0,Moderate,Moderate,Minimum,Minimum,1.0,3.0,144.7058464,631.0,dry
Uganda,Eastern,0.4606236,33.8048237,1127.161641,Yes,Borehole with hand pump,U3,Manually drilled,,,No,40.0,Water committee,1.0,,280.0,No,2.0,,,,,,,,,,,,,
Ethiopia,Tigray,14.27437,38.81333333,1643.9,Yes,Protected dug well with hand pump,Afridev,Hand-dug,,,No,52.0,Water committee,4.0,,283.0,,,Yes,Yes,1.0,340.0,Moderate,Moderate,Moderate,Moderate,1.0,4.0,386.7686606,601.0,dry
Nepal,Central,27.7013,84.74652,959.04,Yes,Public tap / standpipe,,,Protected spring,Gravity Fed,,2.0,Water committee,1.0,,14.0,No,,,,,,,,,,,,,,
Malawi,South,-15.299914,35.2156156,,Yes,Borehole with hand pump,Afridev,Manually drilled,,,Yes,33.0,Water committee,14.0,4.0,140.0,Yes,2.0,Yes,No,1.0,95.0,Inadequate,Inadequate,Inadequate,Advanced,1.0,3.0,1134.08239,1007.0,dry
India,West Bengal,21.77608566,88.33776254,-46.0,Yes,Borehole with hand pump,India Mark II,Drilled by machine,,,No,25.0,Water committee,3.0,,150.0,No,1.0,Yes,Yes,1.0,25.0,Advanced,Moderate,Minimum,Minimum,1.0,1.0,6628.247437,1439.0,dry
Mozambique,Nampula,-14.3512895,40.0025692,222.0,Yes,Borehole with hand pump,Afridev,Manually drilled,,,No,,Water committee,1.0,,325.0,No,2.0,,,,,,,,,,,,,
Niger,Dosso,12.8462438,2.8651081,219.0,Yes,Borehole with hand pump,India Mark II,Manually drilled,,,No,37.0,Water committee,3.0,,301.0,No,2.0,No,No,0.0,37.0,,,,,999.0,2.0,433.0371149,634.0,dry
Rwanda,Northern Province,-1.677992923,30.04490147,2110.469296,Yes,Public tap / standpipe,,,Protected spring,Electric powered pump,No,30.0,Vendor,4.0,,150.0,No,,Yes,Yes,1.0,126.0,Moderate,Minimum,Minimum,Advanced,0.0,9.0,1344.186923,1205.0,wet
Nepal,Central,27.10715,86.08731,413.1379,Yes,Public tap / standpipe,,,Protected spring,Gravity Fed,,4.0,Water committee,1.0,,26.0,No,,,,,,,,,,,,,,
Ethiopia,Tigray,14.19757167,38.372145,1936.8,Yes,Borehole with hand pump,Afridev,Manually drilled,,,No,44.0,Water committee,1.0,,225.0,No,3.0,,,,,,,,,,,,,
Ethiopia,Tigray,13.376135,39.56918333,2224.1,Yes,Borehole with hand pump,Afridev,Manually drilled,,,No,250.0,Water committee,3.0,,1500.0,No,,Yes,Yes,0.0,250.0,Moderate,Moderate,Minimum,Minimum,1.0,5.0,322.8904155,601.0,dry
Uganda,Eastern,0.6363475,33.8909911,1050.787344,Yes,Borehole with hand pump,U3,Manually drilled,,,Yes,20.0,Water committee,15.0,1.0,68.0,No,1.0,,,,,,,,,,,,,
Malawi,South,-16.14852616,34.78870112,78.0,Yes,Borehole with hand pump,Afridev,Drilled by machine,,,Yes,76.0,Water committee,14.0,12.0,456.0,No,18.0,Yes,No,1.0,76.0,Inadequate,Inadequate,Inadequate,Moderate,0.0,1.0,1002.804572,1007.0,dry
Nepal,Central,27.60708,84.72245,669.3569,Yes,Public tap / standpipe,,,Protected spring,Gravity Fed,,2.0,Water committee,1.0,,16.0,No,,,,,,,,,,,,,,
Nepal,Western,28.35854,83.08646,1539.7628,Yes,Public tap / standpipe,,,Protected spring,Gravity Fed,,2.0,Water committee,1.0,,13.0,No,,,,,,,,,,,,,,
India,Bihar,26.51051441,85.33156486,0.0,Yes,Borehole with hand pump,Afridev,Drilled by machine,,,No,20.0,Water committee,1.0,,80.0,No,1.0,,,,,,,,,,,,,
Ethiopia,Tigray,13.72158,38.84826833,1750.0,Yes,Protected spring,,,,,No,51.0,Water committee,6.0,,312.0,,,Yes,No,0.0,612.0,Inadequate,Inadequate,Inadequate,Minimum,0.0,5.0,341.9132126,601.0,wet
Ethiopia,Tigray,12.624535,39.525455,2486.6,Yes,Borehole with hand pump,Afridev,Manually drilled,,,No,80.0,Water committee,3.0,,480.0,No,2.0,Yes,Yes,1.0,620.0,Moderate,Minimum,Minimum,Minimum,,12.0,3828.9587,601.0,wet
Nepal,Central,27.07709,86.16349,609.3774,Yes,Public tap / standpipe,,,Protected spring,Gravity Fed,,4.0,Water committee,1.0,,19.0,No,,,,,,,,,,,,,,
Nepal,Central,27.15746,86.13471,652.6,Yes,Public tap / standpipe,,,Protected spring,Gravity Fed,,1.0,Water committee,2.0,,7.0,Yes,,Yes,Yes,1.0,102.0,Moderate,Moderate,Moderate,Moderate,1.0,8.0,154.0708975,1689.0,wet
Nepal,Central,27.05571,86.28762,947.6333,Yes,Piped water into yard / plot,,,Protected spring,Gravity Fed,,1.0,Water committee,1.0,,9.0,No,,,,,,,,,,,,,,
Ethiopia,Tigray,13.509345,39.02210167,1508.2,Yes,Protected dug well with hand pump,Afridev,Hand-dug,,,Yes,78.0,Water committee,16.0,4.0,476.0,No,5.0,Yes,Yes,1.0,345.0,Advanced,Advanced,Advanced,Moderate,1.0,3.0,335.0992533,601.0,wet
Nepal,Central,27.15014,86.17017,786.4,Yes,Public tap / standpipe,,,Protected spring,Gravity Fed,,2.0,Water committee,2.0,,11.0,No,,Yes,Yes,1.0,62.0,Minimum,Moderate,Moderate,Moderate,1.0,12.0,271.1019978,1689.0,wet
India,Bihar,26.46582366,85.3067112,-23.0,Yes,Borehole with hand pump,India Mark II,Drilled by machine,,,No,12.0,Water committee,1.0,,65.0,No,1.0,,,,,,,,,,,,,
Malawi,South,-16.16017684,34.75455291,101.0,Yes,Borehole with hand pump,Afridev,Drilled by machine,,,No,56.0,Water committee,3.0,,336.0,No,4.0,Yes,Yes,1.0,56.0,Moderate,Moderate,Moderate,Moderate,1.0,2.0,1013.683718,1007.0,dry
Rwanda,Northern Province,-1.72120036,30.18922229,1737.0,Yes,Public tap / standpipe,,,Protected spring,Gravity Fed,No,100.0,Private person,0.5,,250.0,No,,,,,,,,,,,,,,
Mozambique,Nampula,-14.670068,39.5111136,370.0,Yes,Borehole with hand pump,Afridev,Manually drilled,,,No,150.0,Water committee,1.0,,750.0,No,2.0,,,,,,,,,,,,,
Rwanda,Northern Province,-1.733935788,29.91854758,1854.490498,Yes,Public tap / standpipe,,,Protected spring,Gravity Fed,No,20.0,Water committee,3.0,,100.0,Yes,,Yes,No,1.0,239.0,Inadequate,Inadequate,Inadequate,Minimum,0.0,4.0,2256.230376,1205.0,dry
Mozambique,Zambezia,-17.2165411,35.8790886,250.3361273,Yes,Borehole with hand pump,Afridev,Manually drilled,,,No,45.0,Water committee,3.0,,300.0,No,1.0,Yes,Yes,1.0,75.0,Moderate,Moderate,Moderate,Moderate,1.0,1.0,240.8449335,1203.0,wet
Mozambique,Nampula,-14.4468536,39.9015622,309.0,Yes,Borehole with hand pump,Afridev,Manually drilled,,,,25.0,Water committee,0.5,,125.0,No,2.0,,,,,,,,,,,,,
Ethiopia,Tigray,13.73748667,38.91063667,2000.0,Yes,Protected dug well with hand pump,Afridev,Hand-dug,,,No,65.0,Water committee,2.0,,340.0,Yes,42.0,Yes,Yes,0.0,420.0,Inadequate,Moderate,Inadequate,Moderate,1.0,8.0,232.4017148,601.0,wet
Nepal,Western,28.27077,83.1296,1408.2564,Yes,Public tap / standpipe,,,Protected spring,Gravity Fed,,2.0,Water committee,1.0,,12.0,No,,,,,,,,,,,,,,
India,West Bengal,21.85716027,88.41577231,-63.0,Yes,Borehole with hand pump,Afridev,Drilled by machine,,,No,17.0,Water committee,36.0,,100.0,No,1.0,Yes,Yes,1.0,25.0,Inadequate,Minimum,Inadequate,Minimum,0.0,2.0,1637.682434,1439.0,dry
Malawi,South,-16.03021392,34.89262146,376.0,Yes,Borehole with hand pump,Afridev,Drilled by machine,,,No,35.0,Water committee,3.0,,192.0,No,3.0,Yes,Yes,0.0,47.0,Moderate,Moderate,Advanced,Advanced,1.0,4.0,571.6544974,1007.0,dry
Uganda,Eastern,0.4977661,33.8418334,1115.624366,Yes,Borehole with hand pump,U3,Manually drilled,,,No,200.0,Water committee,1.0,,1052.0,No,2.0,,,,,,,,,,,,,
Uganda,Eastern,0.5030906,33.8131498,1104.835955,Yes,Borehole with hand pump,U3,Manually drilled,,,No,100.0,Water committee,1.0,,500.0,No,1.0,,,,,,,,,,,,,
Malawi,South,,,,Yes,Borehole with hand pump,Afridev,Manually drilled,,,No,15.0,Community leader,3.0,,80.0,Yes,,No,Yes,0.0,40.0,,,,,999.0,5.0,,1007.0,dry
Mali,Segou,13.4380573,-4.0412443,368.0,Yes,Borehole with hand pump,India Mark II,Manually drilled,,,No,50.0,Water committee,3.0,,300.0,Yes,3.0,Yes,Yes,0.0,150.0,Inadequate,Minimum,Inadequate,Minimum,0.0,5.0,39.53551706,631.0,dry
Nepal,Central,27.09643,86.0866,513.1828,Yes,Public tap / standpipe,,,Protected spring,Gravity Fed,,2.0,Private person,1.0,,18.0,No,,,,,,,,,,,,,,
Uganda,Eastern,0.5000033,33.8711905,1104.699951,Yes,Borehole with hand pump,U3,Manually drilled,,,No,80.0,Water committee,1.0,,400.0,No,1.0,,,,,,,,,,,,,
Nepal,Central,27.15928,86.12308,727.5,Yes,Public tap / standpipe,,,Protected spring,Gravity Fed,,4.0,Water committee,3.0,,19.0,No,,Yes,Yes,1.0,140.0,Moderate,Moderate,Moderate,Moderate,1.0,13.0,147.3326804,1689.0,wet
Rwanda,Northern Province,-1.82598853,30.24306082,1716.0,Yes,Public tap / standpipe,,,Protected spring,Electric powered pump,No,120.0,Water committee,0.5,,250.0,No,,,,,,,,,,,,,,
Nepal,Central,27.11073,86.14031,498.9075,Yes,Public tap / standpipe,,,Protected spring,Gravity Fed,,5.0,Water committee,1.0,,26.0,No,,,,,,,,,,,,,,
Nepal,Central,27.09867,86.10546,340.655,Yes,Public tap / standpipe,,,Protected spring,Gravity Fed,,5.0,Water committee,1.0,,22.0,No,,,,,,,,,,,,,,
Malawi,Central,-13.6363449,33.4685614,,Yes,Borehole with hand pump,Afridev,Manually drilled,,,Yes,60.0,Water committee,7.0,3.0,300.0,No,20.0,,,,,,,,,,,877.2371903,959.0,dry
India,West Bengal,21.95539597,88.30378154,-48.0,Yes,Borehole with hand pump,Afridev,Drilled by machine,,,No,,No one,10.0,,,No,,No,No,1.0,48.0,,,,,999.0,1.0,2388.341919,1439.0,dry
Malawi,Central,-13.63936883,33.49620134,,Yes,Borehole with hand pump,Afridev,Manually drilled,,,No,76.0,Water committee,2.0,,380.0,No,2.0,Yes,Yes,1.0,76.0,Moderate,Moderate,Moderate,Moderate,1.0,1.0,785.6133309,959.0,dry
Malawi,South,-16.53199,34.86772,122.9,Yes,Borehole with hand pump,Afridev,Manually drilled,,,,32.0,Water committee,1.0,,160.0,No,,,,,,,,,,,,,,
Ethiopia,Tigray,14.65490333,37.76822167,1046.0,Yes,Borehole with hand pump,Afridev,Manually drilled,,,Yes,57.0,Water committee,4.0,1.0,338.0,No,41.0,Yes,Yes,1.0,470.0,Moderate,Moderate,Minimum,Minimum,1.0,4.0,155.0198473,601.0,dry
Uganda,Eastern,0.648969,33.8643604,1060.5,Yes,Borehole with hand pump,U3,Manually drilled,,,No,100.0,Water committee,1.0,,520.0,No,2.0,,,,,,,,,,,,,
Uganda,Eastern,0.4612133,33.7466172,1219.300049,Yes,Borehole with hand pump,India Mark II,Manually drilled,,,No,130.0,Water committee,2.0,,780.0,No,5.0,Yes,Yes,0.0,180.0,Minimum,Minimum,Moderate,Moderate,1.0,2.0,1359.179069,1483.0,wet
Malawi,South,-16.54091,34.88981,147.83,Yes,Borehole with hand pump,Afridev,Manually drilled,,,,35.0,Water committee,1.0,,175.0,No,,,,,,,,,,,,,,
Rwanda,Northern Province,-1.805254734,30.09344484,1493.454746,Yes,Public tap / standpipe,,,Protected spring,Gravity Fed,No,40.0,No one,5.0,,230.0,No,,No,No,1.0,175.0,,,,,999.0,4.0,2168.33697,1205.0,wet
Nepal,Central,27.32424,85.83701,1256.9822,Yes,Public tap / standpipe,,,Unprotected spring,Gravity Fed,,4.0,Water committee,1.0,,26.0,No,,,,,,,,,,,,,,
Mozambique,Nampula,-14.4093895,39.4096044,407.0,Yes,Borehole with hand pump,Afridev,Manually drilled,,,No,42.0,Water committee,1.0,,220.0,No,2.0,,,,,,,,,,,,,
Mali,Segou,13.4883889,-4.6340216,314.0,No,Borehole with hand pump,India Mark II,Manually drilled,,,Yes,14.0,Community leader,18.0,4.0,100.0,Yes,3.0,No,Yes,0.0,20.0,,,,,999.0,1.0,116.5158402,631.0,dry
Nepal,Central,27.37368,85.70844,1531.8079,Yes,Public tap / standpipe,,,Protected spring,Gravity Fed,,3.0,Water committee,1.0,,22.0,No,,,,,,,,,,,,,,
Mali,Segou,12.9802004,-4.6426837,329.0,Yes,Borehole with hand pump,India Mark II,Manually drilled,,,No,70.0,Water committee,3.0,,600.0,No,2.0,Yes,Yes,0.0,70.0,Inadequate,Moderate,Inadequate,Minimum,1.0,8.0,217.5074918,631.0,dry
Niger,Dosso,13.0482924,2.8538388,229.0,Yes,Borehole with hand pump,India Mark II,Drilled by machine,,,No,8.0,Community leader,3.0,,90.0,No,9.0,No,Yes,1.0,10.0,,,,,999.0,3.0,542.8310912,634.0,dry
Ethiopia,Tigray,14.12827667,38.24178,1697.3,Yes,Protected dug well with hand pump,Afridev,Hand-dug,,,Yes,100.0,Water committee,7.0,3.0,620.0,,,Yes,Yes,0.0,420.0,Moderate,Moderate,Moderate,Moderate,1.0,12.0,464.2212785,601.0,dry
Mozambique,Zambezia,-17.2491084,36.2299749,145.4984576,Yes,Borehole with hand pump,Afridev,Manually drilled,,,No,40.0,Water committee,2.0,,350.0,No,1.0,Yes,No,0.0,60.0,Inadequate,Inadequate,Inadequate,Advanced,0.0,2.0,34.02710436,1203.0,wet
Mali,Segou,13.4861082,-4.6324013,315.0,Yes,Borehole with hand pump,India Mark II,Manually drilled,,,No,20.0,Water committee,4.0,,100.0,Yes,23.0,Yes,Yes,0.0,20.0,Moderate,Moderate,Advanced,Advanced,1.0,2.0,88.09389903,631.0,dry
Ethiopia,Tigray,12.83563833,39.49575833,2918.4,Yes,Protected dug well with hand pump,Afridev,Hand-dug,,,No,150.0,Water committee,3.0,,712.0,No,,Yes,Yes,0.0,300.0,Moderate,Moderate,Moderate,Moderate,1.0,2.0,696.2237472,601.0,wet
Nepal,Western,28.32126,83.0972,1677.005,Yes,Public tap / standpipe,,,Protected spring,Gravity Fed,,3.0,Water committee,1.0,,32.0,No,,,,,,,,,,,,,,
Mali,Segou,13.3312644,-4.158954,423.0,Yes,Borehole with hand pump,India Mark II,Manually drilled,,,No,40.0,Water committee,4.0,,250.0,No,2.0,Yes,Yes,1.0,400.0,Minimum,Advanced,Minimum,Advanced,1.0,2.0,125.3096382,631.0,dry
Nepal,Central,27.36293,85.74313,1267.7295,Yes,Piped water into yard / plot,,,Protected spring,Gravity Fed,,1.0,Water committee,1.0,,13.0,No,,,,,,,,,,,,,,
