finalist,row_index,truth,prediction,probability_0,probability_1,probability_2
HistGradientBoosting / none,0,0,0,0.8446567739356486,0.11340521127082674,0.04193801479352471
HistGradientBoosting / none,1,0,0,0.999577964570838,0.0003030324307690814,0.00011900299839288111
HistGradientBoosting / none,2,0,0,0.9968656128682102,0.003073460094174882,6.09270376149491e-05
HistGradientBoosting / none,3,0,0,0.9951332108373308,0.004699787735000575,0.0001670014276687771
HistGradientBoosting / none,4,0,0,0.9827761189365686,0.017002903301236424,0.00022097776219493696
HistGradientBoosting / none,5,0,0,0.9998104825779983,0.00018380992667538294,5.707495326294878e-06
HistGradientBoosting / none,6,0,0,0.9812146843285876,0.018353586043161,0.0004317296282515304
HistGradientBoosting / none,7,0,0,0.9925274569412084,0.0066312180334829555,0.0008413250253086681
HistGradientBoosting / none,8,1,2,0.31643043234551715,0.22141754203926295,0.46215202561521995
HistGradientBoosting / none,9,2,2,0.0011594364240303456,0.0008705092007511408,0.9979700543752186
HistGradientBoosting / none,10,2,0,0.8228923160868837,0.04629867134254544,0.13080901257057087
HistGradientBoosting / none,11,0,0,0.8032378964542728,0.006746214412724618,0.19001588913300246
HistGradientBoosting / none,12,0,0,0.9915575958633698,0.007848656984929469,0.0005937471517007777
HistGradientBoosting / none,13,0,0,0.99972369880698,0.0002685321943114456,7.768998708583058e-06
HistGradientBoosting / none,14,0,0,0.9927620873658708,0.005875391707119459,0.0013625209270097388
HistGradientBoosting / none,15,0,0,0.9992012656518238,0.0005921404136527343,0.00020659393452354376
HistGradientBoosting / none,16,0,0,0.9892188195282191,0.010421209765378942,0.00035997070640197195
HistGradientBoosting / none,17,1,0,0.9991127323965415,0.0008438014421959804,4.346616126257137e-05
HistGradientBoosting / none,18,0,0,0.9897981555704146,0.010030187386999491,0.0001716570425858843
HistGradientBoosting / none,19,0,0,0.6990686732513997,0.012356631033992387,0.28857469571460803
HistGradientBoosting / none,20,0,0,0.9894109817134731,0.00826757859113997,0.0023214396953869496
HistGradientBoosting / none,21,2,0,0.8729747492642375,0.10550908863718808,0.02151616209857444
HistGradientBoosting / none,22,2,2,0.0029891171771105926,0.00026217179559084224,0.9967487110272986
HistGradientBoosting / none,23,0,0,0.9917909527221745,0.007881864613389397,0.00032718266443611076
HistGradientBoosting / none,24,0,0,0.9944805443767576,0.00543823544132297,8.122018191952243e-05
HistGradientBoosting / none,25,0,0,0.9912652883530763,0.008038369517732492,0.0006963421291911705
HistGradientBoosting / none,26,0,0,0.9904898411068936,0.007939662230030358,0.001570496663075904
HistGradientBoosting / none,27,2,2,0.00915776899414149,0.0005254576714938241,0.9903167733343647
HistGradientBoosting / none,28,0,0,0.9760663526455964,0.01727333830636229,0.006660309048041382
HistGradientBoosting / none,29,0,0,0.962821655516592,0.027237393397625785,0.009940951085782225
HistGradientBoosting / none,30,0,0,0.9939485682747569,0.003438972196227733,0.002612459529015403
HistGradientBoosting / none,31,0,0,0.8428334596957134,0.028637122500111776,0.12852941780417476
HistGradientBoosting / none,32,0,0,0.9979493199365295,0.0019263485400041523,0.00012433152346636562
HistGradientBoosting / none,33,2,0,0.787750083710824,0.003221953508786666,0.20902796278038943
HistGradientBoosting / none,34,0,0,0.9857543252028578,0.013579685822547951,0.0006659889745943516
HistGradientBoosting / none,35,0,0,0.9624201097222074,0.03693762186394073,0.0006422684138518174
HistGradientBoosting / none,36,2,2,0.19963974455520814,0.038479436082975466,0.7618808193618164
HistGradientBoosting / none,37,0,0,0.9986320507796773,0.0012533026015076234,0.00011464661881517429
HistGradientBoosting / none,38,0,0,0.9990459601112912,0.0007908554174558988,0.00016318447125280447
HistGradientBoosting / none,39,0,0,0.9980984362607525,0.0018250171132739971,7.654662597345683e-05
HistGradientBoosting / none,40,2,2,0.03402657739875693,0.0018462678358269129,0.9641271547654161
HistGradientBoosting / none,41,0,0,0.7501373928474402,0.04298827117003194,0.206874335982528
HistGradientBoosting / none,42,0,0,0.9966700462626386,0.0028956210482844716,0.0004343326890770207
HistGradientBoosting / none,43,0,0,0.9529497147554616,0.04222654858181469,0.004823736662723647
HistGradientBoosting / none,44,0,0,0.9748336079133995,0.02497860169092303,0.00018779039567750323
HistGradientBoosting / none,45,0,0,0.9811073204927347,0.017690199685831385,0.0012024798214338391
HistGradientBoosting / none,46,2,1,0.14241656688128365,0.5636408110907238,0.2939426220279925
HistGradientBoosting / none,47,1,0,0.9927755972906372,0.005722281781850152,0.0015021209275125848
HistGradientBoosting / none,48,1,1,0.10059885297023954,0.8891057889301861,0.010295358099574384
HistGradientBoosting / none,49,0,0,0.9585817630114073,0.041054973611313265,0.00036326337727944527
HistGradientBoosting / none,50,0,0,0.9948626401787258,0.004534527075927346,0.0006028327453468322
HistGradientBoosting / none,51,0,0,0.9952177360525857,0.0030797578296937376,0.0017025061177206521
HistGradientBoosting / none,52,1,0,0.9975053075013679,0.002166116230166607,0.00032857626846552067
HistGradientBoosting / none,53,0,1,0.45159935358063746,0.5464114148957347,0.00198923152362783
HistGradientBoosting / none,54,2,2,0.048270542641568305,0.0016079322054622135,0.9501215251529695
HistGradientBoosting / none,55,0,0,0.9970724084322031,0.002795671489991875,0.0001319200778050392
HistGradientBoosting / none,56,0,0,0.999963700535605,3.3622208584425005e-05,2.6772558105934853e-06
HistGradientBoosting / none,57,0,0,0.8862551912720963,0.09978654286094535,0.013958265866958369
HistGradientBoosting / none,58,0,0,0.940231307814802,0.0013731602867798098,0.05839553189841814
HistGradientBoosting / none,59,0,0,0.9878285344436184,0.007763790197381466,0.004407675359000163
HistGradientBoosting / none,60,2,2,0.3947783069034892,0.10224004224270945,0.5029816508538013
HistGradientBoosting / none,61,0,0,0.9897301994805634,0.01004372884428879,0.0002260716751478016
HistGradientBoosting / none,62,0,0,0.9997351813041503,0.00020992450627518525,5.489418957452153e-05
HistGradientBoosting / none,63,2,2,0.04129367029127774,0.01276461617478956,0.9459417135339327
HistGradientBoosting / none,64,0,0,0.9752604287746246,0.00040177767704977527,0.02433779354832563
HistGradientBoosting / none,65,0,0,0.3849793373836154,0.2985650996712755,0.3164555629451091
HistGradientBoosting / none,66,0,0,0.996071677024241,0.0035572073205635884,0.0003711156551953536
HistGradientBoosting / none,67,0,0,0.9562767700263302,0.0026518816330975354,0.04107134834057226
HistGradientBoosting / none,68,1,1,0.17777586830710784,0.8154814598423031,0.006742671850589029
HistGradientBoosting / none,69,2,2,0.011401146515736198,0.060302183888556064,0.9282966695957078
HistGradientBoosting / none,70,0,2,0.20960163523221453,0.35049440960223827,0.43990395516554726
HistGradientBoosting / none,71,0,0,0.9982384107444459,0.001613555967100389,0.00014803328845366799
HistGradientBoosting / none,72,2,2,0.009841297546721287,0.001701019956370824,0.9884576824969079
HistGradientBoosting / none,73,0,0,0.9975690117142564,0.002404623752107904,2.6364533635772012e-05
HistGradientBoosting / none,74,2,2,0.033072588314229455,0.0030135827296341646,0.9639138289561364
HistGradientBoosting / none,75,0,0,0.918718946386912,0.063196455192679,0.01808459842040906
HistGradientBoosting / none,76,2,2,0.033764769921615284,0.004571746626099619,0.9616634834522851
HistGradientBoosting / none,77,0,0,0.9930553435670076,0.00516850762740689,0.0017761488055855722
HistGradientBoosting / none,78,0,0,0.8127988578128542,0.16335630265537035,0.023844839531775453
HistGradientBoosting / none,79,0,0,0.9991300831794576,0.0006015373164172932,0.0002683795041250699
HistGradientBoosting / none,80,0,0,0.9293901874396525,0.07052625914575548,8.355341459205119e-05
HistGradientBoosting / none,81,0,0,0.9985075511021925,0.0013462883854306914,0.00014616051237679136
HistGradientBoosting / none,82,0,0,0.9995298839165825,0.0003794007480070522,9.071533541053634e-05
HistGradientBoosting / none,83,0,0,0.9947115415790202,0.00025645581223216607,0.005032002608747608
HistGradientBoosting / none,84,0,0,0.9974563981805177,0.0010594717028807432,0.001484130116601475
HistGradientBoosting / none,85,0,0,0.6397357458861499,0.10806461046847325,0.2521996436453768
HistGradientBoosting / none,86,2,2,0.03458873853024021,0.0019857959920398746,0.9634254654777199
HistGradientBoosting / none,87,0,0,0.9999222413910113,3.403410546481161e-05,4.372450352400431e-05
HistGradientBoosting / none,88,0,0,0.8842769483525056,0.06392803515021937,0.051795016497275095
HistGradientBoosting / none,89,0,0,0.9908843462735912,0.0013382461707034847,0.007777407555705369
HistGradientBoosting / none,90,0,2,0.41588590371976314,0.054925929198799586,0.5291881670814372
HistGradientBoosting / none,91,0,0,0.9962640367564444,0.001454789588284878,0.0022811736552707015
HistGradientBoosting / none,92,1,0,0.5802444726441361,0.011159311412347182,0.4085962159435167
HistGradientBoosting / none,93,0,0,0.9906476273388306,0.007161245179542127,0.002191127481627353
HistGradientBoosting / none,94,0,0,0.9956635241294575,0.003618735847275512,0.0007177400232670844
HistGradientBoosting / none,95,1,0,0.9596018861372483,0.02715603434684285,0.01324207951590892
HistGradientBoosting / none,96,0,0,0.9996235213712388,0.0002969796105277625,7.94990182334557e-05
HistGradientBoosting / none,97,0,0,0.9994719239240677,0.000518099565860168,9.976510072141866e-06
HistGradientBoosting / none,98,0,0,0.9996822759750728,0.0002614549363669763,5.626908856032185e-05
HistGradientBoosting / none,99,0,0,0.965524064722736,0.033609556929149784,0.0008663783481142058
HistGradientBoosting / none,100,0,0,0.994464039295648,0.004379971316536,0.0011559893878160307
HistGradientBoosting / none,101,2,0,0.4996246767467428,0.3494320547011347,0.15094326855212248
HistGradientBoosting / none,102,0,0,0.6068139460995786,0.3708617290904255,0.022324324809995955
HistGradientBoosting / none,103,0,0,0.6227425278829921,0.025165953920288153,0.35209151819671974
HistGradientBoosting / none,104,0,0,0.9600528796848053,0.024916851402245206,0.015030268912949478
HistGradientBoosting / none,105,0,0,0.9627517635449008,0.0372293558917005,1.8880563398768958e-05
HistGradientBoosting / none,106,0,0,0.7902284530154667,0.16426961839737714,0.04550192858715603
HistGradientBoosting / none,107,0,0,0.9118921994229702,0.08687752130730776,0.0012302792697220382
HistGradientBoosting / none,108,0,0,0.9714649690134824,0.02836310132196372,0.0001719296645538244
HistGradientBoosting / none,109,2,2,0.44515987722340483,0.058373906697121794,0.4964662160794734
HistGradientBoosting / none,110,2,2,0.08686037805822466,0.0514382966954258,0.8617013252463496
HistGradientBoosting / none,111,0,0,0.5733969263801294,0.4262610346318604,0.00034203898801025284
HistGradientBoosting / none,112,0,1,0.41725246593753623,0.5226966072471424,0.06005092681532148
HistGradientBoosting / none,113,1,0,0.9817682490297499,0.016938547747180704,0.001293203223069318
HistGradientBoosting / none,114,0,0,0.9928311975702703,0.006118415541808588,0.0010503868879211933
HistGradientBoosting / none,115,2,2,0.21267312821791995,0.044266710608512665,0.7430601611735673
HistGradientBoosting / none,116,0,0,0.9420380920105184,0.057769927366797084,0.00019198062268452272
HistGradientBoosting / none,117,0,0,0.8648607966117706,0.03469528473074573,0.10044391865748369
HistGradientBoosting / none,118,0,0,0.9997968730029936,0.00019473319097854425,8.393806028012705e-06
HistGradientBoosting / none,119,2,2,0.05565581650240367,0.007569857457262885,0.9367743260403335
HistGradientBoosting / none,120,0,0,0.996620647444428,0.0033434048621006534,3.5947693471343846e-05
HistGradientBoosting / none,121,0,0,0.9965484460933928,0.0003592297037173666,0.0030923242028899293
HistGradientBoosting / none,122,0,0,0.978022467206647,0.020785694250693758,0.0011918385426592135
HistGradientBoosting / none,123,0,0,0.9941843030007022,0.005705137458972744,0.00011055954032518192
HistGradientBoosting / none,124,0,0,0.8403208088406893,0.004467342022158346,0.15521184913715236
HistGradientBoosting / none,125,0,0,0.9874315105229418,0.012482613940959736,8.587553609849748e-05
HistGradientBoosting / none,126,0,0,0.9890454133701656,0.01087149587682283,8.309075301155878e-05
HistGradientBoosting / none,127,0,0,0.9902486957497134,0.0096538175833552,9.748666693144763e-05
HistGradientBoosting / none,128,0,0,0.999116643064271,0.0007752167823595065,0.00010814015336962918
HistGradientBoosting / none,129,0,0,0.6752488320813448,0.14727937305419897,0.17747179486445622
HistGradientBoosting / none,130,0,0,0.998523404883255,0.0009872380366371866,0.0004893570801078819
HistGradientBoosting / none,131,0,0,0.9892613638338882,0.010606614392362355,0.00013202177374938598
HistGradientBoosting / none,132,2,0,0.6165896356658429,0.3561964891625396,0.027213875171617507
HistGradientBoosting / none,133,0,0,0.7722736480874991,0.038069403840408134,0.18965694807209277
HistGradientBoosting / none,134,0,0,0.9918024047614862,0.0074870214389678134,0.0007105737995460123
HistGradientBoosting / none,135,0,0,0.9587874211669712,0.04067905372888938,0.0005335251041394199
HistGradientBoosting / none,136,1,1,0.21954729198031608,0.4559530209221365,0.32449968709754745
HistGradientBoosting / none,137,0,0,0.9971224889105608,0.0025575819457030447,0.00031992914373631836
HistGradientBoosting / none,138,0,0,0.9713204051152267,0.026628730087571648,0.002050864797201757
HistGradientBoosting / none,139,2,2,0.15159559266059675,0.005006082856544774,0.8433983244828585
HistGradientBoosting / none,140,2,2,0.0017408581900514003,0.001560447222731576,0.996698694587217
HistGradientBoosting / none,141,0,0,0.9672363450121224,0.03072891694122452,0.002034738046653021
HistGradientBoosting / none,142,0,0,0.9964410562385323,0.0027495607258422416,0.0008093830356254681
HistGradientBoosting / none,143,0,0,0.9939051353141878,0.0058164213341404146,0.0002784433516719152
HistGradientBoosting / none,144,0,0,0.9524756551628191,0.016815860656315507,0.03070848418086537
HistGradientBoosting / none,145,2,2,0.053492610693190695,0.009064376922603944,0.9374430123842054
HistGradientBoosting / none,146,0,0,0.971897892943516,0.0026065469258395924,0.0254955601306444
HistGradientBoosting / none,147,0,0,0.996751350981538,0.0032089562970686286,3.96927213933747e-05
HistGradientBoosting / none,148,0,0,0.9386695227834434,0.0509370715867702,0.010393405629786428
HistGradientBoosting / none,149,2,2,0.01450929319383086,0.004372963448130507,0.9811177433580387
HistGradientBoosting / none,150,0,0,0.9941448187036979,0.005659281912064151,0.000195899384238067
HistGradientBoosting / none,151,1,1,0.03206413859004132,0.49939867344454564,0.46853718796541294
HistGradientBoosting / none,152,0,0,0.572401806203357,0.0008352644459665399,0.4267629293506765
HistGradientBoosting / none,153,2,2,0.06978247684430935,0.062497595418785065,0.8677199277369056
HistGradientBoosting / none,154,0,0,0.8769068131954467,0.10463170080135445,0.018461486003198913
HistGradientBoosting / none,155,0,0,0.9930792591190962,0.006162012674196188,0.0007587282067076421
HistGradientBoosting / none,156,0,0,0.9990086777635275,0.000986757205007149,4.565031465298425e-06
HistGradientBoosting / none,157,0,2,0.4706681061763123,0.032725354411893115,0.4966065394117946
HistGradientBoosting / none,158,2,0,0.49728139722672754,0.045164178564750516,0.457554424208522
HistGradientBoosting / none,159,0,0,0.9988109057553185,0.0007310182572022188,0.0004580759874792493
HistGradientBoosting / none,160,0,0,0.9971619243681581,0.0025369762706084517,0.0003010993612334289
HistGradientBoosting / none,161,0,0,0.9986465991888481,0.0011833242019125537,0.00017007660923928347
HistGradientBoosting / none,162,0,0,0.9988289794188362,0.0010803137650885434,9.070681607521967e-05
HistGradientBoosting / none,163,2,2,0.03757738931256512,0.00262651137510102,0.9597960993123339
HistGradientBoosting / none,164,0,0,0.9994680446971466,0.00048819002712724847,4.3765275726173574e-05
HistGradientBoosting / none,165,0,0,0.618090003429406,0.18764955954590917,0.19426043702468487
HistGradientBoosting / none,166,0,0,0.5826862756281838,0.08578867685580227,0.33152504751601397
HistGradientBoosting / none,167,0,0,0.7764543746887266,0.04356146862635654,0.17998415668491682
HistGradientBoosting / none,168,0,0,0.9356647561762629,0.060941444349465725,0.003393799474271504
HistGradientBoosting / none,169,0,0,0.9893743539518958,0.010069489284868076,0.0005561567632362151
HistGradientBoosting / none,170,0,0,0.9616718584204368,0.012372902433443224,0.025955239146120045
HistGradientBoosting / none,171,0,0,0.9991087928660628,0.0008506676591809629,4.053947475629087e-05
HistGradientBoosting / none,172,0,0,0.998738752159901,0.001122488795919513,0.00013875904417947338
HistGradientBoosting / none,173,0,0,0.9998684431884663,8.307593324506147e-05,4.8480878288627193e-05
HistGradientBoosting / none,174,0,0,0.8286692146340893,0.030355824102531157,0.1409749612633796
HistGradientBoosting / none,175,1,0,0.9088828258914077,0.08905125804765487,0.002065916060937461
HistGradientBoosting / none,176,2,2,0.11528641863236273,0.003224337777494806,0.8814892435901425
HistGradientBoosting / none,177,0,0,0.9929420515651101,0.006349921879421928,0.000708026555468004
HistGradientBoosting / none,178,0,0,0.7997056120865833,0.016361440701769432,0.18393294721164713
HistGradientBoosting / none,179,2,2,0.25628675995089745,0.03398202132486093,0.7097312187242417
HistGradientBoosting / none,180,0,0,0.9859517894367493,0.01363802883132537,0.00041018173192530885
HistGradientBoosting / none,181,0,0,0.9714494581469353,0.017765008849206038,0.010785533003858705
HistGradientBoosting / none,182,2,2,0.1572538739299064,0.007530710645609936,0.8352154154244837
HistGradientBoosting / none,183,2,2,0.1684885613717496,0.03844719826880702,0.7930642403594433
HistGradientBoosting / none,184,0,0,0.8182590849650642,0.15871480829395931,0.023026106740976503
HistGradientBoosting / none,185,0,0,0.9080675868840269,0.013385106202738863,0.07854730691323424
HistGradientBoosting / none,186,0,0,0.9995451681373502,0.0003742660462029802,8.056581644690746e-05
HistGradientBoosting / none,187,0,0,0.7606064569304499,0.2386306003222737,0.000762942747276476
HistGradientBoosting / none,188,1,2,0.24839593384823241,0.1150797651125481,0.6365243010392194
HistGradientBoosting / none,189,2,2,0.03163262698925941,0.004747334074861626,0.963620038935879
HistGradientBoosting / none,190,2,0,0.5421500635362639,0.11141986812567233,0.34643006833806383
HistGradientBoosting / none,191,0,0,0.9978853629429403,0.0020318898602336194,8.274719682612911e-05
HistGradientBoosting / none,192,2,2,0.060887906019625404,0.20274788790903975,0.7363642060713348
HistGradientBoosting / none,193,0,0,0.8770103202439135,0.0024761163634069486,0.12051356339267964
HistGradientBoosting / none,194,2,2,0.2753604489159449,0.021692668567457475,0.7029468825165976
HistGradientBoosting / none,195,0,0,0.9996636971330365,0.00020091747356212964,0.00013538539340147483
HistGradientBoosting / none,196,0,0,0.7805387775988447,0.0025441476699884424,0.2169170747311669
HistGradientBoosting / none,197,0,0,0.9653986696164534,0.005965830620275495,0.028635499763271066
HistGradientBoosting / none,198,1,0,0.8945647609557831,0.08433737524174345,0.02109786380247347
HistGradientBoosting / none,199,2,0,0.6190107962802811,0.35525225786634396,0.02573694585337501
HistGradientBoosting / none,200,0,0,0.7444597447204698,0.25163838654868903,0.003901868730841283
HistGradientBoosting / none,201,0,0,0.9997323477131074,0.00014773506557932056,0.0001199172213133087
HistGradientBoosting / none,202,0,0,0.9576854227143609,0.015011790356239844,0.027302786929399196
HistGradientBoosting / none,203,0,2,0.2664553061931271,0.2017572832215957,0.5317874105852772
HistGradientBoosting / none,204,2,2,0.025202348818295424,0.007039634535824074,0.9677580166458805
HistGradientBoosting / none,205,0,0,0.9813630149217899,0.018428778830501282,0.00020820624770889594
HistGradientBoosting / none,206,2,2,0.0287791915267416,0.006228042183191111,0.9649927662900672
HistGradientBoosting / none,207,1,0,0.9685557548000273,0.001197618560566869,0.03024662663940575
HistGradientBoosting / none,208,0,0,0.9994693164363774,0.0004325735003311585,9.811006329144249e-05
HistGradientBoosting / none,209,1,0,0.9996102296014152,0.00033840497255344836,5.136542603139828e-05
HistGradientBoosting / none,210,0,1,0.43559083095601275,0.5211813923956936,0.04322777664829354
HistGradientBoosting / none,211,0,0,0.999513933092562,0.00017592790693236497,0.0003101390005056694
HistGradientBoosting / none,212,0,0,0.9637163160850305,0.0359148873172264,0.00036879659774312
HistGradientBoosting / none,213,0,0,0.8936097067729449,0.028543017949680782,0.07784727527737431
HistGradientBoosting / none,214,0,0,0.9993985499119027,0.0005526672511151062,4.8782836982181196e-05
HistGradientBoosting / none,215,0,0,0.9980860270157571,0.0017865106559196797,0.00012746232832322265
HistGradientBoosting / none,216,0,0,0.8632468806197378,0.135933376486321,0.0008197428939412385
HistGradientBoosting / none,217,1,0,0.4412242671642432,0.1297962090569514,0.4289795237788055
HistGradientBoosting / none,218,0,2,0.1508800445976334,0.007826662536313202,0.8412932928660535
HistGradientBoosting / none,219,0,0,0.9588457402419469,0.03394563659141098,0.007208623166641959
HistGradientBoosting / none,220,0,0,0.9847963944233363,0.014521771190089006,0.0006818343865746127
HistGradientBoosting / none,221,2,0,0.9882618250449892,0.00019987609945443512,0.01153829885555626
HistGradientBoosting / none,222,1,1,0.03254291265969837,0.9671427557720738,0.00031433156822787843
HistGradientBoosting / none,223,0,0,0.8790657621402457,0.10216501659317448,0.018769221266579914
HistGradientBoosting / none,224,0,0,0.9972360392681374,0.002554528070201593,0.00020943266166085491
HistGradientBoosting / none,225,1,1,0.3803398086679714,0.568451519467592,0.05120867186443669
HistGradientBoosting / none,226,0,0,0.9980588537863518,0.0017966928789847297,0.00014445333466329662
HistGradientBoosting / none,227,0,0,0.9965812024736123,0.0033225424076480945,9.625511873959592e-05
HistGradientBoosting / none,228,0,0,0.6603975094193637,0.3058202910758777,0.03378219950475856
HistGradientBoosting / none,229,0,0,0.983380023984089,0.01651285510236795,0.00010712091354308016
HistGradientBoosting / none,230,1,1,0.3955370197323336,0.49607147438910054,0.10839150587856586
HistGradientBoosting / none,231,2,2,0.023748729597310024,0.005073912732678955,0.971177357670011
HistGradientBoosting / none,232,2,0,0.8136269630322128,0.08815675577832577,0.09821628118946146
HistGradientBoosting / none,233,0,0,0.9921559510171929,0.005824710259068775,0.002019338723738415
HistGradientBoosting / none,234,2,2,0.0462047421070378,0.004793473971746957,0.9490017839212153
HistGradientBoosting / none,235,0,0,0.958169039693862,0.04125479137083385,0.0005761689353040655
HistGradientBoosting / none,236,2,2,0.42013612567461567,0.1030153656736413,0.476848508651743
HistGradientBoosting / none,237,2,0,0.994374917661554,0.003914921343282645,0.0017101609951633498
HistGradientBoosting / none,238,0,0,0.9938042932544775,0.0022895646369062946,0.0039061421086161656
HistGradientBoosting / none,239,2,2,0.009797672514173112,0.041838284703448386,0.9483640427823785
HistGradientBoosting / none,240,2,2,0.4210795103865298,0.08343222705739102,0.4954882625560791
HistGradientBoosting / none,241,1,0,0.37449537399556637,0.3706170201182458,0.2548876058861878
HistGradientBoosting / none,242,0,2,0.04394494785787332,0.0016571415486920915,0.9543979105934346
HistGradientBoosting / none,243,0,0,0.7722023404413034,0.07475202483636827,0.15304563472232832
HistGradientBoosting / none,244,2,2,0.04571484097830687,0.001798069208762896,0.9524870898129303
HistGradientBoosting / none,245,2,0,0.618668975831554,0.07162552884601156,0.30970549532243447
HistGradientBoosting / none,246,0,0,0.9850597753803128,0.014843936774807534,9.628784487974232e-05
HistGradientBoosting / none,247,0,0,0.997893951760172,0.0019996938083565842,0.00010635443147136981
HistGradientBoosting / none,248,0,0,0.997508860805132,0.0022172591698823825,0.00027388002498571234
HistGradientBoosting / none,249,2,2,0.34309341730049037,0.007840503602667592,0.6490660790968421
HistGradientBoosting / none,250,2,2,0.01722625993072705,0.028701905402673623,0.9540718346665993
HistGradientBoosting / none,251,0,0,0.9778263904358555,0.02194348034112967,0.00023012922301476454
HistGradientBoosting / none,252,0,0,0.5779688913671034,0.42143452899036343,0.0005965796425332901
HistGradientBoosting / none,253,0,0,0.940079351798304,0.05933741368427021,0.0005832345174257009
HistGradientBoosting / none,254,0,0,0.9980266612830211,0.0016424775103052905,0.0003308612066734934
HistGradientBoosting / none,255,0,0,0.5128286985835011,0.44489696469713713,0.04227433671936178
HistGradientBoosting / none,256,0,0,0.9992538321549695,0.0005491280859895297,0.00019703975904091861
HistGradientBoosting / none,257,2,0,0.6119401901173649,0.24564144617497183,0.1424183637076633
HistGradientBoosting / none,258,0,0,0.7263573464980875,0.03355935195082325,0.2400833015510893
HistGradientBoosting / none,259,2,2,0.030320540574224595,0.0010356187712917968,0.9686438406544835
HistGradientBoosting / none,260,0,0,0.6106553183964967,0.2967296532262912,0.0926150283772122
HistGradientBoosting / none,261,0,0,0.9962455808399812,9.219916099801049e-05,0.0036622199990208578
HistGradientBoosting / none,262,2,0,0.5903806591327472,0.0002258164469076787,0.40939352442034516
HistGradientBoosting / none,263,0,0,0.7433212020999652,0.1815783483461985,0.07510044955383637
HistGradientBoosting / none,264,0,0,0.6276779661079295,0.15330793819015365,0.21901409570191696
HistGradientBoosting / none,265,2,2,0.19076643920987296,0.03689412000019687,0.7723394407899302
HistGradientBoosting / none,266,0,0,0.9994263962470396,0.0005520641243518023,2.1539628608614304e-05
HistGradientBoosting / none,267,0,0,0.9999267532249786,7.108242298706327e-05,2.16435203440215e-06
HistGradientBoosting / none,268,0,0,0.9595898969818573,0.04025318114819524,0.00015692186994753285
HistGradientBoosting / none,269,0,0,0.993307411725882,0.005221783230655973,0.001470805043461914
HistGradientBoosting / none,270,2,2,0.23953882235741433,0.018832015472306115,0.7416291621702795
HistGradientBoosting / none,271,0,0,0.9993193240549681,0.0006526568679499973,2.8019077081915273e-05
HistGradientBoosting / none,272,2,2,0.08626289005760247,0.0010872146401196996,0.9126498953022779
HistGradientBoosting / none,273,0,0,0.979149484090787,0.00031629880142380185,0.02053421710778927
HistGradientBoosting / none,274,0,1,0.3674568366940206,0.5783275245106619,0.05421563879531751
HistGradientBoosting / none,275,2,2,0.2907163711344786,0.01764276722847684,0.6916408616370446
HistGradientBoosting / none,276,0,0,0.6284262553709332,0.18701537313520208,0.18455837149386475
HistGradientBoosting / none,277,0,0,0.9447882185702856,0.01216714184917991,0.04304463958053456
HistGradientBoosting / none,278,2,2,0.017617011173295977,0.026566604653813337,0.9558163841728907
HistGradientBoosting / none,279,2,0,0.9755699505784893,0.020796462961332283,0.0036335864601784555
HistGradientBoosting / none,280,0,0,0.9720304481502656,0.02721484899624313,0.0007547028534912641
HistGradientBoosting / none,281,0,0,0.9931030280112758,0.006556346402456339,0.0003406255862677713
HistGradientBoosting / none,282,0,0,0.9959730838660453,0.0022543883361947218,0.0017725277977599465
HistGradientBoosting / none,283,0,0,0.6785678334657642,0.026354496835564338,0.2950776696986714
HistGradientBoosting / none,284,0,0,0.9889846771460885,0.010946391465316629,6.893138859482627e-05
HistGradientBoosting / none,285,0,0,0.9955106035206537,0.00047624424030842904,0.004013152239037881
HistGradientBoosting / none,286,0,0,0.9985928672934906,0.0010117913541259562,0.00039534135238341873
HistGradientBoosting / none,287,0,0,0.9960784101593243,0.0006615589421669659,0.0032600308985086127
HistGradientBoosting / none,288,1,1,0.14911606197451474,0.8498687021215395,0.001015235903945737
HistGradientBoosting / none,289,0,0,0.9676685324836288,0.03221921920756655,0.00011224830880458204
HistGradientBoosting / none,290,0,0,0.994035062745305,0.0013262560496788106,0.004638681205016278
HistGradientBoosting / none,291,0,0,0.9531492796561726,0.043136409275271854,0.003714311068555633
HistGradientBoosting / none,292,1,0,0.7061035837925872,0.024232747607674826,0.26966366859973806
HistGradientBoosting / none,293,0,0,0.9449295306308442,0.01938434506049181,0.03568612430866405
HistGradientBoosting / none,294,0,0,0.9901598890928422,0.0081677834929838,0.001672327414173978
HistGradientBoosting / none,295,0,0,0.9980139104949104,0.001583631531215386,0.0004024579738742615
HistGradientBoosting / none,296,0,0,0.9997396253407625,0.00024910302543496265,1.1271633802503713e-05
HistGradientBoosting / none,297,2,2,0.004185286811275532,0.005922170842534679,0.9898925423461898
HistGradientBoosting / none,298,0,0,0.9116624315587394,0.08818316553096738,0.00015440291029321436
HistGradientBoosting / none,299,1,0,0.8009705812786374,0.1473200464562635,0.05170937226509918
HistGradientBoosting / none,300,0,0,0.9924161601089704,0.006978230027532621,0.0006056098634969713
HistGradientBoosting / none,301,0,0,0.9998687308777432,8.696450087301489e-05,4.430462138384348e-05
HistGradientBoosting / none,302,0,0,0.999922440630084,6.969764987227982e-05,7.861720043800632e-06
HistGradientBoosting / none,303,0,0,0.8286068622548625,0.022085639252032295,0.1493074984931052
HistGradientBoosting / none,304,0,0,0.991681056110648,0.007948989267195098,0.0003699546221568218
HistGradientBoosting / none,305,0,1,0.38555036474998156,0.5643203775556451,0.0501292576943733
HistGradientBoosting / none,306,0,0,0.9997602367120845,0.00023715464596671252,2.6086419487700203e-06
HistGradientBoosting / none,307,0,1,0.24277372333619843,0.7305267037803298,0.026699572883471755
HistGradientBoosting / none,308,0,0,0.9995910003864947,0.00031418560131417757,9.48140121911583e-05
HistGradientBoosting / none,309,0,0,0.7021490017468738,0.14273051573578383,0.15512048251734248
HistGradientBoosting / none,310,0,0,0.9987040177973696,0.001179732724197143,0.00011624947843322383
HistGradientBoosting / none,311,0,0,0.9955283678569639,0.0024548662420585603,0.0020167659009774743
HistGradientBoosting / none,312,0,0,0.9981247440223492,0.0009915527187947242,0.0008837032588560906
HistGradientBoosting / none,313,0,0,0.9984649961714023,0.0009825533025089993,0.0005524505260887801
HistGradientBoosting / none,314,0,0,0.986128984720912,0.009542528046144133,0.004328487232943881
HistGradientBoosting / none,315,0,0,0.9877040397002739,0.0034566180774052925,0.008839342222320912
HistGradientBoosting / none,316,0,0,0.9957057815967092,0.004022931570502016,0.00027128683278878057
HistGradientBoosting / none,317,0,0,0.9921877413826885,0.006182668803770068,0.0016295898135414164
HistGradientBoosting / none,318,0,0,0.8794214272555126,0.02831962284462271,0.09225894989986454
HistGradientBoosting / none,319,2,2,0.0087858668382958,0.00439737498891084,0.9868167581727934
HistGradientBoosting / none,320,0,0,0.8408331727726948,0.1580523913328952,0.0011144358944098892
HistGradientBoosting / none,321,0,0,0.9854617232550038,0.013210888954456636,0.0013273877905395689
HistGradientBoosting / none,322,0,0,0.9967606398768417,0.0031472115378354307,9.214858532269805e-05
HistGradientBoosting / none,323,0,0,0.9046018939404437,0.09525257393260607,0.0001455321269501569
HistGradientBoosting / none,324,0,0,0.9994590050573279,0.00031621676308044206,0.00022477817959169532
HistGradientBoosting / none,325,1,0,0.9994741494505878,0.0004737841140873442,5.206643532486354e-05
HistGradientBoosting / none,326,0,0,0.8578946079829008,0.1153791208373546,0.026726271179744587
HistGradientBoosting / none,327,0,0,0.9977639974737919,0.001601266650641045,0.0006347358755671068
HistGradientBoosting / none,328,0,0,0.99964625715295,0.00028414824575252295,6.959460129749781e-05
HistGradientBoosting / none,329,2,0,0.49904748420242245,0.01789001988867708,0.4830624959089005
HistGradientBoosting / none,330,0,0,0.7802847774770926,0.21719536945154064,0.002519853071366878
HistGradientBoosting / none,331,0,0,0.8447649453648456,0.12798376010343468,0.027251294531719688
HistGradientBoosting / none,332,1,0,0.8398942402270627,0.09371977692136613,0.06638598285157114
HistGradientBoosting / none,333,0,0,0.9981260157466858,0.001597971773433964,0.0002760124798802333
HistGradientBoosting / none,334,2,2,0.037978261754565756,0.0372220173859652,0.9247997208594692
HistGradientBoosting / none,335,0,0,0.7342998901122938,0.0172008172623542,0.24849929262535195
HistGradientBoosting / none,336,0,0,0.9660467691510043,0.029698584890985535,0.004254645958010169
HistGradientBoosting / none,337,0,0,0.7429645625956109,0.22005324214299962,0.03698219526138942
HistGradientBoosting / none,338,0,0,0.9980144655129334,0.0018168260785377133,0.00016870840852890696
HistGradientBoosting / none,339,0,0,0.9966996948246042,0.0031958122505095473,0.00010449292488619827
HistGradientBoosting / none,340,0,0,0.9891847138549955,0.010007344012086436,0.0008079421329180081
HistGradientBoosting / none,341,0,0,0.9996853630974559,0.00028396557862953937,3.06713239145526e-05
HistGradientBoosting / none,342,0,0,0.9946584314794799,0.002208579510993782,0.0031329890095263603
HistGradientBoosting / none,343,2,2,0.0035317725247559096,0.0005547187291841509,0.99591350874606
HistGradientBoosting / none,344,0,0,0.8884010457691703,0.058262958959399404,0.05333599527143033
HistGradientBoosting / none,345,0,0,0.5162184837317365,0.4102644257395465,0.07351709052871708
HistGradientBoosting / none,346,0,0,0.9984790246672742,0.0007404540669491815,0.0007805212657766177
HistGradientBoosting / none,347,0,0,0.9027297144052333,0.07094701642223566,0.026323269172531007
HistGradientBoosting / none,348,2,0,0.8876796909392752,0.03949656991272077,0.07282373914800404
HistGradientBoosting / none,349,0,2,0.4180381861272761,0.02465161324205473,0.5573102006306692
HistGradientBoosting / none,350,0,0,0.9982103463127711,0.001306978678111675,0.00048267500911732523
HistGradientBoosting / none,351,0,0,0.5892962784986465,0.4094961364041905,0.0012075850971629996
HistGradientBoosting / none,352,0,0,0.93463212031023,0.01095264925176659,0.05441523043800339
HistGradientBoosting / none,353,0,0,0.9992558954864031,0.0006511842238027373,9.292028979415144e-05
HistGradientBoosting / none,354,0,0,0.9981793982183562,0.0011348463021341548,0.0006857554795095607
HistGradientBoosting / none,355,0,0,0.7079917553523705,0.2019403438987286,0.09006790074890081
HistGradientBoosting / none,356,1,1,0.2692671277176378,0.49610553560757115,0.23462733667479113
HistGradientBoosting / none,357,2,2,0.07462896208904832,0.04464733569964739,0.8807237022113042
HistGradientBoosting / none,358,0,0,0.9992665450935391,0.0004097602177303728,0.00032369468873046244
HistGradientBoosting / none,359,2,2,0.00566653088319003,0.0015976260973247145,0.9927358430194853
HistGradientBoosting / none,360,0,0,0.9323166018522795,0.06746569567075372,0.00021770247696668632
HistGradientBoosting / none,361,0,0,0.9990912805157427,0.0008945824109627315,1.4137073294559694e-05
HistGradientBoosting / none,362,0,0,0.8826895032405532,0.11689870081735514,0.0004117959420917842
HistGradientBoosting / none,363,0,0,0.8492078909295518,0.11507674618552066,0.03571536288492757
HistGradientBoosting / none,364,0,0,0.9978867060113819,0.0009531696710398559,0.0011601243175783503
HistGradientBoosting / none,365,0,0,0.9547478816476314,0.016343937449173014,0.028908180903195628
HistGradientBoosting / none,366,0,0,0.9783379165444406,0.020095711412985634,0.001566372042573851
HistGradientBoosting / none,367,0,0,0.6818060937085317,0.05489903057919862,0.26329487571226967
HistGradientBoosting / none,368,0,0,0.9105034148680038,0.019435494448679848,0.07006109068331631
HistGradientBoosting / none,369,0,0,0.9962644324875617,0.003683525976428763,5.2041536009608855e-05
HistGradientBoosting / none,370,0,0,0.9838284645973507,0.01564971647435437,0.0005218189282949504
HistGradientBoosting / none,371,2,0,0.4831387457295746,0.05964856082508907,0.4572126934453363
HistGradientBoosting / none,372,0,0,0.9937569891520768,0.005317776399084709,0.0009252344488384638
HistGradientBoosting / none,373,0,0,0.9954636821274746,0.004498045535917783,3.827233660768355e-05
HistGradientBoosting / none,374,2,2,0.2924797949277347,0.1882550133741147,0.5192651916981506
HistGradientBoosting / none,375,0,1,0.2873363645787298,0.7103559759402246,0.0023076594810455976
HistGradientBoosting / none,376,0,0,0.9862859187558636,0.012602052586219577,0.001112028657916793
HistGradientBoosting / none,377,0,0,0.9665560842318656,0.03304378547757402,0.00040013029056039297
HistGradientBoosting / none,378,0,0,0.9938471581074828,0.00018501790918186794,0.005967823983335375
HistGradientBoosting / none,379,0,0,0.8745693301634382,0.063511602733197,0.061919067103364804
HistGradientBoosting / none,380,0,0,0.5486391072152315,0.19268244943690505,0.25867844334786344
HistGradientBoosting / none,381,0,0,0.7848551834087053,0.025221279559607367,0.18992353703168716
HistGradientBoosting / none,382,0,0,0.9982456992927949,0.0017067651882144675,4.753551899061329e-05
HistGradientBoosting / none,383,0,0,0.555978295853396,0.1972505609923146,0.24677114315428939
HistGradientBoosting / none,384,2,2,0.017405682496264452,0.0008749261576530094,0.9817193913460824
HistGradientBoosting / none,385,0,0,0.996346301665496,0.003537744339224876,0.00011595399527915314
HistGradientBoosting / none,386,0,0,0.882152809883968,0.057486293483311496,0.06036089663272043
HistGradientBoosting / none,387,2,2,0.008668208083908007,0.012992090646203186,0.9783397012698888
HistGradientBoosting / none,388,1,0,0.6156812641617785,0.28769928118163635,0.09661945465658511
HistGradientBoosting / none,389,0,0,0.9682768244936112,0.030928089676568616,0.0007950858298201982
HistGradientBoosting / none,390,0,0,0.9976066771173042,0.002051801786393574,0.0003415210963022079
HistGradientBoosting / none,391,1,0,0.9972391648740033,0.0003685923607191807,0.0023922427652774483
HistGradientBoosting / none,392,0,0,0.9945835621212975,0.005254352067745989,0.00016208581095653737
HistGradientBoosting / none,393,2,0,0.5631130625729583,0.07538489038898884,0.3615020470380527
HistGradientBoosting / none,394,0,0,0.9977512030149842,0.0016452073562832977,0.0006035896287325346
HistGradientBoosting / none,395,0,0,0.9814611699668803,0.014037565918636809,0.004501264114483019
HistGradientBoosting / none,396,0,0,0.9993431587495999,0.0005753811102943776,8.146014010570804e-05
HistGradientBoosting / none,397,0,0,0.9991623245832073,0.0007985074245220522,3.916799227061506e-05
HistGradientBoosting / none,398,0,0,0.8740099283408048,0.10425761028113294,0.021732461378062364
HistGradientBoosting / none,399,0,0,0.8995645094295397,0.05923873950794361,0.04119675106251683
HistGradientBoosting / none,400,2,2,0.16732659839435327,0.02722337142790921,0.8054500301777376
HistGradientBoosting / none,401,0,0,0.989284478929762,0.010087950541597312,0.0006275705286407199
HistGradientBoosting / none,402,0,0,0.9887753057968296,0.01107644313564498,0.00014825106752544732
HistGradientBoosting / none,403,0,0,0.9990945706538223,0.0008304672540661588,7.496209211139584e-05
HistGradientBoosting / none,404,0,0,0.9997900372611329,0.00018014003507346986,2.9822703793581814e-05
HistGradientBoosting / none,405,2,2,0.18580509921080177,0.06063944100123992,0.7535554597879583
HistGradientBoosting / none,406,2,2,0.1456591783673043,0.018503086116132408,0.8358377355165633
HistGradientBoosting / none,407,0,0,0.9545433114447593,0.021361831498771904,0.024094857056468796
HistGradientBoosting / none,408,2,0,0.9554771602544463,0.0012061506820446575,0.043316689063509155
HistGradientBoosting / none,409,0,0,0.9976104901034717,0.0023688814770160653,2.062841951221633e-05
HistGradientBoosting / none,410,0,0,0.9950392691932425,0.004411180211360058,0.0005495505953974304
HistGradientBoosting / none,411,0,0,0.977407821540881,0.0018006227874508987,0.020791555671668027
HistGradientBoosting / none,412,0,0,0.9619047195299634,0.03788715987603754,0.00020812059399908395
HistGradientBoosting / none,413,0,0,0.9992684643040074,0.0006640231544307331,6.751254156185022e-05
HistGradientBoosting / none,414,1,0,0.6800336712966011,0.07009379550851555,0.24987253319488337
HistGradientBoosting / none,415,0,0,0.7863505365627843,0.10437625644673654,0.10927320699047917
HistGradientBoosting / none,416,2,2,0.003015093940279596,0.0017978769921049474,0.9951870290676155
HistGradientBoosting / none,417,0,0,0.9710590022147442,0.002612470561998628,0.02632852722325722
HistGradientBoosting / none,418,0,0,0.9255516313516685,0.05302966756991797,0.02141870107841359
HistGradientBoosting / none,419,0,0,0.9976314253950833,0.0021843274167200615,0.0001842471881965963
HistGradientBoosting / none,420,0,0,0.9850704015377205,2.7788768513858907e-05,0.014901809693765644
HistGradientBoosting / none,421,0,0,0.9811778494110626,0.01857785252351436,0.0002442980654230682
HistGradientBoosting / none,422,2,2,0.0025714058555459263,0.00028668516562480744,0.9971419089788293
HistGradientBoosting / none,423,1,2,0.005297952324954352,0.018390938077974234,0.9763111095970715
HistGradientBoosting / none,424,2,2,0.06923993230666749,0.000265669594442337,0.9304943980988901
HistGradientBoosting / none,425,0,0,0.9961057906034301,0.003776773261770364,0.00011743613479957858
HistGradientBoosting / none,426,0,0,0.9546564342228236,0.00010827975637608725,0.04523528602080027
HistGradientBoosting / none,427,0,0,0.9964307495930637,0.003362243162806839,0.00020700724412952204
HistGradientBoosting / none,428,0,0,0.9964468298304009,0.003477745226491734,7.542494310742125e-05
HistGradientBoosting / none,429,1,0,0.8872430354355585,0.08428191399051937,0.0284750505739222
HistGradientBoosting / none,430,0,0,0.7859320341253236,0.17797932023956414,0.03608864563511224
HistGradientBoosting / none,431,0,0,0.582311886698911,0.15098130328796408,0.26670681001312496
HistGradientBoosting / none,432,2,2,0.004607664931321043,0.0003172353307505321,0.9950750997379284
HistGradientBoosting / none,433,0,0,0.7502834687773318,0.16818422455622586,0.08153230666644234
HistGradientBoosting / none,434,2,2,0.00944492616061641,0.007446117236255507,0.9831089566031281
HistGradientBoosting / none,435,0,0,0.9935976726202912,0.005795115560746306,0.0006072118189624005
HistGradientBoosting / none,436,0,0,0.9975853902131068,0.0020371754121973847,0.00037743437469585594
HistGradientBoosting / none,437,0,0,0.9299274807039457,0.0700077953475608,6.472394849356734e-05
HistGradientBoosting / none,438,1,1,0.08970026844560275,0.8530155300687632,0.05728420148563411
HistGradientBoosting / none,439,0,0,0.9996083264383121,0.00024883043976085524,0.0001428431219269638
HistGradientBoosting / none,440,0,0,0.9973088884029813,0.0021657027689180207,0.0005254088281007418
HistGradientBoosting / none,441,0,0,0.9973127679343388,0.0021021887900025877,0.0005850432756586249
HistGradientBoosting / none,442,0,0,0.9996570589050723,0.00031947356257744814,2.346753235031415e-05
HistGradientBoosting / none,443,0,0,0.9995762908495233,0.00025714229277640135,0.00016656685770031625
HistGradientBoosting / none,444,0,0,0.9273855543134025,0.07236710188187913,0.00024734380471839405
HistGradientBoosting / none,445,0,0,0.5841538809499941,0.3619836096373062,0.05386250941269967
HistGradientBoosting / none,446,0,0,0.9990311853042669,0.00043905127948028194,0.0005297634162527924
HistGradientBoosting / none,447,1,0,0.5755988448568836,0.17695199034975834,0.2474491647933581
HistGradientBoosting / none,448,0,0,0.9802934673943744,0.01746879648442362,0.002237736121202055
HistGradientBoosting / none,449,0,0,0.9699812006059308,0.02974264581411973,0.00027615357994947387
HistGradientBoosting / none,450,0,0,0.9992537838281447,0.0006958650808010572,5.035109105419027e-05
HistGradientBoosting / none,451,0,0,0.9995393703263327,0.000350870409054794,0.00010975926461252193
HistGradientBoosting / none,452,0,0,0.9956311562850018,0.00028923444462920236,0.0040796092703690385
HistGradientBoosting / none,453,2,2,0.198885400176084,0.005341550199160633,0.7957730496247555
HistGradientBoosting / none,454,0,0,0.9868907079739125,0.0055274433449774224,0.007581848681109955
HistGradientBoosting / none,455,2,2,0.012278718064324531,0.0045018861253425,0.983219395810333
HistGradientBoosting / none,456,2,2,0.10050798667020112,0.012665591189251533,0.8868264221405474
HistGradientBoosting / none,457,2,0,0.7359592740856986,0.21988317261029655,0.044157553304004914
HistGradientBoosting / none,458,0,0,0.9339098887354367,0.05613160951537038,0.009958501749192864
HistGradientBoosting / none,459,0,0,0.9969323502535227,0.001544557161478528,0.0015230925849987903
HistGradientBoosting / none,460,0,0,0.9997728262586437,0.00018653159343026788,4.06421479260571e-05
HistGradientBoosting / none,461,1,1,0.2651335587045156,0.3903378353766743,0.34452860591881
HistGradientBoosting / none,462,2,2,0.05035232912370972,0.020131458583003893,0.9295162122932864
HistGradientBoosting / none,463,0,0,0.9995197111463315,0.0001997980798137498,0.00028049077385476693
HistGradientBoosting / none,464,0,0,0.9963357168898656,0.0036501922064768847,1.4090903657614468e-05
HistGradientBoosting / none,465,0,0,0.9965309472963557,0.002154916865879666,0.0013141358377646132
HistGradientBoosting / none,466,0,0,0.8061526692872326,0.015638097955305578,0.17820923275746176
HistGradientBoosting / none,467,0,0,0.9793453528761559,0.01897530969415131,0.0016793374296928474
HistGradientBoosting / none,468,2,0,0.8360799697266758,0.0684973676391077,0.0954226626342166
HistGradientBoosting / none,469,0,0,0.5542186789645617,0.20044813386056487,0.2453331871748734
HistGradientBoosting / none,470,0,0,0.9993086646482421,0.000517245984678634,0.00017408936707929003
HistGradientBoosting / none,471,0,0,0.8569038257952675,0.14049503214997144,0.0026011420547611998
HistGradientBoosting / none,472,1,0,0.9986991682658231,0.0011477068029527569,0.00015312493122424114
HistGradientBoosting / none,473,0,0,0.7496524334731502,0.18038278176328043,0.06996478476356927
HistGradientBoosting / none,474,0,2,0.4170749513590555,0.014401200438231355,0.5685238482027132
HistGradientBoosting / none,475,0,0,0.9482145975698411,0.0005165814874231196,0.05126882094273579
HistGradientBoosting / none,476,0,0,0.8774991515214563,0.0661073372155026,0.05639351126304114
HistGradientBoosting / none,477,0,0,0.9994453387676213,0.0004874055398193527,6.725569255932612e-05
HistGradientBoosting / none,478,2,2,0.040743948378598925,0.006475177919294067,0.952780873702107
HistGradientBoosting / none,479,0,0,0.9880292160445361,0.01183290547624938,0.0001378784792145254
HistGradientBoosting / none,480,0,0,0.9944171081025839,0.005491320172252011,9.157172516417274e-05
HistGradientBoosting / none,481,0,0,0.9990321561448354,0.0008545234882235081,0.00011332036694110132
HistGradientBoosting / none,482,0,0,0.9952326843475309,0.004449073266011372,0.00031824238645773397
HistGradientBoosting / none,483,2,2,0.16365622305805427,0.022514641026579938,0.8138291359153659
HistGradientBoosting / none,484,0,0,0.9286122668767762,0.07108410646887163,0.00030362665435208926
HistGradientBoosting / none,485,0,0,0.8375517254397856,0.15404684961125495,0.008401424948959475
HistGradientBoosting / none,486,0,0,0.6282620596077517,0.10822536667207618,0.26351257372017217
HistGradientBoosting / none,487,0,0,0.9859747059543351,0.00876918042128197,0.005256113624383003
HistGradientBoosting / none,488,0,0,0.9631641008344723,0.03642987131086122,0.00040602785466644406
HistGradientBoosting / none,489,0,0,0.975512905448095,0.02414027192969567,0.00034682262220940845
HistGradientBoosting / none,490,2,2,0.005629031400159252,0.002208448763598544,0.9921625198362422
HistGradientBoosting / none,491,2,2,0.01587532177396052,0.1977256483542906,0.7863990298717489
HistGradientBoosting / none,492,2,2,0.017755107292296842,0.0020199931058138155,0.9802248996018893
HistGradientBoosting / none,493,0,0,0.9993409163774309,0.0006186582000970481,4.042542247202453e-05
HistGradientBoosting / none,494,1,0,0.5714881984622393,0.33235366117886234,0.0961581403588983
HistGradientBoosting / none,495,0,0,0.9845863525700796,0.01331391635443097,0.0020997310754893275
HistGradientBoosting / none,496,0,0,0.7750042153436005,0.05652880837049885,0.16846697628590074
HistGradientBoosting / none,497,0,0,0.9827469527358137,0.01715987997224508,9.316729194129538e-05
HistGradientBoosting / none,498,2,2,0.05798722865905324,0.00038791300999352796,0.9416248583309532
HistGradientBoosting / none,499,0,0,0.9948040828421546,0.0050895210255505405,0.0001063961322948528
HistGradientBoosting / none,500,0,0,0.9984753241072208,0.000292730716044677,0.0012319451767344948
HistGradientBoosting / none,501,0,0,0.999740636379938,0.00022412561138092742,3.523800868095757e-05
HistGradientBoosting / none,502,0,0,0.9997139060129456,0.00011383921466593396,0.00017225477238852726
HistGradientBoosting / none,503,0,0,0.9980586948104604,0.001207685976269362,0.000733619213270223
HistGradientBoosting / none,504,0,0,0.8094956401845478,0.12862312117351576,0.061881238641936495
HistGradientBoosting / none,505,0,0,0.999154463210211,0.0008285494627164925,1.698732707259471e-05
HistGradientBoosting / none,506,0,0,0.9847877959374192,0.014894593130389303,0.0003176109321915241
HistGradientBoosting / none,507,1,0,0.8421250033798573,0.09995983342570257,0.05791516319444022
HistGradientBoosting / none,508,0,0,0.9992593431612891,0.0004051340245344987,0.00033552281417650735
HistGradientBoosting / none,509,0,2,0.20707046219281813,0.04404533832247374,0.7488841994847082
HistGradientBoosting / none,510,2,2,0.19402560513316738,0.017968001593953044,0.7880063932728797
HistGradientBoosting / none,511,0,0,0.9867655736253627,0.012831733296761167,0.0004026930778762201
HistGradientBoosting / none,512,0,0,0.9989305165886535,0.0008861164031613931,0.00018336700818513777
HistGradientBoosting / none,513,0,0,0.9998331353811154,0.00012630655004741294,4.0558068837211214e-05
HistGradientBoosting / none,514,0,0,0.9876749991085232,0.01203199837916329,0.0002930025123135983
HistGradientBoosting / none,515,1,0,0.9971735334045168,0.0026879313033007298,0.0001385352921825395
HistGradientBoosting / none,516,0,0,0.6749243362299798,0.31846621389401697,0.006609449876003344
HistGradientBoosting / none,517,0,0,0.911987238728312,0.08765113292527972,0.0003616283464082389
HistGradientBoosting / none,518,2,0,0.5122159931957809,0.12432360993748184,0.3634603968667372
HistGradientBoosting / none,519,0,0,0.995761570539921,0.003841433952141772,0.0003969955079373073
HistGradientBoosting / none,520,1,1,0.08852472336047543,0.9110666293524127,0.0004086472871119721
HistGradientBoosting / none,521,0,0,0.9981876260161283,0.001298057678607301,0.0005143163052643952
HistGradientBoosting / none,522,0,0,0.7630002354427542,0.23442010956945486,0.0025796549877910133
HistGradientBoosting / none,523,0,0,0.7034057513163151,0.2953033052490792,0.0012909434346057244
HistGradientBoosting / none,524,2,2,0.060017822147932505,0.02349683697414941,0.9164853408779181
HistGradientBoosting / none,525,2,0,0.923838915826084,0.018401875917576752,0.05775920825633932
HistGradientBoosting / none,526,0,0,0.996237674829601,0.003656127149155496,0.00010619802124356092
HistGradientBoosting / none,527,0,0,0.9945462105557091,0.005279769078182974,0.00017402036610792524
HistGradientBoosting / none,528,0,0,0.9875344148761428,0.0008079706340051585,0.011657614489852091
HistGradientBoosting / none,529,0,0,0.5374385750931506,0.20718233590097537,0.25537908900587397
HistGradientBoosting / none,530,0,0,0.998537291816918,0.0014480713753054438,1.4636807776628735e-05
HistGradientBoosting / none,531,0,0,0.9643236483439944,0.03476230382234328,0.0009140478336623454
HistGradientBoosting / none,532,0,0,0.9989896156276982,0.0008743917369616218,0.00013599263534031208
HistGradientBoosting / none,533,0,0,0.998738752159901,0.001122488795919513,0.00013875904417947338
HistGradientBoosting / none,534,0,0,0.9947615590542646,0.00513603752254043,0.00010240342319496757
HistGradientBoosting / none,535,2,2,0.005170614120008447,0.019745003450263185,0.9750843824297284
HistGradientBoosting / none,536,2,0,0.8440966844891669,0.09446827552364279,0.061435039987190423
HistGradientBoosting / none,537,0,0,0.9771850492969268,0.019985547508801976,0.00282940319427111
HistGradientBoosting / none,538,2,0,0.767958645858474,0.05227607883713525,0.1797652753043909
HistGradientBoosting / none,539,0,0,0.9998377175357058,0.00011214403211993363,5.013843217419003e-05
HistGradientBoosting / none,540,2,0,0.5298919564236328,0.021407993786438095,0.448700049789929
HistGradientBoosting / none,541,0,0,0.7597749336042967,0.10770524102221381,0.13251982537348944
HistGradientBoosting / none,542,0,0,0.9995606428066752,0.0003084642402234782,0.00013089295310133485
HistGradientBoosting / none,543,0,0,0.997904748337414,0.0019865112226036745,0.00010874043998233299
HistGradientBoosting / none,544,0,0,0.9875038770762394,0.012356303738331766,0.00013981918542884663
HistGradientBoosting / none,545,2,2,0.025630367457520762,0.003470830954846302,0.970898801587633
HistGradientBoosting / none,546,0,0,0.9972281483229956,0.0018129764812466964,0.0009588751957578038
HistGradientBoosting / none,547,0,0,0.9898595079050772,0.010060639393195897,7.985270172690001e-05
HistGradientBoosting / none,548,1,2,0.1952676809591526,0.034512994619128,0.7702193244217195
HistGradientBoosting / none,549,0,0,0.8151513991203834,0.1845132530392315,0.00033534784038516955
HistGradientBoosting / none,550,0,0,0.9588389209132218,0.0012943540615491648,0.039866725025229026
HistGradientBoosting / none,551,0,0,0.6857020494267273,0.3047482438626746,0.00954970671059808
HistGradientBoosting / none,552,1,0,0.629068845455056,0.18590216045097138,0.18502899409397258
HistGradientBoosting / none,553,0,0,0.9752104185238479,0.023522130630562164,0.0012674508455899317
HistGradientBoosting / none,554,0,0,0.9995863213435705,0.000352490183734309,6.118847269524632e-05
HistGradientBoosting / none,555,0,0,0.9928043212369649,0.006084199343819002,0.001111479419216144
HistGradientBoosting / none,556,0,0,0.8092185848381542,0.19048874868618257,0.00029266647566314236
HistGradientBoosting / none,557,0,0,0.7123556673060286,0.06195995977888652,0.22568437291508495
HistGradientBoosting / none,558,0,0,0.998938521649498,0.0008033441731736549,0.00025813417732834795
HistGradientBoosting / none,559,0,0,0.9635788330004974,0.03581553894021945,0.0006056280592831211
HistGradientBoosting / none,560,2,2,0.006743249512778035,0.0008189148073593803,0.9924378356798625
HistGradientBoosting / none,561,2,1,0.26765471827565734,0.6804384145927916,0.051906867131551127
HistGradientBoosting / none,562,0,0,0.9999659012616273,3.082839797010738e-05,3.2703404025767927e-06
HistGradientBoosting / none,563,0,0,0.7094718430537257,0.16188959828605726,0.128638558660217
HistGradientBoosting / none,564,0,0,0.9970685737512802,0.0027241787948791923,0.0002072474538406481
HistGradientBoosting / none,565,1,0,0.7660641987634675,0.006514427557572377,0.22742137367896006
HistGradientBoosting / none,566,0,0,0.9974673649766288,0.0015373561863947073,0.0009952788369763715
HistGradientBoosting / none,567,0,0,0.9991037332894201,0.0007910051533937902,0.00010526155718599993
HistGradientBoosting / none,568,2,2,0.005533642151406503,0.001849989864426941,0.9926163679841666
HistGradientBoosting / none,569,0,0,0.9838546137232294,0.0158429767530941,0.00030240952367658654
HistGradientBoosting / none,570,0,0,0.9786919432377074,0.02114013814606038,0.00016791861623232952
HistGradientBoosting / none,571,0,0,0.9833261831690339,0.016612739567491028,6.107726347514228e-05
HistGradientBoosting / none,572,0,0,0.996526632858202,0.003271279787273206,0.00020208735452487218
HistGradientBoosting / none,573,0,0,0.9320416695498773,0.0009029251443742434,0.06705540530574841
HistGradientBoosting / none,574,0,0,0.9979882588062484,0.0020009647545545946,1.0776439196995028e-05
HistGradientBoosting / none,575,1,0,0.7784394945601818,0.19866926005311664,0.022891245386701613
HistGradientBoosting / none,576,1,1,0.3836924292182419,0.601543505553585,0.014764065228173143
HistGradientBoosting / none,577,0,0,0.9976246765149958,0.0021945884211681983,0.0001807350638360447
HistGradientBoosting / none,578,0,2,0.40746707728638953,0.018539012775321113,0.5739939099382894
HistGradientBoosting / none,579,0,0,0.9983117021463159,0.0014452402251483654,0.0002430576285356795
HistGradientBoosting / none,580,2,0,0.6005437650653151,0.034245724291282566,0.36521051064340226
HistGradientBoosting / none,581,2,2,0.39332230381073024,0.04244640742607771,0.5642312887631921
HistGradientBoosting / none,582,2,2,0.002929449324776133,0.0025209519059835594,0.9945495987692402
HistGradientBoosting / none,583,2,2,0.20435702683255524,0.0006762138438491172,0.7949667593235956
HistGradientBoosting / none,584,0,2,0.3425485054325941,0.05374839023826729,0.6037031043291387
HistGradientBoosting / none,585,0,0,0.9911342468073596,0.007733762908353313,0.0011319902842871165
HistGradientBoosting / none,586,2,2,0.02660600114260499,0.001499363813085866,0.9718946350443092
HistGradientBoosting / none,587,0,0,0.9931944346869177,0.0047498268183012345,0.0020557384947809277
HistGradientBoosting / none,588,0,0,0.9958166658657346,0.0037216678353319535,0.0004616662989334624
HistGradientBoosting / none,589,0,0,0.9745125094055924,0.024188116368625605,0.0012993742257820203
HistGradientBoosting / none,590,0,0,0.967655591215011,0.02364016676120488,0.008704242023784163
HistGradientBoosting / none,591,0,0,0.9981451207700198,0.0010436820002946807,0.0008111972296854992
HistGradientBoosting / none,592,2,2,0.144457226273806,0.10307567447545586,0.7524670992507382
HistGradientBoosting / none,593,0,0,0.9969228918592586,0.002996642487642955,8.046565309843499e-05
HistGradientBoosting / none,594,0,0,0.9930308992979278,0.0065549650336747135,0.0004141356683975209
HistGradientBoosting / none,595,2,2,0.013517024640194435,0.009263677099203942,0.9772192982606016
HistGradientBoosting / none,596,0,0,0.9857779060295765,0.008863262670505322,0.0053588312999182245
HistGradientBoosting / none,597,2,0,0.8669611485744173,0.10962095723921371,0.023417894186368998
HistGradientBoosting / none,598,0,0,0.9998119471879716,0.00017140794652685656,1.6644865501519377e-05
HistGradientBoosting / none,599,0,0,0.999698422361486,0.00019791307811833147,0.00010366456039570506
HistGradientBoosting / none,600,0,0,0.9982451875017697,0.0012404787043618433,0.0005143337938685403
HistGradientBoosting / none,601,1,0,0.7669635245830931,0.118050772095729,0.11498570332117783
HistGradientBoosting / none,602,2,0,0.9465282627193531,0.04116099819224233,0.01231073908840462
HistGradientBoosting / none,603,0,2,0.25835793202504803,0.14601193916914385,0.5956301288058081
HistGradientBoosting / none,604,0,0,0.8066138683501838,0.10799220557543375,0.08539392607438251
HistGradientBoosting / none,605,0,0,0.4372344224537097,0.16776851902188303,0.39499705852440725
HistGradientBoosting / none,606,0,0,0.9981359479057346,0.0017167341286807027,0.00014731796558477812
HistGradientBoosting / none,607,2,2,0.021361410812981995,0.02661867387495884,0.9520199153120592
HistGradientBoosting / none,608,0,0,0.9597369832673707,0.03788439370819894,0.0023786230244304536
HistGradientBoosting / none,609,0,0,0.9758898384838962,0.023561234232485854,0.000548927283617891
HistGradientBoosting / none,610,0,0,0.9999642332569798,2.62553608349929e-05,9.511382185225994e-06
HistGradientBoosting / none,611,0,0,0.9979884501612976,0.0015470589859590805,0.0004644908527433536
HistGradientBoosting / none,612,2,2,0.09817018391551101,0.08837626223371355,0.8134535538507754
HistGradientBoosting / none,613,1,0,0.9990808706331941,0.0008011147717014933,0.00011801459510446164
HistGradientBoosting / none,614,0,0,0.9978725151975043,0.0017434556234559055,0.00038402917903980065
HistGradientBoosting / none,615,0,0,0.974847450225205,0.00122553608679003,0.023927013688004935
HistGradientBoosting / none,616,0,0,0.9984778709300186,0.0008655584710506913,0.0006565705989306275
HistGradientBoosting / none,617,0,0,0.7718598461778015,0.1727566188287199,0.05538353499347869
HistGradientBoosting / none,618,0,0,0.9645887154685897,0.035165891654174726,0.00024539287723559844
HistGradientBoosting / none,619,0,0,0.997715703107221,0.0014607092709329975,0.0008235876218460074
HistGradientBoosting / none,620,2,1,0.039078741466548154,0.9146401526421764,0.04628110589127553
HistGradientBoosting / none,621,0,0,0.995234548646974,0.004508574848738278,0.00025687650428770275
HistGradientBoosting / none,622,2,0,0.7841996089020076,0.0026532196762022553,0.2131471714217902
HistGradientBoosting / none,623,0,0,0.9991992654944554,0.0007446875061136181,5.604699943091688e-05
HistGradientBoosting / none,624,0,0,0.9564905537405605,0.03213279602514155,0.01137665023429803
HistGradientBoosting / none,625,0,0,0.9908844008665764,0.008656569843868745,0.00045902928955493505
HistGradientBoosting / none,626,0,0,0.9924576140985425,0.0005804041982334435,0.006961981703224089
HistGradientBoosting / none,627,0,0,0.9934989634837519,0.005683055030719681,0.0008179814855285038
HistGradientBoosting / none,628,1,1,0.23066396225956504,0.7214924789405652,0.04784355879986988
HistGradientBoosting / none,629,0,0,0.9998161173659618,0.00012627524286326118,5.76073911749552e-05
HistGradientBoosting / none,630,2,2,0.006858634854143362,0.00015421191105723214,0.9929871532347994
HistGradientBoosting / none,631,1,1,0.008181964623646351,0.749453919910064,0.24236411546628964
HistGradientBoosting / none,632,2,2,0.04166154610237861,0.2342796965685675,0.7240587573290539
HistGradientBoosting / none,633,0,2,0.33897073930317223,0.0009703680357515175,0.6600588926610762
HistGradientBoosting / none,634,0,0,0.9970841044672618,0.0026045469766095095,0.00031134855612875007
HistGradientBoosting / none,635,0,0,0.8844832520380385,0.01209920445826001,0.10341754350370161
HistGradientBoosting / none,636,2,2,0.026148144961456572,0.0008927177932259278,0.9729591372453175
HistGradientBoosting / none,637,2,2,0.02225784883194971,0.006543354088484412,0.9711987970795659
HistGradientBoosting / none,638,0,0,0.8493677654822718,0.13739116734553342,0.013241067172194749
HistGradientBoosting / none,639,2,2,0.23878939549476144,0.03469840735230401,0.7265121971529346
HistGradientBoosting / none,640,0,0,0.9501050703869992,0.04760651876257597,0.0022884108504248528
HistGradientBoosting / none,641,0,0,0.9987112945114288,0.0012147826516543726,7.392283691674312e-05
HistGradientBoosting / none,642,0,0,0.9978457439142577,0.001918187913145104,0.0002360681725972245
HistGradientBoosting / none,643,0,0,0.9964450675396166,0.0013969258814404415,0.0021580065789429856
HistGradientBoosting / none,644,0,0,0.9948608583554552,0.0046328274701519755,0.0005063141743928633
HistGradientBoosting / none,645,0,0,0.9836217405596598,0.016039855594257423,0.00033840384608271336
HistGradientBoosting / none,646,0,0,0.9996378953104418,0.0003128750090486177,4.9229680509588464e-05
HistGradientBoosting / none,647,2,2,0.007068643689814959,0.00017091797427301717,0.992760438335912
HistGradientBoosting / none,648,2,0,0.6888200800047404,0.07159015898005762,0.239589761015202
HistGradientBoosting / none,649,0,2,0.13842412080516464,0.02189150383059246,0.8396843753642429
HistGradientBoosting / none,650,0,0,0.5476224908879473,0.031553710459376445,0.42082379865267633
HistGradientBoosting / none,651,0,0,0.8419277880030109,0.022121058950967422,0.13595115304602162
HistGradientBoosting / none,652,0,0,0.7844423930271331,0.10192684602347855,0.11363076094938836
HistGradientBoosting / none,653,0,0,0.9831246178858662,0.013454959486588489,0.003420422627545219
HistGradientBoosting / none,654,0,0,0.8060285015188584,0.02058042375061198,0.17339107473052964
HistGradientBoosting / none,655,0,0,0.9988143369881491,0.0009964719546101768,0.00018919105724066364
HistGradientBoosting / none,656,0,0,0.9787369045758726,0.02099936941136749,0.00026372601275998354
HistGradientBoosting / none,657,0,0,0.9227459083949759,0.07149243157974292,0.005761660025281093
HistGradientBoosting / none,658,0,0,0.9803903245033279,0.01936695116680693,0.00024272432986521686
HistGradientBoosting / none,659,0,0,0.998016456792016,0.0017799371857400935,0.00020360602224393394
HistGradientBoosting / none,660,0,0,0.6255394887359574,0.14690496400770195,0.22755554725634067
HistGradientBoosting / none,661,2,0,0.590370708223733,0.023128068609327333,0.38650122316693963
HistGradientBoosting / none,662,0,0,0.998681305260404,0.0010818376046388173,0.00023685713495718417
HistGradientBoosting / none,663,1,0,0.9620382102238302,0.012026809898197228,0.025934979877972567
HistGradientBoosting / none,664,0,0,0.8226502088098857,0.17547741213856127,0.001872379051553038
HistGradientBoosting / none,665,2,0,0.712456990591957,0.2446658449440682,0.04287716446397479
HistGradientBoosting / none,666,2,2,0.14406253600366672,0.018346610516076015,0.8375908534802573
HistGradientBoosting / none,667,1,1,0.3383147070722858,0.6514370496108909,0.010248243316823382
HistGradientBoosting / none,668,0,0,0.8448400276223165,0.15342125634206757,0.0017387160356158238
HistGradientBoosting / none,669,0,0,0.9803538048813804,0.018761601914059428,0.0008845932045602195
HistGradientBoosting / none,670,0,2,0.02109468225249612,0.00021293240622072474,0.9786923853412831
HistGradientBoosting / none,671,0,0,0.5267609205183356,0.00874067573296858,0.46449840374869594
HistGradientBoosting / none,672,0,0,0.9983526606749829,0.0015165553632089754,0.00013078396180825846
HistGradientBoosting / none,673,0,0,0.9532112458164219,0.0425961131139822,0.004192641069595901
HistGradientBoosting / none,674,0,0,0.9990763898087727,0.0008713721016692968,5.22380895580594e-05
HistGradientBoosting / none,675,0,0,0.9996391370174327,0.0003059521355494677,5.491084701788231e-05
HistGradientBoosting / none,676,1,0,0.9120307694693603,0.018926739023367473,0.06904249150727222
HistGradientBoosting / none,677,2,2,0.0009379743277400276,0.00022860629773588617,0.9988334193745241
HistGradientBoosting / none,678,0,0,0.9959704941509789,0.0032078163888611417,0.0008216894601598914
HistGradientBoosting / none,679,2,0,0.5392877760578907,0.12280900192542893,0.3379032220166805
HistGradientBoosting / none,680,0,0,0.9975298385696458,0.0022718192862022446,0.00019834214415197793
HistGradientBoosting / none,681,2,0,0.9364341597095924,0.03512075070100491,0.02844508958940266
HistGradientBoosting / none,682,0,0,0.947850308524364,0.017181890852450282,0.03496780062318571
HistGradientBoosting / none,683,1,0,0.8305974477330392,0.09076587086489613,0.07863668140206474
HistGradientBoosting / none,684,2,0,0.9195706358644227,0.019269809651729926,0.061159554483847266
HistGradientBoosting / none,685,0,0,0.9889766426251375,0.008492121759646537,0.0025312356152158433
HistGradientBoosting / none,686,0,0,0.8444184676438721,0.13673275111766295,0.018848781238464903
HistGradientBoosting / none,687,2,2,0.06658029757596806,0.01163851107077992,0.9217811913532521
HistGradientBoosting / none,688,0,0,0.9997754210318519,0.00014433935383568596,8.023961431236204e-05
HistGradientBoosting / none,689,0,0,0.9995876755509683,0.00034553006610107083,6.679438293071674e-05
HistGradientBoosting / none,690,0,0,0.7074926409276961,0.29007437531293895,0.0024329837593648645
HistGradientBoosting / none,691,0,0,0.9898169516561897,0.002945803672409863,0.007237244671400525
HistGradientBoosting / none,692,0,0,0.9828670986666674,0.01702110837043911,0.00011179296289349919
HistGradientBoosting / none,693,0,0,0.8953866184571557,0.10190553276958896,0.002707848773255221
HistGradientBoosting / none,694,0,0,0.9628833176025404,0.036955627056605836,0.00016105534085379566
HistGradientBoosting / none,695,0,0,0.9967082969756428,0.0028049679576674156,0.00048673506668986123
HistGradientBoosting / none,696,0,0,0.9762997113690427,0.023180933697236606,0.0005193549337206793
HistGradientBoosting / none,697,0,0,0.8744572678699427,0.007471895040858721,0.11807083708919856
HistGradientBoosting / none,698,2,2,0.0028321964475778935,0.004929394413756208,0.9922384091386659
HistGradientBoosting / none,699,0,0,0.9872894504371629,0.011197749670516621,0.001512799892320339
HistGradientBoosting / none,700,0,0,0.9892582358290574,0.010455769242453006,0.00028599492848957307
HistGradientBoosting / none,701,0,0,0.8196739845236406,0.03448198562249753,0.1458440298538619
HistGradientBoosting / none,702,0,0,0.48321321286075725,0.38407842723196733,0.13270835990727547
HistGradientBoosting / none,703,0,0,0.9451746374662094,0.05196827905841687,0.002857083475373739
HistGradientBoosting / none,704,0,0,0.9993456282776002,0.000590616660159975,6.375506223981445e-05
HistGradientBoosting / none,705,0,0,0.9990502303535457,0.0007921349990042485,0.00015763464745012937
HistGradientBoosting / none,706,0,0,0.8377463096786943,0.018874587473743484,0.14337910284756222
HistGradientBoosting / none,707,0,0,0.9957002777224239,0.004147175886442943,0.00015254639113313007
HistGradientBoosting / none,708,0,0,0.9956757922679932,0.003999484426140224,0.0003247233058666468
HistGradientBoosting / none,709,0,0,0.9937371407971882,9.00425386595094e-05,0.006172816664152222
HistGradientBoosting / none,710,0,2,0.0199458674621774,0.01414684147085961,0.9659072910669629
HistGradientBoosting / none,711,0,0,0.8834795389979389,0.06657367783815234,0.049946783163908846
HistGradientBoosting / none,712,0,0,0.9457679319552652,0.03937034027669744,0.014861727768037384
HistGradientBoosting / none,713,0,0,0.8361521563093586,0.16351598163187278,0.0003318620587687246
HistGradientBoosting / none,714,2,2,0.42489129983744717,0.10666296620212914,0.46844573396042366
HistGradientBoosting / none,715,0,0,0.9993402264519803,0.0002595486086807356,0.00040022493933896845
HistGradientBoosting / none,716,0,0,0.7776761673714561,0.07371609612147788,0.14860773650706605
HistGradientBoosting / none,717,0,0,0.9811367905054397,0.018546367093244698,0.00031684240131566913
HistGradientBoosting / none,718,0,0,0.8247161549048426,0.17059300856236298,0.004690836532794498
HistGradientBoosting / none,719,0,0,0.9998187025776438,0.00017586295222087552,5.434470135319101e-06
HistGradientBoosting / none,720,0,0,0.548305759947507,0.4440473498990953,0.007646890153397824
HistGradientBoosting / none,721,0,0,0.8999968775742327,0.04639345379757965,0.053609668628187716
HistGradientBoosting / none,722,0,0,0.9827899337083633,0.01701654524381183,0.00019352104782498152
HistGradientBoosting / none,723,2,0,0.8308951297817212,0.14230923182442484,0.026795638393854064
HistGradientBoosting / none,724,0,0,0.9991613208008163,0.0005358044813006634,0.0003028747178830873
HistGradientBoosting / none,725,2,0,0.8688314587033177,0.04736833685133068,0.08380020444535158
HistGradientBoosting / none,726,0,0,0.8000381821763761,0.007909304005960188,0.19205251381766375
HistGradientBoosting / none,727,0,0,0.9873912349050978,0.012344453694799123,0.00026431140010312173
HistGradientBoosting / none,728,0,0,0.9832412258846167,0.0005394938006747015,0.016219280314708477
HistGradientBoosting / none,729,2,2,0.048069026408308464,0.0004243214521663765,0.9515066521395252
HistGradientBoosting / none,730,0,0,0.9931076278506537,0.0067401464794053356,0.0001522256699410911
HistGradientBoosting / none,731,0,0,0.9364789246058502,0.008223889015002817,0.05529718637914695
HistGradientBoosting / none,732,0,0,0.8793599864437566,0.09988068371547329,0.02075932984077014
HistGradientBoosting / none,733,0,0,0.5392103525033203,0.4429988572942092,0.01779079020247054
HistGradientBoosting / none,734,1,0,0.5487888422555359,0.0033673364022570075,0.4478438213422071
HistGradientBoosting / none,735,0,0,0.5565978397779582,0.42442143190693216,0.018980728315109704
HistGradientBoosting / none,736,0,0,0.8950802657232646,0.09572682911337459,0.009192905163360838
HistGradientBoosting / none,737,0,0,0.9993465197889543,0.0005949642709073919,5.851594013830149e-05
HistGradientBoosting / none,738,0,0,0.9926126108801672,0.004396699249599414,0.002990689870233435
HistGradientBoosting / none,739,0,0,0.7739231607742107,0.06094210012907746,0.1651347390967116
HistGradientBoosting / none,740,0,0,0.9992681419022317,0.0006293675937013801,0.00010249050406693906
HistGradientBoosting / none,741,2,2,0.31530494629012795,0.021746159799020986,0.662948893910851
HistGradientBoosting / none,742,0,0,0.9806350598350863,0.019282732876264648,8.220728864915809e-05
HistGradientBoosting / none,743,0,0,0.9990082025708281,0.0006818275479103114,0.0003099698812614779
HistGradientBoosting / none,744,0,0,0.5605125025148997,0.01053247477333317,0.42895502271176705
HistGradientBoosting / none,745,2,2,0.01289131385140646,0.002597625962682164,0.9845110601859114
HistGradientBoosting / none,746,0,0,0.6721583787021953,0.13802114357097958,0.1898204777268251
HistGradientBoosting / none,747,0,0,0.9943047755855412,0.005612235577632547,8.298883682628905e-05
HistGradientBoosting / none,748,0,0,0.9851685608222074,0.012749005140751835,0.0020824340370407535
HistGradientBoosting / none,749,2,2,0.014254618970529473,0.045153090758509484,0.940592290270961
HistGradientBoosting / none,750,0,0,0.9800839333006724,0.019592495104574528,0.0003235715947530522
HistGradientBoosting / none,751,0,0,0.7664190015695916,0.18763857903624723,0.045942419394161244
HistGradientBoosting / none,752,0,0,0.9974976245666141,0.0022956126580181827,0.00020676277536779
HistGradientBoosting / none,753,0,0,0.99759028381104,0.002376636035688786,3.3080153271235413e-05
HistGradientBoosting / none,754,0,0,0.9967890712338907,0.0025176576875581068,0.0006932710785512165
HistGradientBoosting / none,755,0,0,0.9937022318048668,0.0062785862004496006,1.9181994683534257e-05
HistGradientBoosting / none,756,0,0,0.9852605503251926,0.012792055068226204,0.0019473946065812215
HistGradientBoosting / none,757,0,0,0.9990895349499503,0.0008052718502249736,0.0001051931998247603
HistGradientBoosting / none,758,0,0,0.7975375133800517,0.06596341438062873,0.13649907223931965
HistGradientBoosting / none,759,0,0,0.9604819935239642,0.03478358963010999,0.004734416845925799
HistGradientBoosting / none,760,0,0,0.8327133316864507,0.0007412103910459855,0.16654545792250328
HistGradientBoosting / none,761,1,0,0.6151425040241821,0.03117304732036113,0.3536844486554568
HistGradientBoosting / none,762,2,2,0.025250858902040842,0.019979182110787308,0.9547699589871718
HistGradientBoosting / none,763,0,0,0.9981931960528372,0.001616982359500574,0.0001898215876622439
HistGradientBoosting / none,764,1,2,0.0557036430805168,0.08487188205198094,0.8594244748675023
HistGradientBoosting / none,765,0,0,0.728922009517791,0.03781780640803354,0.23326018407417554
HistGradientBoosting / none,766,0,0,0.9993715172026703,0.0003968081182322482,0.00023167467909756848
HistGradientBoosting / none,767,0,0,0.9594881070207528,0.034423949711224526,0.006087943268022699
HistGradientBoosting / none,768,0,0,0.8980583830107463,0.017128004399539182,0.08481361258971444
HistGradientBoosting / none,769,0,0,0.9991792682915503,0.0007324956006050953,8.823610784460339e-05
HistGradientBoosting / none,770,1,0,0.9434507261228774,0.015657613875560125,0.0408916600015626
HistGradientBoosting / none,771,2,2,0.3878812029658865,0.02006847770358542,0.5920503193305281
HistGradientBoosting / none,772,0,0,0.9908030533237464,9.856621542262049e-05,0.009098380460831031
HistGradientBoosting / none,773,0,0,0.8954990907106015,0.09402269222355178,0.010478217065846783
HistGradientBoosting / none,774,0,0,0.9949804282866809,0.004697645295861119,0.0003219264174579619
HistGradientBoosting / none,775,0,0,0.9272569469449068,0.03301413908433169,0.039728913970761566
HistGradientBoosting / none,776,2,2,0.04225732260364182,0.014552712273383811,0.9431899651229745
HistGradientBoosting / none,777,0,0,0.8095537838098685,0.07565987170706713,0.11478634448306446
HistGradientBoosting / none,778,0,0,0.8509432578694232,0.04953352248150855,0.09952321964906828
HistGradientBoosting / none,779,2,2,0.040241355531348354,0.4210910205923554,0.5386676238762962
HistGradientBoosting / none,780,2,2,0.08985643425057671,0.1561679616685813,0.753975604080842
HistGradientBoosting / none,781,0,0,0.9999341903552051,6.110800041826538e-05,4.701644376500492e-06
HistGradientBoosting / none,782,0,0,0.9967079406586641,0.0032081800702984734,8.38792710374175e-05
HistGradientBoosting / none,783,0,0,0.9989787939922027,0.0009556967568867412,6.55092509104693e-05
HistGradientBoosting / none,784,0,0,0.9994273688628573,0.00041962469377018226,0.00015300644337240627
HistGradientBoosting / none,785,0,1,0.4325493535544834,0.5612677170002495,0.006182929445267084
HistGradientBoosting / none,786,0,0,0.8750436392593823,0.08452144167207586,0.04043491906854188
HistGradientBoosting / none,787,2,0,0.41819753519751307,0.30637371278751013,0.2754287520149767
HistGradientBoosting / none,788,2,2,0.0023517375277246648,0.002638654292496436,0.9950096081797789
HistGradientBoosting / none,789,2,2,0.009088561131453288,0.002599259998782874,0.9883121788697639
HistGradientBoosting / none,790,2,2,0.2607397892714623,0.1035711256296176,0.6356890850989201
HistGradientBoosting / none,791,0,0,0.9841936001960349,0.01494804832630122,0.000858351477663977
HistGradientBoosting / none,792,0,0,0.48434379391943594,0.4757392289929378,0.03991697708762629
HistGradientBoosting / none,793,0,0,0.9987784908581553,0.0008770645471519327,0.00034444459469264865
HistGradientBoosting / none,794,0,0,0.9162695546386068,0.006463593885058722,0.07726685147633446
HistGradientBoosting / none,795,0,0,0.9977646809203244,0.00178324147644653,0.00045207760322912724
HistGradientBoosting / none,796,1,0,0.5161384455470086,0.10966958803222214,0.37419196642076924
HistGradientBoosting / none,797,0,0,0.9801993710290562,0.019180487784651163,0.0006201411862927038
HistGradientBoosting / none,798,0,0,0.9895147376010673,0.010161206603263098,0.00032405579566941036
HistGradientBoosting / none,799,0,0,0.9710184744502389,0.028914486302441623,6.703924731938239e-05
HistGradientBoosting / none,800,2,0,0.5455891558676785,0.05545059747986835,0.3989602466524531
HistGradientBoosting / none,801,0,0,0.7567523334696052,0.197751910813162,0.04549575571723269
HistGradientBoosting / none,802,0,0,0.9980232788110865,0.0016578640497509926,0.00031885713916245524
HistGradientBoosting / none,803,0,0,0.7990266584998353,0.04512430596551852,0.15584903553464616
HistGradientBoosting / none,804,0,0,0.994236467361006,0.005561464173040307,0.00020206846595369863
HistGradientBoosting / none,805,0,0,0.6101011884813988,0.0015724775275996064,0.38832633399100164
HistGradientBoosting / none,806,0,0,0.5629029525040091,0.3664469759856934,0.07065007151029744
HistGradientBoosting / none,807,0,0,0.9963790065461218,6.071257193542218e-05,0.003560280881942869
HistGradientBoosting / none,808,1,2,0.018829358054047427,0.04542933827940216,0.9357413036665504
HistGradientBoosting / none,809,1,0,0.7871089155973413,0.08142344760475695,0.13146763679790177
HistGradientBoosting / none,810,0,0,0.9906925333183794,0.009191296750143518,0.00011616993147705607
HistGradientBoosting / none,811,0,0,0.990309173003323,0.009449796017943516,0.00024103097873361527
HistGradientBoosting / none,812,0,0,0.9984886090498974,0.0014276941210413486,8.369682906123181e-05
HistGradientBoosting / none,813,0,0,0.990088290807541,0.009391703090029981,0.0005200061024288844
HistGradientBoosting / none,814,0,0,0.737039775156538,0.14805037139512325,0.11490985344833886
HistGradientBoosting / none,815,0,0,0.8988818192331948,0.004237010104024789,0.09688117066278047
HistGradientBoosting / none,816,0,0,0.9935531294967432,0.006012292550620491,0.0004345779526363217
HistGradientBoosting / none,817,0,0,0.9990101031802102,0.000870329251106028,0.00011956756868376326
HistGradientBoosting / none,818,0,0,0.9281159562582718,0.07083347718317476,0.0010505665585533995
HistGradientBoosting / none,819,0,0,0.8084633036869101,0.026411284890683326,0.16512541142240658
HistGradientBoosting / none,820,0,0,0.9959353270152663,0.0035248062291034854,0.000539866755630228
HistGradientBoosting / none,821,0,0,0.9478650608954216,0.0497052102758897,0.002429728828688778
HistGradientBoosting / none,822,0,0,0.8122167370727444,0.09215823455612922,0.09562502837112634
HistGradientBoosting / none,823,0,0,0.9790726504178497,0.012200509322334711,0.008726840259815603
HistGradientBoosting / none,824,1,0,0.8193810584570496,0.05330880556903577,0.12731013597391472
HistGradientBoosting / none,825,0,0,0.9416610879940459,0.057011566944686426,0.0013273450612677163
HistGradientBoosting / none,826,0,1,0.24871242710087865,0.5600908116072463,0.19119676129187516
HistGradientBoosting / none,827,2,2,0.0021014647227800384,0.0005624813072154719,0.9973360539700045
HistGradientBoosting / none,828,2,2,0.03428289740010892,0.014622395714059731,0.9510947068858313
HistGradientBoosting / none,829,2,2,0.0039969145124334705,0.0009312957595357404,0.9950717897280308
HistGradientBoosting / none,830,0,0,0.9991469133677693,0.0007955244346844114,5.756219754627932e-05
HistGradientBoosting / none,831,0,0,0.5425987633166122,0.3647493955321675,0.09265184115122034
HistGradientBoosting / none,832,0,0,0.8848690579174189,0.09857442096350827,0.016556521119072926
HistGradientBoosting / none,833,0,0,0.9815996556639841,0.013305096033617379,0.005095248302398474
HistGradientBoosting / none,834,0,0,0.9923712297904749,0.0031229197495075,0.004505850460017591
HistGradientBoosting / none,835,0,0,0.9826606703900247,0.015917328324810995,0.0014220012851643455
HistGradientBoosting / none,836,0,0,0.9944748497364259,0.005363395040653812,0.00016175522292031198
HistGradientBoosting / none,837,0,0,0.9943299498090836,0.005492076289292378,0.00017797390162394843
HistGradientBoosting / none,838,0,0,0.40496105813095346,0.2752632920145859,0.3197756498544606
HistGradientBoosting / none,839,0,0,0.997845794286246,0.0020771074940616387,7.709821969231581e-05
HistGradientBoosting / none,840,0,0,0.9973146651389525,0.0024998215474124003,0.00018551331363519683
HistGradientBoosting / none,841,0,0,0.9475876180776355,0.005586276427886163,0.04682610549447846
HistGradientBoosting / none,842,2,2,0.2996845054256265,0.0916568819129257,0.6086586126614477
HistGradientBoosting / none,843,0,0,0.9964684484496782,0.00213158534861756,0.0013999662017042762
HistGradientBoosting / none,844,0,0,0.9852395101637593,0.014624594319724267,0.00013589551651645707
HistGradientBoosting / none,845,0,0,0.9878965826682605,0.01188947551584037,0.00021394181589901482
HistGradientBoosting / none,846,0,0,0.9851206098701436,0.014435071176004333,0.0004443189538521146
HistGradientBoosting / none,847,0,0,0.999029558703135,0.000845118751633819,0.0001253225452311056
HistGradientBoosting / none,848,0,0,0.9029451102248913,0.0608773104575994,0.036177579317509256
HistGradientBoosting / none,849,0,0,0.9907136718033113,0.0010519388817378074,0.008234389314950923
HistGradientBoosting / none,850,2,0,0.7177445815234921,0.02239459770384962,0.2598608207726584
HistGradientBoosting / none,851,0,0,0.8877240829638072,0.006274492465053528,0.10600142457113929
HistGradientBoosting / none,852,0,0,0.9909423559994295,0.00086177919717886,0.008195864803391687
HistGradientBoosting / none,853,0,0,0.9992822208343303,0.0006141695133052465,0.00010360965236444766
HistGradientBoosting / none,854,0,0,0.9690716379953888,0.00017333992177491283,0.030755022082836217
HistGradientBoosting / none,855,0,0,0.9994274883281157,0.0005218529898453939,5.065868203900383e-05
HistGradientBoosting / none,856,0,0,0.9921149046208473,0.00010280356679100824,0.007782291812361668
HistGradientBoosting / none,857,0,0,0.9988940159979386,8.417187625879758e-05,0.0010218121258026957
HistGradientBoosting / none,858,2,2,0.05760943877313646,0.19334356938563083,0.7490469918412328
HistGradientBoosting / none,859,0,0,0.9978488022308503,0.0020481470851975254,0.00010305068395229959
HistGradientBoosting / none,860,1,1,0.27653441812585033,0.7222229417861192,0.0012426400880304717
HistGradientBoosting / none,861,0,0,0.9969473495177793,0.0029245101260423336,0.0001281403561783534
HistGradientBoosting / none,862,2,2,0.01870614951476929,0.0057758374495846965,0.9755180130356461
HistGradientBoosting / none,863,1,1,0.22826767769712303,0.6660518016914801,0.10568052061139688
HistGradientBoosting / none,864,0,0,0.9995521666206074,0.0003207645125248668,0.00012706886686782477
HistGradientBoosting / none,865,2,2,0.004992396371626588,0.0028293493284989833,0.9921782542998744
HistGradientBoosting / none,866,0,0,0.631362962477717,0.051859044957762994,0.31677799256452016
HistGradientBoosting / none,867,0,0,0.9990383124851296,0.0009142776473515207,4.740986751882543e-05
HistGradientBoosting / none,868,0,0,0.9919031600443929,0.006629410693229759,0.0014674292623773533
HistGradientBoosting / none,869,0,0,0.9121523103171605,0.06997399485568914,0.017873694827150444
HistGradientBoosting / none,870,0,0,0.999902224479001,7.561379636897227e-05,2.2161724629907368e-05
HistGradientBoosting / none,871,0,0,0.9989162031378214,0.0009408425975604584,0.00014295426461816046
HistGradientBoosting / none,872,0,0,0.9636585916692304,0.036130355742028844,0.00021105258874074372
HistGradientBoosting / none,873,0,0,0.9997776189493711,0.0001978933379416925,2.4487712687217992e-05
HistGradientBoosting / none,874,0,0,0.7980826461314638,0.17653495502099026,0.02538239884754593
HistGradientBoosting / none,875,0,0,0.995680796366759,0.004010792373015106,0.00030841126022592227
HistGradientBoosting / none,876,0,0,0.9770360268819761,0.0010989779543160655,0.02186499516370787
HistGradientBoosting / none,877,0,0,0.9996752109812328,0.0002009594574352997,0.00012382956133199203
HistGradientBoosting / none,878,2,2,0.2125275933946028,0.023741388246862467,0.7637310183585347
HistGradientBoosting / none,879,0,0,0.999281424922878,0.0006632704378407237,5.530463928133913e-05
HistGradientBoosting / none,880,0,0,0.9990287869544884,0.0009525677588753566,1.864528663630724e-05
HistGradientBoosting / none,881,2,2,0.2844036530950432,0.10677027379076538,0.6088260731141915
HistGradientBoosting / none,882,0,0,0.9990365052845055,0.0008729224285994063,9.057228689508074e-05
HistGradientBoosting / none,883,0,0,0.9704431143698097,0.0010534759463863494,0.028503409683803892
HistGradientBoosting / none,884,0,0,0.9980983401918757,0.001637739166329495,0.0002639206417948284
HistGradientBoosting / none,885,2,2,0.09851602001639943,0.3742942863522976,0.527189693631303
HistGradientBoosting / none,886,2,2,0.08461105758832435,0.0028331080777543763,0.9125558343339213
HistGradientBoosting / none,887,0,0,0.9982413878521919,0.0008829563835555708,0.0008756557642525287
HistGradientBoosting / none,888,0,0,0.9867687016408097,0.013117145863371255,0.00011415249581916069
HistGradientBoosting / none,889,2,1,0.1308857693010261,0.8686881877608769,0.0004260429380970483
HistGradientBoosting / none,890,1,0,0.46244405260081006,0.39165897066017297,0.1458969767390171
HistGradientBoosting / none,891,0,0,0.9946090243193905,0.0002605089365856157,0.005130466744023912
HistGradientBoosting / none,892,0,0,0.9784798647897824,0.021344768933460958,0.00017536627675663948
HistGradientBoosting / none,893,0,0,0.9436668247171695,0.041660587447495546,0.01467258783533502
HistGradientBoosting / none,894,0,0,0.9995127224126661,0.00028880598553889967,0.0001984716017950212
HistGradientBoosting / none,895,0,0,0.7412234943918106,0.026869998440902276,0.2319065071672871
HistGradientBoosting / none,896,0,0,0.9990012553027713,0.0009155797541654419,8.316494306320831e-05
HistGradientBoosting / none,897,0,0,0.9891902472898271,0.00749521313030764,0.003314539579865177
HistGradientBoosting / none,898,0,0,0.9989692925157515,0.0007707772880507052,0.0002599301961977788
HistGradientBoosting / none,899,0,0,0.9994061752287823,0.00030766100357890945,0.000286163767638716
HistGradientBoosting / none,900,0,0,0.8779771714197976,0.03387612481884068,0.08814670376136179
HistGradientBoosting / none,901,0,0,0.9812133118054188,0.014829950696873696,0.003956737497707564
HistGradientBoosting / none,902,2,2,0.27369849381087774,0.0054641893229048725,0.7208373168662174
HistGradientBoosting / none,903,0,0,0.9985206764418476,0.0011910848083569211,0.00028823874979546634
HistGradientBoosting / none,904,0,0,0.978084628115759,0.019687022025485525,0.0022283498587554297
HistGradientBoosting / none,905,0,0,0.9982756723510805,0.0015886739079330231,0.00013565374098643902
HistGradientBoosting / none,906,0,0,0.9995874458756289,0.00038619281223372184,2.63613121373029e-05
HistGradientBoosting / none,907,0,0,0.9583339612435066,0.041640225406707504,2.5813349785908444e-05
HistGradientBoosting / none,908,0,0,0.9917127488647558,0.00753884236671704,0.0007484087685271039
HistGradientBoosting / none,909,0,0,0.992790627251219,0.007078022734998811,0.00013135001378219863
HistGradientBoosting / none,910,0,0,0.9963894469460451,0.003497286246390417,0.00011326680756441486
HistGradientBoosting / none,911,0,0,0.9960915896463046,0.0036245496266310868,0.0002838607270644183
HistGradientBoosting / none,912,1,0,0.979589319528132,0.019429463694194113,0.0009812167776739732
HistGradientBoosting / none,913,0,0,0.8490160885391015,0.11927641626688269,0.03170749519401586
HistGradientBoosting / none,914,0,0,0.9949342074304022,0.00026995428716327486,0.004795838282434531
HistGradientBoosting / none,915,0,0,0.9987472550335115,0.0008760440461964753,0.00037670092029212457
HistGradientBoosting / none,916,2,2,0.1827666218197786,0.015049506948625025,0.8021838712315964
HistGradientBoosting / none,917,1,0,0.7792661186826543,0.21871913203066798,0.0020147492866778205
HistGradientBoosting / none,918,2,2,0.40990830991209615,0.0011078233938742418,0.5889838666940297
HistGradientBoosting / none,919,0,0,0.936496154867957,0.010458192765067842,0.0530456523669752
HistGradientBoosting / none,920,0,0,0.9757974551899051,0.024182367192866875,2.0177617227939024e-05
HistGradientBoosting / none,921,2,2,0.09590903483863761,0.0011576684635558087,0.9029332966978066
HistGradientBoosting / none,922,0,0,0.9992688815567136,0.0007155518564720333,1.5566586814462002e-05
HistGradientBoosting / none,923,2,2,0.08842426235852545,0.019071731079501233,0.8925040065619734
HistGradientBoosting / none,924,0,0,0.9559427793272669,0.028912743541521253,0.015144477131211769
HistGradientBoosting / none,925,1,0,0.5030299813372505,0.015263733456697673,0.48170628520605185
HistGradientBoosting / none,926,0,0,0.9996735568472669,0.00029356323348696695,3.2879919246150216e-05
HistGradientBoosting / none,927,0,0,0.8730434270903484,0.03285479324291172,0.09410177966673983
HistGradientBoosting / none,928,2,2,0.05303291070309417,0.0016694700220447748,0.945297619274861
HistGradientBoosting / none,929,0,2,0.21465544052402927,0.00922885712459565,0.7761157023513751
HistGradientBoosting / none,930,2,2,0.024317648489481817,0.006513832826498493,0.9691685186840198
HistGradientBoosting / none,931,0,0,0.9774479970492522,0.018039368203923125,0.004512634746824726
HistGradientBoosting / none,932,0,0,0.9966152235852288,0.0026819281632245932,0.0007028482515466935
HistGradientBoosting / none,933,0,0,0.9957653811011685,0.002937409298421657,0.00129720960040989
HistGradientBoosting / none,934,0,0,0.9810278449404953,0.014895204617650534,0.004076950441854228
HistGradientBoosting / none,935,0,0,0.947150151747984,0.05167531108710767,0.0011745371649083541
HistGradientBoosting / none,936,2,2,0.12191545191585072,0.002540435196167709,0.8755441128879816
HistGradientBoosting / none,937,0,0,0.9998547090514345,0.00012222782637170837,2.3063122193789012e-05
HistGradientBoosting / none,938,0,0,0.7678520060153222,0.029887060881300245,0.20226093310337762
HistGradientBoosting / none,939,2,2,0.07401167565601333,0.0004630346836826726,0.9255252896603039
HistGradientBoosting / none,940,0,0,0.9940776014191874,0.0034161639119041926,0.002506234668908315
HistGradientBoosting / none,941,0,0,0.9929715876574138,0.0068789689832383155,0.00014944335934781005
HistGradientBoosting / none,942,2,2,0.31317636740893146,0.07987489760467299,0.6069487349863957
HistGradientBoosting / none,943,2,2,0.04370680763058253,0.030706337694267026,0.9255868546751504
HistGradientBoosting / none,944,0,0,0.937461254703091,0.06173925999678332,0.0007994853001255355
HistGradientBoosting / none,945,1,1,0.20980102607533255,0.5604692057730838,0.2297297681515837
HistGradientBoosting / none,946,0,0,0.8423146343066783,0.08461222725180262,0.07307313844151915
HistGradientBoosting / none,947,0,0,0.9917722123690383,0.0015830727844229466,0.006644714846538672
HistGradientBoosting / none,948,0,0,0.9997575383368488,0.00015675848669804485,8.57031764532076e-05
HistGradientBoosting / none,949,0,0,0.9059898976205906,0.004589697638505491,0.08942040474090385
HistGradientBoosting / none,950,0,0,0.9884066514813995,0.010959349786978394,0.0006339987316220792
HistGradientBoosting / none,951,0,1,0.3215727984852122,0.546447288459296,0.13197991305549184
HistGradientBoosting / none,952,2,2,0.191331638643617,0.0033548716223823173,0.8053134897340007
HistGradientBoosting / none,953,0,0,0.9910238307657808,0.007938911356466698,0.0010372578777524102
HistGradientBoosting / none,954,0,0,0.998398466355814,0.0013643132059222142,0.000237220438263842
HistGradientBoosting / none,955,1,0,0.9554939222761424,0.039490769783724185,0.005015307940133386
HistGradientBoosting / none,956,0,0,0.9982565585491884,0.0015346974931345798,0.0002087439576770502
HistGradientBoosting / none,957,0,0,0.9825961475881971,0.016096176503437525,0.001307675908365348
HistGradientBoosting / none,958,0,0,0.9998307837995463,0.00013410957618543483,3.5106624268290496e-05
HistGradientBoosting / none,959,0,0,0.9973805025369136,0.0025323125505351627,8.71849125513226e-05
HistGradientBoosting / none,960,0,0,0.9935284565078775,0.003881421572852641,0.0025901219192699687
HistGradientBoosting / none,961,0,0,0.9736067961939262,0.02569305280068493,0.0007001510053888984
HistGradientBoosting / none,962,1,2,0.023875573847742654,0.4379100917498981,0.5382143344023592
HistGradientBoosting / none,963,0,0,0.9718785894093763,0.027321764715621054,0.0007996458750025691
HistGradientBoosting / none,964,1,0,0.49716774149803755,0.204603119377007,0.29822913912495547
HistGradientBoosting / none,965,0,0,0.9976827140267408,0.0022015921187091346,0.00011569385454990475
HistGradientBoosting / none,966,0,0,0.997133002270545,0.002746119779297813,0.00012087795015706212
HistGradientBoosting / none,967,2,2,0.004237628528803746,0.0002719257367473083,0.995490445734449
HistGradientBoosting / none,968,0,0,0.9790502689005828,0.018676643774379564,0.0022730873250376604
HistGradientBoosting / none,969,0,0,0.9948733349467447,0.0044331513000749325,0.0006935137531804539
HistGradientBoosting / none,970,2,2,0.00434209422025628,0.0015535229159085227,0.9941043828638352
HistGradientBoosting / none,971,2,0,0.7830995094285141,0.047298120481510664,0.1696023700899751
HistGradientBoosting / none,972,0,0,0.79384654241555,0.054144281909897146,0.15200917567455288
HistGradientBoosting / none,973,0,0,0.9984051131716969,0.0014212813275848793,0.0001736055007182656
HistGradientBoosting / none,974,0,0,0.825654292537534,0.05647819205035469,0.11786751541211149
HistGradientBoosting / none,975,0,0,0.9772977592107274,0.02193493723224025,0.000767303557032338
HistGradientBoosting / none,976,2,2,0.05568694353469415,0.0016864675919257676,0.9426265888733801
HistGradientBoosting / none,977,0,0,0.9912504018010939,0.0002608898034408667,0.008488708395465205
HistGradientBoosting / none,978,2,2,0.28756577398569466,0.2814706472255464,0.4309635787887589
HistGradientBoosting / none,979,0,0,0.6003614374453953,0.3573278597184129,0.04231070283619178
HistGradientBoosting / none,980,1,0,0.9972787408511692,0.0018874502490615946,0.0008338088997691448
HistGradientBoosting / none,981,0,0,0.9865081970506769,0.012452421921906652,0.0010393810274163977
HistGradientBoosting / none,982,2,2,0.3790183702847523,0.15441110343977915,0.46657052627546847
HistGradientBoosting / none,983,0,0,0.9982176811488044,0.001350808107214243,0.00043151074398139734
HistGradientBoosting / none,984,0,2,0.02640540614132242,0.003401649660114617,0.9701929441985631
HistGradientBoosting / none,985,0,0,0.9972636851838602,0.0015255478494429436,0.00121076696669693
HistGradientBoosting / none,986,0,0,0.9668633790240445,0.027048293125498495,0.006088327850457083
HistGradientBoosting / none,987,0,0,0.6358470365919645,0.02209558892998516,0.34205737447805035
HistGradientBoosting / none,988,0,0,0.47600275430426076,0.06868390371308276,0.45531334198265644
HistGradientBoosting / none,989,0,0,0.826591124958481,0.016842399631602254,0.1565664754099167
HistGradientBoosting / none,990,0,0,0.9997356298493227,0.0001988015053415109,6.556864533580212e-05
HistGradientBoosting / none,991,0,0,0.7837553870242904,0.054653705509557456,0.16159090746615218
HistGradientBoosting / none,992,2,2,0.1946915533257657,0.14275795722158507,0.6625504894526493
HistGradientBoosting / none,993,0,0,0.9978359028363561,0.00179123230917726,0.00037286485446663367
HistGradientBoosting / none,994,0,0,0.4019358125002114,0.3693163561145948,0.2287478313851938
HistGradientBoosting / none,995,0,0,0.9982479403526986,0.0015444524991563183,0.00020760714814512578
HistGradientBoosting / none,996,2,0,0.9689240167992884,0.00829168226536948,0.022784300935342162
HistGradientBoosting / none,997,0,0,0.9532282437557613,0.029301202815124997,0.017470553429113706
HistGradientBoosting / none,998,0,0,0.7787255134150051,0.20856569987243906,0.012708786712555951
HistGradientBoosting / none,999,0,2,0.3953171349640886,0.14766474981130237,0.45701811522460906
HistGradientBoosting / none,1000,0,0,0.9836527354250659,0.016095048821022105,0.00025221575391195307
HistGradientBoosting / none,1001,0,0,0.9942143753938942,0.005538559483902766,0.00024706512220292707
HistGradientBoosting / none,1002,0,2,0.18804268991196962,0.028532993728786416,0.7834243163592439
HistGradientBoosting / none,1003,0,0,0.99209289380381,0.007540445863976551,0.00036666033221345406
HistGradientBoosting / none,1004,0,0,0.995468663662997,0.004334207004514582,0.0001971293324884326
HistGradientBoosting / none,1005,0,0,0.9982071368150386,0.0017426554915563146,5.020769340513668e-05
HistGradientBoosting / none,1006,1,0,0.8795847275933797,0.06885658003590345,0.05155869237071691
HistGradientBoosting / none,1007,0,0,0.981708009294664,0.017877595614275724,0.0004143950910603607
HistGradientBoosting / none,1008,0,0,0.8719788573887639,0.12793317976761834,8.796284361788492e-05
HistGradientBoosting / none,1009,0,0,0.998931531142145,0.0005721097008136242,0.000496359157041365
HistGradientBoosting / none,1010,0,0,0.997257982551074,0.0004377884888213961,0.0023042289601046735
HistGradientBoosting / none,1011,0,0,0.9987767145028892,0.0010041048620942493,0.0002191806350166007
HistGradientBoosting / none,1012,0,2,0.4555298718046218,0.014536212195142739,0.5299339160002354
HistGradientBoosting / none,1013,0,0,0.9987057412067845,0.0012431220154108058,5.1136777804740096e-05
HistGradientBoosting / none,1014,0,0,0.8642180197910349,0.13054908971677937,0.005232890492185762
HistGradientBoosting / none,1015,0,0,0.9997338012251735,0.00026022959238206127,5.969182444423933e-06
HistGradientBoosting / none,1016,0,0,0.9973272507981477,0.002621902818745689,5.084638310681282e-05
HistGradientBoosting / none,1017,1,0,0.6576354869458618,0.2940811640793098,0.04828334897482842
HistGradientBoosting / none,1018,0,0,0.9877319495699962,0.01192375998448536,0.00034429044551834094
HistGradientBoosting / none,1019,0,0,0.8853885043568317,0.11286598264477836,0.001745512998390008
HistGradientBoosting / none,1020,2,2,0.22829606526862434,0.0012915719494675602,0.7704123627819082
HistGradientBoosting / none,1021,0,0,0.9584237637070353,0.04029842113737147,0.0012778151555932096
HistGradientBoosting / none,1022,0,0,0.989676557172293,0.0004611917852157133,0.009862251042491228
HistGradientBoosting / none,1023,0,0,0.8677505160464889,0.06474837063604745,0.06750111331746365
HistGradientBoosting / none,1024,1,0,0.9982692126294316,0.0015519600350676812,0.00017882733550076985
HistGradientBoosting / none,1025,0,0,0.4762700799827746,0.04793676463042938,0.47579315538679606
HistGradientBoosting / none,1026,0,0,0.9975468989880479,0.0024443993278412215,8.701684110876514e-06
HistGradientBoosting / none,1027,0,0,0.9951135452479035,0.0048675236192982285,1.893113279822793e-05
HistGradientBoosting / none,1028,0,2,0.16643407503413576,0.013086499507020732,0.8204794254588436
HistGradientBoosting / none,1029,0,0,0.9615755426375004,0.03686817703694833,0.0015562803255511923
HistGradientBoosting / none,1030,1,0,0.4867376224492482,0.3830321196047311,0.13023025794602075
HistGradientBoosting / none,1031,0,0,0.8943189083977168,0.049562682957387104,0.0561184086448962
HistGradientBoosting / none,1032,0,0,0.9937727391539288,0.006171880882672451,5.537996339872342e-05
HistGradientBoosting / none,1033,2,0,0.5309503406732939,0.03741586341762527,0.43163379590908074
HistGradientBoosting / none,1034,1,1,0.28268507416033234,0.5509360204372146,0.1663789054024531
HistGradientBoosting / none,1035,0,0,0.4792575246337011,0.47185070699049525,0.04889176837580371
HistGradientBoosting / none,1036,0,0,0.7194535025700705,0.2774162108972239,0.003130286532705699
HistGradientBoosting / none,1037,0,0,0.9992438094465734,0.0006017983268561991,0.00015439222657041756
HistGradientBoosting / none,1038,0,0,0.9922569289659028,0.0021454794944943583,0.0055975915396027165
HistGradientBoosting / none,1039,2,2,0.24556615732292397,0.009390768386998876,0.7450430742900771
HistGradientBoosting / none,1040,0,0,0.6352225835791361,0.061140152843884625,0.30363726357697923
HistGradientBoosting / none,1041,0,0,0.9997576720973294,0.00022411815447209994,1.8209748198597565e-05
HistGradientBoosting / none,1042,0,0,0.9916665438823282,0.0006759197386730455,0.0076575363789986185
HistGradientBoosting / none,1043,0,2,0.1692261671046097,0.06363775432216587,0.7671360785732245
HistGradientBoosting / none,1044,1,1,0.03395677125474287,0.9126726025704262,0.05337062617483096
HistGradientBoosting / none,1045,0,0,0.9889224647857692,0.010235486415396457,0.0008420487988343625
HistGradientBoosting / none,1046,0,0,0.6436013127595702,0.007503746038081577,0.34889494120234826
HistGradientBoosting / none,1047,1,2,0.04165091595401257,0.0005381653160143184,0.9578109187299731
HistGradientBoosting / none,1048,0,0,0.9994366479276606,0.00040607242746977713,0.00015727964486955432
HistGradientBoosting / none,1049,0,0,0.9491228251093807,0.026706556569146667,0.024170618321472593
HistGradientBoosting / none,1050,2,2,0.0016520205348894389,0.0002322093197877575,0.9981157701453228
HistGradientBoosting / none,1051,0,0,0.9999419916910782,5.209255051768771e-05,5.915758404149442e-06
HistGradientBoosting / none,1052,0,0,0.998924383600803,0.0010417823191704472,3.383408002660385e-05
HistGradientBoosting / none,1053,0,0,0.9406472929265228,0.053816037057932746,0.005536670015544488
HistGradientBoosting / none,1054,0,0,0.9991575190901685,0.0006731491952892447,0.00016933171454229916
HistGradientBoosting / none,1055,0,0,0.9967132350650953,0.003056453354102437,0.00023031158080222177
HistGradientBoosting / none,1056,2,2,0.00029543286461972866,0.00010853450208632433,0.999596032633294
HistGradientBoosting / none,1057,1,0,0.8813893602854712,0.09128302713728449,0.027327612577244198
HistGradientBoosting / none,1058,1,0,0.9992478947582941,0.0004424864472228598,0.0003096187944829661
HistGradientBoosting / none,1059,2,2,0.004839594490835659,0.0025692791592211656,0.9925911263499433
HistGradientBoosting / none,1060,0,0,0.9995111934256702,0.00039548973965174974,9.331683467811447e-05
HistGradientBoosting / none,1061,2,2,0.012323062851436733,0.001954542931028888,0.9857223942175343
HistGradientBoosting / none,1062,2,2,0.1022707877280359,0.009507583404681275,0.8882216288672828
HistGradientBoosting / none,1063,0,0,0.9826191224194298,0.001062115656929321,0.016318761923640807
HistGradientBoosting / none,1064,0,0,0.9997158097185534,0.0002204805783507166,6.370970309584012e-05
HistGradientBoosting / none,1065,1,1,0.30181405850761756,0.6884079995993487,0.00977794189303362
HistGradientBoosting / none,1066,0,0,0.9973645828294007,0.0023879316855885567,0.0002474854850107327
HistGradientBoosting / none,1067,0,0,0.995200090684527,0.0036710296932681162,0.0011288796222048783
HistGradientBoosting / none,1068,0,2,0.1337712908372622,0.10992001617742178,0.756308692985316
HistGradientBoosting / none,1069,1,0,0.7244340563702509,0.09258337304903974,0.18298257058070935
HistGradientBoosting / none,1070,0,0,0.9982769832763712,0.0016820077316402086,4.100899198868017e-05
HistGradientBoosting / none,1071,0,0,0.9961336102977049,0.0023225598970409533,0.0015438298052540917
HistGradientBoosting / none,1072,2,0,0.886983715254116,0.0055695702712550985,0.10744671447462889
HistGradientBoosting / none,1073,1,0,0.9633672751141746,0.036523724353970645,0.00010900053185479283
HistGradientBoosting / none,1074,0,0,0.9842260453996458,0.004331192220929954,0.011442762379424272
HistGradientBoosting / none,1075,0,0,0.8499754476110343,0.046864285224467,0.10316026716449876
HistGradientBoosting / none,1076,0,0,0.9997824730623484,0.00021074138263101622,6.785555020676663e-06
HistGradientBoosting / none,1077,0,0,0.94190234255145,0.05658707196610849,0.0015105854824415067
HistGradientBoosting / none,1078,1,0,0.9879808606894728,0.007041711535302847,0.004977427775224376
HistGradientBoosting / none,1079,0,0,0.9980699577328108,0.00187339733406534,5.664493312380062e-05
HistGradientBoosting / none,1080,0,0,0.8794075668729743,0.07125294812349085,0.049339485003534925
HistGradientBoosting / none,1081,0,0,0.9961834822684813,0.003027150299967448,0.0007893674315512717
HistGradientBoosting / none,1082,0,0,0.9992757857802497,0.0006382229550036174,8.599126474674591e-05
HistGradientBoosting / none,1083,1,2,0.021885400389084632,0.12117128402529682,0.8569433155856185
HistGradientBoosting / none,1084,1,0,0.7360628231382673,0.13786573178319902,0.12607144507853366
HistGradientBoosting / none,1085,0,0,0.9737490318014194,0.014186930780533642,0.012064037418046975
HistGradientBoosting / none,1086,0,0,0.9633645728874544,0.03506885357513156,0.0015665735374141064
HistGradientBoosting / none,1087,0,0,0.695662258717368,0.10489374942194214,0.19944399186069
HistGradientBoosting / none,1088,0,0,0.8793170198926347,0.0029477317315204934,0.11773524837584487
HistGradientBoosting / none,1089,0,0,0.9793727825261708,0.01676667431280574,0.003860543161023478
HistGradientBoosting / none,1090,0,0,0.9975150239786946,0.0024434596258147007,4.151639549070976e-05
HistGradientBoosting / none,1091,0,0,0.9990099445775984,0.0008266418610234921,0.00016341356137816618
HistGradientBoosting / none,1092,0,0,0.8952439298688029,0.10426163362074396,0.0004944365104532914
HistGradientBoosting / none,1093,0,0,0.9976308785667174,0.0023171220167076114,5.1999416575009766e-05
HistGradientBoosting / none,1094,0,0,0.583539422081594,0.36638399247277725,0.05007658544562865
HistGradientBoosting / none,1095,1,0,0.9726610069834815,0.021325767731068545,0.006013225285450058
HistGradientBoosting / none,1096,1,0,0.968416575016329,0.03044210977563835,0.0011413152080325822
HistGradientBoosting / none,1097,0,0,0.9980529905148483,0.0019101896838009007,3.6819801350831925e-05
HistGradientBoosting / none,1098,0,0,0.9935828280985286,0.00470899977484669,0.0017081721266246294
HistGradientBoosting / none,1099,0,0,0.9932534031757387,0.0008325550219310447,0.005914041802330211
HistGradientBoosting / none,1100,0,0,0.6469187115002517,0.1271389530957366,0.2259423354040117
HistGradientBoosting / none,1101,0,0,0.9968876876543245,0.0025920477133506187,0.0005202646323248695
HistGradientBoosting / none,1102,0,0,0.5121472031892059,0.4443057434312163,0.04354705337957784
HistGradientBoosting / none,1103,0,0,0.9935737844411549,0.0062909803148113366,0.0001352352440338171
HistGradientBoosting / none,1104,0,0,0.9729102898173829,0.025311184421953074,0.001778525760664074
HistGradientBoosting / none,1105,0,0,0.9954602208659914,0.004288831597703422,0.0002509475363051284
HistGradientBoosting / none,1106,2,2,0.0013570545068564994,0.00021029771998364827,0.9984326477731599
HistGradientBoosting / none,1107,0,0,0.9448141767331751,0.054041763124740745,0.0011440601420841653
HistGradientBoosting / none,1108,0,0,0.9972576895565083,0.001097482210700026,0.0016448282327916487
HistGradientBoosting / none,1109,0,0,0.9630021461715749,0.03677150493979241,0.00022634888863272588
HistGradientBoosting / none,1110,0,0,0.9998923602313303,4.8050472343677215e-05,5.958929632604364e-05
HistGradientBoosting / none,1111,2,2,0.10030809348919145,0.017432961996685647,0.882258944514123
HistGradientBoosting / none,1112,0,0,0.9967434739719996,0.002999133422076107,0.0002573926059243755
HistGradientBoosting / none,1113,0,0,0.5774664103066457,0.40761826669691115,0.014915322996443115
HistGradientBoosting / none,1114,0,0,0.9820583028735984,0.016460202902847842,0.0014814942235536744
HistGradientBoosting / none,1115,1,1,0.3360364505342311,0.5751534143139929,0.088810135151776
HistGradientBoosting / none,1116,0,0,0.9446681898021768,0.05314093718011411,0.0021908730177091127
HistGradientBoosting / none,1117,0,0,0.9913581168244618,0.0007117954249739834,0.007930087750564183
HistGradientBoosting / none,1118,0,0,0.9543922528407804,0.04201975723843105,0.003587989920788376
HistGradientBoosting / none,1119,0,0,0.9936217943060278,0.006090202913749565,0.00028800278022265594
HistGradientBoosting / none,1120,2,0,0.571010111442903,0.2023344436931833,0.22665544486391365
HistGradientBoosting / none,1121,0,0,0.5936792998066603,0.32439368652308104,0.08192701367025863
HistGradientBoosting / none,1122,0,0,0.9990896361032559,0.0004860629931922716,0.0004243009035518007
HistGradientBoosting / none,1123,0,0,0.9837865406601536,0.006841678435214367,0.009371780904632088
HistGradientBoosting / none,1124,0,0,0.9141859423542216,0.05532154698151814,0.03049251066426029
HistGradientBoosting / none,1125,0,0,0.9982894164476773,0.0016922598773364496,1.8323674986220902e-05
HistGradientBoosting / none,1126,1,1,0.01931834092712678,0.9799032353033251,0.0007784237695480284
HistGradientBoosting / none,1127,0,0,0.9951993396645208,0.004509284985857639,0.00029137534962152246
HistGradientBoosting / none,1128,1,0,0.41555733685374957,0.17664263618745196,0.4078000269587985
HistGradientBoosting / none,1129,2,2,0.008605418662358394,0.0012238022076700996,0.9901707791299715
HistGradientBoosting / none,1130,0,0,0.9965336381446285,0.0030968482108374045,0.0003695136445340343
HistGradientBoosting / none,1131,0,0,0.9970656389449035,0.00258204245610239,0.0003523185989941355
HistGradientBoosting / none,1132,1,0,0.996827850682871,0.003146880635708504,2.526868142028512e-05
HistGradientBoosting / none,1133,1,1,0.12091908398367776,0.8626035679950314,0.01647734802129096
HistGradientBoosting / none,1134,0,0,0.9996012091340624,0.0003730842007421762,2.570666519531879e-05
HistGradientBoosting / none,1135,1,2,0.068119344729966,0.05147760977135225,0.8804030454986818
HistGradientBoosting / none,1136,1,0,0.9627910795369733,0.0265975194782173,0.01061140098480938
HistGradientBoosting / none,1137,0,0,0.7724638112755523,0.0874847130930329,0.14005147563141485
HistGradientBoosting / none,1138,0,0,0.9679206021538942,0.030571350807523125,0.0015080470385826898
HistGradientBoosting / none,1139,0,2,0.051794801935679466,0.004493859841836735,0.9437113382224839
HistGradientBoosting / none,1140,2,2,0.06389403564483641,0.29741231811681207,0.6386936462383516
HistGradientBoosting / none,1141,0,0,0.985028715743191,0.011652509161622844,0.003318775095186199
HistGradientBoosting / none,1142,0,0,0.9993833331220735,0.0004494843064570837,0.00016718257146937734
HistGradientBoosting / none,1143,1,0,0.7674860637817752,0.23199273802755532,0.0005211981906694887
HistGradientBoosting / none,1144,0,0,0.7260571469269734,0.2733430108179808,0.0005998422550457135
HistGradientBoosting / none,1145,2,2,0.13653807330621076,0.014828632788208373,0.8486332939055808
HistGradientBoosting / none,1146,0,0,0.9985275821508859,0.0011485316815146125,0.0003238861675993938
HistGradientBoosting / none,1147,0,0,0.8653138480482798,0.05268225910200765,0.08200389284971252
HistGradientBoosting / none,1148,0,0,0.855072600576656,0.12346356513234585,0.021463834290998227
HistGradientBoosting / none,1149,0,0,0.9774038257396575,0.02239222185464463,0.00020395240569791716
HistGradientBoosting / none,1150,0,0,0.9936734291625436,0.005734731963621617,0.000591838873834675
HistGradientBoosting / none,1151,0,0,0.994870682721183,0.00014556015182230853,0.004983757126994752
HistGradientBoosting / none,1152,0,0,0.8587246045662926,0.10150079962948372,0.0397745958042237
HistGradientBoosting / none,1153,0,0,0.9351523616994807,0.02986994259727393,0.03497769570324541
HistGradientBoosting / none,1154,2,2,0.012150755606412931,0.02149804508915881,0.9663511993044284
HistGradientBoosting / none,1155,0,0,0.48423595940600744,0.14824326034806456,0.36752078024592794
HistGradientBoosting / none,1156,0,0,0.8582728536031908,0.023614976828090033,0.1181121695687192
HistGradientBoosting / none,1157,2,2,0.03280978621958724,0.0005406011743339352,0.9666496126060788
HistGradientBoosting / none,1158,0,0,0.9998729088905037,7.569181134888424e-05,5.139929814735627e-05
HistGradientBoosting / none,1159,0,2,0.3466901496469635,0.1182122806159042,0.5350975697371323
HistGradientBoosting / none,1160,0,0,0.6074215183852945,0.012997318317450287,0.3795811632972553
HistGradientBoosting / none,1161,0,0,0.9891566328233944,0.010718626536572833,0.00012474064003275168
HistGradientBoosting / none,1162,1,1,0.37044610584554805,0.39390830975016,0.23564558440429195
HistGradientBoosting / none,1163,0,0,0.9973899130753158,0.002413454437143827,0.00019663248754044267
HistGradientBoosting / none,1164,0,0,0.9971886337007416,0.0027276587725069005,8.3707526751482e-05
HistGradientBoosting / none,1165,0,0,0.9990004371531703,0.0008200337618016966,0.00017952908502801072
HistGradientBoosting / none,1166,0,0,0.973140785534749,0.026376803138460064,0.00048241132679094806
HistGradientBoosting / none,1167,1,1,0.2093182844082741,0.7900653639455361,0.000616351646189943
HistGradientBoosting / none,1168,1,0,0.5224828284589831,0.4496287626920928,0.02788840884892424
HistGradientBoosting / none,1169,0,0,0.9860554790083419,0.0129101662791754,0.0010343547124827598
HistGradientBoosting / none,1170,1,1,0.45588618027558364,0.5426098436485634,0.001503976075853027
HistGradientBoosting / none,1171,0,0,0.9699700833963012,0.028330373841421556,0.0016995427622772887
HistGradientBoosting / none,1172,0,0,0.9826038422523806,0.004494198232044759,0.012901959515574638
HistGradientBoosting / none,1173,0,0,0.9308428060368814,0.0684590550873858,0.0006981388757328251
HistGradientBoosting / none,1174,0,0,0.9957421514755391,0.00032275005514090634,0.003935098469319942
HistGradientBoosting / none,1175,2,2,0.01031327319985022,0.0005544198376735081,0.9891323069624763
HistGradientBoosting / none,1176,0,0,0.9901940204951762,0.009644942117617829,0.00016103738720591557
HistGradientBoosting / none,1177,0,0,0.5731405359099792,0.021830337696378696,0.40502912639364225
HistGradientBoosting / none,1178,0,0,0.9903117406748578,0.009301453655086526,0.000386805670055716
HistGradientBoosting / none,1179,0,0,0.8819958953792574,0.11637048966183393,0.0016336149589087374
HistGradientBoosting / none,1180,2,2,0.03370464911394016,0.005492944085027944,0.9608024068010319
HistGradientBoosting / none,1181,0,0,0.9656602018603772,0.028287831479343318,0.006051966660279568
HistGradientBoosting / none,1182,0,0,0.9961676216988726,0.0035256401371371337,0.00030673816399028487
HistGradientBoosting / none,1183,0,0,0.9791136086058885,0.020820245005440188,6.614638867137949e-05
HistGradientBoosting / none,1184,0,2,0.4148149215329407,0.07871785228877028,0.506467226178289
HistGradientBoosting / none,1185,0,0,0.6463595609839942,0.0533480782699568,0.30029236074604904
HistGradientBoosting / none,1186,0,1,0.11348234017637833,0.6448026146270301,0.24171504519659165
HistGradientBoosting / none,1187,2,2,0.01561588820791194,0.014856157494970292,0.9695279542971178
HistGradientBoosting / none,1188,0,0,0.8082320871534114,0.007842163074403788,0.18392574977218484
HistGradientBoosting / none,1189,0,0,0.9856129141191908,0.014016244919751576,0.0003708409610575584
HistGradientBoosting / none,1190,0,0,0.9784668320361101,0.0206143297424005,0.0009188382214894073
HistGradientBoosting / none,1191,0,0,0.9881267602727164,0.011650547459478418,0.00022269226780505672
HistGradientBoosting / none,1192,0,0,0.9981064105422581,0.0008078121370249622,0.001085777320716938
HistGradientBoosting / none,1193,0,0,0.9991590458893778,0.0007613464781339917,7.960763248827143e-05
HistGradientBoosting / none,1194,1,1,0.11332435947781494,0.8761717970222606,0.010503843499924502
HistGradientBoosting / none,1195,2,0,0.8573306038343832,0.12617711294296818,0.016492283222648684
HistGradientBoosting / none,1196,0,0,0.9998014536213121,7.134774985695644e-05,0.00012719862883093095
HistGradientBoosting / none,1197,0,0,0.998734146287043,0.0008789275349219903,0.0003869261780348367
HistGradientBoosting / none,1198,0,0,0.9894837431204202,0.0009603484726932328,0.009555908406886691
HistGradientBoosting / none,1199,0,1,0.3857407599659396,0.6136813735451155,0.0005778664889447655
HistGradientBoosting / none,1200,0,0,0.793033905981627,0.03507025957938836,0.17189583443898462
HistGradientBoosting / none,1201,0,0,0.999934422294409,5.269105308802781e-05,1.2886652502998346e-05
HistGradientBoosting / none,1202,2,0,0.9304564403453772,0.0006298241599922036,0.06891373549463055
HistGradientBoosting / none,1203,0,0,0.9941081087233875,0.00025055307712873345,0.005641338199483779
HistGradientBoosting / none,1204,0,0,0.9455046823488854,0.008982470930782473,0.04551284672033218
HistGradientBoosting / none,1205,0,0,0.9995445987399891,0.00041211305128448613,4.328820872634102e-05
HistGradientBoosting / none,1206,0,0,0.9960292925121185,4.0034137649350736e-05,0.003930673350232197
HistGradientBoosting / none,1207,0,0,0.9800089780645049,0.018379017348910467,0.0016120045865845865
HistGradientBoosting / none,1208,0,0,0.9984527408955656,0.001468200343028563,7.905876140589257e-05
HistGradientBoosting / none,1209,0,0,0.9901004626098096,0.009821774320670726,7.776306951972958e-05
HistGradientBoosting / none,1210,0,0,0.7184064976048551,0.2801547210201937,0.0014387813749512227
HistGradientBoosting / none,1211,0,0,0.8763705133385664,0.12240401970310325,0.0012254669583304074
HistGradientBoosting / none,1212,2,0,0.7875984169054033,0.039965581916605764,0.1724360011779908
HistGradientBoosting / none,1213,0,0,0.9983757650063734,0.0014612521035341384,0.00016298289009249991
HistGradientBoosting / none,1214,0,0,0.978916197007379,0.020855149423758663,0.0002286535688623736
HistGradientBoosting / none,1215,1,0,0.7483116518578332,0.1300089966299369,0.12167935151222993
HistGradientBoosting / none,1216,0,0,0.9882562016603531,0.011551272206638959,0.00019252613300798784
HistGradientBoosting / none,1217,0,0,0.9952583163890036,0.004225009913804571,0.0005166736971918725
HistGradientBoosting / none,1218,0,0,0.9990255838264079,0.0009399120946636628,3.450407892839596e-05
HistGradientBoosting / none,1219,0,0,0.9965490797023494,3.6789369082977874e-05,0.003414130928567607
HistGradientBoosting / none,1220,0,0,0.7337327069185182,0.01556284027808255,0.2507044528033993
HistGradientBoosting / none,1221,0,0,0.7201362319935787,0.04325151467217135,0.23661225333424998
HistGradientBoosting / none,1222,0,0,0.5541001867374172,0.02900050967896438,0.41689930358361843
HistGradientBoosting / none,1223,0,0,0.9453944136516526,0.029801271414099374,0.024804314934248062
HistGradientBoosting / none,1224,0,0,0.9991644409437292,0.0006755719354560659,0.0001599871208147581
HistGradientBoosting / none,1225,0,0,0.8484578497324511,0.13328186389741253,0.01826028637013647
HistGradientBoosting / none,1226,0,0,0.9962745370815991,0.003452434244707532,0.0002730286736934145
HistGradientBoosting / none,1227,0,0,0.986092390273208,0.013686556306963416,0.0002210534198283841
HistGradientBoosting / none,1228,0,0,0.9968795172426648,0.002106694781494846,0.0010137879758404468
HistGradientBoosting / none,1229,0,0,0.8787484546455976,0.03823313532414784,0.08301841003025465
HistGradientBoosting / none,1230,1,0,0.7036135456374379,0.2187173182545614,0.07766913610800075
HistGradientBoosting / none,1231,0,0,0.6305318822908653,0.02615637988879555,0.3433117378203391
HistGradientBoosting / none,1232,0,0,0.9396877639949622,0.060089143448326866,0.0002230925567109751
HistGradientBoosting / none,1233,0,0,0.9984467393513552,0.001531243790295774,2.201685834907009e-05
HistGradientBoosting / none,1234,0,0,0.4920409749630229,0.47167230420174144,0.03628672083523575
HistGradientBoosting / none,1235,0,0,0.45475332768187227,0.2790830754211434,0.26616359689698427
HistGradientBoosting / none,1236,0,0,0.9495045244095317,0.004786964186850666,0.04570851140361762
HistGradientBoosting / none,1237,0,0,0.9853331679233317,0.013902904369424339,0.0007639277072439379
HistGradientBoosting / none,1238,0,0,0.9799845420128617,0.00010946489688604949,0.019905993090252243
HistGradientBoosting / none,1239,1,0,0.9240539289270465,0.06460675669984925,0.011339314373104259
HistGradientBoosting / none,1240,2,0,0.6709725454742533,0.12270788949248178,0.2063195650332649
HistGradientBoosting / none,1241,0,0,0.9780926642577705,0.0010589780234981296,0.020848357718731343
HistGradientBoosting / none,1242,0,0,0.9914050717509952,0.005320964502426793,0.003273963746578008
HistGradientBoosting / none,1243,0,0,0.9932900831537779,0.006637636802176494,7.228004404569711e-05
HistGradientBoosting / none,1244,0,0,0.930585855442216,0.064760452755862,0.0046536918019221265
HistGradientBoosting / none,1245,0,0,0.9977092160645047,0.0019839980040508723,0.0003067859314444473
HistGradientBoosting / none,1246,0,0,0.8601905310499196,0.13774295405489245,0.0020665148951879023
HistGradientBoosting / none,1247,2,2,0.019588255882767355,0.0009835029438136262,0.979428241173419
HistGradientBoosting / none,1248,0,0,0.9959874165867751,0.0031745617672660556,0.0008380216459588978
HistGradientBoosting / none,1249,0,0,0.4994245966104687,0.03220600882475299,0.4683693945647783
HistGradientBoosting / none,1250,0,2,0.12760116101685295,0.013824864367603029,0.858573974615544
HistGradientBoosting / none,1251,2,2,0.0893927435851492,0.002233672180764269,0.9083735842340865
HistGradientBoosting / none,1252,0,2,0.30692238430704677,0.120231568616075,0.5728460470768783
HistGradientBoosting / none,1253,1,0,0.8548034859870897,0.0352270012432958,0.1099695127696146
HistGradientBoosting / none,1254,0,0,0.9963430712247545,0.0017679559841176982,0.001888972791127844
HistGradientBoosting / none,1255,0,0,0.9968590097451209,0.0030995399197981427,4.145033508101767e-05
HistGradientBoosting / none,1256,0,0,0.9996018575155358,0.00039036817105635695,7.774313407884286e-06
HistGradientBoosting / none,1257,0,0,0.9944652294863613,0.005121001079898753,0.0004137694337398885
HistGradientBoosting / none,1258,2,2,0.009085192678161538,0.0009772323112221648,0.9899375750106163
HistGradientBoosting / none,1259,1,2,0.03214902229855475,0.05518400475185506,0.9126669729495902
HistGradientBoosting / none,1260,0,0,0.7353377641597691,0.0016467702826355017,0.2630154655575953
HistGradientBoosting / none,1261,0,0,0.9464026361173817,0.03418392695920592,0.01941343692341236
HistGradientBoosting / none,1262,0,0,0.9606825616695918,0.03809253427634695,0.001224904054061213
HistGradientBoosting / none,1263,0,0,0.9937979111681449,0.005852826284045607,0.00034926254780958006
HistGradientBoosting / none,1264,0,0,0.9936476379782934,0.006142112043876695,0.00021024997783002523
HistGradientBoosting / none,1265,0,0,0.9807286811077811,5.9331266876542904e-05,0.019211987625342368
HistGradientBoosting / none,1266,0,0,0.7837054151520018,0.05270092238285354,0.16359366246514462
HistGradientBoosting / none,1267,2,0,0.5595259418718688,0.02296795380329883,0.4175061043248324
HistGradientBoosting / none,1268,2,0,0.5898797730828994,0.021198726980710885,0.38892149993638975
HistGradientBoosting / none,1269,0,0,0.9719471261940557,0.00922458787613388,0.018828285929810402
HistGradientBoosting / none,1270,2,2,0.0030612534754141394,0.0005235099838671982,0.9964152365407187
HistGradientBoosting / none,1271,0,0,0.9996128889073604,0.00025396852457492444,0.00013314256806460555
HistGradientBoosting / none,1272,0,0,0.9394737631855585,0.04204294827931623,0.018483288535125285
HistGradientBoosting / none,1273,0,0,0.9907395107567544,0.008609131996207794,0.000651357247037751
HistGradientBoosting / none,1274,1,1,0.3143875102394823,0.6129599180366819,0.07265257172383573
HistGradientBoosting / none,1275,0,0,0.976487321903547,0.002123703116414329,0.021388974980038618
HistGradientBoosting / none,1276,0,0,0.9732227706687288,0.026381804896786577,0.0003954244344847559
HistGradientBoosting / none,1277,0,0,0.9777131953341557,0.021786550427666362,0.000500254238178075
HistGradientBoosting / none,1278,0,0,0.9885152368238186,0.0006670113099953027,0.010817751866186092
HistGradientBoosting / none,1279,1,0,0.5278488338667696,0.013473578787930537,0.45867758734529984
HistGradientBoosting / none,1280,1,1,0.16081092517356166,0.8385826910498426,0.0006063837765956182
HistGradientBoosting / none,1281,0,0,0.9889157211766703,0.010649095807314483,0.00043518301601532417
HistGradientBoosting / none,1282,2,2,0.11834724693440858,0.01143498690806497,0.8702177661575266
HistGradientBoosting / none,1283,0,0,0.8924764697987655,0.0909631690335576,0.01656036116767686
HistGradientBoosting / none,1284,2,2,0.007316348646050537,0.0025936076717619936,0.9900900436821874
HistGradientBoosting / none,1285,0,0,0.9971827248072809,0.002329658564234753,0.00048761662848444083
HistGradientBoosting / none,1286,0,0,0.9992755167269594,0.0006666130773029926,5.7870195737653204e-05
HistGradientBoosting / none,1287,0,0,0.998969514808508,0.0008951966872122862,0.0001352885042796984
HistGradientBoosting / none,1288,0,0,0.9675379513853867,0.03211840956481763,0.00034363904979569206
HistGradientBoosting / none,1289,0,0,0.9918880441689174,0.007940514071258545,0.0001714417598240682
HistGradientBoosting / none,1290,0,0,0.9911017574313342,0.006231286011424702,0.0026669565572410396
HistGradientBoosting / none,1291,1,1,0.21844075592014414,0.7789496338558264,0.0026096102240294973
HistGradientBoosting / none,1292,1,2,0.019973422786490683,0.1179308525830986,0.8620957246304107
HistGradientBoosting / none,1293,0,0,0.9986999848602613,0.0011229877940850137,0.0001770273456536265
HistGradientBoosting / none,1294,0,0,0.9987791421201277,0.0002158355045195454,0.0010050223753526604
HistGradientBoosting / none,1295,2,2,0.13225874422568457,0.02238243028624177,0.8453588254880737
HistGradientBoosting / none,1296,0,0,0.8798235215465876,0.030663108407540045,0.08951337004587236
HistGradientBoosting / none,1297,2,2,0.45559188229969316,0.0015780637538464074,0.5428300539464604
HistGradientBoosting / none,1298,0,0,0.6165590426359833,0.015723130832182804,0.3677178265318339
HistGradientBoosting / none,1299,0,0,0.9980203037870604,0.0015579508662475526,0.000421745346692135
HistGradientBoosting / none,1300,0,0,0.9955304714316991,0.0036147340871206684,0.0008547944811802188
HistGradientBoosting / none,1301,0,0,0.9965206902583897,0.0034075609604680038,7.174878114224914e-05
HistGradientBoosting / none,1302,0,0,0.9890108386393185,0.010296792150144863,0.0006923692105366573
HistGradientBoosting / none,1303,0,0,0.9984178160348067,0.0006756448226392826,0.0009065391425539085
HistGradientBoosting / none,1304,0,0,0.8990894384150075,0.010481672085769445,0.090428889499223
HistGradientBoosting / none,1305,0,0,0.9108019156522256,0.03215434214998481,0.05704374219778957
HistGradientBoosting / none,1306,0,2,0.40749763070762357,0.040345134272665374,0.5521572350197111
HistGradientBoosting / none,1307,0,0,0.9921053920140592,0.002845067211972597,0.005049540773968176
HistGradientBoosting / none,1308,2,0,0.9583313586248615,0.008942272441235018,0.0327263689339035
HistGradientBoosting / none,1309,0,0,0.9965549593702153,0.0008176040958977851,0.002627436533886965
HistGradientBoosting / none,1310,1,2,0.18568657334974453,0.3778248931977913,0.43648853345246424
HistGradientBoosting / none,1311,0,0,0.988496280351328,0.01137543036692065,0.0001282892817514151
HistGradientBoosting / none,1312,0,0,0.9994613656918097,0.00037921043094062595,0.00015942387724978815
HistGradientBoosting / none,1313,0,0,0.9845882805569168,0.012517201131643597,0.0028945183114395916
HistGradientBoosting / none,1314,0,0,0.9621741232676084,0.03686370092012104,0.0009621758122705585
HistGradientBoosting / none,1315,0,0,0.9733466977362951,0.0252378632164914,0.0014154390472133165
HistGradientBoosting / none,1316,0,0,0.9992943060506853,0.0006612639268015805,4.443002251330463e-05
HistGradientBoosting / none,1317,0,0,0.999913123440401,7.419865677745468e-05,1.2677902821658678e-05
HistGradientBoosting / none,1318,0,0,0.7254617090760426,0.2422156194650047,0.032322671458952734
HistGradientBoosting / none,1319,0,0,0.9848014030920104,0.013650896586350719,0.0015477003216388214
HistGradientBoosting / none,1320,0,0,0.8713113738302488,0.09932839036260556,0.029360235807145627
HistGradientBoosting / none,1321,0,0,0.9937622331153686,0.005964561400821494,0.0002732054838099258
HistGradientBoosting / none,1322,0,0,0.997401261116056,0.002582610221434354,1.6128662509721297e-05
HistGradientBoosting / none,1323,2,2,0.003759148433097786,0.002308851140590269,0.993932000426312
HistGradientBoosting / none,1324,2,2,0.020284787942423325,0.0108971372852522,0.9688180747723245
HistGradientBoosting / none,1325,0,0,0.6826635105929203,0.2951104583560963,0.022226031050983353
HistGradientBoosting / none,1326,0,0,0.9894000533605082,0.0044010184944292445,0.006198928145062664
HistGradientBoosting / none,1327,0,0,0.9436884543143778,0.0004999941266081094,0.05581155155901413
HistGradientBoosting / none,1328,2,2,0.3167461854531649,0.02102839415305839,0.6622254203937767
HistGradientBoosting / none,1329,1,1,0.24120227496389776,0.5656826786807273,0.19311504635537502
HistGradientBoosting / none,1330,2,2,0.22366092268964224,0.02583303084664722,0.7505060464637106
HistGradientBoosting / none,1331,0,0,0.8981771893160971,0.07402822819484656,0.0277945824890562
HistGradientBoosting / none,1332,1,0,0.8963858094309092,0.05166577722863611,0.051948413340454816
HistGradientBoosting / none,1333,0,0,0.9956415919583836,0.0025824563111381768,0.001775951730478214
HistGradientBoosting / none,1334,0,0,0.9983645758917541,0.0015360064126611226,9.941769558463983e-05
HistGradientBoosting / none,1335,0,0,0.9785072776089165,0.019982410194717956,0.0015103121963655573
HistGradientBoosting / none,1336,0,0,0.9609298855892221,0.03781650087294922,0.0012536135378287058
HistGradientBoosting / none,1337,0,0,0.9941477713449434,0.005194954538574951,0.0006572741164816947
HistGradientBoosting / none,1338,0,0,0.9992628894036099,0.00013277288131082995,0.0006043377150793391
HistGradientBoosting / none,1339,0,0,0.992082684278531,0.0078012211978578236,0.00011609452361107501
HistGradientBoosting / none,1340,2,0,0.5445441440823555,0.2886315979101804,0.16682425800746412
HistGradientBoosting / none,1341,0,0,0.99951265713662,0.00043893843981269596,4.840442356743068e-05
HistGradientBoosting / none,1342,0,0,0.9918901549637917,0.0027080794738639827,0.005401765562344315
HistGradientBoosting / none,1343,0,0,0.8416248804287708,0.059063283605072625,0.09931183596615659
HistGradientBoosting / none,1344,1,0,0.8885084367183171,0.10767588781670942,0.003815675464973457
HistGradientBoosting / none,1345,0,0,0.740432662679394,0.25603770050833324,0.003529636812272808
HistGradientBoosting / none,1346,0,0,0.8802858746831863,0.11945881228978869,0.000255313027025045
HistGradientBoosting / none,1347,2,2,0.08593327748560683,0.009690645830762833,0.9043760766836303
HistGradientBoosting / none,1348,0,0,0.9994654539911517,0.0005028569676426024,3.1689041205644305e-05
HistGradientBoosting / none,1349,0,0,0.9335278102520007,0.060046760115777614,0.00642542963222175
HistGradientBoosting / none,1350,0,0,0.895559507073146,0.018670031343992626,0.08577046158286135
HistGradientBoosting / none,1351,2,2,0.033288890952617646,0.015355523875574274,0.9513555851718081
HistGradientBoosting / none,1352,0,0,0.6034718547674456,0.14917064927351012,0.24735749595904444
HistGradientBoosting / none,1353,0,0,0.8934921633758472,0.07625264319362451,0.030255193430528175
HistGradientBoosting / none,1354,0,0,0.991313392911503,0.007128536209590712,0.0015580708789061594
HistGradientBoosting / none,1355,0,0,0.9866872276495688,0.012745823832553415,0.00056694851787774
HistGradientBoosting / none,1356,0,0,0.9957585995851552,0.0003585517266649944,0.0038828486881797596
HistGradientBoosting / none,1357,2,2,0.1889714994687263,0.006399124296465994,0.8046293762348078
HistGradientBoosting / none,1358,1,0,0.7889946571199232,0.2049292200867707,0.006076122793306059
HistGradientBoosting / none,1359,0,0,0.9844887673593975,0.014190375333444803,0.0013208573071576799
HistGradientBoosting / none,1360,0,0,0.992739226938029,0.007045289835910441,0.00021548322606062384
HistGradientBoosting / none,1361,0,0,0.9984660607775666,0.0012062646744899603,0.0003276745479433828
HistGradientBoosting / none,1362,0,0,0.9883550357060967,0.008990307488492968,0.0026546568054102732
HistGradientBoosting / none,1363,0,0,0.999757643574237,0.00023201785199907546,1.0338573763868995e-05
HistGradientBoosting / none,1364,0,0,0.9997474094345253,0.0002382150620642812,1.4375503410387273e-05
HistGradientBoosting / none,1365,0,0,0.5416302209278275,0.2269420589984838,0.23142772007368875
HistGradientBoosting / none,1366,0,0,0.9926577178047831,0.00021250907510359497,0.0071297731201133575
HistGradientBoosting / none,1367,0,0,0.9970245190469114,9.790010335949052e-05,0.0028775808497291198
HistGradientBoosting / none,1368,0,0,0.9912417290690805,0.007847388759753477,0.0009108821711660847
HistGradientBoosting / none,1369,2,2,0.009613901670495749,0.0017974556297817666,0.9885886426997225
HistGradientBoosting / none,1370,0,0,0.9616806035824392,0.03501936956025996,0.0033000268573008334
HistGradientBoosting / none,1371,0,0,0.9374726409957802,0.05783039653147274,0.004696962472747091
HistGradientBoosting / none,1372,0,0,0.9971461966513188,0.0023786205154401815,0.0004751828332410694
HistGradientBoosting / none,1373,0,0,0.9808308137158189,0.019065005812348917,0.00010418047183204663
HistGradientBoosting / none,1374,0,0,0.9752249190843439,0.023694333795063072,0.0010807471205930715
HistGradientBoosting / none,1375,0,0,0.5943624921443814,0.0072973778533375585,0.398340130002281
HistGradientBoosting / none,1376,2,0,0.6833631362841845,0.047025002082643534,0.26961186163317186
HistGradientBoosting / none,1377,0,0,0.9516093639134264,0.04826304866000057,0.00012758742657304818
HistGradientBoosting / none,1378,2,2,0.015489850375523731,0.006001312553004156,0.9785088370714721
HistGradientBoosting / none,1379,0,0,0.9998848909461634,9.358683459880075e-05,2.1522219237744426e-05
HistGradientBoosting / none,1380,1,0,0.5005519606946066,0.44806244792145755,0.05138559138393596
HistGradientBoosting / none,1381,0,0,0.9734439685727042,0.012023745877060728,0.014532285550235157
HistGradientBoosting / none,1382,0,0,0.9451848531896466,0.03688655424784052,0.017928592562512898
HistGradientBoosting / none,1383,0,0,0.9992452360468923,0.0006173974081205814,0.00013736654498711337
HistGradientBoosting / none,1384,2,2,0.00884839987937036,0.06382426356082706,0.9273273365598026
HistGradientBoosting / none,1385,0,0,0.9977326805099852,0.0021312779768767704,0.00013604151313807608
HistGradientBoosting / none,1386,2,1,0.2552207976812135,0.46067119957768804,0.2841080027410985
HistGradientBoosting / none,1387,0,0,0.8801776190919838,0.016459367560020505,0.10336301334799575
HistGradientBoosting / none,1388,0,0,0.7371917852337948,0.1934660823974366,0.06934213236876867
HistGradientBoosting / none,1389,0,0,0.9977474544405808,0.002180001229413136,7.254433000616797e-05
HistGradientBoosting / none,1390,0,0,0.5584199681578302,0.4175812526777539,0.023998779164415823
HistGradientBoosting / none,1391,0,0,0.999154269229113,0.0007886649116114193,5.706585927559196e-05
HistGradientBoosting / none,1392,1,1,0.08002526184463199,0.9180068242187378,0.0019679139366300964
HistGradientBoosting / none,1393,0,0,0.9825111250643254,0.005385990074581106,0.012102884861093585
HistGradientBoosting / none,1394,0,0,0.9998633011368754,0.00011573482860904564,2.096403451556361e-05
HistGradientBoosting / none,1395,0,0,0.5621686819987755,0.01015166458969573,0.42767965341152886
HistGradientBoosting / none,1396,0,0,0.9979885652694198,0.0019064700055306484,0.00010496472504954096
HistGradientBoosting / none,1397,0,0,0.986648036152845,0.01331809506560481,3.38687815501952e-05
HistGradientBoosting / none,1398,0,0,0.8747589301415171,0.11483750049191786,0.010403569366565087
HistGradientBoosting / none,1399,0,0,0.7540416648879569,0.1861631199729902,0.05979521513905295
HistGradientBoosting / none,1400,0,0,0.9204250329424546,0.0791790576449966,0.0003959094125488042
HistGradientBoosting / none,1401,1,0,0.9855607673975437,0.0124887534850268,0.001950479117429525
HistGradientBoosting / none,1402,0,0,0.9963624675089324,0.003435950998093741,0.00020158149297380446
HistGradientBoosting / none,1403,0,0,0.9964872987553478,0.0034114367270902815,0.00010126451756197345
HistGradientBoosting / none,1404,2,2,0.11925106767730993,0.0027872117776492284,0.8779617205450408
HistGradientBoosting / none,1405,0,0,0.984806677385868,0.013492180906610281,0.001701141707521686
HistGradientBoosting / none,1406,1,0,0.6110501474353354,0.03302342273388229,0.35592642983078243
HistGradientBoosting / none,1407,0,0,0.9976484270326944,0.002308150001257838,4.342296604777498e-05
HistGradientBoosting / none,1408,2,0,0.8616163591991799,0.00454415375933355,0.13383948704148657
HistGradientBoosting / none,1409,0,0,0.9641546735686984,0.03358113860168733,0.0022641878296142293
HistGradientBoosting / none,1410,0,0,0.7834574455432862,0.016456653117657125,0.20008590133905674
HistGradientBoosting / none,1411,0,0,0.6114465870615552,0.1756851333357365,0.21286827960270827
HistGradientBoosting / none,1412,0,0,0.9791300818603773,0.004241316651918181,0.016628601487704578
HistGradientBoosting / none,1413,2,2,0.042435905685531385,0.008281965757869166,0.9492821285565994
HistGradientBoosting / none,1414,0,0,0.9965514503777841,0.0031942208560655073,0.0002543287661504146
HistGradientBoosting / none,1415,0,0,0.9871281208717096,0.0008348579026379322,0.0120370212256524
HistGradientBoosting / none,1416,0,0,0.9926588470888702,0.006528144399456938,0.0008130085116728919
HistGradientBoosting / none,1417,0,0,0.9751103480143339,0.024223683292444627,0.0006659686932213469
HistGradientBoosting / none,1418,0,0,0.8417307317444733,0.15723905151917855,0.001030216736348006
HistGradientBoosting / none,1419,0,0,0.9878713074269468,0.00042807999623202785,0.011700612576821036
HistGradientBoosting / none,1420,2,2,0.1158639982815806,0.0017802283143149192,0.8823557734041045
HistGradientBoosting / none,1421,1,2,0.17617975068866734,0.1397048159920069,0.6841154333193258
HistGradientBoosting / none,1422,1,0,0.9998021731331316,0.00015925072086410915,3.8576146004285815e-05
HistGradientBoosting / none,1423,0,0,0.948597206111427,0.04636138610411091,0.0050414077844621805
HistGradientBoosting / none,1424,2,0,0.47997686947877455,0.3574912250548266,0.16253190546639895
HistGradientBoosting / none,1425,1,0,0.9971160105098142,0.0025483510173895125,0.00033563847279625736
HistGradientBoosting / none,1426,0,0,0.9830495075919297,0.01559361718536231,0.0013568752227080822
HistGradientBoosting / none,1427,2,2,0.0018078681459043208,0.00019093427692007446,0.9980011975771756
HistGradientBoosting / none,1428,0,0,0.9967154153494356,0.0031768242235842245,0.00010776042698012279
HistGradientBoosting / none,1429,0,0,0.9797256788498341,0.0011002402038893004,0.019174080946276487
HistGradientBoosting / none,1430,2,2,0.25316006007418285,0.10794150759844856,0.6388984323273686
HistGradientBoosting / none,1431,1,0,0.9058305496910535,0.05228476363357038,0.04188468667537626
HistGradientBoosting / none,1432,0,0,0.9987923777628069,0.0003283458256520323,0.0008792764115410955
HistGradientBoosting / none,1433,1,1,0.351518825787234,0.6141170856373491,0.03436408857541691
XGBoost / none,0,0,0,0.9013745583286608,0.06924998605437607,0.029375455616963156
XGBoost / none,1,0,0,0.9986465637833909,0.001108372823977225,0.0002450633926318281
XGBoost / none,2,0,0,0.996379581675245,0.0035502313215683852,7.018700318663375e-05
XGBoost / none,3,0,0,0.9943070412760345,0.004986727311837273,0.0007062314121282024
XGBoost / none,4,0,0,0.9812272287909525,0.017267811164954506,0.001504960044093018
XGBoost / none,5,0,0,0.9994541036816497,0.0004931566184256388,5.27396999246645e-05
XGBoost / none,6,0,0,0.9727509144061592,0.025273960401488903,0.001975125192351816
XGBoost / none,7,0,0,0.993320095202428,0.0049459942937508,0.001733910503821155
XGBoost / none,8,1,2,0.24249482877537099,0.2745831690604439,0.4829220021641851
XGBoost / none,9,2,2,0.0013087483573092633,0.0007022120856609463,0.9979890395570298
XGBoost / none,10,2,0,0.9044770036059506,0.014295700990765173,0.08122729540328419
XGBoost / none,11,0,2,0.14178147237282798,0.00383542709689366,0.8543831005302783
XGBoost / none,12,0,0,0.9887332753963545,0.009317712705373125,0.0019490118982723591
XGBoost / none,13,0,0,0.9967280045814232,0.0032326429737622275,3.935244481456789e-05
XGBoost / none,14,0,0,0.9914096023201723,0.0055073630205777,0.0030830346592500297
XGBoost / none,15,0,0,0.9947377755643386,0.003817576573311088,0.0014446478623502507
XGBoost / none,16,0,0,0.9940802914092033,0.005660089459926879,0.0002596191308698489
XGBoost / none,17,1,0,0.9971692602679261,0.0023679489813438165,0.0004627907507301571
XGBoost / none,18,0,0,0.9922565781440963,0.006919562841246294,0.0008238590146574645
XGBoost / none,19,0,0,0.7583650350570679,0.026270702481269836,0.2153642624616623
XGBoost / none,20,0,0,0.9913829086722173,0.0069159731158787915,0.0017011182119038488
XGBoost / none,21,2,0,0.9633957377005442,0.02720922278542863,0.009395039514027197
XGBoost / none,22,2,2,0.0005373340072369867,0.00033403144162370694,0.9991286345511393
XGBoost / none,23,0,0,0.981778921011457,0.01585240009185811,0.0023686788966848704
XGBoost / none,24,0,0,0.8984689099742679,0.09770183992068872,0.0038292501050434073
XGBoost / none,25,0,0,0.9923054608265581,0.006420901066132964,0.0012736381073088696
XGBoost / none,26,0,0,0.9844834990281272,0.013472433571804871,0.0020440674000680296
XGBoost / none,27,2,2,0.006766565734972706,0.0008557770792474686,0.9923776571857799
XGBoost / none,28,0,0,0.9521344822251977,0.04027642397116104,0.007589093803641266
XGBoost / none,29,0,0,0.9768105381425269,0.01844648203080587,0.004742979826667167
XGBoost / none,30,0,0,0.9979171474906405,0.0016312281888151445,0.0004516243205443208
XGBoost / none,31,0,0,0.8970949928373008,0.016345602813053032,0.0865594043496462
XGBoost / none,32,0,0,0.9976282516618672,0.0019610069766276637,0.00041074136150510244
XGBoost / none,33,2,2,0.3117371089013173,0.0028877022099695537,0.6853751888887132
XGBoost / none,34,0,0,0.992346288391022,0.005866630478079061,0.0017870811308989226
XGBoost / none,35,0,0,0.9772019982337952,0.019960086792707443,0.0028379149734973907
XGBoost / none,36,2,2,0.16764517628089118,0.050065712632707135,0.7822891110864016
XGBoost / none,37,0,0,0.9968319259935089,0.00271008971112678,0.00045798429536437915
XGBoost / none,38,0,0,0.997665956894957,0.0021699465776322683,0.00016409652741079664
XGBoost / none,39,0,0,0.9976144517917348,0.0022123997363107705,0.00017314847195439842
XGBoost / none,40,2,2,0.03502082415893053,0.0015196344890576474,0.9634595413520118
XGBoost / none,41,0,0,0.8803923359615592,0.03362003428988248,0.08598762974855828
XGBoost / none,42,0,0,0.9945863752799868,0.0037447624915559,0.0016688622284572543
XGBoost / none,43,0,0,0.9362176851685964,0.03672895795709261,0.027053356874310954
XGBoost / none,44,0,0,0.964040515337967,0.03408788880916155,0.0018715958528715292
XGBoost / none,45,0,0,0.9840758167931116,0.013600502714500686,0.002323680492387698
XGBoost / none,46,2,1,0.14233094453811646,0.5139707922935486,0.34369826316833496
XGBoost / none,47,1,0,0.9924404271052394,0.006202524309120506,0.0013570485856400662
XGBoost / none,48,1,1,0.09225676082306242,0.9013150342690596,0.006428204907878072
XGBoost / none,49,0,0,0.9640996470175737,0.0353170671082874,0.000583285874138944
XGBoost / none,50,0,0,0.9847744772174858,0.012719414124412019,0.002506108658102227
XGBoost / none,51,0,0,0.9903644532008963,0.005227067303343837,0.004408479495759924
XGBoost / none,52,1,0,0.9949207779181187,0.004099838850719049,0.000979383231162254
XGBoost / none,53,0,1,0.4289473319181092,0.5591115982780881,0.011941069803802686
XGBoost / none,54,2,2,0.08868281241792939,0.005557168551872808,0.9057600190301978
XGBoost / none,55,0,0,0.9972565041647227,0.0022886521839386264,0.0004548436513386677
XGBoost / none,56,0,0,0.9996274778561005,0.0003475463041762084,2.4975839723235378e-05
XGBoost / none,57,0,0,0.9472820119206367,0.0451639338635046,0.007554054215858755
XGBoost / none,58,0,0,0.9616072912746231,0.003946424053208505,0.03444628467216847
XGBoost / none,59,0,0,0.9871231027931182,0.004699453107982154,0.008177444098899617
XGBoost / none,60,2,2,0.3512586224355317,0.09933385627963184,0.5494075212848365
XGBoost / none,61,0,0,0.9804491921672452,0.014242286750294196,0.005308521082460601
XGBoost / none,62,0,0,0.9990589162784861,0.000798859528296461,0.00014222419321746743
XGBoost / none,63,2,2,0.013045087335211343,0.00865440993891647,0.9783005027258722
XGBoost / none,64,0,0,0.9789291598578329,0.006382841060048888,0.014687999082118219
XGBoost / none,65,0,0,0.39594669360160706,0.2482007481962108,0.35585255820218215
XGBoost / none,66,0,0,0.9924691751314424,0.005522837439315972,0.0020079874292416814
XGBoost / none,67,0,0,0.968329383916077,0.003995052376386494,0.0276755637075365
XGBoost / none,68,1,1,0.0745102074408038,0.9220146907466598,0.003475101812536435
XGBoost / none,69,2,2,0.013847798717957951,0.09223734372674153,0.8939148575553005
XGBoost / none,70,0,0,0.46086338395694587,0.24958939852777728,0.28954721751527684
XGBoost / none,71,0,0,0.998263136646915,0.0016401454788324667,9.671787425254212e-05
XGBoost / none,72,2,2,0.00935325740428739,0.0019710619743303717,0.9886756806213822
XGBoost / none,73,0,0,0.9923047635413175,0.007613570126421513,8.166633226104035e-05
XGBoost / none,74,2,2,0.03193588439603709,0.00581249408682877,0.9622516215171342
XGBoost / none,75,0,0,0.9792680489552474,0.014392385821984512,0.006339565222768072
XGBoost / none,76,2,2,0.010870422492249093,0.003898929663419699,0.9852306478443312
XGBoost / none,77,0,0,0.9913989813317954,0.004897908092834935,0.003703110575369635
XGBoost / none,78,0,0,0.9329788363350398,0.05593743355042763,0.011083730114532621
XGBoost / none,79,0,0,0.9962429977689475,0.003151489647401724,0.0006055125836507073
XGBoost / none,80,0,0,0.8522676275364796,0.14729209323556386,0.0004402792279565374
XGBoost / none,81,0,0,0.996589759289574,0.0030512762557670108,0.00035896445465897564
XGBoost / none,82,0,0,0.9981557370124139,0.0017068371498027111,0.00013742583778340693
XGBoost / none,83,0,0,0.994650658934736,0.0017120544746851763,0.003637286590578797
XGBoost / none,84,0,0,0.9986063563647797,0.0009000592152106139,0.0004935844200097579
XGBoost / none,85,0,0,0.8734258250626582,0.08871599121548251,0.03785818372185931
XGBoost / none,86,2,2,0.010005946758026926,0.002193764657363485,0.9878002885846096
XGBoost / none,87,0,0,0.9994027729630411,0.00044305000265671047,0.00015417703430217858
XGBoost / none,88,0,0,0.8954704399463984,0.04229760258884412,0.06223195746475743
XGBoost / none,89,0,0,0.9891633981093301,0.0006151755220043164,0.010221426368665666
XGBoost / none,90,0,2,0.3754082287158051,0.02187783436963489,0.60271393691456
XGBoost / none,91,0,0,0.9873847901653487,0.008167919653382639,0.004447290181268578
XGBoost / none,92,1,0,0.6205385992736213,0.037614722225234536,0.3418466785011442
XGBoost / none,93,0,0,0.9900590262193716,0.008147925645797192,0.001793048134831186
XGBoost / none,94,0,0,0.9939143677198379,0.005619221249295597,0.00046641103086651634
XGBoost / none,95,1,0,0.9605185944141381,0.028649318754913066,0.010832086830948837
XGBoost / none,96,0,0,0.9977535295009577,0.002008457139977234,0.00023801335906504302
XGBoost / none,97,0,0,0.9994852251225129,0.0004745616613710478,4.0213216115989026e-05
XGBoost / none,98,0,0,0.9986216814136568,0.0011562447521511058,0.00022207383419204296
XGBoost / none,99,0,0,0.9846221763353796,0.012520375609079664,0.002857448055540662
XGBoost / none,100,0,0,0.9891302579844311,0.009753008367404685,0.0011167336481642364
XGBoost / none,101,2,0,0.367616333507518,0.32754401400422967,0.3048396524882524
XGBoost / none,102,0,0,0.505233161073429,0.44775533008940027,0.04701150883717077
XGBoost / none,103,0,0,0.7548330783244924,0.022045509191651536,0.22312141248385606
XGBoost / none,104,0,0,0.9775978258208918,0.01682547365477348,0.005576700524334667
XGBoost / none,105,0,0,0.9644369266864252,0.03521766062134415,0.00034541269223066707
XGBoost / none,106,0,0,0.8595989174756619,0.12571383143107692,0.01468725109326123
XGBoost / none,107,0,0,0.9554584221955119,0.04330023196664598,0.001241345837842149
XGBoost / none,108,0,0,0.9800867411044007,0.01920561045105532,0.0007076484445439127
XGBoost / none,109,2,2,0.36582821573519314,0.015045047723646232,0.6191267365411607
XGBoost / none,110,2,2,0.11467793455707355,0.04883060922290449,0.836491456220022
XGBoost / none,111,0,0,0.7887196875972075,0.20940678711438987,0.0018735252884026536
XGBoost / none,112,0,1,0.19440554082393646,0.7406224608421326,0.06497199833393097
XGBoost / none,113,1,0,0.9923286533823346,0.006724870424732928,0.0009464761929325536
XGBoost / none,114,0,0,0.9832074978695023,0.014613697805491644,0.002178804325006026
XGBoost / none,115,2,2,0.18450104817055923,0.013573840150888646,0.8019251116785521
XGBoost / none,116,0,0,0.9718497821288891,0.02756976846730684,0.0005804494038040708
XGBoost / none,117,0,0,0.9535398448805055,0.009898724311208886,0.03656143080828564
XGBoost / none,118,0,0,0.998123210110972,0.0018111366909690256,6.565319805890999e-05
XGBoost / none,119,2,2,0.018489834668111594,0.0016732445895457492,0.9798369207423426
XGBoost / none,120,0,0,0.9955221100493228,0.003427924713007221,0.001049965237670045
XGBoost / none,121,0,0,0.9916167788307912,0.002920896959326693,0.005462324209882086
XGBoost / none,122,0,0,0.9928130049777741,0.006174070475980184,0.0010129245462457044
XGBoost / none,123,0,0,0.9869564419780613,0.0125878942367804,0.0004556637851583033
XGBoost / none,124,0,0,0.8384425184614633,0.01923031950941845,0.1423271620291182
XGBoost / none,125,0,0,0.9701924014000904,0.029427356077613164,0.0003802425222964291
XGBoost / none,126,0,0,0.9875022929608247,0.012248453144088664,0.0002492538950865957
XGBoost / none,127,0,0,0.9672074092050823,0.0324531768761787,0.00033941391873898983
XGBoost / none,128,0,0,0.9978558418230806,0.0015992702678779402,0.0005448879090414593
XGBoost / none,129,0,0,0.6863381913776561,0.05584412109735698,0.2578176875249869
XGBoost / none,130,0,0,0.9985742362627146,0.0007550403668987954,0.0006707233703865905
XGBoost / none,131,0,0,0.993057270543061,0.0065323404392225925,0.0004103890177163227
XGBoost / none,132,2,0,0.5686391634392676,0.4167838723717918,0.014576964188940555
XGBoost / none,133,0,0,0.896206907866651,0.013633468074071023,0.09015962405927794
XGBoost / none,134,0,0,0.9920439971920093,0.004926885603235692,0.0030291172047550267
XGBoost / none,135,0,0,0.9886017291559226,0.010593870493757993,0.0008044003503194258
XGBoost / none,136,1,0,0.611063223747515,0.27097877052489605,0.11795800572758897
XGBoost / none,137,0,0,0.9961577651536317,0.0032239267994246647,0.0006183080469436301
XGBoost / none,138,0,0,0.9660337945201253,0.030417989252473937,0.003548216227400821
XGBoost / none,139,2,2,0.08924429052141092,0.03930791438141529,0.8714477950971737
XGBoost / none,140,2,2,0.002006347645575175,0.0005564724315940287,0.9974371799228308
XGBoost / none,141,0,0,0.9760026262998385,0.02047183721906068,0.003525536481100794
XGBoost / none,142,0,0,0.995845816604573,0.0030357389493594926,0.0011184444460675068
XGBoost / none,143,0,0,0.9943414049293918,0.004490468327585536,0.0011681267430226404
XGBoost / none,144,0,0,0.9445484175024731,0.046785812302092326,0.008665770195434576
XGBoost / none,145,2,2,0.12899712857798315,0.007866663638502445,0.8631362077835144
XGBoost / none,146,0,0,0.980522963496695,0.004628341800179616,0.014848694703125404
XGBoost / none,147,0,0,0.9933077958601407,0.0065454265719331285,0.00014677756792613188
XGBoost / none,148,0,0,0.9230479185410775,0.07293648691759318,0.004015594541329389
XGBoost / none,149,2,2,0.005794522131050123,0.0023538082433024634,0.9918516696256474
XGBoost / none,150,0,0,0.9965244836346001,0.0032606510423553417,0.0002148653230445862
XGBoost / none,151,1,1,0.026899322466562355,0.8021721720371817,0.17092850549625596
XGBoost / none,152,0,0,0.8696839307244832,0.008699526507993561,0.12161654276752318
XGBoost / none,153,2,2,0.0120290257260744,0.015953028604300746,0.9720179456696248
XGBoost / none,154,0,1,0.4163164732409049,0.45717056904479014,0.12651295771430496
XGBoost / none,155,0,0,0.9819347803559073,0.012834658774539872,0.005230560869552786
XGBoost / none,156,0,0,0.9960774554649825,0.00384840896054762,7.413557446983555e-05
XGBoost / none,157,0,2,0.3992849595831427,0.016518710211885553,0.5841963302049717
XGBoost / none,158,2,2,0.16718897659451826,0.04015213728347779,0.792658886122004
XGBoost / none,159,0,0,0.9987427273119243,0.0006709440280480618,0.0005863286600276807
XGBoost / none,160,0,0,0.9923388046606362,0.006464930434126651,0.0011962649052371704
XGBoost / none,161,0,0,0.9914941414319497,0.00768237858018262,0.0008234799878676682
XGBoost / none,162,0,0,0.9983057928119626,0.0015302288738615597,0.00016397831417583968
XGBoost / none,163,2,2,0.04183532631178083,0.007959416062017752,0.9502052576262014
XGBoost / none,164,0,0,0.9986224300926771,0.0011958938709056772,0.00018167603641716635
XGBoost / none,165,0,0,0.5272065558197068,0.06034222425050212,0.4124512199297911
XGBoost / none,166,0,0,0.7100966281776767,0.04454099576938542,0.2453623760529379
XGBoost / none,167,0,0,0.8624875270756903,0.04767507492285501,0.0898373980014547
XGBoost / none,168,0,0,0.9645207563412498,0.03141169068634061,0.00406755297240961
XGBoost / none,169,0,0,0.9745382253625531,0.019802744592516797,0.005659030044930179
XGBoost / none,170,0,0,0.8895853327510009,0.06892398873202482,0.04149067851697427
XGBoost / none,171,0,0,0.9975481243530097,0.002348647594878198,0.00010322805211209689
XGBoost / none,172,0,0,0.9979904721597421,0.0018486547903093806,0.00016087304994852838
XGBoost / none,173,0,0,0.999555644798655,0.0003175363227462523,0.00012681887859875945
XGBoost / none,174,0,0,0.8575765778056875,0.05797876984554875,0.08444465234876376
XGBoost / none,175,1,0,0.9101340089912153,0.0795429714066631,0.010323019602121604
XGBoost / none,176,2,2,0.03473564555698814,0.003123034441554149,0.9621413200014577
XGBoost / none,177,0,0,0.9858952001671868,0.010503971775578802,0.0036008280572344567
XGBoost / none,178,0,0,0.9013521503405245,0.03423010121602377,0.06441774844345174
XGBoost / none,179,2,0,0.5451045591748911,0.02316821349286874,0.4317272273322401
XGBoost / none,180,0,0,0.9422136119591443,0.05554354312470011,0.002242844916155582
XGBoost / none,181,0,0,0.9820512519468769,0.010892331584972798,0.007056416468150332
XGBoost / none,182,2,2,0.13756715726083754,0.010269024017239003,0.8521638187219235
XGBoost / none,183,2,2,0.26177803072002576,0.044599787065383596,0.6936221822145906
XGBoost / none,184,0,0,0.8433717049389934,0.1373497325074067,0.01927856255359994
XGBoost / none,185,0,0,0.9562211993401485,0.006598092398813686,0.037180708261037886
XGBoost / none,186,0,0,0.9985819462422343,0.0012584126506145288,0.00015964110715116207
XGBoost / none,187,0,0,0.9307317881122608,0.06451437724451015,0.0047538346432290865
XGBoost / none,188,1,2,0.30766644844661317,0.09214309534323889,0.6001904562101479
XGBoost / none,189,2,2,0.048733171983308565,0.010394022062309497,0.9408728059543819
XGBoost / none,190,2,2,0.37469152453597315,0.106809089485014,0.5184993859790128
XGBoost / none,191,0,0,0.9970102858308362,0.002541822055398424,0.0004478921137653583
XGBoost / none,192,2,2,0.01987447757390814,0.07350920072282477,0.9066163217032671
XGBoost / none,193,0,0,0.9399304611775771,0.003513506240954258,0.05655603258146868
XGBoost / none,194,2,2,0.27216718741461954,0.015232015108168758,0.7126007974772117
XGBoost / none,195,0,0,0.9986687628330562,0.0006380032691713701,0.0006932338977725151
XGBoost / none,196,0,0,0.9066003871313895,0.0025849000969855847,0.09081471277162498
XGBoost / none,197,0,0,0.9786523666190612,0.006766299364238265,0.01458133401670055
XGBoost / none,198,1,0,0.9720164655113723,0.02214056093974718,0.005842973548880458
XGBoost / none,199,2,0,0.689366516883051,0.29002326618871366,0.020610216928235378
XGBoost / none,200,0,0,0.8818537017373688,0.11474723395599805,0.003399064306633231
XGBoost / none,201,0,0,0.9984665004169787,0.0008233507468541276,0.0007101488361671989
XGBoost / none,202,0,0,0.958208737972735,0.032675631283455284,0.009115630743809732
XGBoost / none,203,0,2,0.24669447908840297,0.09758319106076943,0.6557223298508276
XGBoost / none,204,2,2,0.05617908949260341,0.015084371476468978,0.9287365390309276
XGBoost / none,205,0,0,0.9875242222456107,0.012017641142454186,0.00045813661193512485
XGBoost / none,206,2,2,0.05901491554059214,0.005476251162942481,0.9355088332964654
XGBoost / none,207,1,0,0.9788506553013235,0.001330534102571579,0.019818810596104863
XGBoost / none,208,0,0,0.9981226349726908,0.0015746858009907968,0.00030267922631836653
XGBoost / none,209,1,0,0.9982306981105543,0.0015755458995979964,0.00019375598984763427
XGBoost / none,210,0,1,0.40788949844693956,0.5512254608292875,0.040885040723772914
XGBoost / none,211,0,0,0.9988109955578531,0.000854992880393189,0.0003340115617536832
XGBoost / none,212,0,0,0.9458178664958823,0.05318848259160201,0.0009936509125156466
XGBoost / none,213,0,0,0.9087829881196957,0.012499216524910373,0.07871779535539389
XGBoost / none,214,0,0,0.9982544583088524,0.0014491551270161866,0.0002963865641314273
XGBoost / none,215,0,0,0.99935803270614,0.0005070548096723565,0.00013491248418763825
XGBoost / none,216,0,0,0.8115911903263173,0.18579627043725272,0.0026125392364300115
XGBoost / none,217,1,0,0.44666532347597665,0.126236574742743,0.4270981017812804
XGBoost / none,218,0,2,0.19053366780281067,0.037115007638931274,0.7723513245582581
XGBoost / none,219,0,0,0.8637086346881169,0.11553526876795717,0.020756096543925975
XGBoost / none,220,0,0,0.9785238431504082,0.011893237852355555,0.0095829189972362
XGBoost / none,221,2,0,0.9916529480202007,0.0005241422554303254,0.007822909724369016
XGBoost / none,222,1,1,0.10487901090964978,0.8935522753319747,0.0015687137583754957
XGBoost / none,223,0,0,0.909860301075462,0.07873555170158136,0.011404147222956585
XGBoost / none,224,0,0,0.9965597512343742,0.0029676623915738044,0.0004725863740519301
XGBoost / none,225,1,1,0.4229757237021892,0.5457057417821781,0.031318534515632705
XGBoost / none,226,0,0,0.9947664511300576,0.004616615257394933,0.0006169336125475213
XGBoost / none,227,0,0,0.9970484276712359,0.0026976524118043853,0.0002539199169596945
XGBoost / none,228,0,0,0.7465440700440116,0.23229155160758228,0.021164378348406204
XGBoost / none,229,0,0,0.9825497023312575,0.017229578139719495,0.00022071952902304428
XGBoost / none,230,1,1,0.21206072672975337,0.7449893077839423,0.04294996548630426
XGBoost / none,231,2,2,0.016285424350573795,0.0023043529534932934,0.9814102226959329
XGBoost / none,232,2,0,0.8739881287592765,0.034587967238888996,0.0914239040018345
XGBoost / none,233,0,0,0.9936550213631083,0.005690454137720861,0.0006545244991708201
XGBoost / none,234,2,2,0.010472361868757512,0.001457811557584142,0.9880698265736584
XGBoost / none,235,0,0,0.9843900177783838,0.014954515667617269,0.0006554665539989493
XGBoost / none,236,2,2,0.35485745269486574,0.10449663783229823,0.540645909472836
XGBoost / none,237,2,0,0.9489365497960562,0.022795275952080325,0.028268174251863478
XGBoost / none,238,0,0,0.9976369396298741,0.000955376390920689,0.0014076839792051992
XGBoost / none,239,2,2,0.0037763913143082192,0.01661810196091565,0.9796055067247761
XGBoost / none,240,2,2,0.31709048624471553,0.08906610442796505,0.5938434093273194
XGBoost / none,241,1,1,0.4265766549150651,0.4342951282428893,0.13912821684204563
XGBoost / none,242,0,2,0.062116637053369984,0.003859275439699492,0.9340240875069306
XGBoost / none,243,0,0,0.8368568607462241,0.05411365749195943,0.10902948176181648
XGBoost / none,244,2,2,0.026677212429813427,0.0050428049999076295,0.9682799825702789
XGBoost / none,245,2,0,0.777617976486348,0.040978732686885955,0.18140329082676598
XGBoost / none,246,0,0,0.940542108962552,0.058667108866982315,0.0007907821704656758
XGBoost / none,247,0,0,0.9967056632568507,0.0028029497304685805,0.0004913870126807168
XGBoost / none,248,0,0,0.98963163209454,0.008198452010317547,0.0021699158951424924
XGBoost / none,249,2,2,0.3327181614821715,0.003808892539130085,0.6634729459786984
XGBoost / none,250,2,2,0.022162017807166593,0.044470275606748495,0.9333677065860849
XGBoost / none,251,0,0,0.9790800311836511,0.01973686945826872,0.0011830993580802512
XGBoost / none,252,0,0,0.8574902048826621,0.13877909257067267,0.003730702546665164
XGBoost / none,253,0,0,0.8152689172587367,0.1825043075071008,0.002226775234162471
XGBoost / none,254,0,0,0.995966108620017,0.003127977584612772,0.0009059137953701872
XGBoost / none,255,0,1,0.3148451780696792,0.6576588823384667,0.027495939591854136
XGBoost / none,256,0,0,0.9992042352543927,0.0006385648847315353,0.00015719986087572526
XGBoost / none,257,2,0,0.8646992783338047,0.05872455064283161,0.07657617102336374
XGBoost / none,258,0,0,0.8293044659790151,0.01587140950416859,0.15482412451681635
XGBoost / none,259,2,2,0.00929399522768734,0.0005361431021094085,0.9901698616702033
XGBoost / none,260,0,0,0.5844694550177293,0.3374988239258177,0.07803172105645302
XGBoost / none,261,0,0,0.9917352201863507,0.0015120070896837876,0.006752772723965527
XGBoost / none,262,2,0,0.5127008970726195,0.0037130770347777787,0.48358602589260274
XGBoost / none,263,0,1,0.29224314632468346,0.6162252884456824,0.09153156522963422
XGBoost / none,264,0,2,0.32671238998435764,0.2526600285571805,0.42062758145846185
XGBoost / none,265,2,2,0.07755391929218293,0.0251742225114372,0.8972718581963799
XGBoost / none,266,0,0,0.9980414267589794,0.0018538754159376177,0.00010469782508293067
XGBoost / none,267,0,0,0.9995607148945547,0.00041008920688509476,2.9195898560285793e-05
XGBoost / none,268,0,0,0.9701401153944014,0.029424422025376998,0.0004354625802216022
XGBoost / none,269,0,0,0.9825762542328024,0.013257658152283918,0.004166087614913757
XGBoost / none,270,2,2,0.2940253553767032,0.007566174799353878,0.6984084698239429
XGBoost / none,271,0,0,0.996562536775168,0.0033356095538485844,0.00010185367098339919
XGBoost / none,272,2,2,0.09239956951699149,0.002163357151750409,0.9054370733312581
XGBoost / none,273,0,0,0.9717895939552146,0.001081762081805865,0.027128643962979503
XGBoost / none,274,0,1,0.16020491391000513,0.8235488961282412,0.01624618996175362
XGBoost / none,275,2,2,0.27689614402034624,0.012748646324291565,0.7103552096553623
XGBoost / none,276,0,0,0.8371638842783247,0.06566485909368527,0.09717125662799007
XGBoost / none,277,0,0,0.9458379202289763,0.011270849097170955,0.04289123067385273
XGBoost / none,278,2,2,0.026066979004934744,0.021004074871479348,0.9529289461235859
XGBoost / none,279,2,0,0.9739497321757531,0.022237113288030054,0.003813154536216891
XGBoost / none,280,0,0,0.9559763240856641,0.04203673898073738,0.001986936933598544
XGBoost / none,281,0,0,0.9959285767177851,0.003418561739403441,0.0006528615428114452
XGBoost / none,282,0,0,0.9968536406804656,0.0021016723287956827,0.0010446869907387419
XGBoost / none,283,0,0,0.8635060528919606,0.007295465382197449,0.12919848172584197
XGBoost / none,284,0,0,0.9779586299503662,0.021448688253320164,0.0005926817963136085
XGBoost / none,285,0,0,0.9940070130256135,0.001326619792738685,0.004666367181647879
XGBoost / none,286,0,0,0.9983616175499009,0.0010935048015908138,0.0005448776485082505
XGBoost / none,287,0,0,0.999288349114339,0.00042191620886487086,0.00028973467679616006
XGBoost / none,288,1,1,0.12817863570878538,0.8561611404796946,0.015660223811519988
XGBoost / none,289,0,0,0.972578821330281,0.027057086986678483,0.0003640916830405115
XGBoost / none,290,0,0,0.9896164834137693,0.0018715228088288093,0.008511993777401933
XGBoost / none,291,0,0,0.958859842817283,0.038673287069711695,0.002466870113005359
XGBoost / none,292,1,0,0.8342121616398764,0.02140115297143845,0.1443866853886851
XGBoost / none,293,0,0,0.9770706710019955,0.01242346293435501,0.010505866063649467
XGBoost / none,294,0,0,0.9884492400518659,0.0063766085118992,0.005174151436234982
XGBoost / none,295,0,0,0.9968805688539129,0.002541320494156934,0.0005781106519301883
XGBoost / none,296,0,0,0.9992161910329773,0.0007358408125700423,4.79681544526433e-05
XGBoost / none,297,2,2,0.016753267746467407,0.005959902047513456,0.9772868302060191
XGBoost / none,298,0,0,0.9433873810560133,0.05428153974739439,0.0023310791965923433
XGBoost / none,299,1,1,0.4575439589274535,0.5122229938457237,0.03023304722682281
XGBoost / none,300,0,0,0.9468409821107038,0.03882232601373347,0.014336691875562796
XGBoost / none,301,0,0,0.9997752857015378,0.00012946963291276777,9.524466554935658e-05
XGBoost / none,302,0,0,0.9985804363662688,0.0013572942434497948,6.226939028140761e-05
XGBoost / none,303,0,0,0.9174500227387066,0.009560102721528558,0.07298987453976483
XGBoost / none,304,0,0,0.9917502983142035,0.006682278577523318,0.0015674231082731947
XGBoost / none,305,0,1,0.19395296203362583,0.7497944803916123,0.056252557574761816
XGBoost / none,306,0,0,0.9978248324654242,0.002135397240550994,3.977029402484047e-05
XGBoost / none,307,0,1,0.31050498797209874,0.645466478135676,0.044028533892225254
XGBoost / none,308,0,0,0.9985798867907688,0.0011351735173039646,0.00028493969192725063
XGBoost / none,309,0,0,0.6941571183938002,0.12016359627124967,0.18567928533495004
XGBoost / none,310,0,0,0.9987638328047111,0.0008635327972130439,0.0003726343980758455
XGBoost / none,311,0,0,0.99276024192546,0.005156173531508987,0.0020835845430310644
XGBoost / none,312,0,0,0.9940094357653507,0.003269343908484397,0.0027212203261649274
XGBoost / none,313,0,0,0.9971082807748006,0.0020487671720386446,0.0008429520531607503
XGBoost / none,314,0,0,0.9841657473675042,0.009147365202676441,0.006686887429819399
XGBoost / none,315,0,0,0.9849958672070749,0.006627255754777727,0.00837687703814741
XGBoost / none,316,0,0,0.9964926021484554,0.003022615911474561,0.00048478194007004686
XGBoost / none,317,0,0,0.9791481814069546,0.017532846530573097,0.0033189720624722746
XGBoost / none,318,0,0,0.9557680095976289,0.01058011831201128,0.0336518720903598
XGBoost / none,319,2,2,0.0062206177842071796,0.0013292213111865234,0.9924501609046062
XGBoost / none,320,0,0,0.9270132866409914,0.06957919215391568,0.003407521205092978
XGBoost / none,321,0,0,0.9813930536219297,0.0166515710412173,0.0019553753368530065
XGBoost / none,322,0,0,0.9983385482358822,0.001547227447780637,0.00011422431633721155
XGBoost / none,323,0,0,0.8604476291602919,0.1388997111674452,0.0006526596722628982
XGBoost / none,324,0,0,0.9958846619359333,0.003324670234404464,0.0007906678296622488
XGBoost / none,325,1,0,0.9986591906747024,0.0010905081327586197,0.00025030119253899405
XGBoost / none,326,0,0,0.8556528450030629,0.1293019706556468,0.01504518434129031
XGBoost / none,327,0,0,0.9967686288319675,0.0012473969693195407,0.0019839741987129917
XGBoost / none,328,0,0,0.9984506176268243,0.0006978911562472365,0.000851491216928489
XGBoost / none,329,2,2,0.3265108666863779,0.0315679302344343,0.6419212030791878
XGBoost / none,330,0,0,0.9156170333911603,0.08165626090968708,0.0027267056991525903
XGBoost / none,331,0,0,0.8588023101569598,0.12149568626258887,0.019702003580451224
XGBoost / none,332,1,0,0.9414330650921761,0.027585638365837096,0.030981296541986794
XGBoost / none,333,0,0,0.9966815232080809,0.0029813512581578095,0.00033712553376128465
XGBoost / none,334,2,2,0.03744132472158465,0.02931587047365211,0.9332428048047632
XGBoost / none,335,0,0,0.7030435544981294,0.03056929781064716,0.26638714769122346
XGBoost / none,336,0,0,0.969401511043407,0.027465024014818117,0.003133464941774841
XGBoost / none,337,0,0,0.7752656138432797,0.1836638849763304,0.041070501180389865
XGBoost / none,338,0,0,0.9940065339898105,0.003859233419451771,0.002134232590737645
XGBoost / none,339,0,0,0.9897923886809229,0.010034664025740082,0.00017294729333703157
XGBoost / none,340,0,0,0.9904079829223672,0.00909005831822982,0.0005019587594030075
XGBoost / none,341,0,0,0.9994647890964603,0.0004417958461014778,9.34150574381997e-05
XGBoost / none,342,0,0,0.9989834401666737,0.0006415165827569874,0.00037504325056932016
XGBoost / none,343,2,2,0.004176333653113929,0.0005198909335136547,0.9953037754133724
XGBoost / none,344,0,0,0.8654235037618261,0.07256019887536838,0.06201629736280552
XGBoost / none,345,0,0,0.8580500962985733,0.10378271176196886,0.0381671919394578
XGBoost / none,346,0,0,0.9976186078460367,0.002046532214489107,0.00033485993947419154
XGBoost / none,347,0,0,0.8753021531592011,0.069306973736768,0.055390873104030826
XGBoost / none,348,2,0,0.9526247800770257,0.018784196697469863,0.028591023225504473
XGBoost / none,349,0,2,0.4035036243302545,0.02317533442838862,0.5733210412413569
XGBoost / none,350,0,0,0.9968639089971828,0.001993110764666944,0.0011429802381502107
XGBoost / none,351,0,0,0.6484833895370049,0.33808710856282054,0.013429501900174638
XGBoost / none,352,0,0,0.9081400683604557,0.02000118244440024,0.07185874919514404
XGBoost / none,353,0,0,0.9970971210961532,0.002528612002037565,0.00037426690180919513
XGBoost / none,354,0,0,0.9917132198702184,0.006317487965764808,0.001969292164016754
XGBoost / none,355,0,0,0.8082996606826782,0.10327930748462677,0.08842103183269501
XGBoost / none,356,1,1,0.20096119040482102,0.4421854649671635,0.3568533446280155
XGBoost / none,357,2,2,0.08233198293488521,0.023855743263222,0.8938122738018928
XGBoost / none,358,0,0,0.9970013885760519,0.0022315015950112173,0.0007671098289368177
XGBoost / none,359,2,2,0.0016855144952990474,0.0007123711624684412,0.9976021143422326
XGBoost / none,360,0,0,0.9457280544453035,0.05323435314716174,0.0010375924075348105
XGBoost / none,361,0,0,0.995613319423711,0.004235803542382847,0.0001508770339061807
XGBoost / none,362,0,0,0.9521384733558818,0.046754466934652565,0.0011070597094656703
XGBoost / none,363,0,0,0.8645695802206746,0.10107235279603258,0.03435806698329276
XGBoost / none,364,0,0,0.9938416382674431,0.0046779904051649866,0.0014803713273918765
XGBoost / none,365,0,0,0.9711276536997843,0.010232101451853978,0.018640244848361808
XGBoost / none,366,0,0,0.9862552839907364,0.010095627004811241,0.003649089004452433
XGBoost / none,367,0,0,0.49480526164754446,0.07161804820245361,0.43357669015000194
XGBoost / none,368,0,0,0.9455257918366918,0.016163463224567378,0.03831074493874083
XGBoost / none,369,0,0,0.9813618805892089,0.01574531125327891,0.0028928081575121715
XGBoost / none,370,0,0,0.9796419852217424,0.018443924395807092,0.0019140903824504557
XGBoost / none,371,2,0,0.625208685177694,0.10217093083517151,0.27262038398713445
XGBoost / none,372,0,0,0.994622689535388,0.004266961866860263,0.0011103485977517343
XGBoost / none,373,0,0,0.9610380618182812,0.03864602407367351,0.00031591410804531275
XGBoost / none,374,2,2,0.29312315364835295,0.09531769830496833,0.6115591480466787
XGBoost / none,375,0,1,0.34419319001567256,0.6520408385879911,0.0037659713963363586
XGBoost / none,376,0,0,0.9941431373084553,0.005242726963908131,0.0006141357276365802
XGBoost / none,377,0,0,0.9788174205228489,0.020643798997301333,0.0005387804798497646
XGBoost / none,378,0,0,0.9926972113290251,0.0010539604457964937,0.0062488282251783435
XGBoost / none,379,0,0,0.9387537627200686,0.023319336995795286,0.03792690028413608
XGBoost / none,380,0,2,0.34239738414293414,0.12044205247367801,0.5371605633833878
XGBoost / none,381,0,0,0.7754730361742879,0.03776413012643789,0.1867628336992742
XGBoost / none,382,0,0,0.9939471604726803,0.005365474680831521,0.0006873648464881476
XGBoost / none,383,0,0,0.8320895085361454,0.05780650847573603,0.11010398298811862
XGBoost / none,384,2,2,0.003735852914969986,0.0007204826147835573,0.9955436644702464
XGBoost / none,385,0,0,0.9839529090407917,0.013731116003767021,0.0023159749554412744
XGBoost / none,386,0,0,0.9468119091532459,0.03687433505314774,0.016313755793606364
XGBoost / none,387,2,2,0.040926785344211375,0.027049843927282494,0.9320233707285062
XGBoost / none,388,1,0,0.6220442056655884,0.29834067821502686,0.07961511611938477
XGBoost / none,389,0,0,0.9620355496684992,0.03636172982365343,0.0016027205078473254
XGBoost / none,390,0,0,0.9983800477627377,0.0013431500179243504,0.0002768022193379318
XGBoost / none,391,1,0,0.9899736799574946,0.005254727405803619,0.004771592636701721
XGBoost / none,392,0,0,0.9930163947901017,0.005282520489961698,0.0017010847199365835
XGBoost / none,393,2,0,0.47336551211954164,0.05960795988932028,0.4670265279911381
XGBoost / none,394,0,0,0.9964048063239418,0.0014064810274791173,0.002188712648579034
XGBoost / none,395,0,0,0.9832206047108566,0.010018118937074737,0.00676127635206868
XGBoost / none,396,0,0,0.9975637690474525,0.0016423682695364465,0.0007938626830110635
XGBoost / none,397,0,0,0.9980077729759121,0.001889501000783425,0.00010272602330447157
XGBoost / none,398,0,0,0.928807564414356,0.05691381964108383,0.014278615944560192
XGBoost / none,399,0,0,0.867887259937932,0.08757099667087964,0.044541743391188306
XGBoost / none,400,2,2,0.03094904253354217,0.020974607747521107,0.9480763497189367
XGBoost / none,401,0,0,0.9753517007838868,0.021689688998965298,0.002958610217147886
XGBoost / none,402,0,0,0.993460844015388,0.005821978382576638,0.0007171776020353204
XGBoost / none,403,0,0,0.9952757208215742,0.0044167446236740085,0.0003075345547517519
XGBoost / none,404,0,0,0.9996162015818963,0.0002588172063025943,0.0001249812118011079
XGBoost / none,405,2,2,0.14777921360402127,0.051342368890976445,0.8008784175050023
XGBoost / none,406,2,2,0.16622668005387067,0.07994588195955049,0.7538274379865788
XGBoost / none,407,0,0,0.9464029584930945,0.03181797065347647,0.021779070853429016
XGBoost / none,408,2,0,0.9174787483327539,0.005040666598720786,0.07748058506852533
XGBoost / none,409,0,0,0.9968950006349521,0.002712260122839229,0.0003927392422087306
XGBoost / none,410,0,0,0.9907959764223283,0.0071084131950129685,0.0020956103826586833
XGBoost / none,411,0,0,0.9715344131106467,0.0031452865226944825,0.02532030036665878
XGBoost / none,412,0,0,0.9622577941316344,0.03683715509867743,0.0009050507696881805
XGBoost / none,413,0,0,0.9988184554405898,0.0006719054642898696,0.0005096390951203919
XGBoost / none,414,1,0,0.9278521097277644,0.012455044523059206,0.05969284574917631
XGBoost / none,415,0,0,0.5400756952132719,0.26634462477216314,0.193579680014565
XGBoost / none,416,2,2,0.0009864740066512188,0.0007417994371805793,0.9982717265561682
XGBoost / none,417,0,0,0.9416649542982476,0.0051622211632319235,0.05317282453852044
XGBoost / none,418,0,0,0.8687298071343129,0.04609246059266022,0.08517773227302683
XGBoost / none,419,0,0,0.9935951616124356,0.003983563192540823,0.0024212751950236696
XGBoost / none,420,0,0,0.9928040117604572,0.0016718645699563771,0.005524123669586422
XGBoost / none,421,0,0,0.9880757888579603,0.010850243881754349,0.0010739672602852986
XGBoost / none,422,2,2,0.00337515986005259,0.0015278436705809823,0.9950969964693664
XGBoost / none,423,1,2,0.00784522491491693,0.14285479672250073,0.8492999783625823
XGBoost / none,424,2,2,0.05267404433446482,0.0006680522398976027,0.9466579034256376
XGBoost / none,425,0,0,0.9890810127455963,0.010186862073013597,0.0007321251813900358
XGBoost / none,426,0,0,0.9773805619162067,0.001928708492710059,0.02069072959108326
XGBoost / none,427,0,0,0.9925042789445697,0.007027097328606595,0.00046862372682373807
XGBoost / none,428,0,0,0.9901101758509359,0.007557212959275279,0.002332611189788886
XGBoost / none,429,1,0,0.9336731503432478,0.04746555572349992,0.0188612939332522
XGBoost / none,430,0,0,0.8570382403499281,0.12249716097495345,0.020464598675118417
XGBoost / none,431,0,0,0.4590995150536154,0.4090237441368027,0.1318767408095819
XGBoost / none,432,2,2,0.006625804858493755,0.00036226223207703535,0.9930119329094292
XGBoost / none,433,0,0,0.9240029213278724,0.04399127398454056,0.03200580468758705
XGBoost / none,434,2,2,0.006828592511813049,0.006381474299516365,0.9867899331886706
XGBoost / none,435,0,0,0.9960192954936202,0.0038111779986676267,0.000169526507712163
XGBoost / none,436,0,0,0.9955017067983448,0.002755756051219477,0.0017425371504357458
XGBoost / none,437,0,0,0.9674444125120356,0.032277274631651566,0.0002783128563128512
XGBoost / none,438,1,1,0.07072758351132771,0.8835229208185029,0.04574949567016933
XGBoost / none,439,0,0,0.9983569721940837,0.0013248910785426157,0.0003181367273737188
XGBoost / none,440,0,0,0.9781534099154471,0.005625151454014982,0.0162214386305379
XGBoost / none,441,0,0,0.9801980993436145,0.0182602333656988,0.001541667290686755
XGBoost / none,442,0,0,0.9994557966675112,0.00044211939412317874,0.00010208393836566247
XGBoost / none,443,0,0,0.9990372041368719,0.0007562939542304031,0.00020650190889765372
XGBoost / none,444,0,0,0.9139486825744401,0.08559887555052292,0.0004524418750369739
XGBoost / none,445,0,1,0.30814625779794036,0.6386784100975629,0.0531753321044967
XGBoost / none,446,0,0,0.9984824058778368,0.0013057130851156713,0.00021188103704751325
XGBoost / none,447,1,0,0.6973421573638916,0.17688065767288208,0.12577718496322632
XGBoost / none,448,0,0,0.9732575081190766,0.022278377018589573,0.00446411486233375
XGBoost / none,449,0,0,0.9845951424775962,0.014750148545523051,0.0006547089768808389
XGBoost / none,450,0,0,0.9975225428977932,0.0021705487959697563,0.000306908306237006
XGBoost / none,451,0,0,0.9980340183194838,0.0015781074103263634,0.0003878742701897986
XGBoost / none,452,0,0,0.9934514141360355,0.001707308209165647,0.004841277654798752
XGBoost / none,453,2,2,0.2750223045009725,0.008510834735604812,0.7164668607634227
XGBoost / none,454,0,0,0.9667880219988704,0.013276471323634968,0.019935506677494632
XGBoost / none,455,2,2,0.026723951287967743,0.004600726565816858,0.9686753221462154
XGBoost / none,456,2,2,0.08166727682267075,0.00805783111040132,0.9102748920669279
XGBoost / none,457,2,0,0.8552971673450731,0.12039272756262259,0.024310105092304315
XGBoost / none,458,0,0,0.8575379353320673,0.11616763546839971,0.026294429199532968
XGBoost / none,459,0,0,0.9969588198974175,0.002442772654844159,0.0005984074477383345
XGBoost / none,460,0,0,0.9983807383783784,0.0012518558126562167,0.0003674058089654321
XGBoost / none,461,1,1,0.27147199341487843,0.41908320302267094,0.30944480356245063
XGBoost / none,462,2,2,0.030250248779319876,0.00877948978684662,0.9609702614338335
XGBoost / none,463,0,0,0.9993920319106807,0.0003972405390309754,0.00021072755028834727
XGBoost / none,464,0,0,0.9936383375404976,0.006151829386002815,0.00020983307349960986
XGBoost / none,465,0,0,0.9978612062120672,0.0018618291936442221,0.0002769645942885367
XGBoost / none,466,0,0,0.8526275030877069,0.009267389636227643,0.13810510727606554
XGBoost / none,467,0,0,0.9290938903202959,0.056816890486608665,0.014089219193095455
XGBoost / none,468,2,0,0.9045421413738866,0.03261610096234008,0.06284175766377331
XGBoost / none,469,0,0,0.668616096120593,0.2366176028067588,0.09476630107264813
XGBoost / none,470,0,0,0.9991206800673297,0.000723265829767229,0.00015605410290308545
XGBoost / none,471,0,0,0.919124488657654,0.07287639888537109,0.007999112456974978
XGBoost / none,472,1,0,0.9966338062364754,0.003171815701482186,0.0001943780620424491
XGBoost / none,473,0,0,0.8195973282932439,0.14090589108782683,0.039496780618929285
XGBoost / none,474,0,2,0.3960372385855495,0.010238409659017325,0.5937243517554331
XGBoost / none,475,0,0,0.9770351022672236,0.0026735141095018513,0.02029138362327463
XGBoost / none,476,0,0,0.9204439096235467,0.05687228696182905,0.022683803414624247
XGBoost / none,477,0,0,0.9980339155505797,0.0016158144745235688,0.0003502699748966666
XGBoost / none,478,2,2,0.03163498376542181,0.009093552209866636,0.9592714640247115
XGBoost / none,479,0,0,0.9635269705385271,0.035566771974934026,0.0009062574865388919
XGBoost / none,480,0,0,0.9962080205180687,0.0035158118770951016,0.00027616760483620457
XGBoost / none,481,0,0,0.9969534164681823,0.0021962759682967797,0.0008503075635209617
XGBoost / none,482,0,0,0.9965331387936015,0.002991555674317265,0.00047530553208124547
XGBoost / none,483,2,2,0.08712377577714908,0.014618175403773654,0.8982580488190772
XGBoost / none,484,0,0,0.9769566785951632,0.021623641542009867,0.0014196798628269677
XGBoost / none,485,0,0,0.7516477290008599,0.23954468055457034,0.008807590444569803
XGBoost / none,486,0,0,0.47393969252256246,0.11839210379064856,0.40766820368678897
XGBoost / none,487,0,0,0.9857403222859702,0.007011490114483,0.007248187599546796
XGBoost / none,488,0,0,0.9686977656940358,0.030987589891216607,0.0003146444147476079
XGBoost / none,489,0,0,0.9807984618830821,0.017605595983412516,0.0015959421335054143
XGBoost / none,490,2,2,0.007000188445429778,0.0010193103860816415,0.9919805011684886
XGBoost / none,491,2,2,0.005592072122168163,0.07574953531150076,0.9186583925663311
XGBoost / none,492,2,2,0.013776319989002944,0.007642916794063825,0.9785807632169332
XGBoost / none,493,0,0,0.9978262171105674,0.0018333388628819685,0.0003404440265506418
XGBoost / none,494,1,0,0.6370028352290814,0.29901567547046654,0.06398148930045201
XGBoost / none,495,0,0,0.9864337559141423,0.010141915759792503,0.0034243283260651904
XGBoost / none,496,0,0,0.6459167671864864,0.03381590955498714,0.3202673232585265
XGBoost / none,497,0,0,0.9938032543516852,0.005800142835469414,0.00039660281284542836
XGBoost / none,498,2,2,0.06229328262389092,0.0022922955105126297,0.9354144218655964
XGBoost / none,499,0,0,0.9933494719368704,0.006432498206082638,0.0002180298570469229
XGBoost / none,500,0,0,0.9988303306136775,0.000771918239195058,0.000397751147127423
XGBoost / none,501,0,0,0.9984392382251125,0.0013289562005316352,0.00023180557435584153
XGBoost / none,502,0,0,0.9995752404029613,0.00024880408790324586,0.0001759555091354614
XGBoost / none,503,0,0,0.9966037695719595,0.0022542424058243906,0.0011419880222160882
XGBoost / none,504,0,0,0.8002343594975541,0.13748551597851105,0.062280124523934915
XGBoost / none,505,0,0,0.9975922918955704,0.002343899155309635,6.380894911994644e-05
XGBoost / none,506,0,0,0.9586925761054628,0.03841838342596211,0.00288904046857511
XGBoost / none,507,1,0,0.9572338247917482,0.02926720799653512,0.01349896721171661
XGBoost / none,508,0,0,0.9982253353633324,0.0013454948036062395,0.00042916983306138075
XGBoost / none,509,0,2,0.3345772325992584,0.05244240164756775,0.6129803657531738
XGBoost / none,510,2,2,0.16219976015669144,0.008715036041078846,0.8290852038022297
XGBoost / none,511,0,0,0.9895731827491332,0.0069461451057613146,0.0034806721451054443
XGBoost / none,512,0,0,0.9961108529961923,0.003573994605219127,0.00031515239858858425
XGBoost / none,513,0,0,0.999555450118233,0.0003451853259593841,9.936455580757601e-05
XGBoost / none,514,0,0,0.9918210387512149,0.007506431921715558,0.0006725293270695814
XGBoost / none,515,1,0,0.9941939675691522,0.004952040483067598,0.0008539919477801595
XGBoost / none,516,0,0,0.8607094531215579,0.13581755200776058,0.0034729948706815257
XGBoost / none,517,0,0,0.9702828867828018,0.02905849849890319,0.0006586147182949797
XGBoost / none,518,2,2,0.24722218145099012,0.10187436488457971,0.6509034536644301
XGBoost / none,519,0,0,0.9951056975912881,0.00434598446371536,0.000548317944996554
XGBoost / none,520,1,1,0.08435600986197124,0.9144648302876567,0.0011791598503720483
XGBoost / none,521,0,0,0.9965575861527386,0.002683879089727939,0.0007585347575334418
XGBoost / none,522,0,0,0.7346099739100838,0.2634471997385663,0.0019428263513499196
XGBoost / none,523,0,0,0.7881378524115888,0.20959684233218726,0.002265305256223953
XGBoost / none,524,2,2,0.032805211231015416,0.016515385051902663,0.9506794037170819
XGBoost / none,525,2,0,0.941916265938725,0.010270912621095921,0.04781282144017904
XGBoost / none,526,0,0,0.996410565666109,0.0033570968652371145,0.00023233746865396353
XGBoost / none,527,0,0,0.994488541845541,0.004970126174559107,0.0005413319798998903
XGBoost / none,528,0,0,0.9804479128001087,0.003889826456134075,0.01566226074375722
XGBoost / none,529,0,1,0.30010426491654313,0.6165929528563164,0.0833027822271404
XGBoost / none,530,0,0,0.9954536250576543,0.004472630228502606,7.374471384307164e-05
XGBoost / none,531,0,0,0.9402529991337889,0.057905877573196304,0.0018411232930147538
XGBoost / none,532,0,0,0.9980592076424728,0.0013188391385314917,0.0006219532189957358
XGBoost / none,533,0,0,0.9979904721597421,0.0018486547903093806,0.00016087304994852838
XGBoost / none,534,0,0,0.9924047518539253,0.007270371489539945,0.0003248766565347678
XGBoost / none,535,2,2,0.011157607092071555,0.013748936803278315,0.9750934561046501
XGBoost / none,536,2,0,0.8008766770362854,0.07619402557611465,0.12292929738759995
XGBoost / none,537,0,0,0.9785239271599072,0.02040166319233594,0.0010744096477568617
XGBoost / none,538,2,0,0.8202530115088336,0.05375498885752637,0.12599199963364005
XGBoost / none,539,0,0,0.9990558159355474,0.0006588447227008574,0.0002853393417517667
XGBoost / none,540,2,0,0.692520075547322,0.022295484111686387,0.28518444034099166
XGBoost / none,541,0,0,0.8428437835401861,0.0761988844901157,0.08095733196969825
XGBoost / none,542,0,0,0.9978321951130553,0.0014135906787011185,0.0007542142082436094
XGBoost / none,543,0,0,0.9961971210526201,0.003564962943810425,0.00023791600356946326
XGBoost / none,544,0,0,0.9961112579945105,0.003378773783775633,0.0005099682217138651
XGBoost / none,545,2,2,0.03508629045329102,0.0022736239226216716,0.9626400856240873
XGBoost / none,546,0,0,0.9818017522201145,0.014588121337699175,0.0036101264421863366
XGBoost / none,547,0,0,0.9904778401789341,0.009241441636184199,0.00028071818488160536
XGBoost / none,548,1,2,0.24421601179403074,0.07947946399062472,0.6763045242153445
XGBoost / none,549,0,0,0.9074158597741203,0.09106194901965202,0.0015221912062276608
XGBoost / none,550,0,0,0.8733004750450836,0.003369179250218655,0.12333034570469782
XGBoost / none,551,0,0,0.7137786223102034,0.27938774514316134,0.006833632546635306
XGBoost / none,552,1,0,0.6187738364569496,0.11302724817476416,0.2681989153682862
XGBoost / none,553,0,0,0.9784393833693907,0.015961078808001586,0.0055995378226076226
XGBoost / none,554,0,0,0.9991697025146739,0.0007282251573693636,0.00010207232795682218
XGBoost / none,555,0,0,0.9901858831013531,0.005033387936140929,0.004780728962505958
XGBoost / none,556,0,0,0.7556477514549238,0.2420802667701732,0.002271981774903049
XGBoost / none,557,0,0,0.5388050039201602,0.05493757832841889,0.4062574177514209
XGBoost / none,558,0,0,0.9975070022301783,0.001562248979379792,0.0009307487904418928
XGBoost / none,559,0,0,0.9920774055436329,0.007225181407688669,0.0006974130486784004
XGBoost / none,560,2,2,0.036071428128094066,0.001773323328943346,0.9621552485429626
XGBoost / none,561,2,1,0.25912335418491306,0.701035258542615,0.03984138727247198
XGBoost / none,562,0,0,0.9995819672909872,0.0003612193012791436,5.681340773364714e-05
XGBoost / none,563,0,0,0.7289399450351302,0.11584501627203064,0.15521503869283915
XGBoost / none,564,0,0,0.9955063982973904,0.004318411894992835,0.000175189807616717
XGBoost / none,565,1,0,0.5751813714412753,0.029934216625253297,0.3948844119334714
XGBoost / none,566,0,0,0.9952644619527696,0.0031065493085051066,0.0016289887387253164
XGBoost / none,567,0,0,0.9983106744366046,0.001510977728829289,0.000178347834566074
XGBoost / none,568,2,2,0.009116866017171097,0.002526091501108815,0.9883570424817201
XGBoost / none,569,0,0,0.9875786661384205,0.008558395111450671,0.0038629387501288135
XGBoost / none,570,0,0,0.9884454807593175,0.010593908414058219,0.0009606108266242745
XGBoost / none,571,0,0,0.989124340269108,0.01047021008966426,0.00040544964122771416
XGBoost / none,572,0,0,0.9953181674785174,0.00429875752375632,0.00038307499772626024
XGBoost / none,573,0,0,0.9635039102014217,0.002113507623454426,0.03438258217512392
XGBoost / none,574,0,0,0.9889540851904123,0.010766172977108857,0.00027974183247887134
XGBoost / none,575,1,0,0.8455364987620283,0.11369452261645609,0.04076897862151566
XGBoost / none,576,1,1,0.4276953113251511,0.5631907080648771,0.009113980609971704
XGBoost / none,577,0,0,0.983829702531243,0.015214008672338668,0.0009562887964183596
XGBoost / none,578,0,2,0.4118698018019982,0.03077633363709475,0.5573538645609071
XGBoost / none,579,0,0,0.9961282024123969,0.0036160247434079877,0.00025577284419515435
XGBoost / none,580,2,2,0.251643173347617,0.017841785614437295,0.7305150410379457
XGBoost / none,581,2,2,0.35077866781212885,0.04515120742786226,0.6040701247600089
XGBoost / none,582,2,2,0.016155708821948004,0.005792554554232277,0.9780517366238197
XGBoost / none,583,2,2,0.08573784209597442,0.003484321404443205,0.9107778364995823
XGBoost / none,584,0,2,0.14221222804644873,0.05624494743529668,0.8015428245182545
XGBoost / none,585,0,0,0.9969160241120077,0.002604440237813659,0.00047953565017859256
XGBoost / none,586,2,2,0.010205301854039946,0.000800091847865698,0.9889946062980943
XGBoost / none,587,0,0,0.9953524628370964,0.002009849208439351,0.0026376879544642235
XGBoost / none,588,0,0,0.9837503259773215,0.014360352104875483,0.001889321917803002
XGBoost / none,589,0,0,0.9693935201837643,0.02545406930316536,0.005152410513070348
XGBoost / none,590,0,0,0.7477006689399281,0.21073132125343916,0.0415680098066327
XGBoost / none,591,0,0,0.9956378075292965,0.0028593590652112354,0.0015028334054922627
XGBoost / none,592,2,2,0.0845148091162798,0.0558654798309362,0.859619711052784
XGBoost / none,593,0,0,0.9965674977085291,0.003244777475420439,0.00018772481605035715
XGBoost / none,594,0,0,0.9893050833062222,0.006150820880151118,0.004544095813626657
XGBoost / none,595,2,2,0.027669544928051452,0.00456358579981456,0.967766869272134
XGBoost / none,596,0,0,0.9789765711954298,0.01986092935448413,0.0011624994500860208
XGBoost / none,597,2,0,0.8705388948352589,0.09118221122735146,0.03827889393738956
XGBoost / none,598,0,0,0.9982664606048359,0.0016531455542309669,8.039384093311359e-05
XGBoost / none,599,0,0,0.9971035390431487,0.0019413467319077372,0.0009551142249435453
XGBoost / none,600,0,0,0.9937770441867769,0.004484775044432653,0.0017381807687903929
XGBoost / none,601,1,0,0.7061247720401768,0.20149674711381277,0.09237848084601043
XGBoost / none,602,2,0,0.8545083904135035,0.11260843896185861,0.032883170624637935
XGBoost / none,603,0,2,0.11137016449481739,0.1051218093967977,0.7835080261083849
XGBoost / none,604,0,0,0.8504107341047903,0.06483531550063742,0.0847539503945723
XGBoost / none,605,0,0,0.457075297832489,0.28983843326568604,0.25308626890182495
XGBoost / none,606,0,0,0.9987921737013458,0.0010222218110614383,0.00018560448759284167
XGBoost / none,607,2,2,0.04482013673756093,0.026194100857975508,0.9289857624044635
XGBoost / none,608,0,0,0.9337562426620886,0.062350944633829446,0.0038928127040820408
XGBoost / none,609,0,0,0.9821900579825605,0.015814530457244836,0.001995411560194585
XGBoost / none,610,0,0,0.9989775258128525,0.0009629200639442401,5.955412320325767e-05
XGBoost / none,611,0,0,0.9939579306180314,0.0052600082045099455,0.0007820611774586448
XGBoost / none,612,2,2,0.121970488986214,0.05342364237217097,0.824605868641615
XGBoost / none,613,1,0,0.9934975396906912,0.00412929590588469,0.0023731644034240603
XGBoost / none,614,0,0,0.9973044697020478,0.002252966699331079,0.0004425635986211587
XGBoost / none,615,0,0,0.925765674105833,0.00393238028960477,0.07030194560456224
XGBoost / none,616,0,0,0.9980893116212526,0.001467550258269253,0.0004431381204781194
XGBoost / none,617,0,0,0.877878623409487,0.10253118972142984,0.019590186869083235
XGBoost / none,618,0,0,0.9688992302988048,0.030202641463446634,0.0008981282377485573
XGBoost / none,619,0,0,0.9952200055122375,0.0031134767923504114,0.0016665176954120398
XGBoost / none,620,2,1,0.03669772820053626,0.9095504656622377,0.05375180613722603
XGBoost / none,621,0,0,0.9951255356845493,0.0046370604256706725,0.00023740388977999303
XGBoost / none,622,2,0,0.8261932265435205,0.010461001822573162,0.1633457716339064
XGBoost / none,623,0,0,0.9976363392281552,0.0019755072842313464,0.00038815348761339917
XGBoost / none,624,0,0,0.8675351738929749,0.12461679428815842,0.00784803181886673
XGBoost / none,625,0,0,0.9888516795476807,0.008296819013553336,0.0028515014387659517
XGBoost / none,626,0,0,0.9868665956586288,0.005030960321964138,0.008102444019407136
XGBoost / none,627,0,0,0.9929827859768322,0.005963680579464329,0.0010535334437034682
XGBoost / none,628,1,1,0.24328923627931315,0.6657225788061658,0.09098818491452106
XGBoost / none,629,0,0,0.9984362417202576,0.0014047976155176555,0.00015896066422481627
XGBoost / none,630,2,2,0.006175002064744844,0.00020953710253330296,0.9936154608327219
XGBoost / none,631,1,1,0.040118044610394366,0.770684213538311,0.1891977418512947
XGBoost / none,632,2,2,0.06636707085795325,0.17876545527099214,0.7548674738710546
XGBoost / none,633,0,0,0.8121382285479947,0.00929338704156569,0.17856838441043962
XGBoost / none,634,0,0,0.979846938604154,0.018471540586432373,0.0016815208094136474
XGBoost / none,635,0,0,0.8736764300422876,0.011770601657930669,0.11455296829978182
XGBoost / none,636,2,2,0.004608982629699638,0.0004387132865060707,0.9949523040837943
XGBoost / none,637,2,2,0.013787155123070357,0.007575739686603014,0.9786371051903267
XGBoost / none,638,0,0,0.9064442197910131,0.07964136696249723,0.013914413246489723
XGBoost / none,639,2,2,0.25456494092941284,0.06362712383270264,0.6818079352378845
XGBoost / none,640,0,0,0.9512622759513869,0.04584766001074438,0.0028900640378686725
XGBoost / none,641,0,0,0.9986189208758073,0.0012627265615050834,0.00011835256268762982
XGBoost / none,642,0,0,0.9929206168270914,0.0063523824978398685,0.0007270006750687293
XGBoost / none,643,0,0,0.9962808116336328,0.0025885434782236118,0.0011306448881435612
XGBoost / none,644,0,0,0.9929676850926596,0.0067283056779796025,0.00030400922936071054
XGBoost / none,645,0,0,0.9745422091876631,0.019409060649933363,0.006048730162403487
XGBoost / none,646,0,0,0.9991259651669187,0.000768743357249086,0.00010529147583222211
XGBoost / none,647,2,2,0.011685363921818254,0.0007602669630635989,0.9875543691151182
XGBoost / none,648,2,0,0.6823783947696553,0.028978907732803746,0.28864269749754096
XGBoost / none,649,0,2,0.14755069549900166,0.09110681305348219,0.7613424914475162
XGBoost / none,650,0,0,0.5249070984335628,0.017763103826561096,0.45732979773987614
XGBoost / none,651,0,0,0.7359571073077638,0.07961538763860082,0.18442750505363542
XGBoost / none,652,0,0,0.8464710901633894,0.10643644123754892,0.04709246859906171
XGBoost / none,653,0,0,0.9651532857388625,0.028598018348414418,0.006248695912723133
XGBoost / none,654,0,0,0.8758326956482158,0.009709776587155518,0.11445752776462877
XGBoost / none,655,0,0,0.9966598472727686,0.0029814200580209342,0.0003587326692105203
XGBoost / none,656,0,0,0.9646043521672393,0.034725670996340725,0.0006699768364200115
XGBoost / none,657,0,0,0.9451055717888696,0.029448498641484477,0.025445929569646007
XGBoost / none,658,0,0,0.9483160985843038,0.05087602890684646,0.0008078725088497705
XGBoost / none,659,0,0,0.99797143876028,0.001439973426667079,0.0005885878130528162
XGBoost / none,660,0,0,0.6927363379707386,0.21581387841424166,0.09144978361501967
XGBoost / none,661,2,2,0.23767731729630653,0.006664186616775593,0.7556584960869179
XGBoost / none,662,0,0,0.9960725766658713,0.0028853278074634507,0.0010420955266651963
XGBoost / none,663,1,0,0.9652200631634499,0.017369636715792447,0.017410300120757703
XGBoost / none,664,0,0,0.9090540591111986,0.08578597926013037,0.005159961628670967
XGBoost / none,665,2,0,0.7168100249287291,0.2649722313424052,0.0182177437288656
XGBoost / none,666,2,2,0.21127608359434805,0.012936565057551773,0.7757873513481002
XGBoost / none,667,1,1,0.15891472906480694,0.8363549662585092,0.00473030467668378
XGBoost / none,668,0,0,0.8632216126824953,0.13332541702911394,0.0034529702883907636
XGBoost / none,669,0,0,0.9839731948189846,0.012551107483895546,0.0034756976971198343
XGBoost / none,670,0,2,0.05411349658379228,0.0004342274655256932,0.945452275950682
XGBoost / none,671,0,0,0.6123546430359182,0.012292135644243684,0.3753532213198381
XGBoost / none,672,0,0,0.9978580668094469,0.0019804580734665697,0.00016147511708649144
XGBoost / none,673,0,0,0.9091692597405289,0.0841921774951938,0.00663856276427735
XGBoost / none,674,0,0,0.9985779621935235,0.0012643212809550003,0.00015771652552151725
XGBoost / none,675,0,0,0.9989952028682126,0.000652452787200676,0.000352344344586684
XGBoost / none,676,1,0,0.9728703505950302,0.011715989781972639,0.015413659622997162
XGBoost / none,677,2,2,0.0017329422585261938,0.0005481433712849369,0.9977189143701889
XGBoost / none,678,0,0,0.9862358842372755,0.01014716051734294,0.003616955245381526
XGBoost / none,679,2,2,0.33838622294602794,0.15895210917079935,0.5026616678831727
XGBoost / none,680,0,0,0.9985555843249615,0.0013199002499132187,0.00012451542512527053
XGBoost / none,681,2,0,0.950181284170271,0.029398127733212834,0.0204205880965161
XGBoost / none,682,0,0,0.9578882338189905,0.01893303774796145,0.023178728433048097
XGBoost / none,683,1,0,0.9303898967309092,0.04533339740336049,0.024276705865730257
XGBoost / none,684,2,0,0.9794506111361353,0.0037567306948028743,0.016792658169061843
XGBoost / none,685,0,0,0.9967565452178982,0.0023688162961797775,0.0008746384859219627
XGBoost / none,686,0,0,0.6869789214799971,0.30476831737005033,0.008252761149952648
XGBoost / none,687,2,2,0.036560156643023235,0.0040313500362422795,0.9594084933207345
XGBoost / none,688,0,0,0.9995654545934268,0.0003464796575083334,8.806574906479961e-05
XGBoost / none,689,0,0,0.998327599615223,0.001194372828613986,0.00047802755616296644
XGBoost / none,690,0,0,0.943612724465474,0.051998215012308856,0.00438906052221725
XGBoost / none,691,0,0,0.9843735534450624,0.004470773434044295,0.011155673120893278
XGBoost / none,692,0,0,0.9810685902294918,0.018640664209905664,0.0002907455606025246
XGBoost / none,693,0,0,0.9442000932384277,0.05272895813326002,0.0030709486283122638
XGBoost / none,694,0,0,0.9628685212881117,0.036358637710107444,0.00077284100178081
XGBoost / none,695,0,0,0.9984503858045816,0.0012477659462375396,0.00030184824918094125
XGBoost / none,696,0,0,0.9843427526674504,0.014866058665124804,0.0007911886674247945
XGBoost / none,697,0,0,0.8805999467358906,0.0068199734722720505,0.11258007979183736
XGBoost / none,698,2,2,0.009619102150735505,0.011626767319443653,0.9787541305298209
XGBoost / none,699,0,0,0.9891706638758193,0.006972053927269858,0.003857282196910797
XGBoost / none,700,0,0,0.9827061397338923,0.013330413289515005,0.003963446976592637
XGBoost / none,701,0,0,0.735035338589902,0.04381708284258529,0.22114757856751271
XGBoost / none,702,0,1,0.439860377012643,0.47937181949147445,0.08076780349588247
XGBoost / none,703,0,0,0.9212426058480448,0.07257262980532499,0.006184764346630139
XGBoost / none,704,0,0,0.9985385453742345,0.0012452542489810293,0.0002162003767844716
XGBoost / none,705,0,0,0.9992708416064972,0.00041265959706998325,0.0003164987964328207
XGBoost / none,706,0,0,0.8653786931579888,0.010754917938582078,0.12386638890342916
XGBoost / none,707,0,0,0.9899600483790306,0.007106704916093113,0.0029332467048762186
XGBoost / none,708,0,0,0.9923925526574118,0.0073367781943189225,0.00027066914826933514
XGBoost / none,709,0,0,0.9935038646474561,0.0016632892591236352,0.004832846093420316
XGBoost / none,710,0,2,0.03552481047078636,0.010713403705269353,0.9537617858239443
XGBoost / none,711,0,0,0.8911260266848725,0.06255738367262427,0.04631658964250323
XGBoost / none,712,0,0,0.9798058913080296,0.015093101258823188,0.005101007433147204
XGBoost / none,713,0,0,0.8984361807488429,0.10106643199908444,0.000497387252072637
XGBoost / none,714,2,0,0.4789893400518498,0.08991669252390701,0.4310939674242432
XGBoost / none,715,0,0,0.9960671753756133,0.0034092562871012207,0.0005235683372854493
XGBoost / none,716,0,0,0.8267571484066015,0.043910455776573265,0.12933239581682526
XGBoost / none,717,0,0,0.9949253807955338,0.0038348862475848264,0.001239732956881355
XGBoost / none,718,0,0,0.8397496610232762,0.15458280733555751,0.005667531641166351
XGBoost / none,719,0,0,0.9991984059929955,0.000777488422219428,2.4105584785088616e-05
XGBoost / none,720,0,0,0.6119638085365295,0.3708943724632263,0.01714181900024414
XGBoost / none,721,0,0,0.9526591666330226,0.02806727892742562,0.01927355443955174
XGBoost / none,722,0,0,0.9821454669163806,0.01710327573712924,0.0007512573464901418
XGBoost / none,723,2,0,0.7217964435879605,0.24870626304122836,0.029497293370811167
XGBoost / none,724,0,0,0.998466929854365,0.0009377165894011252,0.0005953535562338819
XGBoost / none,725,2,0,0.9534249438917024,0.00911161409381238,0.03746344201448525
XGBoost / none,726,0,0,0.9031121247178435,0.005007074412045275,0.09188080087011116
XGBoost / none,727,0,0,0.8718775473475002,0.12468794572571314,0.0034345069267865827
XGBoost / none,728,0,0,0.9910297392933546,0.00039305732931303874,0.008577203377332433
XGBoost / none,729,2,2,0.192620293920471,0.005895174157858423,0.8014845319216706
XGBoost / none,730,0,0,0.9939740018415417,0.005477730495176816,0.0005482676632815068
XGBoost / none,731,0,0,0.9462109237732138,0.010153321289351034,0.04363575493743513
XGBoost / none,732,0,0,0.8690747631961638,0.10275682117930508,0.028168415624531058
XGBoost / none,733,0,1,0.3490230602594386,0.6382863867953157,0.01269055294524578
XGBoost / none,734,1,2,0.4924291486878265,0.0072174740129160135,0.5003533772992574
XGBoost / none,735,0,1,0.4757822964690162,0.494963012410537,0.029254691120446822
XGBoost / none,736,0,0,0.9395990915246358,0.05137722165485534,0.0090236868205088
XGBoost / none,737,0,0,0.9984799805727237,0.0009590604643540544,0.0005609589629222882
XGBoost / none,738,0,0,0.996593051902283,0.0025811802900753515,0.0008257678076416978
XGBoost / none,739,0,0,0.8741248429107913,0.017924854899148277,0.1079503021900604
XGBoost / none,740,0,0,0.9978747423183854,0.001890617200411,0.0002346404812036493
XGBoost / none,741,2,2,0.13724150019216352,0.035095539597711334,0.8276629602101252
XGBoost / none,742,0,0,0.9689431328569874,0.030137839233972747,0.0009190279090398304
XGBoost / none,743,0,0,0.9950674864935455,0.002617452550841985,0.0023150609556125564
XGBoost / none,744,0,0,0.6526349801178136,0.010464844323130822,0.33690017555905555
XGBoost / none,745,2,2,0.019332809603301176,0.002822940504171412,0.9778442498925274
XGBoost / none,746,0,0,0.7271337617620538,0.12218666002392814,0.150679578214018
XGBoost / none,747,0,0,0.9971656021886592,0.0023942028202472497,0.00044019499109354017
XGBoost / none,748,0,0,0.9844902084433271,0.013901740209000257,0.0016080513476725566
XGBoost / none,749,2,2,0.017786187620422916,0.05362377558442004,0.9285900367951571
XGBoost / none,750,0,0,0.9555346704572365,0.04336353915888179,0.001101790383881762
XGBoost / none,751,0,0,0.7499308129759656,0.2130309979064576,0.037038189117576725
XGBoost / none,752,0,0,0.9945428055928887,0.004611444047580182,0.0008457503595311459
XGBoost / none,753,0,0,0.9973045129809407,0.002630639933383815,6.484708567546174e-05
XGBoost / none,754,0,0,0.9967977847052542,0.002002593212100303,0.001199622082645555
XGBoost / none,755,0,0,0.992776205602181,0.007035910507178188,0.00018788389064076328
XGBoost / none,756,0,0,0.9894061699582124,0.008829213692198948,0.0017646163495886153
XGBoost / none,757,0,0,0.9965736922265291,0.0028967985581251246,0.0005295092153457455
XGBoost / none,758,0,0,0.8394767233612401,0.09822412799799729,0.06229914864076261
XGBoost / none,759,0,0,0.9618760190270143,0.033213136370707004,0.004910844602278793
XGBoost / none,760,0,0,0.8453657094043918,0.004436738822137853,0.15019755177347027
XGBoost / none,761,1,0,0.7770726900475287,0.015978592605435462,0.20694871734703582
XGBoost / none,762,2,2,0.09112909894527062,0.007737318442962315,0.9011335826117671
XGBoost / none,763,0,0,0.9975031262118901,0.0009615080433335026,0.0015353657447764193
XGBoost / none,764,1,2,0.11001796193407504,0.3050374962014146,0.5849445418645103
XGBoost / none,765,0,0,0.9165109957884587,0.03080388147084459,0.05268512274069666
XGBoost / none,766,0,0,0.9985289873288533,0.0010214944210939793,0.00044951825005273903
XGBoost / none,767,0,0,0.9856298157381576,0.009073797237329206,0.005296387024513238
XGBoost / none,768,0,0,0.9472738968123603,0.014040126269122684,0.038685976918517
XGBoost / none,769,0,0,0.9948084663380696,0.004968030700524034,0.00022350296140639153
XGBoost / none,770,1,0,0.9590899694203221,0.008018534421437453,0.03289149615824046
XGBoost / none,771,2,0,0.5214893817901611,0.033716678619384766,0.4447939395904541
XGBoost / none,772,0,0,0.9899064936520199,0.0012638120727736734,0.00882969427520641
XGBoost / none,773,0,0,0.9213174435954222,0.07208809609024323,0.006594460314334525
XGBoost / none,774,0,0,0.9938924015520753,0.005759920287078766,0.00034767816084595773
XGBoost / none,775,0,0,0.9633802319076692,0.017258417118466155,0.01936135097386466
XGBoost / none,776,2,2,0.01693494788431611,0.010716013510562354,0.9723490386051216
XGBoost / none,777,0,0,0.8573683776941755,0.07001235820306993,0.07261926410275459
XGBoost / none,778,0,0,0.9256731599341892,0.017861439547254426,0.05646540051855633
XGBoost / none,779,2,1,0.13884616311926135,0.5044886024143875,0.3566652344663511
XGBoost / none,780,2,2,0.06476982634686063,0.1722054319664431,0.7630247416866962
XGBoost / none,781,0,0,0.9996703725419076,0.0002816081066468545,4.801935144551213e-05
XGBoost / none,782,0,0,0.9881041813948204,0.009707771406664354,0.002188047198515256
XGBoost / none,783,0,0,0.9985756260187542,0.001248275467760513,0.00017609851348528152
XGBoost / none,784,0,0,0.9941614543346343,0.0023077421990022016,0.0035308034663635328
XGBoost / none,785,0,0,0.5277945798712008,0.45232556565383203,0.01987985447496718
XGBoost / none,786,0,0,0.953657978418729,0.02531859420157564,0.021023427379695366
XGBoost / none,787,2,1,0.2899660852541353,0.4668505330935279,0.24318338165233677
XGBoost / none,788,2,2,0.0032351431259031787,0.0018634912632468053,0.99490136561085
XGBoost / none,789,2,2,0.007614889225842516,0.008348183243799113,0.9840369275303583
XGBoost / none,790,2,2,0.29650306922572156,0.12306898178956643,0.580427948984712
XGBoost / none,791,0,0,0.9889120286017091,0.009633285405046276,0.0014546859932446107
XGBoost / none,792,0,0,0.558761562053631,0.3594131630396767,0.08182527490669228
XGBoost / none,793,0,0,0.9970433925017342,0.002219836375146871,0.0007367711231188766
XGBoost / none,794,0,0,0.9095456947492189,0.0131964753764267,0.07725782987435444
XGBoost / none,795,0,0,0.9960421632215398,0.0034119776575344215,0.0005458591209257168
XGBoost / none,796,1,2,0.4173074766384681,0.02681438686259152,0.5558781364989404
XGBoost / none,797,0,0,0.9724574653398235,0.026112958703753207,0.0014295759564232865
XGBoost / none,798,0,0,0.8902987080059714,0.10406750251602725,0.005633789478001283
XGBoost / none,799,0,0,0.9758751239563334,0.02358963862378076,0.0005352374198858821
XGBoost / none,800,2,0,0.5006839502424462,0.029595012936126104,0.46972103682142774
XGBoost / none,801,0,0,0.8103440139956182,0.1346394772866154,0.05501650871776639
XGBoost / none,802,0,0,0.9957760085645002,0.0037455105168063153,0.00047848091869345246
XGBoost / none,803,0,0,0.951424748029971,0.015113948391633337,0.0334613035783957
XGBoost / none,804,0,0,0.9958703419516497,0.0038259711165793825,0.00030368693177094865
XGBoost / none,805,0,0,0.8237048563567541,0.0017244430776561996,0.17457070056558974
XGBoost / none,806,0,0,0.6011037916109531,0.3278411377644708,0.07105507062457607
XGBoost / none,807,0,0,0.9870170408003763,0.0016237138674359693,0.011359245332187694
XGBoost / none,808,1,2,0.06465098069158254,0.3037663011620551,0.6315827181463624
XGBoost / none,809,1,0,0.897156139399621,0.04683071479567993,0.056013145804699044
XGBoost / none,810,0,0,0.9938257477686303,0.0060902602976426875,8.399193372695847e-05
XGBoost / none,811,0,0,0.9872654618970965,0.011336478338713768,0.0013980597641897634
XGBoost / none,812,0,0,0.998593388244172,0.0011337618323733999,0.00027284992345460356
XGBoost / none,813,0,0,0.9908849493158463,0.007482602182608773,0.0016324485015449621
XGBoost / none,814,0,0,0.8068583848136182,0.0880036231280453,0.1051379920583365
XGBoost / none,815,0,0,0.664200422055086,0.010044460138098989,0.325755117806815
XGBoost / none,816,0,0,0.9922797862417305,0.004740707663473651,0.00297950609479588
XGBoost / none,817,0,0,0.998110275808886,0.0014330686269590578,0.00045665556415489845
XGBoost / none,818,0,0,0.9548816002601247,0.042405515543882714,0.0027128841959925564
XGBoost / none,819,0,0,0.8991809226267383,0.035863385940469276,0.06495569143279237
XGBoost / none,820,0,0,0.9971816196436454,0.0024184690887035995,0.0003999112676510404
XGBoost / none,821,0,0,0.9637553504210603,0.02879873598957666,0.00744591358936305
XGBoost / none,822,0,0,0.9548199559415886,0.022193692128501263,0.022986351929910064
XGBoost / none,823,0,0,0.9944909748501944,0.004512440384869489,0.0009965847649360568
XGBoost / none,824,1,0,0.8743969202041626,0.01404888927936554,0.11155419051647186
XGBoost / none,825,0,0,0.9398632312155301,0.051720065578447626,0.00841670320602236
XGBoost / none,826,0,1,0.21355727951399325,0.6657713850072439,0.12067133547876285
XGBoost / none,827,2,2,0.012180885510997632,0.004422344471496647,0.9833967700175057
XGBoost / none,828,2,2,0.020510446834194434,0.00925185463233272,0.9702376985334729
XGBoost / none,829,2,2,0.008656375827832186,0.003456504464524455,0.9878871197076433
XGBoost / none,830,0,0,0.9973859508794737,0.0023093394274103533,0.0003047096931159355
XGBoost / none,831,0,0,0.6946507718214794,0.28380289779530055,0.021546330383220055
XGBoost / none,832,0,0,0.9348523090396248,0.03835374890531412,0.026793942055061026
XGBoost / none,833,0,0,0.9630769916824411,0.023490871818432058,0.01343213649912682
XGBoost / none,834,0,0,0.9804605012510949,0.016511561960293526,0.0030279367886115677
XGBoost / none,835,0,0,0.9864212434171411,0.011853841325231356,0.0017249152576275194
XGBoost / none,836,0,0,0.9946491008190279,0.004580569866673772,0.0007703293142982948
XGBoost / none,837,0,0,0.9923481676094346,0.0071889881917889245,0.0004628441987765553
XGBoost / none,838,0,0,0.420173866157945,0.4143946592329341,0.16543147460912092
XGBoost / none,839,0,0,0.9970396245230656,0.0023835068769757924,0.0005768685999585983
XGBoost / none,840,0,0,0.9923664369053429,0.006836985674463986,0.0007965774201930867
XGBoost / none,841,0,0,0.9083605074874831,0.005864256230920501,0.08577523628159643
XGBoost / none,842,2,2,0.05438805966924375,0.03486234837578919,0.9107495919549671
XGBoost / none,843,0,0,0.9913112594438717,0.0071336055137772,0.0015551350423511846
XGBoost / none,844,0,0,0.9883407243899175,0.010627654262323072,0.0010316213477594256
XGBoost / none,845,0,0,0.9868280133691286,0.012767689258466,0.0004042973724053997
XGBoost / none,846,0,0,0.989020531532752,0.010354151071603378,0.0006253173956445679
XGBoost / none,847,0,0,0.9985534471164641,0.001047956516273425,0.0003985963672625009
XGBoost / none,848,0,0,0.9277002915110472,0.028367363233499563,0.043932345255453274
XGBoost / none,849,0,0,0.9894282161898135,0.004391892786559367,0.006179891023627211
XGBoost / none,850,2,0,0.7926890172813281,0.004116530487982709,0.20319445223068913
XGBoost / none,851,0,0,0.8173557504688282,0.012346612266550563,0.1702976372646212
XGBoost / none,852,0,0,0.9890573055072658,0.004362887047861069,0.006579807444873178
XGBoost / none,853,0,0,0.9876287996221691,0.01170327027494668,0.0006679301028841762
XGBoost / none,854,0,0,0.983939865474918,0.002368892027717018,0.01369124249736503
XGBoost / none,855,0,0,0.9974652395224545,0.0022862404278808216,0.0002485200496646802
XGBoost / none,856,0,0,0.9946378623770614,0.0003973954995621015,0.004964742123376447
XGBoost / none,857,0,0,0.9964176570094818,0.0006734900629657126,0.002908852927552421
XGBoost / none,858,2,2,0.02864332241966034,0.09292836123038818,0.8784283163499514
XGBoost / none,859,0,0,0.9984646235891081,0.0009095445710971643,0.0006258318397947231
XGBoost / none,860,1,1,0.3718987173950768,0.6271389239210862,0.0009623586838370232
XGBoost / none,861,0,0,0.9956616585434823,0.0030986633541994373,0.0012396781023182306
XGBoost / none,862,2,2,0.01427306449348351,0.002673529839899865,0.9830534056666166
XGBoost / none,863,1,1,0.10315421223640442,0.8460970520973206,0.050748735666275024
XGBoost / none,864,0,0,0.999136576588747,0.0007295825851091539,0.00013384082614381377
XGBoost / none,865,2,2,0.003034717816550332,0.0005288227020611322,0.9964364594813885
XGBoost / none,866,0,0,0.7359161171340537,0.011091587755132809,0.2529922951108135
XGBoost / none,867,0,0,0.996192025394263,0.003455299115568902,0.0003526754901680868
XGBoost / none,868,0,0,0.9945235099553709,0.0036499259898217593,0.0018265640548073621
XGBoost / none,869,0,0,0.8962128457951709,0.08119782533205887,0.02258932887277022
XGBoost / none,870,0,0,0.9996587520635208,0.0002399973570746258,0.00010125057940456895
XGBoost / none,871,0,0,0.9990184348385263,0.0007101193216174417,0.0002714458398563237
XGBoost / none,872,0,0,0.9696914129180555,0.029905694110304117,0.00040289297164036204
XGBoost / none,873,0,0,0.9994686385251547,0.000405462813628159,0.00012589866121722905
XGBoost / none,874,0,0,0.6932311447491901,0.2895895752433069,0.01717928000750303
XGBoost / none,875,0,0,0.9885937252839897,0.00969171178709978,0.001714562928910561
XGBoost / none,876,0,0,0.9888245863969154,0.002519239307927815,0.008656174295156804
XGBoost / none,877,0,0,0.9994320386112643,0.00035738712579732267,0.0002105742629383902
XGBoost / none,878,2,2,0.025386008360511293,0.005575603119131986,0.9690383885203567
XGBoost / none,879,0,0,0.9984783185153209,0.0014311067731050048,9.057471157408232e-05
XGBoost / none,880,0,0,0.9962399551636963,0.0036940974810048643,6.59473552988321e-05
XGBoost / none,881,2,2,0.21476703082147872,0.07444003692120175,0.7107929322573195
XGBoost / none,882,0,0,0.9977526422085056,0.0018403380596920447,0.00040701973180237147
XGBoost / none,883,0,0,0.9592661305939001,0.00252136736577895,0.038212502040321006
XGBoost / none,884,0,0,0.9972368139680183,0.0024965202708633464,0.00026666576111836687
XGBoost / none,885,2,2,0.10893133024564372,0.09682136461830279,0.7942473051360535
XGBoost / none,886,2,2,0.1575852927610552,0.010865958387281823,0.831548748851663
XGBoost / none,887,0,0,0.9982339225099858,0.0009769812538741025,0.0007890962361400873
XGBoost / none,888,0,0,0.9867374079255015,0.01144714441507835,0.0018154476594201524
XGBoost / none,889,2,1,0.12283685281460043,0.8756286725862341,0.001534474599165466
XGBoost / none,890,1,1,0.25236821738708504,0.6956927931836127,0.05193898942930228
XGBoost / none,891,0,0,0.9948748782885543,0.0012184619936389917,0.003906659717806729
XGBoost / none,892,0,0,0.9479954169963926,0.04935971671808647,0.0026448662855209585
XGBoost / none,893,0,0,0.9751785825557971,0.01735659845071186,0.007464818993490979
XGBoost / none,894,0,0,0.9977941488668233,0.0008291776737416243,0.001376673459435098
XGBoost / none,895,0,0,0.6369699405833691,0.023799840981509116,0.3392302184351218
XGBoost / none,896,0,0,0.9988431927198923,0.0009803966382962372,0.00017641064181141781
XGBoost / none,897,0,0,0.9903779096717386,0.0066657616275612,0.0029563287007002004
XGBoost / none,898,0,0,0.9987701699083977,0.0011054032865348289,0.00012442680506747345
XGBoost / none,899,0,0,0.998616228651949,0.0009506274459961489,0.00043314390205489864
XGBoost / none,900,0,0,0.9557529131890163,0.005851015007430285,0.03839607180355333
XGBoost / none,901,0,0,0.9835733070565779,0.009425127207280852,0.007001565736141262
XGBoost / none,902,2,2,0.1583610364397866,0.022590896661731707,0.8190480668984816
XGBoost / none,903,0,0,0.9970561657690509,0.002399060503775594,0.0005447737271735832
XGBoost / none,904,0,0,0.978047229898125,0.01721269517608625,0.00474007492578878
XGBoost / none,905,0,0,0.9976735425817822,0.002144558759550885,0.00018189865866689267
XGBoost / none,906,0,0,0.9974698174768194,0.002390844830471129,0.00013933769270950975
XGBoost / none,907,0,0,0.9688745614132696,0.03085497913844968,0.000270459448280735
XGBoost / none,908,0,0,0.9877784885010812,0.009848356283636228,0.0023731552152825713
XGBoost / none,909,0,0,0.9823433414088854,0.017154647479736527,0.0005020111113781413
XGBoost / none,910,0,0,0.9962104104615948,0.003544224963005384,0.00024536457539983415
XGBoost / none,911,0,0,0.9980523049772424,0.0016297557446477335,0.0003179392781098767
XGBoost / none,912,1,0,0.9802386388697433,0.016636013353320264,0.0031253477769364398
XGBoost / none,913,0,0,0.8736586560527079,0.1078572941624794,0.01848404978481269
XGBoost / none,914,0,0,0.9882782308722475,0.0039400445191664635,0.007781724608585987
XGBoost / none,915,0,0,0.9916423524556134,0.0037688889874766267,0.004588758556910004
XGBoost / none,916,2,2,0.2692136694323432,0.05339797819485572,0.677388352372801
XGBoost / none,917,1,0,0.9465590190885015,0.04965319581854609,0.0037877850929524627
XGBoost / none,918,2,0,0.6585189997574049,0.006779566247769597,0.3347014339948255
XGBoost / none,919,0,0,0.9575903594045035,0.010600689996046759,0.0318089505994497
XGBoost / none,920,0,0,0.9740420306348662,0.02572416441911428,0.00023380494601961188
XGBoost / none,921,2,2,0.036587463004763676,0.002313239108591107,0.9610992978866452
XGBoost / none,922,0,0,0.969404695838263,0.03024807567434932,0.00034722848738762564
XGBoost / none,923,2,2,0.0370694371984183,0.029672062853502004,0.9332584999480797
XGBoost / none,924,0,0,0.9697915342665588,0.02200045680065753,0.008208008932783676
XGBoost / none,925,1,0,0.717978723920644,0.056112219275298185,0.22590905680405785
XGBoost / none,926,0,0,0.9989274052448571,0.0008536556773665254,0.00021893907777629563
XGBoost / none,927,0,0,0.9630026991841133,0.00878043527465271,0.02821686554123398
XGBoost / none,928,2,2,0.016690240029174463,0.0005768256044743435,0.9827329343663512
XGBoost / none,929,0,2,0.07737807314172883,0.009502893473070192,0.913119033385201
XGBoost / none,930,2,2,0.011539417239370584,0.002433984487218103,0.9860265982734113
XGBoost / none,931,0,0,0.9844688048659909,0.01172135453465309,0.0038098405993560987
XGBoost / none,932,0,0,0.9845880453381537,0.012075625384625194,0.0033363292772211027
XGBoost / none,933,0,0,0.9890710873436416,0.009793050157374247,0.0011358624989841876
XGBoost / none,934,0,0,0.9784578090330729,0.01686505704474986,0.0046771339221772165
XGBoost / none,935,0,0,0.9458123629756943,0.05180020032296016,0.0023874367013455686
XGBoost / none,936,2,2,0.1691150646383122,0.0031665674988191482,0.8277183678628687
XGBoost / none,937,0,0,0.9969659995037815,0.0028634777303480218,0.00017052276587050915
XGBoost / none,938,0,0,0.8267490175357198,0.05783565650318947,0.1154153259610907
XGBoost / none,939,2,2,0.10106194423186082,0.0006015563646271655,0.898336499403512
XGBoost / none,940,0,0,0.9875099170436232,0.008289506318184765,0.004200576638192044
XGBoost / none,941,0,0,0.9752486156279901,0.023309502292039583,0.0014418820799703162
XGBoost / none,942,2,2,0.24937550351954246,0.07965835810216727,0.6709661383782902
XGBoost / none,943,2,2,0.07122153443887849,0.03365037799829649,0.895128087562825
XGBoost / none,944,0,0,0.9780426501321872,0.019746578328086732,0.0022107715397261204
XGBoost / none,945,1,1,0.1985840130043482,0.7739517395440239,0.027464247451627993
XGBoost / none,946,0,0,0.8190656839380734,0.12296958176069273,0.05796473430123378
XGBoost / none,947,0,0,0.9926803746212335,0.0014336666845845758,0.005885958694181945
XGBoost / none,948,0,0,0.9992515526766929,0.000554891191320474,0.00019355613198663427
XGBoost / none,949,0,0,0.9155500642868274,0.014408556926911906,0.07004137878626067
XGBoost / none,950,0,0,0.9549771618468847,0.042182505445051977,0.00284033270806322
XGBoost / none,951,0,1,0.3842391526609975,0.5126805114492583,0.10308033588974416
XGBoost / none,952,2,2,0.09611033865313577,0.002771600910659248,0.901118060436205
XGBoost / none,953,0,0,0.9749896992005632,0.022374768005701304,0.0026355327937355047
XGBoost / none,954,0,0,0.9981571077512494,0.0017195194204852127,0.00012337282826538936
XGBoost / none,955,1,0,0.9583733849947007,0.036128795038799046,0.005497819966500207
XGBoost / none,956,0,0,0.9966598472727686,0.0029814200580209342,0.0003587326692105203
XGBoost / none,957,0,0,0.9606447995919891,0.0363041407539113,0.0030510596540996118
XGBoost / none,958,0,0,0.9996891233829482,0.00017539717745572976,0.00013547943959607835
XGBoost / none,959,0,0,0.9863095135388515,0.013166956405791293,0.0005235300553572158
XGBoost / none,960,0,0,0.9958155358231782,0.002939669299341285,0.001244794877480545
XGBoost / none,961,0,0,0.9915201485774356,0.007065550256256153,0.0014143011663082315
XGBoost / none,962,1,2,0.009681006695160504,0.45622520704106,0.5340937862637795
XGBoost / none,963,0,0,0.8730956302190458,0.12267242260237067,0.004231947178583557
XGBoost / none,964,1,0,0.679149866104126,0.19303323328495026,0.12781690061092377
XGBoost / none,965,0,0,0.9971565346113868,0.0026977919956430205,0.00014567339297025074
XGBoost / none,966,0,0,0.9968534796935308,0.0028934351559226443,0.0002530851505466026
XGBoost / none,967,2,2,0.015259465760960265,0.0023244053022790337,0.9824161289367607
XGBoost / none,968,0,0,0.9017161265271325,0.09030409291839737,0.00797978055447013
XGBoost / none,969,0,0,0.9894904229344338,0.008259529958049313,0.0022500471075169236
XGBoost / none,970,2,2,0.007255652396908933,0.004207695605760053,0.988536651997331
XGBoost / none,971,2,0,0.7465421875364263,0.11662860525292884,0.13682920721064482
XGBoost / none,972,0,0,0.8311801839180222,0.03240168718987378,0.136418128892104
XGBoost / none,973,0,0,0.9965005754297829,0.003036176909350591,0.0004632476608665498
XGBoost / none,974,0,0,0.7457166882391397,0.04422459362363594,0.21005871813722432
XGBoost / none,975,0,0,0.9722670381212631,0.02631876635134333,0.0014141955273935041
XGBoost / none,976,2,2,0.045985957629403225,0.0064127447848774215,0.9476012975857193
XGBoost / none,977,0,0,0.9850383749524674,0.005557176853690967,0.009404448193841643
XGBoost / none,978,2,0,0.392880791001367,0.2799873518936248,0.3271318571050082
XGBoost / none,979,0,0,0.5980513602785563,0.3647790198806074,0.03716961984083623
XGBoost / none,980,1,0,0.9924477283333555,0.004792544963997537,0.002759726702646948
XGBoost / none,981,0,0,0.970706967321449,0.028578991991484684,0.0007140406870663266
XGBoost / none,982,2,0,0.614650088985267,0.14035334111313047,0.24499656990160257
XGBoost / none,983,0,0,0.9992295437310724,0.0006475040529729181,0.0001229522159546292
XGBoost / none,984,0,2,0.04941002072651009,0.006775669980723522,0.9438143092927664
XGBoost / none,985,0,0,0.9976091723717372,0.001990098573804281,0.00040072905445852103
XGBoost / none,986,0,0,0.986493107327467,0.00982547674975809,0.003681415922774942
XGBoost / none,987,0,0,0.7868439091026693,0.008996529655472872,0.2041595612418578
XGBoost / none,988,0,0,0.48645328025659085,0.06658589641493867,0.4469608233284705
XGBoost / none,989,0,0,0.8815128819672631,0.014036355566301114,0.10445076246643581
XGBoost / none,990,0,0,0.9991296780363756,0.0006691392978264053,0.0002011826657979689
XGBoost / none,991,0,0,0.8847967367021102,0.026220898922032606,0.08898236437585717
XGBoost / none,992,2,2,0.23506268858909607,0.3678549826145172,0.3970823287963867
XGBoost / none,993,0,0,0.9954570014412106,0.0042272636332231096,0.00031573492556628255
XGBoost / none,994,0,1,0.2332770183657267,0.5802496931068462,0.1864732885274271
XGBoost / none,995,0,0,0.9975939483048314,0.0019136310029200282,0.0004924206922485731
XGBoost / none,996,2,0,0.9809714800050464,0.005232740471641992,0.013795779523311638
XGBoost / none,997,0,0,0.9530823374100037,0.03267692619327155,0.014240736396724771
XGBoost / none,998,0,0,0.939913052821694,0.052774963069962544,0.0073119841083434094
XGBoost / none,999,0,0,0.5292694805235929,0.07427288923887414,0.396457630237533
XGBoost / none,1000,0,0,0.979323115437018,0.019732184037356902,0.0009447005256250788
XGBoost / none,1001,0,0,0.985144668502299,0.01373480707251994,0.001120524425181078
XGBoost / none,1002,0,2,0.20016114935699122,0.021022726398554015,0.7788161242444548
XGBoost / none,1003,0,0,0.9817003817462852,0.01740209050398362,0.0008975277497312453
XGBoost / none,1004,0,0,0.9875620583442114,0.01174454574874491,0.0006933959070436624
XGBoost / none,1005,0,0,0.998107062081889,0.001662349189317011,0.0002305887287939311
XGBoost / none,1006,1,0,0.9156048348185518,0.047905404990589324,0.03648976019085883
XGBoost / none,1007,0,0,0.9835172706132524,0.014979101434976976,0.0015036279517705868
XGBoost / none,1008,0,0,0.9339309620155112,0.06579169832057329,0.0002773396639155296
XGBoost / none,1009,0,0,0.9979080026252072,0.0014467412932187018,0.0006452560815740974
XGBoost / none,1010,0,0,0.9957216711463425,0.003381371407569919,0.0008969574460875926
XGBoost / none,1011,0,0,0.9970927597141898,0.002273867454219731,0.0006333728315904975
XGBoost / none,1012,0,2,0.2618158655275904,0.025253721456363516,0.7129304130160461
XGBoost / none,1013,0,0,0.9987431012973759,0.0011393967838415956,0.00011750191878257022
XGBoost / none,1014,0,0,0.9220762123995059,0.07288990067937551,0.005033886921118662
XGBoost / none,1015,0,0,0.9982188720842432,0.0017362355211550165,4.489239460180535e-05
XGBoost / none,1016,0,0,0.9973091081830909,0.0023685750082750407,0.000322316808634047
XGBoost / none,1017,1,1,0.2698321690751644,0.7057150137743915,0.02445281715044411
XGBoost / none,1018,0,0,0.9584491305121855,0.040514240919003956,0.0010366285688105503
XGBoost / none,1019,0,0,0.740025521703112,0.2390484069270052,0.020926071369882806
XGBoost / none,1020,2,2,0.16013059046140735,0.0025091453030621673,0.8373602642355304
XGBoost / none,1021,0,0,0.908420760593812,0.08636873396420526,0.005210505441982646
XGBoost / none,1022,0,0,0.9857275286994088,0.0032015134473009563,0.011070957853290184
XGBoost / none,1023,0,0,0.6600424647331238,0.20023716986179352,0.1397203654050827
XGBoost / none,1024,1,0,0.9962398136214665,0.003225384151639509,0.0005348022268939553
XGBoost / none,1025,0,0,0.6345971427637179,0.03025731353903996,0.33514554369724214
XGBoost / none,1026,0,0,0.9952632475053224,0.004640783782415516,9.596871226214221e-05
XGBoost / none,1027,0,0,0.9971850644357506,0.0027469899863343675,6.79455779150196e-05
XGBoost / none,1028,0,2,0.26393541644525637,0.025442155030663768,0.7106224285240799
XGBoost / none,1029,0,0,0.9769673283782123,0.015457167189381858,0.007575504432405782
XGBoost / none,1030,1,0,0.654167383350464,0.22203076878327588,0.12380184786626017
XGBoost / none,1031,0,0,0.9314127304196527,0.04734345020698057,0.021243819373366814
XGBoost / none,1032,0,0,0.9907369526669526,0.009136924058293208,0.00012612327475422766
XGBoost / none,1033,2,0,0.6630039060720264,0.014470153151309277,0.3225259407766643
XGBoost / none,1034,1,1,0.42156879370119554,0.442647649128665,0.13578355717013946
XGBoost / none,1035,0,1,0.2920221929993072,0.6867288223145749,0.021248984686117904
XGBoost / none,1036,0,0,0.6395989948328126,0.35138888770533305,0.009012117461854364
XGBoost / none,1037,0,0,0.9989026446500013,0.0008225419745594595,0.0002748133754391814
XGBoost / none,1038,0,0,0.9966542757922943,0.0015780236630813169,0.0017677005446244051
XGBoost / none,1039,2,2,0.2360929572927044,0.008934696296492274,0.7549723464108034
XGBoost / none,1040,0,0,0.5952883825759206,0.06382825082924401,0.34088336659483537
XGBoost / none,1041,0,0,0.9994625255744154,0.0003916618804082056,0.00014581254517643995
XGBoost / none,1042,0,0,0.9900016337492696,0.0037977810164984507,0.00620058523423189
XGBoost / none,1043,0,2,0.33408739913934915,0.037061191819152295,0.6288514090414985
XGBoost / none,1044,1,1,0.07119028376326388,0.8800418508059062,0.04876786543082991
XGBoost / none,1045,0,0,0.9881272879241002,0.011117030829559619,0.0007556812463401682
XGBoost / none,1046,0,0,0.7321574710118695,0.003525194489822613,0.26431733449830797
XGBoost / none,1047,1,2,0.10138637633902156,0.0014164312828395546,0.8971971923781389
XGBoost / none,1048,0,0,0.9983656599729204,0.0009074003535306288,0.0007269396735489605
XGBoost / none,1049,0,0,0.9724149658697891,0.014390828952235967,0.013194205177974863
XGBoost / none,1050,2,2,0.0064417841122916385,0.002429052729626824,0.9911291631580815
XGBoost / none,1051,0,0,0.9995752390465715,0.00039113384426885366,3.362710915962037e-05
XGBoost / none,1052,0,0,0.9941179083359072,0.005512994072850948,0.0003690975912418346
XGBoost / none,1053,0,0,0.974133920996271,0.02130182486732922,0.004564254136399768
XGBoost / none,1054,0,0,0.9975291977441235,0.002103541023361863,0.00036726123251456817
XGBoost / none,1055,0,0,0.9909314343990561,0.006322642129307798,0.002745923471636102
XGBoost / none,1056,2,2,0.00038143203717144064,0.00010446484522698753,0.9995141031176016
XGBoost / none,1057,1,0,0.8156851682008276,0.12455886089352632,0.05975597090564614
XGBoost / none,1058,1,0,0.9994952800563921,0.0002602900526562453,0.000244429890951611
XGBoost / none,1059,2,2,0.00391229296577384,0.0010521577418636818,0.9950355492923625
XGBoost / none,1060,0,0,0.9968774153901505,0.002702810756885548,0.000419773852963945
XGBoost / none,1061,2,2,0.019475636233954766,0.0027979090051483526,0.9777264547608969
XGBoost / none,1062,2,2,0.15803698724398055,0.16693035760729438,0.675032655148725
XGBoost / none,1063,0,0,0.9839771275983978,0.0009087980037525528,0.015114074397849571
XGBoost / none,1064,0,0,0.9994306173822453,0.0005177807285763792,5.160188917836596e-05
XGBoost / none,1065,1,1,0.43191744147571737,0.5631860269075267,0.004896531616755892
XGBoost / none,1066,0,0,0.9946314148556457,0.0050777453263870604,0.0002908398179672416
XGBoost / none,1067,0,0,0.9956554494333575,0.003034822973144606,0.0013097275934979339
XGBoost / none,1068,0,2,0.08340997652832305,0.023320500936979474,0.8932695225346975
XGBoost / none,1069,1,0,0.5191366556479784,0.42085631741159446,0.060007026940427116
XGBoost / none,1070,0,0,0.9965958462000322,0.0032965647190480087,0.00010758908091981367
XGBoost / none,1071,0,0,0.9969382505423074,0.0023195506583893527,0.0007421987993032175
XGBoost / none,1072,2,0,0.6489649390840346,0.0550518369113958,0.29598322400456956
XGBoost / none,1073,1,0,0.9432863441010519,0.05602633490231268,0.0006873209966353655
XGBoost / none,1074,0,0,0.9737440619732457,0.012679980490728668,0.013575957536025649
XGBoost / none,1075,0,0,0.7606724047260043,0.1464961977901341,0.0928313974838616
XGBoost / none,1076,0,0,0.9995468551582314,0.00040305945456431294,5.00853872042621e-05
XGBoost / none,1077,0,0,0.9762350016237492,0.020323028153906162,0.0034419702223446196
XGBoost / none,1078,1,0,0.9886712001600132,0.006627667806388829,0.004701132033598029
XGBoost / none,1079,0,0,0.9963591219421235,0.0034576258780877793,0.0001832521797887679
XGBoost / none,1080,0,0,0.9160324266848532,0.05776935772769631,0.026198215587450446
XGBoost / none,1081,0,0,0.9944986285379847,0.004124307366946439,0.0013770640950689546
XGBoost / none,1082,0,0,0.9989105966847874,0.000903282069059433,0.00018612124615314298
XGBoost / none,1083,1,2,0.032148149463313624,0.17712582977723013,0.7907260207594562
XGBoost / none,1084,1,0,0.8104935703316278,0.10075686646796317,0.08874956320040904
XGBoost / none,1085,0,0,0.9871986694548028,0.009116034195385586,0.0036852963498116014
XGBoost / none,1086,0,0,0.9838290330885978,0.015264254237334959,0.0009067126740672722
XGBoost / none,1087,0,0,0.6916435673531918,0.040406028015664563,0.2679504046311436
XGBoost / none,1088,0,0,0.8871244960789285,0.003315071649944948,0.10956043227112651
XGBoost / none,1089,0,0,0.9903604767532356,0.006472722019898736,0.0031668012268656594
XGBoost / none,1090,0,0,0.9976934344180842,0.002101515344014956,0.00020505023790083973
XGBoost / none,1091,0,0,0.9970280320884772,0.0026131027300796894,0.0003588651814431144
XGBoost / none,1092,0,0,0.9664067149435485,0.031245235804464897,0.0023480492519865888
XGBoost / none,1093,0,0,0.9947883148375433,0.005084104502016359,0.00012758066044034168
XGBoost / none,1094,0,1,0.4694270509087557,0.5131034274142363,0.01746952167700798
XGBoost / none,1095,1,0,0.9369248852535138,0.021770593022226465,0.041304521724259725
XGBoost / none,1096,1,0,0.9665507206691167,0.0325169361300316,0.0009323432008516276
XGBoost / none,1097,0,0,0.9957020222081188,0.004135893414526453,0.00016208437735479346
XGBoost / none,1098,0,0,0.9972062321528247,0.0024086473510052404,0.0003851204961701291
XGBoost / none,1099,0,0,0.9891930600227,0.004590375524205525,0.006216564453094399
XGBoost / none,1100,0,0,0.7307409913506661,0.085228811864757,0.1840301967845769
XGBoost / none,1101,0,0,0.9955071844792028,0.002949217522193443,0.001543597998603725
XGBoost / none,1102,0,1,0.4008349791200272,0.5536189695955029,0.045546051284469855
XGBoost / none,1103,0,0,0.9760275375670568,0.021720704778551946,0.002251757654391205
XGBoost / none,1104,0,0,0.9904284047161002,0.008042800822299356,0.0015287944616004436
XGBoost / none,1105,0,0,0.9964331447053554,0.002630131800288993,0.0009367234943556292
XGBoost / none,1106,2,2,0.0004300510908868795,0.00010824063769198116,0.9994617082714211
XGBoost / none,1107,0,0,0.9687475970348611,0.02992297090032551,0.0013294320648133764
XGBoost / none,1108,0,0,0.9967299251889634,0.002276952043303348,0.0009931227677332484
XGBoost / none,1109,0,0,0.9428680108828784,0.05588360601552116,0.0012483831016004375
XGBoost / none,1110,0,0,0.9998218920422842,6.520430457443901e-05,0.00011290365314136804
XGBoost / none,1111,2,2,0.04741900418644678,0.007750219672685694,0.9448307761408675
XGBoost / none,1112,0,0,0.997651387264576,0.00217450989824674,0.00017410283717726513
XGBoost / none,1113,0,0,0.6663304020936072,0.3023355327720607,0.03133406513433207
XGBoost / none,1114,0,0,0.9763145885497135,0.021514960600153402,0.002170450850133089
XGBoost / none,1115,1,0,0.6329168441550119,0.25327714334140927,0.11380601250357879
XGBoost / none,1116,0,0,0.9805343692347349,0.013175468818235385,0.006290161947029669
XGBoost / none,1117,0,0,0.9888780871372131,0.0009422868757467304,0.010179625987040178
XGBoost / none,1118,0,0,0.977295415550438,0.020482680181907104,0.0022219042676549674
XGBoost / none,1119,0,0,0.9843440764931696,0.015056778869308497,0.0005991446375218844
XGBoost / none,1120,2,0,0.4884828663504337,0.12173961938723638,0.38977751426232987
XGBoost / none,1121,0,0,0.5238323133612824,0.4203916427434736,0.055776043895243946
XGBoost / none,1122,0,0,0.9984339303254578,0.0006880178990287851,0.0008780517755134349
XGBoost / none,1123,0,0,0.9762524502759676,0.01309059485454012,0.01065695486949228
XGBoost / none,1124,0,0,0.9688771195629003,0.022271338456165576,0.008851541980934052
XGBoost / none,1125,0,0,0.9959253746430468,0.003918496222228554,0.0001561291347247037
XGBoost / none,1126,1,1,0.04021809123860626,0.9564706672802068,0.003311241481186941
XGBoost / none,1127,0,0,0.9873185548656198,0.011912332600174545,0.0007691125342055937
XGBoost / none,1128,1,2,0.34495775453557465,0.0990856781193172,0.5559565673451081
XGBoost / none,1129,2,2,0.017009009057974762,0.0007483846443284112,0.9822426062976968
XGBoost / none,1130,0,0,0.9899272720483725,0.009451411475236204,0.000621316476391345
XGBoost / none,1131,0,0,0.9965114020951273,0.003169380834347098,0.00031921707052552905
XGBoost / none,1132,1,0,0.9934503477433839,0.00639067119011407,0.0001589810665019835
XGBoost / none,1133,1,1,0.09674327388063339,0.8891876538461005,0.014069072273266064
XGBoost / none,1134,0,0,0.9989513249797678,0.0008135761092023843,0.00023509891102980936
XGBoost / none,1135,1,2,0.12009476304195468,0.2652607599684709,0.6146444769895744
XGBoost / none,1136,1,0,0.934065508584569,0.025849440729345967,0.040085050686084936
XGBoost / none,1137,0,0,0.8604254658488522,0.022564880381786223,0.11700965376936157
XGBoost / none,1138,0,0,0.978491433260196,0.020228682246006838,0.001279884493797103
XGBoost / none,1139,0,2,0.10899612185735864,0.02099333307527006,0.8700105450673713
XGBoost / none,1140,2,2,0.01896169402092064,0.10905984748505113,0.8719784584940282
XGBoost / none,1141,0,0,0.9749607941280112,0.020561146016300033,0.0044780598556887555
XGBoost / none,1142,0,0,0.997197462231214,0.002323815257704017,0.0004787225110820253
XGBoost / none,1143,1,0,0.9243685451832188,0.07499256123761486,0.0006388935791664302
XGBoost / none,1144,0,1,0.4733925185789937,0.5191790485716381,0.007428432849368233
XGBoost / none,1145,2,2,0.07438936042940601,0.013541622011689718,0.9120690175589042
XGBoost / none,1146,0,0,0.99544680804116,0.0036826790440846737,0.0008705129147552835
XGBoost / none,1147,0,0,0.819715875827876,0.06685570776885094,0.11342841640327311
XGBoost / none,1148,0,0,0.9219584623166531,0.06255310476738182,0.015488432915965022
XGBoost / none,1149,0,0,0.9765603911001144,0.02076221022842894,0.0026773986714566434
XGBoost / none,1150,0,0,0.9688005422024376,0.03070995578766307,0.0004895020098993574
XGBoost / none,1151,0,0,0.9913469042349223,0.002164042340607747,0.006489053424469889
XGBoost / none,1152,0,0,0.9177973184939724,0.06085294055889416,0.021349740947133482
XGBoost / none,1153,0,0,0.940883917848771,0.01475942015607936,0.044356661995149614
XGBoost / none,1154,2,2,0.016613931082708058,0.02701705049786905,0.9563690184194229
XGBoost / none,1155,0,0,0.5995057314560671,0.20246574584343652,0.19802852270049637
XGBoost / none,1156,0,0,0.8614765044614275,0.015595626363714052,0.12292786917485846
XGBoost / none,1157,2,2,0.053090953430754456,0.0014290976399730755,0.9454799489292725
XGBoost / none,1158,0,0,0.9993171898681473,0.00043234212520169244,0.00025046800665099735
XGBoost / none,1159,0,2,0.2769093575382834,0.08966747871788171,0.6334231637438349
XGBoost / none,1160,0,0,0.6976881168427242,0.016179476741176684,0.2861324064160991
XGBoost / none,1161,0,0,0.9818681400201786,0.017499994347017538,0.0006318656328037852
XGBoost / none,1162,1,1,0.4485861990495488,0.4723834430603939,0.07903035789005725
XGBoost / none,1163,0,0,0.9939755651007978,0.005506963387989571,0.0005174715112126262
XGBoost / none,1164,0,0,0.9920616810735812,0.007396894576659949,0.000541424349758867
XGBoost / none,1165,0,0,0.9995967245542395,0.0003339932715083289,6.928217425212792e-05
XGBoost / none,1166,0,0,0.970904960399222,0.028465858141891582,0.0006291814588863742
XGBoost / none,1167,1,1,0.08911454077763899,0.9098650365347398,0.0010204226876212256
XGBoost / none,1168,1,1,0.3404694805121128,0.6514340657315237,0.008096453756363468
XGBoost / none,1169,0,0,0.9858748507284588,0.013076709836108358,0.0010484394354327753
XGBoost / none,1170,1,0,0.6455741060922204,0.3469607305090279,0.007465163398751612
XGBoost / none,1171,0,0,0.9769255368896815,0.018895762460816166,0.004178700649502265
XGBoost / none,1172,0,0,0.9094032523469833,0.03797471721338496,0.05262203043963174
XGBoost / none,1173,0,0,0.9716385038576413,0.023586712854498527,0.0047747832878602126
XGBoost / none,1174,0,0,0.9923641797197538,0.0032012160308800643,0.004434604249366143
XGBoost / none,1175,2,2,0.009752578810846265,0.0020318780562085916,0.9882155431329451
XGBoost / none,1176,0,0,0.965515806588548,0.033772845318571776,0.0007113480928802785
XGBoost / none,1177,0,2,0.47836965634356027,0.01458221031546171,0.507048133340978
XGBoost / none,1178,0,0,0.9925886392593384,0.0059429556131362915,0.0014684051275253296
XGBoost / none,1179,0,0,0.971109510824703,0.026266468725539466,0.0026240204497576048
XGBoost / none,1180,2,2,0.062655142360255,0.005910301944855055,0.93143455569489
XGBoost / none,1181,0,0,0.9679038621531487,0.029325817073930553,0.0027703207729206872
XGBoost / none,1182,0,0,0.9980908825715898,0.0015860294749076463,0.0003230879535025479
XGBoost / none,1183,0,0,0.9734269189905516,0.026308180249022397,0.00026490076042600525
XGBoost / none,1184,0,0,0.6107831103672237,0.021500630664649748,0.36771625896812665
XGBoost / none,1185,0,2,0.4375944007159948,0.03893038514463946,0.5234752141393657
XGBoost / none,1186,0,1,0.20358665894230185,0.6115964833377744,0.1848168577199238
XGBoost / none,1187,2,2,0.015632704366228115,0.023753777854257162,0.9606135177795148
XGBoost / none,1188,0,0,0.8931956027893574,0.01932715696570117,0.08747724024494143
XGBoost / none,1189,0,0,0.9881125980916287,0.010864211843797014,0.0010231900645743383
XGBoost / none,1190,0,0,0.9816938992451054,0.016372715650240923,0.0019333851046537
XGBoost / none,1191,0,0,0.9772509480863081,0.0212382180113843,0.0015108339023076627
XGBoost / none,1192,0,0,0.9966478671165825,0.0026014104239489595,0.0007507224594685508
XGBoost / none,1193,0,0,0.9993197999155398,0.0006129437874526645,6.72562970075908e-05
XGBoost / none,1194,1,1,0.164133881680138,0.8108019941567186,0.025064124163143388
XGBoost / none,1195,2,0,0.9597812286021363,0.03044361804570666,0.00977515335215707
XGBoost / none,1196,0,0,0.9993660311040596,0.0003668950542591104,0.00026707384168125
XGBoost / none,1197,0,0,0.9983770768286613,0.00100070865963956,0.0006222145116992077
XGBoost / none,1198,0,0,0.9821236455219711,0.009147058916826017,0.008729295561202926
XGBoost / none,1199,0,1,0.363294576036585,0.6347342210370533,0.0019712029263615964
XGBoost / none,1200,0,0,0.8445115435482077,0.028232236618379515,0.12725621983341284
XGBoost / none,1201,0,0,0.9997104577774374,0.00021882001826284986,7.072220429974534e-05
XGBoost / none,1202,2,0,0.9483124333350735,0.0017754060156930788,0.04991216064923341
XGBoost / none,1203,0,0,0.9937529493586976,0.001251460434771002,0.004995590206531347
XGBoost / none,1204,0,0,0.9453785945074364,0.008294653085659048,0.04632675240690445
XGBoost / none,1205,0,0,0.9978285578517075,0.0018752218732548368,0.000296220275037667
XGBoost / none,1206,0,0,0.9938434546372282,0.0015323945837620108,0.004624150779009794
XGBoost / none,1207,0,0,0.9736504690765935,0.021293932869479986,0.005055598053926575
XGBoost / none,1208,0,0,0.9974533639737435,0.002091634262264341,0.0004550017639921374
XGBoost / none,1209,0,0,0.9931302479366888,0.005913083330038993,0.0009566687332721969
XGBoost / none,1210,0,1,0.4276634542351551,0.5669444915585022,0.005392054206342616
XGBoost / none,1211,0,0,0.8522231729628893,0.13787438219377143,0.009902444843339223
XGBoost / none,1212,2,0,0.8088207539610284,0.03180015713720928,0.15937908890176233
XGBoost / none,1213,0,0,0.9943563384346206,0.005377700109533739,0.00026596145584569235
XGBoost / none,1214,0,0,0.9793176897257359,0.01905604499812537,0.001626265276138822
XGBoost / none,1215,1,0,0.7729010150078117,0.16478801342911945,0.062310971563068876
XGBoost / none,1216,0,0,0.9870600201961022,0.012564244045673304,0.00037573575822457376
XGBoost / none,1217,0,0,0.9964850618658355,0.003254500047147897,0.00026043808701654793
XGBoost / none,1218,0,0,0.9979923495915811,0.001484302850739111,0.0005233475576798208
XGBoost / none,1219,0,0,0.9924963118807524,0.0013751784913658928,0.006128509627881699
XGBoost / none,1220,0,0,0.8374473592956108,0.009596748438423008,0.15295589226596623
XGBoost / none,1221,0,0,0.7546103141197993,0.01866994460429893,0.22671974127590175
XGBoost / none,1222,0,0,0.5757193350896487,0.11143172117204513,0.3128489437383062
XGBoost / none,1223,0,0,0.9599128818524945,0.018858957754687104,0.021228160392818444
XGBoost / none,1224,0,0,0.9978611886419096,0.0017466012773829748,0.0003922100807074047
XGBoost / none,1225,0,0,0.906760985974981,0.08656454787021035,0.006674466154808585
XGBoost / none,1226,0,0,0.9970725527526283,0.0024232561099164244,0.0005041911374553209
XGBoost / none,1227,0,0,0.9900371154939362,0.009134119670556868,0.0008287648355068495
XGBoost / none,1228,0,0,0.995544390736167,0.0038810147159740595,0.0005745945478590336
XGBoost / none,1229,0,0,0.9662146203856057,0.006931364740505561,0.026854014873888714
XGBoost / none,1230,1,0,0.7840464535941232,0.1584512555945384,0.05750229081133848
XGBoost / none,1231,0,0,0.6554289557848715,0.03687961454510114,0.3076914296700273
XGBoost / none,1232,0,0,0.9617442644707048,0.03767049140244453,0.0005852441268506295
XGBoost / none,1233,0,0,0.9962001016418697,0.003647537978670782,0.00015236037945950758
XGBoost / none,1234,0,1,0.33692761941880345,0.6537223397407463,0.009350040840450293
XGBoost / none,1235,0,0,0.7115603685379028,0.22441327571868896,0.0640263557434082
XGBoost / none,1236,0,0,0.9756485901594509,0.007948719963001534,0.01640268987754752
XGBoost / none,1237,0,0,0.9876802152740437,0.010987864081869613,0.0013319206440866953
XGBoost / none,1238,0,0,0.9862845921382286,0.0013922875211157641,0.012323120340655615
XGBoost / none,1239,1,0,0.9723735623761058,0.017798979150299547,0.00982745847359459
XGBoost / none,1240,2,0,0.7754037947378911,0.03162256243965565,0.19297364282245322
XGBoost / none,1241,0,0,0.9843450580544315,0.0036488561015469937,0.012006085844021448
XGBoost / none,1242,0,0,0.9753726966074322,0.022356277893874333,0.0022710254986935186
XGBoost / none,1243,0,0,0.9951828984625714,0.004221179382767815,0.0005959221546608194
XGBoost / none,1244,0,0,0.8429038540327993,0.14909979728814177,0.007996348679058903
XGBoost / none,1245,0,0,0.9928092461290348,0.006630089734565298,0.0005606641363999128
XGBoost / none,1246,0,0,0.9360777775990233,0.06032482921545593,0.0035973931855207164
XGBoost / none,1247,2,2,0.025917911262414745,0.0021598939250808314,0.9719221948125044
XGBoost / none,1248,0,0,0.9945881819450272,0.004338646505075831,0.0010731715498969513
XGBoost / none,1249,0,0,0.7545018252320723,0.04297269167730727,0.20252548309062035
XGBoost / none,1250,0,2,0.14185669331201534,0.008533794019597314,0.8496095126683874
XGBoost / none,1251,2,2,0.037561526399462836,0.0021154886390511132,0.960322984961486
XGBoost / none,1252,0,2,0.386722594499588,0.08076748251914978,0.5325099229812622
XGBoost / none,1253,1,0,0.9117939506165458,0.04431278275069886,0.04389326663275535
XGBoost / none,1254,0,0,0.99257761193785,0.005025789139314653,0.0023965989228353843
XGBoost / none,1255,0,0,0.98851891572753,0.011275946413693571,0.0002051378587764473
XGBoost / none,1256,0,0,0.9989841264499045,0.0009625661464574479,5.3307403638071436e-05
XGBoost / none,1257,0,0,0.9907952096360033,0.005959043366699417,0.0032457469972972898
XGBoost / none,1258,2,2,0.040743821896555676,0.0036151706199260593,0.9556410074835182
XGBoost / none,1259,1,2,0.01619060685946633,0.054372186893639166,0.9294372062468945
XGBoost / none,1260,0,0,0.690389264941753,0.005375638987218921,0.30423509607102805
XGBoost / none,1261,0,0,0.9553540153344448,0.02976003227681057,0.01488595238874467
XGBoost / none,1262,0,0,0.9304246972098011,0.06819988401313969,0.0013754187770591204
XGBoost / none,1263,0,0,0.9848795867973054,0.013112142196477567,0.0020082710062171256
XGBoost / none,1264,0,0,0.995217277654958,0.004388397358238166,0.0003943249868038058
XGBoost / none,1265,0,0,0.9769303234576433,0.0048437506888876275,0.018225925853469035
XGBoost / none,1266,0,0,0.7382763431670726,0.03314065474277517,0.2285830020901523
XGBoost / none,1267,2,2,0.462118524507599,0.016841611552376005,0.521039863940025
XGBoost / none,1268,2,0,0.5679542907261848,0.010418970865385246,0.42162673840843
XGBoost / none,1269,0,0,0.9908416381944899,0.005104457085256917,0.004053904720253178
XGBoost / none,1270,2,2,0.0017225338985101485,0.0003862511532527414,0.9978912149482371
XGBoost / none,1271,0,0,0.9984683915173913,0.0010793520467762972,0.0004522564358323444
XGBoost / none,1272,0,0,0.9326401514634419,0.04792232960824251,0.01943751892831554
XGBoost / none,1273,0,0,0.9930563675427327,0.00515623861858318,0.0017873938386841017
XGBoost / none,1274,1,1,0.19625236532656176,0.709162072297083,0.09458556237635528
XGBoost / none,1275,0,0,0.9835332857136633,0.00580156246669285,0.010665151819643892
XGBoost / none,1276,0,0,0.9937584988953246,0.005886566002172864,0.00035493510250250623
XGBoost / none,1277,0,0,0.9919719259527758,0.006631195253390842,0.0013968787938332902
XGBoost / none,1278,0,0,0.9866941524824537,0.0007240765083663409,0.01258177100917993
XGBoost / none,1279,1,0,0.6047064774615034,0.026139062384871067,0.3691544601536255
XGBoost / none,1280,1,1,0.2286970476410516,0.7691558728111715,0.002147079547776896
XGBoost / none,1281,0,0,0.9948020980653179,0.004624516613550715,0.0005733853211313654
XGBoost / none,1282,2,2,0.05341648080338516,0.003882518103749992,0.9427010010928648
XGBoost / none,1283,0,0,0.9545790722006954,0.037017804294208326,0.008403123505096274
XGBoost / none,1284,2,2,0.059310736315787996,0.009325052932861223,0.9313642107513508
XGBoost / none,1285,0,0,0.9966145039472404,0.0025312851348203744,0.0008542109179392557
XGBoost / none,1286,0,0,0.9978259599462934,0.0020276644135737766,0.00014637564013281895
XGBoost / none,1287,0,0,0.9949669953885233,0.0041253192222275754,0.0009076853892491672
XGBoost / none,1288,0,0,0.9731792018809118,0.020209989416733878,0.006610808702354308
XGBoost / none,1289,0,0,0.9920062105169394,0.0067599283229815435,0.0012338611600790383
XGBoost / none,1290,0,0,0.9920510986911739,0.004721069403289848,0.0032278319055362276
XGBoost / none,1291,1,1,0.2350091895901963,0.7585123057719643,0.00647850463783943
XGBoost / none,1292,1,2,0.056325176127072635,0.345638282872102,0.5980365410008254
XGBoost / none,1293,0,0,0.9985025453044407,0.0013422007007256786,0.00015525399483365081
XGBoost / none,1294,0,0,0.9969985233213893,0.00071151424730213,0.002289962431308598
XGBoost / none,1295,2,2,0.04933154978478118,0.014699987204279692,0.9359684630109392
XGBoost / none,1296,0,0,0.9313333222897108,0.014550382565829922,0.05411629514445935
XGBoost / none,1297,2,0,0.6010628093647716,0.002591462955503448,0.3963457276797249
XGBoost / none,1298,0,0,0.8697686454584791,0.017894894417968227,0.11233646012355268
XGBoost / none,1299,0,0,0.9978022656541691,0.000988688969100554,0.0012090453767303207
XGBoost / none,1300,0,0,0.9907523886127478,0.007307391511306187,0.0019402198759459293
XGBoost / none,1301,0,0,0.9962280746013014,0.0035009567238652155,0.00027096867483339794
XGBoost / none,1302,0,0,0.9969095622837211,0.002868320104522477,0.00022211761175643859
XGBoost / none,1303,0,0,0.9972893163349705,0.001233814770119251,0.0014768688949102669
XGBoost / none,1304,0,0,0.802256286312363,0.02887498057447229,0.1688687331131647
XGBoost / none,1305,0,0,0.9509265431677238,0.009277774960992649,0.0397956818712835
XGBoost / none,1306,0,2,0.11504920598449449,0.053046267311397235,0.8319045267041083
XGBoost / none,1307,0,0,0.919798943666958,0.0036949430456913687,0.07650611328735062
XGBoost / none,1308,2,0,0.8870393220782595,0.020388686080058754,0.09257199184168168
XGBoost / none,1309,0,0,0.9957000685324391,0.0016889375677099708,0.0026109938998509614
XGBoost / none,1310,1,1,0.18404353213439978,0.5740919880298373,0.24186447983576298
XGBoost / none,1311,0,0,0.9930397169221501,0.005690582037616777,0.0012697010402330905
XGBoost / none,1312,0,0,0.9983048326584985,0.001232019611727691,0.0004631477297738261
XGBoost / none,1313,0,0,0.9267954014522163,0.06524325010266038,0.00796134844512333
XGBoost / none,1314,0,0,0.9773318152728054,0.02179325367794504,0.0008749310492495584
XGBoost / none,1315,0,0,0.9656804197241922,0.03181634468598081,0.0025032355898270135
XGBoost / none,1316,0,0,0.9978699217950887,0.001916802860535936,0.00021327534437533827
XGBoost / none,1317,0,0,0.9992662938041914,0.0006418068450891055,9.18993507195236e-05
XGBoost / none,1318,0,0,0.7384384567930437,0.23802407600631997,0.023537467200636344
XGBoost / none,1319,0,0,0.9811277309573557,0.015486048408315588,0.0033862206343287316
XGBoost / none,1320,0,0,0.9537206292152405,0.03519111126661301,0.011088259518146515
XGBoost / none,1321,0,0,0.9949468853603002,0.004603520913072311,0.00044959372662746255
XGBoost / none,1322,0,0,0.9916950550589982,0.0077936785015150604,0.0005112664394867452
XGBoost / none,1323,2,2,0.012908351205259051,0.004263706680017611,0.9828279421147234
XGBoost / none,1324,2,2,0.007193403961773617,0.009733877686265166,0.9830727183519612
XGBoost / none,1325,0,0,0.4907323310360536,0.46290632047713576,0.04636134848681058
XGBoost / none,1326,0,0,0.9675177817812202,0.027173367751552886,0.005308850467226934
XGBoost / none,1327,0,0,0.9624577924281869,0.001637914944339495,0.03590429262747368
XGBoost / none,1328,2,0,0.49883039942588503,0.006061809397156567,0.49510779117695836
XGBoost / none,1329,1,1,0.3491298154255803,0.35760234720699946,0.2932678373674203
XGBoost / none,1330,2,2,0.1666253907617538,0.015240443444612154,0.8181341657936341
XGBoost / none,1331,0,0,0.9100136722996321,0.07088949504908362,0.019096832651284215
XGBoost / none,1332,1,0,0.8208773701605299,0.058001201383765036,0.12112142845570509
XGBoost / none,1333,0,0,0.9876987487111228,0.00835435434868811,0.00394689694018909
XGBoost / none,1334,0,0,0.9944332411466359,0.005345828922290321,0.00022092993107375442
XGBoost / none,1335,0,0,0.9578710783876169,0.04001325860535578,0.002115663007027391
XGBoost / none,1336,0,0,0.9072830262655254,0.09052152367887344,0.0021954500556012396
XGBoost / none,1337,0,0,0.9884502250273954,0.010218456029577157,0.0013313189430273755
XGBoost / none,1338,0,0,0.9988241193815047,0.00023600949447146288,0.0009398711240238213
XGBoost / none,1339,0,0,0.9895847755421685,0.00947592158294312,0.0009393028748884084
XGBoost / none,1340,2,0,0.6309994553178467,0.14738041382104775,0.2216201308611055
XGBoost / none,1341,0,0,0.9976831933580516,0.0020253530763617877,0.00029145356558660804
XGBoost / none,1342,0,0,0.9880599595787088,0.007358122778046769,0.004581917643244438
XGBoost / none,1343,0,0,0.7829136631558747,0.0277317738552133,0.189354562988912
XGBoost / none,1344,1,0,0.9804232739132613,0.01701042908472621,0.002566297002012489
XGBoost / none,1345,0,0,0.773595536215062,0.21570241957025738,0.010702044214680635
XGBoost / none,1346,0,0,0.9766078014627952,0.022103395356768477,0.0012888031804363306
XGBoost / none,1347,2,2,0.07733166059358368,0.008234640414675615,0.9144336989917407
XGBoost / none,1348,0,0,0.9986322997796162,0.001290912102924708,7.67881174590367e-05
XGBoost / none,1349,0,0,0.898143274325936,0.09912766326952996,0.002729062404534054
XGBoost / none,1350,0,0,0.7190646113995408,0.02704372659631907,0.25389166200414015
XGBoost / none,1351,2,2,0.02425004774378337,0.005118945317925318,0.9706310069382913
XGBoost / none,1352,0,0,0.6756028281300206,0.08221191606626227,0.24218525580371708
XGBoost / none,1353,0,0,0.9061939289084436,0.07529147109559683,0.01851459999595955
XGBoost / none,1354,0,0,0.9860945503790945,0.00992851846701966,0.003976931153885806
XGBoost / none,1355,0,0,0.9623896105393235,0.034510944834114876,0.003099444626561603
XGBoost / none,1356,0,0,0.9927483127061403,0.0015071779377223704,0.005744509356137295
XGBoost / none,1357,2,2,0.41096975940127195,0.012026470020117573,0.5770037705786105
XGBoost / none,1358,1,0,0.7444565878352959,0.24897806300040695,0.006565349164297154
XGBoost / none,1359,0,0,0.9809588680309184,0.015509562393543544,0.003531569575538081
XGBoost / none,1360,0,0,0.9932413705896335,0.005647034050350392,0.001111595360016166
XGBoost / none,1361,0,0,0.9966212750357969,0.0031210999753939535,0.00025762498880912944
XGBoost / none,1362,0,0,0.9645820300473078,0.028740525366116654,0.006677444586575498
XGBoost / none,1363,0,0,0.9996386318978557,0.00030799814052585454,5.336996161835847e-05
XGBoost / none,1364,0,0,0.9984653958879296,0.0012853142975913076,0.000249289814479135
XGBoost / none,1365,0,0,0.793945974517511,0.12583073129894895,0.08022329418353999
XGBoost / none,1366,0,0,0.9859894957151201,0.0012510119102535067,0.01275949237462646
XGBoost / none,1367,0,0,0.9906047577559098,0.00042853236974071506,0.00896670987434947
XGBoost / none,1368,0,0,0.9840407951181571,0.014328745106508143,0.001630459775334765
XGBoost / none,1369,2,2,0.008290053038353137,0.0009137831618098665,0.990796163799837
XGBoost / none,1370,0,0,0.9882577569208381,0.009913131839326414,0.0018291112398354816
XGBoost / none,1371,0,0,0.9637397508917629,0.03022653602946762,0.006033713078769533
XGBoost / none,1372,0,0,0.9942807548768896,0.005200978519033022,0.0005182666040773309
XGBoost / none,1373,0,0,0.9647684446246063,0.034501298378421266,0.0007302569969724235
XGBoost / none,1374,0,0,0.9689177117267355,0.02486028701454963,0.006222001258714958
XGBoost / none,1375,0,0,0.6116040071936552,0.006920405093154577,0.3814755877131903
XGBoost / none,1376,2,0,0.5136516304692922,0.05733417582018649,0.42901419371052135
XGBoost / none,1377,0,0,0.9499804822367347,0.049645777001387906,0.0003737407618773811
XGBoost / none,1378,2,2,0.028809993607255353,0.0037207600026073584,0.9674692463901373
XGBoost / none,1379,0,0,0.9986323617255096,0.001286354601926844,8.128367256348644e-05
XGBoost / none,1380,1,1,0.3701000644221873,0.5897737477820927,0.04012618779572005
XGBoost / none,1381,0,0,0.9675962879900062,0.015341692532684224,0.017062019477309568
XGBoost / none,1382,0,0,0.9744301157003887,0.01363324520864468,0.011936639090966608
XGBoost / none,1383,0,0,0.9958374907191563,0.0037707338719078793,0.0003917754089358692
XGBoost / none,1384,2,2,0.011351553067754684,0.06682392568971646,0.9218245212425289
XGBoost / none,1385,0,0,0.99367684750568,0.005229461971017409,0.0010936905233025654
XGBoost / none,1386,2,1,0.3184365535248353,0.39353566189003997,0.28802778458512474
XGBoost / none,1387,0,0,0.9199073876443975,0.0122678465684211,0.06782476578718138
XGBoost / none,1388,0,0,0.7941425964781773,0.17600908711544158,0.029848316406381165
XGBoost / none,1389,0,0,0.9944239588989218,0.005115803035358295,0.00046023806571994307
XGBoost / none,1390,0,0,0.7261992692947388,0.2508591413497925,0.02294158935546875
XGBoost / none,1391,0,0,0.9973234259968554,0.002330864249883839,0.0003457097532607232
XGBoost / none,1392,1,1,0.11997050426806989,0.8745077529300597,0.005521742801870457
XGBoost / none,1393,0,0,0.980069636385823,0.00883511080515095,0.011095252809026044
XGBoost / none,1394,0,0,0.9995062666992905,0.00036051899635184586,0.00013321430435765438
XGBoost / none,1395,0,0,0.6778926127051448,0.01097019368838158,0.3111371936064736
XGBoost / none,1396,0,0,0.9956997629502905,0.0038779240553693645,0.0004223129943400925
XGBoost / none,1397,0,0,0.9772160939323798,0.02259373780366552,0.0001901682639546619
XGBoost / none,1398,0,0,0.9006749408332164,0.08650621042867417,0.012818848738109411
XGBoost / none,1399,0,0,0.8028323532839032,0.14539467664925318,0.051772970066843636
XGBoost / none,1400,0,0,0.8178483581023586,0.17862772367647248,0.003523918221168985
XGBoost / none,1401,1,0,0.9900134292447549,0.00820735799758087,0.0017792127576642623
XGBoost / none,1402,0,0,0.9926363955745259,0.007010387769466745,0.0003532166560073807
XGBoost / none,1403,0,0,0.9953814357048907,0.004464038939408837,0.00015452535570047762
XGBoost / none,1404,2,2,0.37568261239760264,0.011816795607218262,0.6125005919951791
XGBoost / none,1405,0,0,0.9791215919119134,0.017242304390617937,0.003636103697468703
XGBoost / none,1406,1,0,0.7802355521987543,0.015179336523393885,0.2045851112778518
XGBoost / none,1407,0,0,0.996533754772316,0.00335813151848003,0.00010811370920401176
XGBoost / none,1408,2,0,0.8718254055401001,0.00396058479471704,0.12421400966518288
XGBoost / none,1409,0,0,0.934871578753371,0.05899711479611622,0.006131306450512801
XGBoost / none,1410,0,0,0.8716483598546338,0.008162220833570611,0.1201894193117955
XGBoost / none,1411,0,0,0.5091953429339928,0.24880672242661483,0.24199793463939234
XGBoost / none,1412,0,0,0.994803465092474,0.003001066786212223,0.0021954681213137667
XGBoost / none,1413,2,2,0.03487654023826767,0.006565200152685493,0.9585582596090468
XGBoost / none,1414,0,0,0.9957058611946422,0.003975622656371295,0.00031851614898649683
XGBoost / none,1415,0,0,0.9810698703667311,0.008440280816428357,0.010489848816840553
XGBoost / none,1416,0,0,0.9948786095223765,0.003447278263489069,0.0016741122141344313
XGBoost / none,1417,0,0,0.986490260888362,0.012826636579936648,0.0006831025317013319
XGBoost / none,1418,0,0,0.9311908613410697,0.06594044385077538,0.002868694808154976
XGBoost / none,1419,0,0,0.9787013708471104,0.0048531820947649434,0.01644544705812467
XGBoost / none,1420,2,2,0.0652977136327095,0.0018834215088956868,0.9328188648583948
XGBoost / none,1421,1,2,0.31885233521461487,0.3324095904827118,0.34873807430267334
XGBoost / none,1422,1,0,0.9992681523450107,0.0004851873856462309,0.00024666026934316875
XGBoost / none,1423,0,0,0.9694013263792742,0.02749437744690257,0.0031042961738231736
XGBoost / none,1424,2,0,0.537555610944825,0.3697071208190715,0.09273726823610358
XGBoost / none,1425,1,0,0.9902454921283411,0.00801779168340524,0.0017367161882536608
XGBoost / none,1426,0,0,0.9778604848960119,0.016768960867855728,0.00537055423613245
XGBoost / none,1427,2,2,0.0011659180832689438,0.0003904113284177063,0.9984436705883134
XGBoost / none,1428,0,0,0.9950521686788921,0.003508452127945892,0.0014393791931619905
XGBoost / none,1429,0,0,0.9853365971458303,0.008402444383118095,0.0062609584710516105
XGBoost / none,1430,2,2,0.312972279734703,0.10336717295175174,0.5836605473135452
XGBoost / none,1431,1,0,0.9204479829113488,0.028557078221362053,0.05099493886728919
XGBoost / none,1432,0,0,0.9990846724603195,0.0005910512762808912,0.00032427626339954796
XGBoost / none,1433,1,1,0.41623111594842566,0.550006297044761,0.0337625870068134
Random Forest / none / {'select_k': 60},0,0,0,0.769495890512947,0.10934313456974085,0.12116097491731223
Random Forest / none / {'select_k': 60},1,0,0,0.9898171768707482,0.010182823129251702,0.0
Random Forest / none / {'select_k': 60},2,0,0,0.9978174603174603,0.0021825396825396826,0.0
Random Forest / none / {'select_k': 60},3,0,0,0.9836002456538171,0.016399754346182918,0.0
Random Forest / none / {'select_k': 60},4,0,0,0.9569964096749812,0.04300359032501886,0.0
Random Forest / none / {'select_k': 60},5,0,0,0.9985544217687076,0.001445578231292517,0.0
Random Forest / none / {'select_k': 60},6,0,0,0.9771884448223733,0.02281155517762661,0.0
Random Forest / none / {'select_k': 60},7,0,0,0.9753637566137565,0.022552910052910054,0.0020833333333333324
Random Forest / none / {'select_k': 60},8,1,2,0.2034407887086459,0.13523070018605746,0.6613285111052968
Random Forest / none / {'select_k': 60},9,2,2,0.0,0.0,1.0
Random Forest / none / {'select_k': 60},10,2,0,0.5340458565904992,0.10785465361358224,0.3580994897959185
Random Forest / none / {'select_k': 60},11,0,0,0.5031698790627365,0.013111772486772491,0.48371834845049094
Random Forest / none / {'select_k': 60},12,0,0,0.9865351001511716,0.013464899848828418,0.0
Random Forest / none / {'select_k': 60},13,0,0,0.9976284958427816,0.0023715041572184435,0.0
Random Forest / none / {'select_k': 60},14,0,0,0.9633042800453515,0.027545115268329545,0.00915060468631897
Random Forest / none / {'select_k': 60},15,0,0,0.9988095238095237,0.0011904761904761904,0.0
Random Forest / none / {'select_k': 60},16,0,0,0.9874362244897958,0.012563775510204081,0.0
Random Forest / none / {'select_k': 60},17,1,0,0.9894392479213908,0.010560752078609221,0.0
Random Forest / none / {'select_k': 60},18,0,0,0.926952239229025,0.07304776077097491,0.0
Random Forest / none / {'select_k': 60},19,0,0,0.6889207766439909,0.11306807445200291,0.19801114890400617
Random Forest / none / {'select_k': 60},20,0,0,0.9763357426303854,0.022473781179138324,0.0011904761904761904
Random Forest / none / {'select_k': 60},21,2,0,0.891867441421013,0.08559854497354484,0.022534013605442164
Random Forest / none / {'select_k': 60},22,2,2,0.015084089191232046,0.0,0.984915910808768
Random Forest / none / {'select_k': 60},23,0,0,0.940588388133031,0.055443357898714934,0.0039682539682539646
Random Forest / none / {'select_k': 60},24,0,0,0.8981753117913837,0.10182468820861644,0.0
Random Forest / none / {'select_k': 60},25,0,0,0.9336592970521544,0.06327947845804975,0.0030612244897959156
Random Forest / none / {'select_k': 60},26,0,0,0.9961061507936507,0.0038938492063492055,0.0
Random Forest / none / {'select_k': 60},27,2,2,0.007986111111111112,0.0,0.9920138888888889
Random Forest / none / {'select_k': 60},28,0,0,0.7682387950472088,0.2155991775241172,0.01616202742867391
Random Forest / none / {'select_k': 60},29,0,0,0.9741223888545316,0.023968479437229438,0.0019091317082388505
Random Forest / none / {'select_k': 60},30,0,0,1.0,0.0,0.0
Random Forest / none / {'select_k': 60},31,0,0,0.8136042611489039,0.055293367346938724,0.13110237150415716
Random Forest / none / {'select_k': 60},32,0,0,0.9980406746031746,0.0019593253968253972,0.0
Random Forest / none / {'select_k': 60},33,2,2,0.35331160241874593,0.004095804988662132,0.6425925925925919
Random Forest / none / {'select_k': 60},34,0,0,0.9712360638699925,0.028763936130007543,0.0
Random Forest / none / {'select_k': 60},35,0,0,0.8867984693877552,0.1076943972033257,0.00550713340891912
Random Forest / none / {'select_k': 60},36,2,0,0.5756665540147683,0.13939500479679048,0.2849384411884411
Random Forest / none / {'select_k': 60},37,0,0,0.9975529100529101,0.0024470899470899468,0.0
Random Forest / none / {'select_k': 60},38,0,0,1.0,0.0,0.0
Random Forest / none / {'select_k': 60},39,0,0,0.9982142857142856,0.0017857142857142854,0.0
Random Forest / none / {'select_k': 60},40,2,2,0.22242063492063496,0.00595238095238095,0.771626984126984
Random Forest / none / {'select_k': 60},41,0,0,0.8081471497939055,0.10820151564146786,0.08365133456462674
Random Forest / none / {'select_k': 60},42,0,0,0.9678228930461074,0.032177106953892656,0.0
Random Forest / none / {'select_k': 60},43,0,0,0.9693393329554044,0.022913123582766447,0.007747543461829178
Random Forest / none / {'select_k': 60},44,0,0,0.9639278628117914,0.036072137188208585,0.0
Random Forest / none / {'select_k': 60},45,0,0,0.8644546012849585,0.13302390400604677,0.002521494708994709
Random Forest / none / {'select_k': 60},46,2,2,0.37360638699924453,0.17071168745275897,0.4556819255479965
Random Forest / none / {'select_k': 60},47,1,0,0.9960482804232804,0.003951719576719577,0.0
Random Forest / none / {'select_k': 60},48,1,1,0.37896116780045347,0.5802862811791384,0.04075255102040812
Random Forest / none / {'select_k': 60},49,0,0,0.9584160052910053,0.033118386243386234,0.008465608465608464
Random Forest / none / {'select_k': 60},50,0,0,0.9801634542705971,0.019836545729402882,0.0
Random Forest / none / {'select_k': 60},51,0,0,0.7418249244142104,0.1837289777021918,0.07444609788359764
Random Forest / none / {'select_k': 60},52,1,0,0.994812925170068,0.005187074829931972,0.0
Random Forest / none / {'select_k': 60},53,0,0,0.8898006424792139,0.11019935752078602,0.0
Random Forest / none / {'select_k': 60},54,2,2,0.09176587301587297,0.010258408919123206,0.8979757180650039
Random Forest / none / {'select_k': 60},55,0,0,0.9977891156462585,0.0022108843537414964,0.0
Random Forest / none / {'select_k': 60},56,0,0,1.0,0.0,0.0
Random Forest / none / {'select_k': 60},57,0,0,0.9668721655328797,0.02114866780045352,0.011979166666666664
Random Forest / none / {'select_k': 60},58,0,0,0.8344907407407409,0.0023596938775510183,0.16314956538170813
Random Forest / none / {'select_k': 60},59,0,0,0.9326046390778534,0.0649825207860921,0.00241284013605442
Random Forest / none / {'select_k': 60},60,2,0,0.4999126039304611,0.1221070719954648,0.37798032407407406
Random Forest / none / {'select_k': 60},61,0,0,0.9528935185185186,0.04593726379440661,0.0011692176870748295
Random Forest / none / {'select_k': 60},62,0,0,1.0,0.0,0.0
Random Forest / none / {'select_k': 60},63,2,2,0.06838860544217683,0.13159367913832207,0.8000177154195012
Random Forest / none / {'select_k': 60},64,0,0,0.994047619047619,0.0011904761904761904,0.004761904761904761
Random Forest / none / {'select_k': 60},65,0,2,0.17952451814058945,0.08884164777021902,0.7316338340891915
Random Forest / none / {'select_k': 60},66,0,0,0.9669855442176871,0.03301445578231287,0.0
Random Forest / none / {'select_k': 60},67,0,0,0.7216281651549512,0.09387755102040803,0.18449428382464086
Random Forest / none / {'select_k': 60},68,1,1,0.10884471844293259,0.8121787603930464,0.07897652116402096
Random Forest / none / {'select_k': 60},69,2,2,0.128207671957672,0.028435610355253223,0.8433567176870749
Random Forest / none / {'select_k': 60},70,0,2,0.40145058795122984,0.18858280194793992,0.4099666101008303
Random Forest / none / {'select_k': 60},71,0,0,0.9893152399848828,0.010684760015117157,0.0
Random Forest / none / {'select_k': 60},72,2,2,0.00505479969765684,0.0005952380952380952,0.994349962207105
Random Forest / none / {'select_k': 60},73,0,0,0.9970238095238094,0.002976190476190475,0.0
Random Forest / none / {'select_k': 60},74,2,2,0.015544690098261529,0.0020538076341647775,0.9824015022675737
Random Forest / none / {'select_k': 60},75,0,0,0.9928345492786487,0.003296403102303723,0.0038690476190476183
Random Forest / none / {'select_k': 60},76,2,2,0.053724962207105036,0.01988378684807255,0.9263912509448223
Random Forest / none / {'select_k': 60},77,0,0,0.8621690974369547,0.09661710643853491,0.041213796124510364
Random Forest / none / {'select_k': 60},78,0,0,0.6914384061705489,0.23339603518174967,0.07516555864770151
Random Forest / none / {'select_k': 60},79,0,0,0.994047619047619,0.00595238095238095,0.0
Random Forest / none / {'select_k': 60},80,0,0,0.9379177618016905,0.06208223819830955,0.0
Random Forest / none / {'select_k': 60},81,0,0,0.9808023904006047,0.019197609599395312,0.0
Random Forest / none / {'select_k': 60},82,0,0,0.9965986394557824,0.003401360544217687,0.0
Random Forest / none / {'select_k': 60},83,0,0,0.9976686507936509,0.000496031746031746,0.0018353174603174603
Random Forest / none / {'select_k': 60},84,0,0,0.9783564814814816,0.021643518518518524,0.0
Random Forest / none / {'select_k': 60},85,0,0,0.6072472170686457,0.21973272263450833,0.17302006029684597
Random Forest / none / {'select_k': 60},86,2,2,0.039236111111111055,0.0072798563869992386,0.9534840325018896
Random Forest / none / {'select_k': 60},87,0,0,0.9893412226001511,0.010658777399848824,0.0
Random Forest / none / {'select_k': 60},88,0,0,0.7315117587439017,0.17448303184910327,0.09400520940699504
Random Forest / none / {'select_k': 60},89,0,0,0.9889136904761905,0.001091269841269841,0.009995039682539682
Random Forest / none / {'select_k': 60},90,0,2,0.35261055207107017,0.05090030275395178,0.5964891451749782
Random Forest / none / {'select_k': 60},91,0,0,0.9740622637944066,0.025342498110355265,0.0005952380952380954
Random Forest / none / {'select_k': 60},92,1,2,0.4703880857898711,0.02506023242630386,0.5045516817838251
Random Forest / none / {'select_k': 60},93,0,0,0.9526868386243386,0.04731316137566133,0.0
Random Forest / none / {'select_k': 60},94,0,0,1.0,0.0,0.0
Random Forest / none / {'select_k': 60},95,1,0,0.9331927910052911,0.05066255668934233,0.016144652305366585
Random Forest / none / {'select_k': 60},96,0,0,1.0,0.0,0.0
Random Forest / none / {'select_k': 60},97,0,0,0.9996279761904762,0.0003720238095238095,0.0
Random Forest / none / {'select_k': 60},98,0,0,0.9864087301587301,0.01359126984126984,0.0
Random Forest / none / {'select_k': 60},99,0,0,0.9852194349962207,0.010316279289493574,0.004464285714285713
Random Forest / none / {'select_k': 60},100,0,0,0.9756672808012095,0.02433271919879063,0.0
Random Forest / none / {'select_k': 60},101,2,1,0.26822336889301185,0.3762408309283309,0.35553580017865727
Random Forest / none / {'select_k': 60},102,0,0,0.6975018533054247,0.219637224547939,0.08286092214663628
Random Forest / none / {'select_k': 60},103,0,0,0.40829790249433123,0.3066586356764926,0.28504346182917617
Random Forest / none / {'select_k': 60},104,0,0,0.7819555774912917,0.17974730296158867,0.038297119547119535
Random Forest / none / {'select_k': 60},105,0,0,0.8143916847041847,0.18501307720057716,0.0005952380952380951
Random Forest / none / {'select_k': 60},106,0,0,0.8458482840123084,0.11130414567301604,0.042847570314675475
Random Forest / none / {'select_k': 60},107,0,0,0.9319952286470145,0.06800477135298555,0.0
Random Forest / none / {'select_k': 60},108,0,0,0.8628543083900228,0.13655045351473905,0.0005952380952380947
Random Forest / none / {'select_k': 60},109,2,2,0.32118903748368044,0.05714521919879059,0.621665743317529
Random Forest / none / {'select_k': 60},110,2,2,0.155911044973545,0.12796910430838998,0.716119850718065
Random Forest / none / {'select_k': 60},111,0,0,0.7746495031093245,0.22535049689067563,0.0
Random Forest / none / {'select_k': 60},112,0,1,0.35899825207860947,0.5972399376417231,0.04376181027966737
Random Forest / none / {'select_k': 60},113,1,0,0.9692247732426305,0.030775226757369607,0.0
Random Forest / none / {'select_k': 60},114,0,0,0.9843253968253969,0.013492063492063491,0.0021825396825396817
Random Forest / none / {'select_k': 60},115,2,2,0.13705239040060466,0.02460435563114134,0.838343253968254
Random Forest / none / {'select_k': 60},116,0,0,0.9545882936507938,0.0454117063492063,0.0
Random Forest / none / {'select_k': 60},117,0,0,0.9149671674225247,0.03172831632653061,0.05330451625094477
Random Forest / none / {'select_k': 60},118,0,0,0.9998706004140787,0.00012939958592132506,0.0
Random Forest / none / {'select_k': 60},119,2,2,0.04157808956916094,0.009481292517006797,0.9489406179138322
Random Forest / none / {'select_k': 60},120,0,0,0.9986772486772487,0.001322751322751323,0.0
Random Forest / none / {'select_k': 60},121,0,0,0.9952380952380951,0.0,0.004761904761904761
Random Forest / none / {'select_k': 60},122,0,0,0.9932315287226001,0.006768471277399847,0.0
Random Forest / none / {'select_k': 60},123,0,0,0.9930886243386244,0.006911375661375661,0.0
Random Forest / none / {'select_k': 60},124,0,0,0.8096785241874529,0.04448578042328039,0.1458356953892668
Random Forest / none / {'select_k': 60},125,0,0,0.9634400982615268,0.036559901738473115,0.0
Random Forest / none / {'select_k': 60},126,0,0,0.9851802463409607,0.014819753659039375,0.0
Random Forest / none / {'select_k': 60},127,0,0,0.9796449829931974,0.02035501700680272,0.0
Random Forest / none / {'select_k': 60},128,0,0,0.9822030895691611,0.013573554421768708,0.004223356009070294
Random Forest / none / {'select_k': 60},129,0,2,0.3863815665154949,0.130013463718821,0.4836049697656842
Random Forest / none / {'select_k': 60},130,0,0,0.9864134542705971,0.013586545729402872,0.0
Random Forest / none / {'select_k': 60},131,0,0,0.9921213624338625,0.007878637566137565,0.0
Random Forest / none / {'select_k': 60},132,2,0,0.4899014943318129,0.4362011749967882,0.0738973306713989
Random Forest / none / {'select_k': 60},133,0,0,0.6986512660619804,0.04133479780801203,0.26001393613000745
Random Forest / none / {'select_k': 60},134,0,0,0.9433000283446711,0.055509495464852565,0.0011904761904761901
Random Forest / none / {'select_k': 60},135,0,0,0.9563255857898716,0.04330239040060468,0.0003720238095238094
Random Forest / none / {'select_k': 60},136,1,1,0.2965395880574453,0.6401844765684053,0.06327593537414958
Random Forest / none / {'select_k': 60},137,0,0,0.9811378023431595,0.018862197656840517,0.0
Random Forest / none / {'select_k': 60},138,0,0,0.8620615165258023,0.12190012368583794,0.016038359788359782
Random Forest / none / {'select_k': 60},139,2,2,0.0451058201058201,0.2218858439840584,0.7330083359101214
Random Forest / none / {'select_k': 60},140,2,2,0.005224867724867724,0.0,0.9947751322751324
Random Forest / none / {'select_k': 60},141,0,0,0.9745086923658353,0.024003212396069548,0.0014880952380952382
Random Forest / none / {'select_k': 60},142,0,0,0.9924331538170824,0.007566846182917611,0.0
Random Forest / none / {'select_k': 60},143,0,0,0.9941846182917612,0.005815381708238852,0.0
Random Forest / none / {'select_k': 60},144,0,0,0.9635156840513983,0.03461356764928191,0.0018707482993197274
Random Forest / none / {'select_k': 60},145,2,2,0.218775485340335,0.046980422285873416,0.7342440923737916
Random Forest / none / {'select_k': 60},146,0,0,0.8551516439909298,0.042820530990173813,0.10202782501889639
Random Forest / none / {'select_k': 60},147,0,0,0.9485225340136055,0.05147746598639442,0.0
Random Forest / none / {'select_k': 60},148,0,0,0.971847836356765,0.02744945200302343,0.0007027116402116402
Random Forest / none / {'select_k': 60},149,2,2,0.04611678004535145,0.016369047619047616,0.937514172335601
Random Forest / none / {'select_k': 60},150,0,0,0.9942460317460317,0.005753968253968253,0.0
Random Forest / none / {'select_k': 60},151,1,1,0.04377716364323502,0.898034769463341,0.05818806689342398
Random Forest / none / {'select_k': 60},152,0,2,0.2683945105820107,0.02207577475434619,0.7095297146636431
Random Forest / none / {'select_k': 60},153,2,2,0.11556831065759642,0.034358465608465574,0.850073223733938
Random Forest / none / {'select_k': 60},154,0,1,0.4690936791383222,0.5096596277399847,0.02124669312169314
Random Forest / none / {'select_k': 60},155,0,0,0.8453266723356008,0.15467332766439917,0.0
Random Forest / none / {'select_k': 60},156,0,0,0.9650522014361299,0.034947798563869974,0.0
Random Forest / none / {'select_k': 60},157,0,0,0.4892916194255479,0.06529076908541187,0.44541761148904024
Random Forest / none / {'select_k': 60},158,2,0,0.5270400704141309,0.020505007558578987,0.4524549220272902
Random Forest / none / {'select_k': 60},159,0,0,0.9982142857142856,0.0017857142857142854,0.0
Random Forest / none / {'select_k': 60},160,0,0,0.9521849017384733,0.04568924792139076,0.002125850340136054
Random Forest / none / {'select_k': 60},161,0,0,0.9823554421768708,0.01764455782312926,0.0
Random Forest / none / {'select_k': 60},162,0,0,1.0,0.0,0.0
Random Forest / none / {'select_k': 60},163,2,2,0.14558177437641726,0.04350907029478453,0.8109091553287983
Random Forest / none / {'select_k': 60},164,0,0,0.9958333333333333,0.004166666666666667,0.0
Random Forest / none / {'select_k': 60},165,0,0,0.5295834621727479,0.130934021335807,0.3394825164914452
Random Forest / none / {'select_k': 60},166,0,0,0.6086663832199546,0.1283871882086168,0.2629464285714286
Random Forest / none / {'select_k': 60},167,0,0,0.8619827097505671,0.06043556311413449,0.07758172713529848
Random Forest / none / {'select_k': 60},168,0,0,0.8248582766439907,0.16226969954648535,0.012872023809523798
Random Forest / none / {'select_k': 60},169,0,0,0.9226190476190477,0.0773809523809523,0.0
Random Forest / none / {'select_k': 60},170,0,0,0.6126158481069197,0.09189481979660544,0.29548933209647493
Random Forest / none / {'select_k': 60},171,0,0,0.9986607142857143,0.0013392857142857143,0.0
Random Forest / none / {'select_k': 60},172,0,0,1.0,0.0,0.0
Random Forest / none / {'select_k': 60},173,0,0,0.9989087301587302,0.0010912698412698413,0.0
Random Forest / none / {'select_k': 60},174,0,0,0.8250953411667696,0.13883703102453104,0.036067627808699244
Random Forest / none / {'select_k': 60},175,1,0,0.7852040816326532,0.2116213151927436,0.0031746031746031737
Random Forest / none / {'select_k': 60},176,2,2,0.08967072940287223,0.00189318783068783,0.9084360827664398
Random Forest / none / {'select_k': 60},177,0,0,0.9421756897203326,0.05501346371882085,0.002810846560846561
Random Forest / none / {'select_k': 60},178,0,0,0.6543875188964476,0.1212892101284958,0.22432327097505667
Random Forest / none / {'select_k': 60},179,2,2,0.36994047619047643,0.0503365929705214,0.5797229308390022
Random Forest / none / {'select_k': 60},180,0,0,0.9087679516250945,0.09123204837490538,0.0
Random Forest / none / {'select_k': 60},181,0,0,0.9933035714285713,0.006101190476190473,0.0005952380952380951
Random Forest / none / {'select_k': 60},182,2,2,0.08685870181405887,0.10358323885109585,0.8095580593348451
Random Forest / none / {'select_k': 60},183,2,2,0.18095001889644757,0.047673374905517714,0.7713766061980346
Random Forest / none / {'select_k': 60},184,0,0,0.6130642092695662,0.327575929361644,0.05935986136878989
Random Forest / none / {'select_k': 60},185,0,0,0.8503873771730918,0.06412273242630372,0.08548989040060459
Random Forest / none / {'select_k': 60},186,0,0,1.0,0.0,0.0
Random Forest / none / {'select_k': 60},187,0,0,0.940683233763591,0.05812629004593289,0.0011904761904761906
Random Forest / none / {'select_k': 60},188,1,2,0.1915828136810279,0.02738803854875282,0.7810291477702193
Random Forest / none / {'select_k': 60},189,2,2,0.11522345049130758,0.013950302343159486,0.870826247165533
Random Forest / none / {'select_k': 60},190,2,0,0.49517855423602386,0.19058952693572911,0.314231918828247
Random Forest / none / {'select_k': 60},191,0,0,0.9830498866213151,0.01695011337868481,0.0
Random Forest / none / {'select_k': 60},192,2,2,0.026936885865457293,0.27694279100529084,0.696120323129252
Random Forest / none / {'select_k': 60},193,0,0,0.8885723733938021,0.005828373015873011,0.10559925359032482
Random Forest / none / {'select_k': 60},194,2,2,0.2888428287981865,0.12018731103552531,0.5909698601662883
Random Forest / none / {'select_k': 60},195,0,0,0.9965029761904761,0.003497023809523809,0.0
Random Forest / none / {'select_k': 60},196,0,0,0.686262282690854,0.0024258314436885866,0.31131188586545744
Random Forest / none / {'select_k': 60},197,0,0,0.9736642573696146,0.021722647392290243,0.004613095238095236
Random Forest / none / {'select_k': 60},198,1,0,0.7225934030891493,0.20052378192044998,0.07688281499040064
Random Forest / none / {'select_k': 60},199,2,0,0.5201995857906183,0.34462899056746127,0.1351714236419203
Random Forest / none / {'select_k': 60},200,0,0,0.8434830876795163,0.15651691232048368,0.0
Random Forest / none / {'select_k': 60},201,0,0,0.7256259448223735,0.00492961073318216,0.2694444444444442
Random Forest / none / {'select_k': 60},202,0,0,0.9334762377173093,0.04271423847316703,0.0238095238095238
Random Forest / none / {'select_k': 60},203,0,2,0.10245417611489033,0.11568995653817088,0.7818558673469389
Random Forest / none / {'select_k': 60},204,2,2,0.21243150037792954,0.05953207671957673,0.7280364229024938
Random Forest / none / {'select_k': 60},205,0,0,0.9517420162509448,0.048257983749055176,0.0
Random Forest / none / {'select_k': 60},206,2,2,0.067214663643235,0.008961640211640209,0.9238236961451248
Random Forest / none / {'select_k': 60},207,1,0,0.936327239229025,0.008300264550264549,0.055372496220710464
Random Forest / none / {'select_k': 60},208,0,0,0.9994047619047619,0.0,0.0005952380952380953
Random Forest / none / {'select_k': 60},209,1,0,1.0,0.0,0.0
Random Forest / none / {'select_k': 60},210,0,0,0.6777374080945509,0.27366211004603874,0.048600481859410405
Random Forest / none / {'select_k': 60},211,0,0,0.9949829931972788,0.004421768707482992,0.0005952380952380952
Random Forest / none / {'select_k': 60},212,0,0,0.9823412698412699,0.017658730158730162,0.0
Random Forest / none / {'select_k': 60},213,0,0,0.9253934624697338,0.014318943208168382,0.06028759432209787
Random Forest / none / {'select_k': 60},214,0,0,1.0,0.0,0.0
Random Forest / none / {'select_k': 60},215,0,0,0.9983134920634921,0.0016865079365079364,0.0
Random Forest / none / {'select_k': 60},216,0,0,0.902790769085412,0.08426280234315944,0.012946428571428572
Random Forest / none / {'select_k': 60},217,1,1,0.2756017379333097,0.4441289378887471,0.2802693241779432
Random Forest / none / {'select_k': 60},218,0,2,0.30480442176870753,0.2069822373393804,0.48821334089191215
Random Forest / none / {'select_k': 60},219,0,0,0.8413418839758124,0.14896423847316706,0.009693877551020398
Random Forest / none / {'select_k': 60},220,0,0,0.8944999527588814,0.09487433862433854,0.010625708616780045
Random Forest / none / {'select_k': 60},221,2,0,0.9464285714285715,0.001615646258503401,0.05195578231292512
Random Forest / none / {'select_k': 60},222,1,1,0.2473710317460319,0.752628968253968,0.0
Random Forest / none / {'select_k': 60},223,0,0,0.8392039012574728,0.1344908481069195,0.02630525063560779
Random Forest / none / {'select_k': 60},224,0,0,0.9540450207860923,0.04558295540438393,0.0003720238095238094
Random Forest / none / {'select_k': 60},225,1,1,0.4248027683295543,0.43696853741496566,0.13822869425547993
Random Forest / none / {'select_k': 60},226,0,0,0.9874031557067271,0.012100812547241121,0.000496031746031746
Random Forest / none / {'select_k': 60},227,0,0,1.0,0.0,0.0
Random Forest / none / {'select_k': 60},228,0,0,0.672535762772731,0.2877320501037108,0.039732187123558374
Random Forest / none / {'select_k': 60},229,0,0,0.9756094104308389,0.02439058956916099,0.0
Random Forest / none / {'select_k': 60},230,1,1,0.17116980517278135,0.7483531776314516,0.08047701719576711
Random Forest / none / {'select_k': 60},231,2,2,0.03668036659108086,0.0068157123960695355,0.9565039210128495
Random Forest / none / {'select_k': 60},232,2,0,0.5592214663643233,0.07755810657596357,0.36322042705971297
Random Forest / none / {'select_k': 60},233,0,0,0.9797630857898716,0.020236914210128503,0.0
Random Forest / none / {'select_k': 60},234,2,2,0.02906509826152683,0.016177721088435376,0.9547571806500379
Random Forest / none / {'select_k': 60},235,0,0,0.9308342781557069,0.06916572184429318,0.0
Random Forest / none / {'select_k': 60},236,2,2,0.22679868173419773,0.13377297397634694,0.6394283442894554
Random Forest / none / {'select_k': 60},237,2,0,0.47274896069539,0.24272722978080094,0.284523809523809
Random Forest / none / {'select_k': 60},238,0,0,0.9599808673469388,0.03503047052154196,0.004988662131519274
Random Forest / none / {'select_k': 60},239,2,2,0.04497945011337864,0.015679327286470136,0.9393412226001513
Random Forest / none / {'select_k': 60},240,2,2,0.35698578042328083,0.10176327475434613,0.5412509448223731
Random Forest / none / {'select_k': 60},241,1,1,0.2410135582010583,0.5763581821617536,0.18262825963718826
Random Forest / none / {'select_k': 60},242,0,2,0.09933744331065747,0.060389503023431476,0.840273053665911
Random Forest / none / {'select_k': 60},243,0,0,0.5788139687693258,0.17647080928330933,0.24471522194736495
Random Forest / none / {'select_k': 60},244,2,2,0.025416902872260012,0.00796485260770975,0.9666182445200303
Random Forest / none / {'select_k': 60},245,2,0,0.45053530833951405,0.17014029602391825,0.37932439563656756
Random Forest / none / {'select_k': 60},246,0,0,0.8395112906273621,0.1575125188964475,0.002976190476190475
Random Forest / none / {'select_k': 60},247,0,0,0.9912946428571427,0.008705357142857141,0.0
Random Forest / none / {'select_k': 60},248,0,0,0.9203727324263038,0.077047902494331,0.002579365079365078
Random Forest / none / {'select_k': 60},249,2,0,0.7099855914588056,0.07133054610733174,0.21868386243386265
Random Forest / none / {'select_k': 60},250,2,2,0.026403061224489804,0.12943239795918365,0.8441645408163266
Random Forest / none / {'select_k': 60},251,0,0,0.9825514928193501,0.01744850718065003,0.0
Random Forest / none / {'select_k': 60},252,0,0,0.8534426965230537,0.14655730347694632,0.0
Random Forest / none / {'select_k': 60},253,0,0,0.8501677059712773,0.14866307634164772,0.0011692176870748288
Random Forest / none / {'select_k': 60},254,0,0,0.9667658730158731,0.03323412698412698,0.0
Random Forest / none / {'select_k': 60},255,0,0,0.47170421542024815,0.45888281709807316,0.06941296748167859
Random Forest / none / {'select_k': 60},256,0,0,0.9921626984126984,0.007837301587301587,0.0
Random Forest / none / {'select_k': 60},257,2,0,0.8868268140589571,0.03254440665154949,0.08062877928949348
Random Forest / none / {'select_k': 60},258,0,0,0.8849962207105065,0.04072656840513978,0.07427721088435363
Random Forest / none / {'select_k': 60},259,2,2,0.009866307634164777,0.0014172335600907027,0.9887164588057445
Random Forest / none / {'select_k': 60},260,0,0,0.3911746028109336,0.3679830432252179,0.24084235396384834
Random Forest / none / {'select_k': 60},261,0,0,0.9351190476190475,0.01964285714285715,0.04523809523809525
Random Forest / none / {'select_k': 60},262,2,2,0.22228599773242635,0.010755621693121692,0.766958380574452
Random Forest / none / {'select_k': 60},263,0,1,0.3920327853363573,0.5846336451247159,0.023333569538926707
Random Forest / none / {'select_k': 60},264,0,0,0.4874514192062448,0.22870981407254562,0.2838387667212095
Random Forest / none / {'select_k': 60},265,2,2,0.2411092214663645,0.10702947845804989,0.6518613000755856
Random Forest / none / {'select_k': 60},266,0,0,1.0,0.0,0.0
Random Forest / none / {'select_k': 60},267,0,0,0.9996693121693122,0.00033068783068783067,0.0
Random Forest / none / {'select_k': 60},268,0,0,0.9787580309901739,0.02064673091458806,0.0005952380952380953
Random Forest / none / {'select_k': 60},269,0,0,0.9715832860922146,0.028416713907785322,0.0
Random Forest / none / {'select_k': 60},270,2,2,0.430109126984127,0.06747567082388506,0.502415202191988
Random Forest / none / {'select_k': 60},271,0,0,0.9970238095238094,0.002976190476190475,0.0
Random Forest / none / {'select_k': 60},272,2,2,0.20567838246409675,0.02993433484504912,0.7643872826908541
Random Forest / none / {'select_k': 60},273,0,0,0.9633739606953894,0.004050925925925926,0.03257511337868478
Random Forest / none / {'select_k': 60},274,0,1,0.279122203303751,0.6713151528255695,0.04956264387067959
Random Forest / none / {'select_k': 60},275,2,2,0.3664246632996631,0.15109395399573966,0.48248138270459723
Random Forest / none / {'select_k': 60},276,0,0,0.8143197269897314,0.09848353819894833,0.08719673481132029
Random Forest / none / {'select_k': 60},277,0,0,0.7603741496598638,0.11148904006046866,0.12813681027966753
Random Forest / none / {'select_k': 60},278,2,2,0.07640424225245643,0.0277565192743764,0.8958392384731673
Random Forest / none / {'select_k': 60},279,2,0,0.8344286574497131,0.16258182584808364,0.0029895167022032684
Random Forest / none / {'select_k': 60},280,0,0,0.9340269601430317,0.06597303985696829,0.0
Random Forest / none / {'select_k': 60},281,0,0,0.9448200113378686,0.054754818594104276,0.00042517006802721076
Random Forest / none / {'select_k': 60},282,0,0,0.989547902494331,0.010452097505668934,0.0
Random Forest / none / {'select_k': 60},283,0,0,0.723997090369373,0.047040191304554606,0.22896271832607237
Random Forest / none / {'select_k': 60},284,0,0,0.9973214285714285,0.0026785714285714277,0.0
Random Forest / none / {'select_k': 60},285,0,0,0.9994047619047619,0.0,0.0005952380952380953
Random Forest / none / {'select_k': 60},286,0,0,0.9834041950113379,0.014810090702947845,0.0017857142857142854
Random Forest / none / {'select_k': 60},287,0,0,0.9960565476190476,0.00394345238095238,0.0
Random Forest / none / {'select_k': 60},288,1,1,0.07650462962962949,0.872655659486017,0.05083971088435361
Random Forest / none / {'select_k': 60},289,0,0,0.8509613567649285,0.14903864323507163,0.0
Random Forest / none / {'select_k': 60},290,0,0,0.9424721277399849,0.055510676492819315,0.0020171957671957655
Random Forest / none / {'select_k': 60},291,0,0,0.8155257936507938,0.18410218253968252,0.0003720238095238095
Random Forest / none / {'select_k': 60},292,1,0,0.4469387755102048,0.18021305744520036,0.3728481670445949
Random Forest / none / {'select_k': 60},293,0,0,0.8315582482993198,0.10591931216931214,0.06252243953136807
Random Forest / none / {'select_k': 60},294,0,0,0.9804504440665156,0.01847482048374906,0.0010747354497354497
Random Forest / none / {'select_k': 60},295,0,0,0.9617677626606198,0.038232237339380165,0.0
Random Forest / none / {'select_k': 60},296,0,0,0.9918367346938775,0.008163265306122446,0.0
Random Forest / none / {'select_k': 60},297,2,2,0.04831113000755859,0.000992063492063492,0.950696806500378
Random Forest / none / {'select_k': 60},298,0,0,0.8058059334845048,0.19382204270597134,0.00037202380952380956
Random Forest / none / {'select_k': 60},299,1,1,0.2758739606953893,0.5399718915343915,0.18415414777021916
Random Forest / none / {'select_k': 60},300,0,0,0.7076353458049883,0.27495157785336377,0.017413076341647772
Random Forest / none / {'select_k': 60},301,0,0,0.9967368197278912,0.0032631802721088438,0.0
Random Forest / none / {'select_k': 60},302,0,0,0.9998706004140787,0.00012939958592132506,0.0
Random Forest / none / {'select_k': 60},303,0,0,0.7381187573928257,0.02633820810257144,0.23554303450460268
Random Forest / none / {'select_k': 60},304,0,0,0.8761125283446713,0.10999858276643987,0.013888888888888893
Random Forest / none / {'select_k': 60},305,0,0,0.4775958994708992,0.3588140117157976,0.16359008881330306
Random Forest / none / {'select_k': 60},306,0,0,0.9919318074452003,0.008068192554799696,0.0
Random Forest / none / {'select_k': 60},307,0,0,0.5154017857142855,0.30354898904006067,0.1810492252456538
Random Forest / none / {'select_k': 60},308,0,0,0.9812972411186698,0.018702758881330314,0.0
Random Forest / none / {'select_k': 60},309,0,0,0.6592665616217126,0.10038794116783428,0.24034549721045304
Random Forest / none / {'select_k': 60},310,0,0,0.9943121693121694,0.005687830687830688,0.0
Random Forest / none / {'select_k': 60},311,0,0,0.9697137188208617,0.030286281179138307,0.0
Random Forest / none / {'select_k': 60},312,0,0,0.9792292611489039,0.01779454837490552,0.002976190476190475
Random Forest / none / {'select_k': 60},313,0,0,0.9858654572940286,0.014134542705971273,0.0
Random Forest / none / {'select_k': 60},314,0,0,0.9682338907785336,0.022474962207105067,0.0092911470143613
Random Forest / none / {'select_k': 60},315,0,0,0.9987599206349207,0.0,0.001240079365079365
Random Forest / none / {'select_k': 60},316,0,0,0.993791335978836,0.006208664021164022,0.0
Random Forest / none / {'select_k': 60},317,0,0,0.9780777588813302,0.0207317649281935,0.0011904761904761901
Random Forest / none / {'select_k': 60},318,0,0,0.6169749149659863,0.050531462585034,0.33249362244897973
Random Forest / none / {'select_k': 60},319,2,2,0.008935657596371882,0.0,0.9910643424036282
Random Forest / none / {'select_k': 60},320,0,0,0.9165414777021921,0.08345852229780794,0.0
Random Forest / none / {'select_k': 60},321,0,0,0.9973733938019652,0.0013510959939531369,0.0012755102040816326
Random Forest / none / {'select_k': 60},322,0,0,0.9972387566137567,0.0017939814814814817,0.0009672619047619048
Random Forest / none / {'select_k': 60},323,0,0,0.8518819680650039,0.14811803193499615,0.0
Random Forest / none / {'select_k': 60},324,0,0,0.9720096371882087,0.02724631519274376,0.0007440476190476187
Random Forest / none / {'select_k': 60},325,1,0,0.9956136621315193,0.0026856575963718813,0.001700680272108843
Random Forest / none / {'select_k': 60},326,0,0,0.7337631201470486,0.2011196145124719,0.06511726534047955
Random Forest / none / {'select_k': 60},327,0,0,0.9787639361300075,0.02123606386999244,0.0
Random Forest / none / {'select_k': 60},328,0,0,0.9808531746031746,0.012251984126984129,0.006894841269841269
Random Forest / none / {'select_k': 60},329,2,0,0.5123240268329551,0.015561224489795923,0.47211474867724895
Random Forest / none / {'select_k': 60},330,0,0,0.9760558390022677,0.02265093537414967,0.0012932256235827662
Random Forest / none / {'select_k': 60},331,0,0,0.7780895691609977,0.15323011148904014,0.06868031934996217
Random Forest / none / {'select_k': 60},332,1,0,0.8853765117157976,0.06879606009070285,0.04582742819349958
Random Forest / none / {'select_k': 60},333,0,0,0.9902364417989418,0.009763558201058202,0.0
Random Forest / none / {'select_k': 60},334,2,2,0.09822963907785331,0.004170209750566895,0.8976001511715799
Random Forest / none / {'select_k': 60},335,0,0,0.47599968649075797,0.061879960317460285,0.46212035319178174
Random Forest / none / {'select_k': 60},336,0,0,0.7232851473922898,0.2752928949357526,0.001421957671957673
Random Forest / none / {'select_k': 60},337,0,0,0.405174083522298,0.39430035903250155,0.20052555744520062
Random Forest / none / {'select_k': 60},338,0,0,0.9971230158730158,0.0028769841269841263,0.0
Random Forest / none / {'select_k': 60},339,0,0,0.9214029522065238,0.07859704779347619,0.0
Random Forest / none / {'select_k': 60},340,0,0,0.9270242819349963,0.07297571806500369,0.0
Random Forest / none / {'select_k': 60},341,0,0,0.9994047619047619,0.0005952380952380953,0.0
Random Forest / none / {'select_k': 60},342,0,0,1.0,0.0,0.0
Random Forest / none / {'select_k': 60},343,2,2,0.05519416099773234,0.0024659863945578207,0.9423398526077098
Random Forest / none / {'select_k': 60},344,0,0,0.6344175608840026,0.22620283859157717,0.13937960052442025
Random Forest / none / {'select_k': 60},345,0,0,0.6069564316392323,0.21420559564356562,0.1788379727172021
Random Forest / none / {'select_k': 60},346,0,0,0.9910926870748299,0.008907312925170066,0.0
Random Forest / none / {'select_k': 60},347,0,0,0.910483985260771,0.023881566515495087,0.0656344482237339
Random Forest / none / {'select_k': 60},348,2,0,0.9309420914680763,0.03605358516412005,0.03300432336780356
Random Forest / none / {'select_k': 60},349,0,2,0.3896990740740743,0.11197326152683292,0.4983276643990929
Random Forest / none / {'select_k': 60},350,0,0,0.987748015873016,0.012251984126984127,0.0
Random Forest / none / {'select_k': 60},351,0,0,0.7072916666666667,0.29270833333333346,0.0
Random Forest / none / {'select_k': 60},352,0,0,0.9176084960450956,0.05231871822252759,0.030072785732376758
Random Forest / none / {'select_k': 60},353,0,0,1.0,0.0,0.0
Random Forest / none / {'select_k': 60},354,0,0,0.9695944349962207,0.030405565003779278,0.0
Random Forest / none / {'select_k': 60},355,0,0,0.6742674405620833,0.2510595968185255,0.07467296261939113
Random Forest / none / {'select_k': 60},356,1,1,0.08126653439153421,0.47895762471655406,0.43977584089191163
Random Forest / none / {'select_k': 60},357,2,2,0.14948872225657944,0.08355579605579591,0.7669554816876246
Random Forest / none / {'select_k': 60},358,0,0,0.9732024754346182,0.0267975245653817,0.0
Random Forest / none / {'select_k': 60},359,2,2,0.024912603930461068,0.0,0.975087396069539
Random Forest / none / {'select_k': 60},360,0,0,0.9227123488284203,0.07728765117157967,0.0
Random Forest / none / {'select_k': 60},361,0,0,0.9935657596371882,0.005839002267573697,0.0005952380952380954
Random Forest / none / {'select_k': 60},362,0,0,0.9422630857898715,0.057141676114890357,0.0005952380952380952
Random Forest / none / {'select_k': 60},363,0,0,0.9499787414965986,0.0040072278911564615,0.04601403061224489
Random Forest / none / {'select_k': 60},364,0,0,0.9770608938019653,0.02293910619803476,0.0
Random Forest / none / {'select_k': 60},365,0,0,0.953092335041962,0.04600148158916814,0.000906183368869936
Random Forest / none / {'select_k': 60},366,0,0,0.9445897108843537,0.05351710128495836,0.0018931878306878292
Random Forest / none / {'select_k': 60},367,0,0,0.6047713621892654,0.1630413373287012,0.23218730048203337
Random Forest / none / {'select_k': 60},368,0,0,0.6470270305091735,0.09532570603999159,0.2576472634508349
Random Forest / none / {'select_k': 60},369,0,0,0.9459833238851096,0.05401667611489033,0.0
Random Forest / none / {'select_k': 60},370,0,0,0.9707435752078608,0.029256424792139066,0.0
Random Forest / none / {'select_k': 60},371,2,2,0.39059665532879856,0.21490929705215428,0.3944940476190472
Random Forest / none / {'select_k': 60},372,0,0,0.9649990551776266,0.035000944822373384,0.0
Random Forest / none / {'select_k': 60},373,0,0,0.9321125138089423,0.06590335920693055,0.0019841269841269827
Random Forest / none / {'select_k': 60},374,2,0,0.4746763983371128,0.1259584041950113,0.3993651974678759
Random Forest / none / {'select_k': 60},375,0,1,0.17041406840513976,0.7651254251700682,0.06446050642479198
Random Forest / none / {'select_k': 60},376,0,0,0.9521884448223734,0.04781155517762661,0.0
Random Forest / none / {'select_k': 60},377,0,0,0.9851922713529856,0.014807728647014368,0.0
Random Forest / none / {'select_k': 60},378,0,0,0.9956762566137567,0.0003306878306878307,0.003993055555555557
Random Forest / none / {'select_k': 60},379,0,0,0.9091305272108843,0.027347883597883597,0.06352158919123203
Random Forest / none / {'select_k': 60},380,0,0,0.43383763227513256,0.13353056500377933,0.4326318027210882
Random Forest / none / {'select_k': 60},381,0,0,0.8099465929334048,0.07205540283094217,0.1179980042356531
Random Forest / none / {'select_k': 60},382,0,0,0.9960530045351474,0.003946995464852608,0.0
Random Forest / none / {'select_k': 60},383,0,0,0.7169810756018218,0.09861120210608441,0.18440772229209382
Random Forest / none / {'select_k': 60},384,2,2,0.04029076908541195,0.0068735827664399085,0.952835648148148
Random Forest / none / {'select_k': 60},385,0,0,0.9552225056689342,0.04403344671201808,0.0007440476190476185
Random Forest / none / {'select_k': 60},386,0,0,0.8430248488284201,0.14190169123204835,0.015073459939531355
Random Forest / none / {'select_k': 60},387,2,2,0.14574829931972794,0.019234221466364325,0.8350174792139078
Random Forest / none / {'select_k': 60},388,1,0,0.7159683978034299,0.1338798108121931,0.1501517913843771
Random Forest / none / {'select_k': 60},389,0,0,0.8725316515495087,0.12746834845049124,0.0
Random Forest / none / {'select_k': 60},390,0,0,0.997470238095238,0.002529761904761905,0.0
Random Forest / none / {'select_k': 60},391,1,0,0.9712136243386243,0.028786375661375662,0.0
Random Forest / none / {'select_k': 60},392,0,0,0.9947089947089948,0.005291005291005292,0.0
Random Forest / none / {'select_k': 60},393,2,0,0.5243516156462585,0.10781368102796673,0.3678347033257748
Random Forest / none / {'select_k': 60},394,0,0,0.9953514739229025,0.0035572562358276633,0.001091269841269841
Random Forest / none / {'select_k': 60},395,0,0,0.9529218631897203,0.04459797808012091,0.002480158730158729
Random Forest / none / {'select_k': 60},396,0,0,0.9938586545729403,0.006141345427059713,0.0
Random Forest / none / {'select_k': 60},397,0,0,0.9815346277399848,0.01846537226001511,0.0
Random Forest / none / {'select_k': 60},398,0,0,0.9664958214365198,0.031076831173446305,0.0024273473900339572
Random Forest / none / {'select_k': 60},399,0,0,0.8970710300551701,0.08026405602604621,0.022664913918783874
Random Forest / none / {'select_k': 60},400,2,2,0.24427201436130014,0.03876960506424792,0.7169583805744519
Random Forest / none / {'select_k': 60},401,0,0,0.9949829931972789,0.004421768707482992,0.0005952380952380952
Random Forest / none / {'select_k': 60},402,0,0,0.9963210978835979,0.0036789021164021166,0.0
Random Forest / none / {'select_k': 60},403,0,0,0.9868303571428573,0.012797619047619047,0.0003720238095238095
Random Forest / none / {'select_k': 60},404,0,0,0.9978835978835979,0.002116402116402117,0.0
Random Forest / none / {'select_k': 60},405,2,2,0.30446514962412724,0.16177531976463919,0.5337595306112336
Random Forest / none / {'select_k': 60},406,2,2,0.20322420634920643,0.16987906273620568,0.626896730914588
Random Forest / none / {'select_k': 60},407,0,0,0.8964277587929299,0.06489312298443231,0.038679118222637796
Random Forest / none / {'select_k': 60},408,2,0,0.6595049130763416,0.00833569538926682,0.3321593915343916
Random Forest / none / {'select_k': 60},409,0,0,0.9985544217687075,0.0014455782312925171,0.0
Random Forest / none / {'select_k': 60},410,0,0,0.990093537414966,0.009906462585034014,0.0
Random Forest / none / {'select_k': 60},411,0,0,0.9095630559916277,0.014755763416477694,0.07568118059189473
Random Forest / none / {'select_k': 60},412,0,0,0.8071322278911565,0.1928677721088435,0.0
Random Forest / none / {'select_k': 60},413,0,0,0.9824617346938774,0.007733371126228268,0.00980489417989418
Random Forest / none / {'select_k': 60},414,1,2,0.2993839897069936,0.13964759514917086,0.5609684151438356
Random Forest / none / {'select_k': 60},415,0,0,0.608255385487528,0.1499409486016629,0.24180366591080904
Random Forest / none / {'select_k': 60},416,2,2,0.016050170068027208,0.0005952380952380953,0.9833545918367348
Random Forest / none / {'select_k': 60},417,0,0,0.7414032974300829,0.14209301776266073,0.11650368480725627
Random Forest / none / {'select_k': 60},418,0,0,0.7001990032123963,0.17299933862433844,0.1268016581632653
Random Forest / none / {'select_k': 60},419,0,0,0.9888758975812546,0.009177768329554041,0.0019463340891912313
Random Forest / none / {'select_k': 60},420,0,0,0.8538525132275132,0.0007054673721340385,0.1454420194003527
Random Forest / none / {'select_k': 60},421,0,0,0.9806642101284958,0.019335789871504156,0.0
Random Forest / none / {'select_k': 60},422,2,2,0.01624503968253968,0.0,0.9837549603174603
Random Forest / none / {'select_k': 60},423,1,1,0.00890967498110355,0.6054421768707485,0.3856481481481481
Random Forest / none / {'select_k': 60},424,2,2,0.15038855820105812,0.0076920351473922875,0.8419194066515496
Random Forest / none / {'select_k': 60},425,0,0,0.9922760770975056,0.0077239229024943295,0.0
Random Forest / none / {'select_k': 60},426,0,0,0.8665414777021923,0.017367016250944823,0.11609150604686305
Random Forest / none / {'select_k': 60},427,0,0,0.9836344954648527,0.01636550453514739,0.0
Random Forest / none / {'select_k': 60},428,0,0,0.622676917989418,0.03863260582010579,0.33869047619047604
Random Forest / none / {'select_k': 60},429,1,0,0.9890555939890081,0.005214398612552365,0.0057300073984396
Random Forest / none / {'select_k': 60},430,0,0,0.8234358359185577,0.13857341131855777,0.03799075276288438
Random Forest / none / {'select_k': 60},431,0,0,0.5164534600578857,0.26525916644317243,0.21828737349894176
Random Forest / none / {'select_k': 60},432,2,2,0.10985331632653052,0.0,0.8901466836734695
Random Forest / none / {'select_k': 60},433,0,0,0.8164304610733184,0.08283612055933473,0.10073341836734684
Random Forest / none / {'select_k': 60},434,2,2,0.03850741685563111,0.046262046485260756,0.9152305366591081
Random Forest / none / {'select_k': 60},435,0,0,0.971733276643991,0.028266723356009067,0.0
Random Forest / none / {'select_k': 60},436,0,0,0.9933909674981104,0.004228080120937264,0.002380952380952381
Random Forest / none / {'select_k': 60},437,0,0,0.8518964088160518,0.14810359118394822,0.0
Random Forest / none / {'select_k': 60},438,1,1,0.15547170256991683,0.6866213151927439,0.15790698223733932
Random Forest / none / {'select_k': 60},439,0,0,0.992096560846561,0.006870039682539686,0.0010333994708994713
Random Forest / none / {'select_k': 60},440,0,0,0.646055366591081,0.018343726379440668,0.3356009070294784
Random Forest / none / {'select_k': 60},441,0,0,0.8126145597127736,0.18629417044595661,0.0010912698412698415
Random Forest / none / {'select_k': 60},442,0,0,1.0,0.0,0.0
Random Forest / none / {'select_k': 60},443,0,0,1.0,0.0,0.0
Random Forest / none / {'select_k': 60},444,0,0,0.8306308192468909,0.16936918075310925,0.0
Random Forest / none / {'select_k': 60},445,0,0,0.5043520880574446,0.4360768613000762,0.05957105064247917
Random Forest / none / {'select_k': 60},446,0,0,0.9547430083144368,0.04336380385487526,0.00189318783068783
Random Forest / none / {'select_k': 60},447,1,0,0.5436060632489202,0.22510514452478758,0.2312887922262923
Random Forest / none / {'select_k': 60},448,0,0,0.7729095804988662,0.22589994331065757,0.0011904761904761901
Random Forest / none / {'select_k': 60},449,0,0,0.9725269274376417,0.02747307256235826,0.0
Random Forest / none / {'select_k': 60},450,0,0,1.0,0.0,0.0
Random Forest / none / {'select_k': 60},451,0,0,0.9981823979591837,0.0018176020408163266,0.0
Random Forest / none / {'select_k': 60},452,0,0,0.9881164965986394,0.0015211640211640206,0.010362339380196522
Random Forest / none / {'select_k': 60},453,2,2,0.24351379440665155,0.028045871126228222,0.7284403344671202
Random Forest / none / {'select_k': 60},454,0,0,0.9509412792894936,0.03904832766439907,0.010010393046107327
Random Forest / none / {'select_k': 60},455,2,2,0.14044075963718808,0.0020951436130007537,0.8574640967498112
Random Forest / none / {'select_k': 60},456,2,2,0.21777626280397228,0.003636385109599394,0.7785873520864284
Random Forest / none / {'select_k': 60},457,2,0,0.7093549225245654,0.21224726001511718,0.0783978174603174
Random Forest / none / {'select_k': 60},458,0,0,0.7514962550676837,0.16005419844705573,0.08844954648526061
Random Forest / none / {'select_k': 60},459,0,0,0.9768731103552531,0.023126889644746792,0.0
Random Forest / none / {'select_k': 60},460,0,0,0.9966269841269841,0.0033730158730158727,0.0
Random Forest / none / {'select_k': 60},461,1,1,0.09354686318972011,0.5813078703703703,0.32514526643990954
Random Forest / none / {'select_k': 60},462,2,2,0.23396990740740764,0.005619331065759641,0.7604107615268328
Random Forest / none / {'select_k': 60},463,0,0,0.9965277777777777,0.0034722222222222216,0.0
Random Forest / none / {'select_k': 60},464,0,0,0.9966193074452002,0.0033806925547996973,0.0
Random Forest / none / {'select_k': 60},465,0,0,1.0,0.0,0.0
Random Forest / none / {'select_k': 60},466,0,0,0.765757900656969,0.022151827353690694,0.21209027198934027
Random Forest / none / {'select_k': 60},467,0,0,0.9406001984126985,0.05728339947089946,0.002116402116402117
Random Forest / none / {'select_k': 60},468,2,0,0.7032785336356765,0.08587844860166281,0.21084301776266073
Random Forest / none / {'select_k': 60},469,0,0,0.5582227709459852,0.2790114069131929,0.16276582214082205
Random Forest / none / {'select_k': 60},470,0,0,0.9970238095238095,0.002976190476190476,0.0
Random Forest / none / {'select_k': 60},471,0,0,0.9190192743764173,0.07502834467120176,0.0059523809523809494
Random Forest / none / {'select_k': 60},472,1,0,0.9976190476190475,0.0023809523809523807,0.0
Random Forest / none / {'select_k': 60},473,0,0,0.4459785997732424,0.22091954837490566,0.3331018518518519
Random Forest / none / {'select_k': 60},474,0,2,0.3027109134251994,0.07708987441130297,0.6201992121634977
Random Forest / none / {'select_k': 60},475,0,0,0.9346891534391535,0.006553524187452755,0.05875732237339376
Random Forest / none / {'select_k': 60},476,0,0,0.955596421260812,0.021030939085035734,0.023372639654152268
Random Forest / none / {'select_k': 60},477,0,0,0.9880007558578987,0.011999244142101285,0.0
Random Forest / none / {'select_k': 60},478,2,2,0.02499055177626606,0.00446782879818594,0.970541619425548
Random Forest / none / {'select_k': 60},479,0,0,0.8442235922146637,0.1557764077853363,0.0
Random Forest / none / {'select_k': 60},480,0,0,0.9925028344671202,0.0074971655328798185,0.0
Random Forest / none / {'select_k': 60},481,0,0,0.9809429327286469,0.0172713529856387,0.0017857142857142854
Random Forest / none / {'select_k': 60},482,0,0,0.9811968537414966,0.018803146258503406,0.0
Random Forest / none / {'select_k': 60},483,2,2,0.14821544288310162,0.13116231165586326,0.7206222454610351
Random Forest / none / {'select_k': 60},484,0,0,0.9189354213907786,0.08106457860922134,0.0
Random Forest / none / {'select_k': 60},485,0,0,0.7621399351310063,0.23633063365206253,0.0015294312169312164
Random Forest / none / {'select_k': 60},486,0,2,0.3037485827664403,0.020553429705215405,0.6756979875283443
Random Forest / none / {'select_k': 60},487,0,0,0.9487268518518519,0.0512731481481481,0.0
Random Forest / none / {'select_k': 60},488,0,0,0.9323826058201058,0.06761739417989411,0.0
Random Forest / none / {'select_k': 60},489,0,0,0.8455994897959185,0.148844954648526,0.005555555555555552
Random Forest / none / {'select_k': 60},490,2,2,0.0010912698412698413,0.004166666666666667,0.9947420634920635
Random Forest / none / {'select_k': 60},491,2,2,0.0015117157974300823,0.2157147581254724,0.7827735260770975
Random Forest / none / {'select_k': 60},492,2,2,0.040855300453514744,0.010152116402116402,0.948992583144369
Random Forest / none / {'select_k': 60},493,0,0,0.9795965608465608,0.020403439153439142,0.0
Random Forest / none / {'select_k': 60},494,1,0,0.6123350855493712,0.2309470126434414,0.15671790180718742
Random Forest / none / {'select_k': 60},495,0,0,0.9814129818594104,0.018587018140589575,0.0
Random Forest / none / {'select_k': 60},496,0,0,0.5866806103240465,0.058519598563852145,0.35479979111210136
Random Forest / none / {'select_k': 60},497,0,0,0.9872106481481481,0.012789351851851852,0.0
Random Forest / none / {'select_k': 60},498,2,2,0.25359150604686326,0.013176729024943308,0.7332317649281933
Random Forest / none / {'select_k': 60},499,0,0,0.9872283635676493,0.012771636432350717,0.0
Random Forest / none / {'select_k': 60},500,0,0,0.9857615268329554,0.014238473167044602,0.0
Random Forest / none / {'select_k': 60},501,0,0,0.9878389550264549,0.012161044973544971,0.0
Random Forest / none / {'select_k': 60},502,0,0,0.99359410430839,0.006405895691609977,0.0
Random Forest / none / {'select_k': 60},503,0,0,0.9988095238095237,0.0011904761904761904,0.0
Random Forest / none / {'select_k': 60},504,0,0,0.6108157644221064,0.1802273594718231,0.2089568761060705
Random Forest / none / {'select_k': 60},505,0,0,0.9953869047619047,0.004613095238095237,0.0
Random Forest / none / {'select_k': 60},506,0,0,0.948194208238851,0.05121055366591078,0.0005952380952380951
Random Forest / none / {'select_k': 60},507,1,0,0.8079388699924417,0.10438161375661364,0.08767951625094467
Random Forest / none / {'select_k': 60},508,0,0,0.9805201247165534,0.019479875283446718,0.0
Random Forest / none / {'select_k': 60},509,0,0,0.5728210034013602,0.03230820105820101,0.3948707955404387
Random Forest / none / {'select_k': 60},510,2,2,0.10714640022675734,0.04453302154195006,0.8483205782312927
Random Forest / none / {'select_k': 60},511,0,0,0.9717923280423281,0.021064814814814817,0.007142857142857141
Random Forest / none / {'select_k': 60},512,0,0,0.9646636432350717,0.03533635676492817,0.0
Random Forest / none / {'select_k': 60},513,0,0,0.9965986394557824,0.003401360544217687,0.0
Random Forest / none / {'select_k': 60},514,0,0,0.9787273242630385,0.02127267573696145,0.0
Random Forest / none / {'select_k': 60},515,1,0,0.9824074074074074,0.017592592592592597,0.0
Random Forest / none / {'select_k': 60},516,0,0,0.6960069444444446,0.2988910147392289,0.005102040816326528
Random Forest / none / {'select_k': 60},517,0,0,0.9552484882842025,0.04475151171579738,0.0
Random Forest / none / {'select_k': 60},518,2,0,0.5630880276602034,0.10949790225166739,0.3274140700881291
Random Forest / none / {'select_k': 60},519,0,0,0.9860638699924414,0.013936130007558577,0.0
Random Forest / none / {'select_k': 60},520,1,1,0.03961522108843536,0.9600127551020409,0.0003720238095238094
Random Forest / none / {'select_k': 60},521,0,0,0.9766912320483749,0.021027021919879058,0.0022817460317460306
Random Forest / none / {'select_k': 60},522,0,0,0.7546012849584278,0.24381613756613763,0.0015825774754346176
Random Forest / none / {'select_k': 60},523,0,0,0.877649045729403,0.12192578420256989,0.00042517006802721087
Random Forest / none / {'select_k': 60},524,2,2,0.022699357520786095,0.027310090702947844,0.9499905517762661
Random Forest / none / {'select_k': 60},525,2,0,0.5789032974300833,0.1052721088435373,0.31582459372637944
Random Forest / none / {'select_k': 60},526,0,0,1.0,0.0,0.0
Random Forest / none / {'select_k': 60},527,0,0,0.9821192365835224,0.0178807634164777,0.0
Random Forest / none / {'select_k': 60},528,0,0,0.9942708333333334,0.0,0.005729166666666667
Random Forest / none / {'select_k': 60},529,0,1,0.33119679224226173,0.43909783383843287,0.22970537391930534
Random Forest / none / {'select_k': 60},530,0,0,0.9988095238095237,0.0011904761904761904,0.0
Random Forest / none / {'select_k': 60},531,0,0,0.9649140211640213,0.03279006046863188,0.002295918367346938
Random Forest / none / {'select_k': 60},532,0,0,0.9973639455782313,0.0026360544217687077,0.0
Random Forest / none / {'select_k': 60},533,0,0,1.0,0.0,0.0
Random Forest / none / {'select_k': 60},534,0,0,0.9994047619047619,0.0005952380952380953,0.0
Random Forest / none / {'select_k': 60},535,2,2,0.1627834467120181,0.013057445200302343,0.8241591080876794
Random Forest / none / {'select_k': 60},536,2,0,0.8280469447880163,0.060091883975812485,0.11186117123617123
Random Forest / none / {'select_k': 60},537,0,0,0.969203514739229,0.030796485260770973,0.0
Random Forest / none / {'select_k': 60},538,2,2,0.350279903628118,0.07845686885865455,0.5712632275132274
Random Forest / none / {'select_k': 60},539,0,0,0.9759719860166288,0.007361347316704459,0.016666666666666663
Random Forest / none / {'select_k': 60},540,2,2,0.2980725623582767,0.08322940287225992,0.6186980347694635
Random Forest / none / {'select_k': 60},541,0,0,0.7609478071531642,0.18922816601388026,0.049824026832955386
Random Forest / none / {'select_k': 60},542,0,0,0.9977891156462585,0.002210884353741497,0.0
Random Forest / none / {'select_k': 60},543,0,0,0.9980654761904763,0.0019345238095238096,0.0
Random Forest / none / {'select_k': 60},544,0,0,0.994288912146055,0.0057110878539449956,0.0
Random Forest / none / {'select_k': 60},545,2,2,0.238355064247921,0.007286942554799686,0.7543579931972793
Random Forest / none / {'select_k': 60},546,0,0,0.9661033163265306,0.03389668367346937,0.0
Random Forest / none / {'select_k': 60},547,0,0,0.8821472591561877,0.11725750274857406,0.0005952380952380951
Random Forest / none / {'select_k': 60},548,1,2,0.2428476946334089,0.008054610733182163,0.7490976946334089
Random Forest / none / {'select_k': 60},549,0,0,0.8493197278911564,0.15068027210884347,0.0
Random Forest / none / {'select_k': 60},550,0,0,0.7107178287981857,0.002058531746031746,0.28722363945578266
Random Forest / none / {'select_k': 60},551,0,0,0.8033919123204837,0.18257983749055184,0.014028250188964468
Random Forest / none / {'select_k': 60},552,1,0,0.5892818491032779,0.10844692675049802,0.3022712241462241
Random Forest / none / {'select_k': 60},553,0,0,0.9413099962207104,0.05869000377928944,0.0
Random Forest / none / {'select_k': 60},554,0,0,0.9906958616780044,0.008708900226757367,0.0005952380952380952
Random Forest / none / {'select_k': 60},555,0,0,0.9480666572184429,0.0482627078609221,0.003670634920634917
Random Forest / none / {'select_k': 60},556,0,0,0.8684913548752836,0.12687901549508676,0.004629629629629628
Random Forest / none / {'select_k': 60},557,0,0,0.5053016345427062,0.09155210695389261,0.40314625850340124
Random Forest / none / {'select_k': 60},558,0,0,0.9960034013605443,0.003996598639455782,0.0
Random Forest / none / {'select_k': 60},559,0,0,0.9726969954648527,0.026707766439909283,0.0005952380952380952
Random Forest / none / {'select_k': 60},560,2,2,0.0446499433106576,0.0023136337868480718,0.9530364229024944
Random Forest / none / {'select_k': 60},561,2,1,0.25999201475715455,0.5042067515961149,0.2358012336467306
Random Forest / none / {'select_k': 60},562,0,0,0.9994047619047619,0.0005952380952380953,0.0
Random Forest / none / {'select_k': 60},563,0,0,0.5774213931937533,0.18123697484837217,0.24134163195787456
Random Forest / none / {'select_k': 60},564,0,0,0.9985544217687076,0.001445578231292517,0.0
Random Forest / none / {'select_k': 60},565,1,0,0.47657259242080685,0.08887289132824841,0.4345545162509448
Random Forest / none / {'select_k': 60},566,0,0,0.9837466931216933,0.015232898715041576,0.0010204081632653062
Random Forest / none / {'select_k': 60},567,0,0,0.9873476473922902,0.012652352607709754,0.0
Random Forest / none / {'select_k': 60},568,2,2,0.05479969765684047,0.021974206349206358,0.9232260959939532
Random Forest / none / {'select_k': 60},569,0,0,0.9548941798941799,0.04436177248677244,0.0007440476190476185
Random Forest / none / {'select_k': 60},570,0,0,0.9879523337112623,0.01134495464852608,0.0007027116402116402
Random Forest / none / {'select_k': 60},571,0,0,0.9223745748299321,0.0776254251700679,0.0
Random Forest / none / {'select_k': 60},572,0,0,0.9994047619047619,0.0,0.0005952380952380953
Random Forest / none / {'select_k': 60},573,0,0,0.8729013133030991,0.013424744897959182,0.11367394179894175
Random Forest / none / {'select_k': 60},574,0,0,0.9718584656084656,0.028141534391534388,0.0
Random Forest / none / {'select_k': 60},575,1,0,0.745650273998488,0.21347671012849623,0.040873015873015804
Random Forest / none / {'select_k': 60},576,1,1,0.40442767384731704,0.5433779761904759,0.05219434996220707
Random Forest / none / {'select_k': 60},577,0,0,0.9860709561602419,0.012738567649281936,0.0011904761904761906
Random Forest / none / {'select_k': 60},578,0,2,0.3055189436885869,0.04421532501889642,0.6502657312925167
Random Forest / none / {'select_k': 60},579,0,0,0.9994047619047619,0.0005952380952380953,0.0
Random Forest / none / {'select_k': 60},580,2,2,0.38013865268329566,0.06956254724111849,0.5502988000755857
Random Forest / none / {'select_k': 60},581,2,2,0.11760558390022673,0.036485496976568374,0.8459089191232049
Random Forest / none / {'select_k': 60},582,2,2,0.03601899092970519,0.0029383975812547216,0.96104261148904
Random Forest / none / {'select_k': 60},583,2,2,0.36441798941798975,0.016393849206349217,0.619188161375661
Random Forest / none / {'select_k': 60},584,0,2,0.3277970973743034,0.10853689329267056,0.5636660093330261
Random Forest / none / {'select_k': 60},585,0,0,0.9484079743008315,0.049976379440665124,0.0016156462585034009
Random Forest / none / {'select_k': 60},586,2,2,0.07627314814814802,0.0011904761904761897,0.9225363756613758
Random Forest / none / {'select_k': 60},587,0,0,0.9049709467120184,0.09096867913832184,0.004060374149659862
Random Forest / none / {'select_k': 60},588,0,0,0.990368716931217,0.00963128306878307,0.0
Random Forest / none / {'select_k': 60},589,0,0,0.933265268826829,0.0661394930779328,0.0005952380952380949
Random Forest / none / {'select_k': 60},590,0,0,0.6416306989967705,0.12539467807324953,0.23297462292998
Random Forest / none / {'select_k': 60},591,0,0,0.9965490362811791,0.0028557256235827656,0.0005952380952380952
Random Forest / none / {'select_k': 60},592,2,2,0.11702934961863524,0.10498426011818855,0.7779863902631763
Random Forest / none / {'select_k': 60},593,0,0,1.0,0.0,0.0
Random Forest / none / {'select_k': 60},594,0,0,0.7854591836734693,0.013605442176870746,0.20093537414965987
Random Forest / none / {'select_k': 60},595,2,2,0.03995063303099014,0.0051870748299319685,0.9548622921390778
Random Forest / none / {'select_k': 60},596,0,0,0.9511680366591081,0.0488319633408919,0.0
Random Forest / none / {'select_k': 60},597,2,0,0.5329778439153435,0.2871704931972791,0.1798516628873773
Random Forest / none / {'select_k': 60},598,0,0,1.0,0.0,0.0
Random Forest / none / {'select_k': 60},599,0,0,0.9901549508692367,0.009845049130763417,0.0
Random Forest / none / {'select_k': 60},600,0,0,0.9985119047619048,0.000992063492063492,0.000496031746031746
Random Forest / none / {'select_k': 60},601,1,1,0.37843200577211844,0.4886939222738068,0.13287407195407486
Random Forest / none / {'select_k': 60},602,2,0,0.5258491591080873,0.2360154478458052,0.23813539304610754
Random Forest / none / {'select_k': 60},603,0,2,0.2283026084365371,0.17102293374614833,0.6006744578173145
Random Forest / none / {'select_k': 60},604,0,0,0.4591387598311027,0.14246294702181517,0.39839829314708214
Random Forest / none / {'select_k': 60},605,0,0,0.4610721371882083,0.24517077664399092,0.2937570861678007
Random Forest / none / {'select_k': 60},606,0,0,0.9912367724867724,0.008763227513227513,0.0
Random Forest / none / {'select_k': 60},607,2,2,0.10650392101284943,0.04748126102292757,0.8460148179642231
Random Forest / none / {'select_k': 60},608,0,0,0.9346371882086167,0.06536281179138313,0.0
Random Forest / none / {'select_k': 60},609,0,0,0.7894829459561602,0.19805720899470905,0.012459845049130763
Random Forest / none / {'select_k': 60},610,0,0,1.0,0.0,0.0
Random Forest / none / {'select_k': 60},611,0,0,0.9579813869992442,0.0399352796674225,0.002083333333333333
Random Forest / none / {'select_k': 60},612,2,2,0.06554587112622823,0.045682161753590314,0.8887719671201814
Random Forest / none / {'select_k': 60},613,1,0,0.9845556972789117,0.008450255102040815,0.006994047619047619
Random Forest / none / {'select_k': 60},614,0,0,0.9715348639455782,0.02846513605442175,0.0
Random Forest / none / {'select_k': 60},615,0,0,0.8973878386824816,0.020089285714285705,0.08252287560323261
Random Forest / none / {'select_k': 60},616,0,0,0.9908068783068782,0.005224867724867723,0.003968253968253968
Random Forest / none / {'select_k': 60},617,0,0,0.9553251010549146,0.03285399002596204,0.011820908919123196
Random Forest / none / {'select_k': 60},618,0,0,0.9096761621315194,0.09032383786848062,0.0
Random Forest / none / {'select_k': 60},619,0,0,0.8988260582010582,0.0997685185185184,0.0014054232804232801
Random Forest / none / {'select_k': 60},620,2,1,0.03199995275888131,0.9152234504913077,0.05277659674981096
Random Forest / none / {'select_k': 60},621,0,0,0.9825668461829176,0.017433153817082388,0.0
Random Forest / none / {'select_k': 60},622,2,0,0.6086415816326529,0.07366898148148145,0.3176894368858656
Random Forest / none / {'select_k': 60},623,0,0,0.9996693121693122,0.00033068783068783067,0.0
Random Forest / none / {'select_k': 60},624,0,0,0.8452983276643993,0.15427650226757367,0.0004251700680272107
Random Forest / none / {'select_k': 60},625,0,0,0.9697833994708995,0.030216600529100482,0.0
Random Forest / none / {'select_k': 60},626,0,0,0.9895358491171298,0.003784013605442175,0.006680137277427916
Random Forest / none / {'select_k': 60},627,0,0,0.9850021258503402,0.012484646636432353,0.0025132275132275133
Random Forest / none / {'select_k': 60},628,1,1,0.29619118480725637,0.5810681216931215,0.12274069349962202
Random Forest / none / {'select_k': 60},629,0,0,0.9919784580498866,0.008021541950113375,0.0
Random Forest / none / {'select_k': 60},630,2,2,0.04126984126984124,0.0,0.9587301587301588
Random Forest / none / {'select_k': 60},631,1,1,0.10057172490208206,0.6578749871160583,0.2415532879818597
Random Forest / none / {'select_k': 60},632,2,2,0.11488095238095244,0.25817979969765653,0.626939247921391
Random Forest / none / {'select_k': 60},633,0,2,0.3858524659863949,0.0297205687830688,0.5844269652305364
Random Forest / none / {'select_k': 60},634,0,0,0.871027021919879,0.12897297808012098,0.0
Random Forest / none / {'select_k': 60},635,0,0,0.8768536581299187,0.026239176226045966,0.09690716564403536
Random Forest / none / {'select_k': 60},636,2,2,0.053827711640211655,0.0011904761904761906,0.9449818121693122
Random Forest / none / {'select_k': 60},637,2,2,0.013254676870748295,0.004662698412698412,0.9820826247165533
Random Forest / none / {'select_k': 60},638,0,0,0.7895134379509381,0.1774862786023499,0.03300028344671198
Random Forest / none / {'select_k': 60},639,2,2,0.415661611866969,0.11608323885109598,0.468255149281935
Random Forest / none / {'select_k': 60},640,0,0,0.9193771258503401,0.07987882653061214,0.0007440476190476187
Random Forest / none / {'select_k': 60},641,0,0,0.9922619047619048,0.007738095238095237,0.0
Random Forest / none / {'select_k': 60},642,0,0,0.9722505668934242,0.027749433106575953,0.0
Random Forest / none / {'select_k': 60},643,0,0,0.9987433862433862,0.0012566137566137566,0.0
Random Forest / none / {'select_k': 60},644,0,0,0.9945861678004535,0.005413832199546485,0.0
Random Forest / none / {'select_k': 60},645,0,0,0.8845899470899471,0.11541005291005287,0.0
Random Forest / none / {'select_k': 60},646,0,0,0.9995039682539681,0.0004960317460317459,0.0
Random Forest / none / {'select_k': 60},647,2,2,0.029164304610733188,0.0,0.9708356953892668
Random Forest / none / {'select_k': 60},648,2,0,0.5922864301176138,0.08289357183059938,0.3248199980517867
Random Forest / none / {'select_k': 60},649,0,1,0.029179657974300836,0.703972978080121,0.2668473639455782
Random Forest / none / {'select_k': 60},650,0,2,0.3238614890400606,0.07011526832955403,0.6060232426303853
Random Forest / none / {'select_k': 60},651,0,0,0.7226757369614514,0.12330640589569146,0.15401785714285707
Random Forest / none / {'select_k': 60},652,0,0,0.6630302815570672,0.19310515873015882,0.14386455971277404
Random Forest / none / {'select_k': 60},653,0,0,0.9653120275888134,0.03281722411186695,0.0018707482993197274
Random Forest / none / {'select_k': 60},654,0,0,0.9197262683941719,0.01670583090390913,0.06356790070191903
Random Forest / none / {'select_k': 60},655,0,0,1.0,0.0,0.0
Random Forest / none / {'select_k': 60},656,0,0,0.9062854308390026,0.09371456916099752,0.0
Random Forest / none / {'select_k': 60},657,0,0,0.9390707671957671,0.053189956538170796,0.007739276266061979
Random Forest / none / {'select_k': 60},658,0,0,0.8133030990173847,0.18589970710506434,0.0007971938775510204
Random Forest / none / {'select_k': 60},659,0,0,1.0,0.0,0.0
Random Forest / none / {'select_k': 60},660,0,0,0.5247732150701501,0.28174669049882933,0.1934800944310207
Random Forest / none / {'select_k': 60},661,2,2,0.4007735733182165,0.02495630196523055,0.5742701247165529
Random Forest / none / {'select_k': 60},662,0,0,0.9810019841269841,0.018998015873015885,0.0
Random Forest / none / {'select_k': 60},663,1,0,0.979660336356765,0.016321806500377928,0.0040178571428571425
Random Forest / none / {'select_k': 60},664,0,0,0.9331349206349208,0.06612103174603168,0.0007440476190476187
Random Forest / none / {'select_k': 60},665,2,0,0.6636792027417028,0.23906486205593364,0.09725593520236364
Random Forest / none / {'select_k': 60},666,2,2,0.136849790421219,0.031381201470487174,0.8317690081082938
Random Forest / none / {'select_k': 60},667,1,1,0.4299041620655728,0.46802925345039226,0.10206658448403501
Random Forest / none / {'select_k': 60},668,0,0,0.9183543556311415,0.08164564436885847,0.0
Random Forest / none / {'select_k': 60},669,0,0,0.9884188397581255,0.010730820105820106,0.0008503401360544217
Random Forest / none / {'select_k': 60},670,0,2,0.0840655706727135,0.007266865079365077,0.9086675642479214
Random Forest / none / {'select_k': 60},671,0,0,0.5097718253968253,0.04828514739229024,0.44194302721088446
Random Forest / none / {'select_k': 60},672,0,0,1.0,0.0,0.0
Random Forest / none / {'select_k': 60},673,0,0,0.751608560090703,0.24742417800453514,0.0009672619047619026
Random Forest / none / {'select_k': 60},674,0,0,0.995436507936508,0.004563492063492064,0.0
Random Forest / none / {'select_k': 60},675,0,0,0.9964285714285714,0.0035714285714285704,0.0
Random Forest / none / {'select_k': 60},676,1,0,0.9248712679516252,0.04743362622826906,0.0276951058201058
Random Forest / none / {'select_k': 60},677,2,2,0.0251759731670446,0.002442365835222978,0.9723816609977325
Random Forest / none / {'select_k': 60},678,0,0,0.9177768329554045,0.08043745275888124,0.0017857142857142852
Random Forest / none / {'select_k': 60},679,2,2,0.35050061081937606,0.29166693602392224,0.3578324531567017
Random Forest / none / {'select_k': 60},680,0,0,0.9915603741496599,0.008439625850340138,0.0
Random Forest / none / {'select_k': 60},681,2,0,0.841077403183496,0.08369764572495648,0.07522495109154759
Random Forest / none / {'select_k': 60},682,0,0,0.9594061139781583,0.016350599147705064,0.024243286874136624
Random Forest / none / {'select_k': 60},683,1,0,0.7317823109290665,0.15430117078130162,0.11391651828963192
Random Forest / none / {'select_k': 60},684,2,0,0.7807645975056692,0.08907194822373389,0.130163454270597
Random Forest / none / {'select_k': 60},685,0,0,0.9792871315192745,0.02071286848072562,0.0
Random Forest / none / {'select_k': 60},686,0,0,0.7965525793650793,0.19425429894179902,0.009193121693121687
Random Forest / none / {'select_k': 60},687,2,2,0.04688917233560081,0.0014455782312925156,0.9516652494331066
Random Forest / none / {'select_k': 60},688,0,0,0.9912414965986395,0.008758503401360545,0.0
Random Forest / none / {'select_k': 60},689,0,0,0.9995748299319729,0.00042517006802721087,0.0
Random Forest / none / {'select_k': 60},690,0,0,0.9656320861678004,0.03436791383219953,0.0
Random Forest / none / {'select_k': 60},691,0,0,0.9631448412698412,0.03344316893424034,0.0034119897959183658
Random Forest / none / {'select_k': 60},692,0,0,0.9300654289493575,0.06950940098261522,0.00042517006802721076
Random Forest / none / {'select_k': 60},693,0,0,0.9307615656129783,0.06892748911338983,0.00031094527363184046
Random Forest / none / {'select_k': 60},694,0,0,0.9824062263794408,0.01759377362055934,0.0
Random Forest / none / {'select_k': 60},695,0,0,1.0,0.0,0.0
Random Forest / none / {'select_k': 60},696,0,0,0.9502208522297808,0.04928311602418745,0.0004960317460317461
Random Forest / none / {'select_k': 60},697,0,0,0.8122779667422524,0.0022191515495086933,0.18550288170823886
Random Forest / none / {'select_k': 60},698,2,2,0.09461923658352213,0.002467167422524564,0.9029135959939532
Random Forest / none / {'select_k': 60},699,0,0,0.9829554043839759,0.016383219954648517,0.000661375661375661
Random Forest / none / {'select_k': 60},700,0,0,0.8994236583522299,0.09536092214663636,0.005215419501133787
Random Forest / none / {'select_k': 60},701,0,0,0.6350611772486772,0.118269321617536,0.24666950113378686
Random Forest / none / {'select_k': 60},702,0,0,0.6554999398749403,0.33240063702248535,0.012099423102574336
Random Forest / none / {'select_k': 60},703,0,0,0.7466813114134541,0.25055744520030254,0.0027612433862433876
Random Forest / none / {'select_k': 60},704,0,0,0.9924851190476192,0.0075148809523809534,0.0
Random Forest / none / {'select_k': 60},705,0,0,0.9992559523809523,0.000744047619047619,0.0
Random Forest / none / {'select_k': 60},706,0,0,0.9228354955727756,0.018010883079376223,0.05915362134784827
Random Forest / none / {'select_k': 60},707,0,0,0.9772333238851096,0.022766676114890406,0.0
Random Forest / none / {'select_k': 60},708,0,0,0.9664233749055178,0.03357662509448221,0.0
Random Forest / none / {'select_k': 60},709,0,0,0.9882523148148147,0.0007054673721340387,0.011042217813051149
Random Forest / none / {'select_k': 60},710,0,2,0.2722482048374907,0.03864323507180644,0.6891085600907028
Random Forest / none / {'select_k': 60},711,0,0,0.655979544595616,0.15609528533635691,0.1879251700680271
Random Forest / none / {'select_k': 60},712,0,0,0.9908166949229373,0.003575331979141402,0.005607973097921286
Random Forest / none / {'select_k': 60},713,0,0,0.8730474386724388,0.12695256132756122,0.0
Random Forest / none / {'select_k': 60},714,2,0,0.3959152490694372,0.22626795441191486,0.377816796518648
Random Forest / none / {'select_k': 60},715,0,0,0.9293024848828421,0.06079577664399087,0.009901738473167039
Random Forest / none / {'select_k': 60},716,0,0,0.6707073692049919,0.031140475195926318,0.29815215559908187
Random Forest / none / {'select_k': 60},717,0,0,0.9865256519274376,0.013474348072562358,0.0
Random Forest / none / {'select_k': 60},718,0,0,0.881378732048375,0.10293249244142089,0.01568877551020408
Random Forest / none / {'select_k': 60},719,0,0,1.0,0.0,0.0
Random Forest / none / {'select_k': 60},720,0,0,0.7207790060468633,0.2755834278155707,0.003637566137566137
Random Forest / none / {'select_k': 60},721,0,0,0.9036292989417991,0.059376181027966615,0.036994520030234256
Random Forest / none / {'select_k': 60},722,0,0,0.9262275231730122,0.07377247682698794,0.0
Random Forest / none / {'select_k': 60},723,2,0,0.7695684523809525,0.09460742630385477,0.1358241213151928
Random Forest / none / {'select_k': 60},724,0,0,0.9988095238095237,0.0011904761904761904,0.0
Random Forest / none / {'select_k': 60},725,2,0,0.7329483182161753,0.07710104875283441,0.1899506330309903
Random Forest / none / {'select_k': 60},726,0,0,0.9234084360039665,0.030153781071127147,0.04643778292490649
Random Forest / none / {'select_k': 60},727,0,0,0.9121586829176117,0.08784131708238835,0.0
Random Forest / none / {'select_k': 60},728,0,0,0.9678347033257748,0.0024470899470899463,0.029718206727135297
Random Forest / none / {'select_k': 60},729,2,2,0.26452073885109617,0.0003720238095238101,0.73510723733938
Random Forest / none / {'select_k': 60},730,0,0,0.9917658730158729,0.008234126984126983,0.0
Random Forest / none / {'select_k': 60},731,0,0,0.9419443883956597,0.0072682062467171364,0.05078740535762319
Random Forest / none / {'select_k': 60},732,0,0,0.6867583144368855,0.28084490740740786,0.03239677815570671
Random Forest / none / {'select_k': 60},733,0,1,0.27862811791383224,0.6992984693877552,0.022073412698412714
Random Forest / none / {'select_k': 60},734,1,2,0.4411493764172335,0.04924296107331818,0.5096076625094483
Random Forest / none / {'select_k': 60},735,0,0,0.6131510685082119,0.36873077513833774,0.01811815635345045
Random Forest / none / {'select_k': 60},736,0,0,0.9492500472411187,0.05074995275888132,0.0
Random Forest / none / {'select_k': 60},737,0,0,0.9944113756613757,0.005588624338624338,0.0
Random Forest / none / {'select_k': 60},738,0,0,0.9394723167044595,0.06052768329554041,0.0
Random Forest / none / {'select_k': 60},739,0,0,0.6748169539982501,0.08767938529264203,0.23750366070910783
Random Forest / none / {'select_k': 60},740,0,0,0.9932953042328042,0.0067046957671957706,0.0
Random Forest / none / {'select_k': 60},741,2,2,0.19196428571428648,0.11081231103552554,0.697223403250188
Random Forest / none / {'select_k': 60},742,0,0,0.9314571150097468,0.06854288499025328,0.0
Random Forest / none / {'select_k': 60},743,0,0,0.9793005579424753,0.020699442057524768,0.0
Random Forest / none / {'select_k': 60},744,0,0,0.5465821050642476,0.06446759259259255,0.38895030234315975
Random Forest / none / {'select_k': 60},745,2,2,0.04600930650037792,0.0009212018140589569,0.9530694916855631
Random Forest / none / {'select_k': 60},746,0,0,0.6474371693121694,0.108517573696145,0.2440452569916856
Random Forest / none / {'select_k': 60},747,0,0,0.9842403628117914,0.015759637188208615,0.0
Random Forest / none / {'select_k': 60},748,0,0,0.9497248204837492,0.04811744142101284,0.0021577380952380954
Random Forest / none / {'select_k': 60},749,2,2,0.08450255102040802,0.013053902116402108,0.90244354686319
Random Forest / none / {'select_k': 60},750,0,0,0.940580120937264,0.059419879062736096,0.0
Random Forest / none / {'select_k': 60},751,0,0,0.5802628024339687,0.2550359879295049,0.16470120963652657
Random Forest / none / {'select_k': 60},752,0,0,0.98624929138322,0.013750708616780051,0.0
Random Forest / none / {'select_k': 60},753,0,0,0.9994047619047619,0.0005952380952380953,0.0
Random Forest / none / {'select_k': 60},754,0,0,0.9746893896447467,0.020265258881330312,0.005045351473922902
Random Forest / none / {'select_k': 60},755,0,0,0.987576176303855,0.01242382369614512,0.0
Random Forest / none / {'select_k': 60},756,0,0,0.9287391345427061,0.07126086545729397,0.0
Random Forest / none / {'select_k': 60},757,0,0,0.9870960884353742,0.012903911564625847,0.0
Random Forest / none / {'select_k': 60},758,0,0,0.5981383703352141,0.25201653658879586,0.14984509307599003
Random Forest / none / {'select_k': 60},759,0,0,0.9520502645502645,0.03856410619803474,0.009385629251700677
Random Forest / none / {'select_k': 60},760,0,0,0.7748677248677246,0.005732709750566893,0.2193995653817084
Random Forest / none / {'select_k': 60},761,1,2,0.4020017741776283,0.024982569693361597,0.5730156561290101
Random Forest / none / {'select_k': 60},762,2,2,0.1866449357520785,0.007674319727891155,0.8056807445200302
Random Forest / none / {'select_k': 60},763,0,0,0.9821074263038547,0.01640447845804988,0.001488095238095237
Random Forest / none / {'select_k': 60},764,1,1,0.07562948790627361,0.5125082671957676,0.4118622448979587
Random Forest / none / {'select_k': 60},765,0,1,0.39267762660619954,0.4381826341647754,0.16913973922902492
Random Forest / none / {'select_k': 60},766,0,0,0.9802130574452003,0.01209845049130763,0.007688492063492062
Random Forest / none / {'select_k': 60},767,0,0,0.9532773526077097,0.04507511337868472,0.0016475340136054408
Random Forest / none / {'select_k': 60},768,0,0,0.8362799981103552,0.005921674225245652,0.15779832766439902
Random Forest / none / {'select_k': 60},769,0,0,0.9994047619047619,0.0005952380952380953,0.0
Random Forest / none / {'select_k': 60},770,1,0,0.881880149772206,0.03415712266497899,0.08396272756281485
Random Forest / none / {'select_k': 60},771,2,2,0.3234304138321998,0.04579908352229773,0.6307705026455025
Random Forest / none / {'select_k': 60},772,0,0,0.9899435468631897,0.0019132653061224487,0.008143187830687829
Random Forest / none / {'select_k': 60},773,0,0,0.8833125972693832,0.11334007120816628,0.003347331522450519
Random Forest / none / {'select_k': 60},774,0,0,0.9994047619047619,0.0,0.0005952380952380953
Random Forest / none / {'select_k': 60},775,0,0,0.7999397675736963,0.12291312358276645,0.07714710884353734
Random Forest / none / {'select_k': 60},776,2,2,0.04614984882842022,0.00446782879818594,0.9493823223733939
Random Forest / none / {'select_k': 60},777,0,0,0.8938082101377666,0.04836639223139139,0.0578253976308421
Random Forest / none / {'select_k': 60},778,0,0,0.7911328420256991,0.04396022297808008,0.16490693499622078
Random Forest / none / {'select_k': 60},779,2,1,0.06794926303854872,0.5090053382464091,0.42304539871504215
Random Forest / none / {'select_k': 60},780,2,2,0.1382003495842787,0.12901785714285766,0.7327817932728636
Random Forest / none / {'select_k': 60},781,0,0,0.9957671957671957,0.0035714285714285718,0.0006613756613756613
Random Forest / none / {'select_k': 60},782,0,0,0.8807669595616024,0.08940027399848817,0.02983276643990929
Random Forest / none / {'select_k': 60},783,0,0,0.9950113378684807,0.004988662131519274,0.0
Random Forest / none / {'select_k': 60},784,0,0,0.9924461451247164,0.005073696145124715,0.0024801587301587296
Random Forest / none / {'select_k': 60},785,0,0,0.8089663643235072,0.18750354308390024,0.0035300925925925934
Random Forest / none / {'select_k': 60},786,0,0,0.79306854686319,0.0954424130763415,0.1114890400604686
Random Forest / none / {'select_k': 60},787,2,2,0.3217469404029555,0.31237883444180464,0.3658742251552398
Random Forest / none / {'select_k': 60},788,2,2,0.06183862433862427,0.0009920634920634916,0.9371693121693123
Random Forest / none / {'select_k': 60},789,2,2,0.028406084656084636,0.018036659108087674,0.9535572562358277
Random Forest / none / {'select_k': 60},790,2,2,0.4141628873771732,0.07917493386243381,0.506662178760393
Random Forest / none / {'select_k': 60},791,0,0,0.9404820956160242,0.05951790438397571,0.0
Random Forest / none / {'select_k': 60},792,0,0,0.6333932436611007,0.18282323661787953,0.18378351972101983
Random Forest / none / {'select_k': 60},793,0,0,0.8109965513983373,0.1890034486016628,0.0
Random Forest / none / {'select_k': 60},794,0,0,0.6976426681783825,0.005451625094482237,0.2969057067271352
Random Forest / none / {'select_k': 60},795,0,0,0.9972151360544218,0.002784863945578232,0.0
Random Forest / none / {'select_k': 60},796,1,0,0.6012885015117159,0.10864866780045347,0.2900628306878308
Random Forest / none / {'select_k': 60},797,0,0,0.9410761526832957,0.05855182350718059,0.0003720238095238094
Random Forest / none / {'select_k': 60},798,0,0,0.8789198318216176,0.09954766628873764,0.021532501889644742
Random Forest / none / {'select_k': 60},799,0,0,0.9718549225245653,0.0281450774754346,0.0
Random Forest / none / {'select_k': 60},800,2,2,0.4474726001511717,0.06437547241118666,0.48815192743764163
Random Forest / none / {'select_k': 60},801,0,0,0.9656049225245654,0.018421674225245658,0.015973403250188967
Random Forest / none / {'select_k': 60},802,0,0,0.9936425264550264,0.005762235449735449,0.0005952380952380952
Random Forest / none / {'select_k': 60},803,0,0,0.8600342691014439,0.08525023271832936,0.054715498180226765
Random Forest / none / {'select_k': 60},804,0,0,0.9993386243386243,0.0006613756613756613,0.0
Random Forest / none / {'select_k': 60},805,0,0,0.7115232898715041,0.003910383597883595,0.2845663265306122
Random Forest / none / {'select_k': 60},806,0,1,0.3891085600907031,0.40535832388510923,0.2055331160241877
Random Forest / none / {'select_k': 60},807,0,0,0.9294902683295541,0.01214569160997732,0.05836404006046855
Random Forest / none / {'select_k': 60},808,1,1,0.06424437830687815,0.8637802343159489,0.07197538737717302
Random Forest / none / {'select_k': 60},809,1,0,0.7092953854252111,0.16323475011533892,0.12746986445945002
Random Forest / none / {'select_k': 60},810,0,0,0.9609977324263038,0.03900226757369611,0.0
Random Forest / none / {'select_k': 60},811,0,0,0.9683283730158729,0.03167162698412696,0.0
Random Forest / none / {'select_k': 60},812,0,0,0.9704424130763417,0.028962348828420244,0.0005952380952380953
Random Forest / none / {'select_k': 60},813,0,0,0.9305779950869237,0.06555295729402863,0.0038690476190476174
Random Forest / none / {'select_k': 60},814,0,0,0.6087044982134265,0.20604396430289304,0.1852515374836804
Random Forest / none / {'select_k': 60},815,0,0,0.5138865268329553,0.060792233560090655,0.4253212396069541
Random Forest / none / {'select_k': 60},816,0,0,0.9557445200302345,0.04289139266817834,0.0013640873015873009
Random Forest / none / {'select_k': 60},817,0,0,0.9975529100529101,0.0024470899470899476,0.0
Random Forest / none / {'select_k': 60},818,0,0,0.8548374905517763,0.14516250944822368,0.0
Random Forest / none / {'select_k': 60},819,0,0,0.8257251511715797,0.1195660903250189,0.0547087585034013
Random Forest / none / {'select_k': 60},820,0,0,0.969469246031746,0.03053075396825393,0.0
Random Forest / none / {'select_k': 60},821,0,0,0.9785111961451247,0.019000377928949354,0.002488425925925925
Random Forest / none / {'select_k': 60},822,0,0,0.810922402132434,0.11219184269565372,0.07688575517191229
Random Forest / none / {'select_k': 60},823,0,0,0.9448282785336357,0.05517172146636426,0.0
Random Forest / none / {'select_k': 60},824,1,0,0.6501017923411243,0.17512089137254097,0.17477731628633472
Random Forest / none / {'select_k': 60},825,0,0,0.929311933106576,0.07068806689342395,0.0
Random Forest / none / {'select_k': 60},826,0,2,0.23812830687830788,0.18165509259259352,0.5802166005290986
Random Forest / none / {'select_k': 60},827,2,2,0.07457482993197269,0.0,0.9254251700680274
Random Forest / none / {'select_k': 60},828,2,2,0.025239748677248677,0.0,0.9747602513227512
Random Forest / none / {'select_k': 60},829,2,2,0.020841600529100526,0.010375330687830683,0.9687830687830687
Random Forest / none / {'select_k': 60},830,0,0,1.0,0.0,0.0
Random Forest / none / {'select_k': 60},831,0,1,0.452233109152752,0.47758516285301994,0.07018172799422795
Random Forest / none / {'select_k': 60},832,0,0,0.9422902494331067,0.0025132275132275124,0.055196523053665875
Random Forest / none / {'select_k': 60},833,0,0,0.9734705687830687,0.024049272486772483,0.002480158730158729
Random Forest / none / {'select_k': 60},834,0,0,0.7954790249433108,0.18450609410430824,0.02001488095238095
Random Forest / none / {'select_k': 60},835,0,0,0.9201306216931217,0.07474962207105058,0.005119756235827663
Random Forest / none / {'select_k': 60},836,0,0,0.9871185279667423,0.012881472033257749,0.0
Random Forest / none / {'select_k': 60},837,0,0,0.9241154100529102,0.07588458994708984,0.0
Random Forest / none / {'select_k': 60},838,0,1,0.32531769652305365,0.5876074735449736,0.08707482993197274
Random Forest / none / {'select_k': 60},839,0,0,0.9887341742252457,0.011265825774754346,0.0
Random Forest / none / {'select_k': 60},840,0,0,0.9647179705215418,0.03528202947845803,0.0
Random Forest / none / {'select_k': 60},841,0,0,0.938516865079365,0.002513227513227511,0.05896990740740736
Random Forest / none / {'select_k': 60},842,2,2,0.23773620559334857,0.042041052532123965,0.7202227418745274
Random Forest / none / {'select_k': 60},843,0,0,0.8896412037037041,0.11035879629629596,0.0
Random Forest / none / {'select_k': 60},844,0,0,0.9127964380196524,0.08459939531368088,0.002604166666666665
Random Forest / none / {'select_k': 60},845,0,0,0.9937748015873016,0.006225198412698411,0.0
Random Forest / none / {'select_k': 60},846,0,0,0.9896341175359034,0.01036588246409675,0.0
Random Forest / none / {'select_k': 60},847,0,0,0.9994047619047619,0.0005952380952380953,0.0
Random Forest / none / {'select_k': 60},848,0,0,0.9572707794518163,0.03495546303406787,0.007773757514115854
Random Forest / none / {'select_k': 60},849,0,0,0.9873015873015873,0.006845238095238094,0.005853174603174602
Random Forest / none / {'select_k': 60},850,2,0,0.6626361403147115,0.04511172524565377,0.29225213443963477
Random Forest / none / {'select_k': 60},851,0,0,0.924422477324263,0.016816657218442933,0.058760865457293976
Random Forest / none / {'select_k': 60},852,0,0,0.9817377645502646,0.006845238095238097,0.011416997354497358
Random Forest / none / {'select_k': 60},853,0,0,0.9603245464852607,0.03967545351473923,0.0
Random Forest / none / {'select_k': 60},854,0,0,0.930503590325019,0.0018959435626102286,0.06760046611237082
Random Forest / none / {'select_k': 60},855,0,0,0.9928571428571429,0.007142857142857141,0.0
Random Forest / none / {'select_k': 60},856,0,0,0.9831691704459562,0.006919642857142859,0.009911186696900985
Random Forest / none / {'select_k': 60},857,0,0,0.9912414965986395,0.0020171957671957673,0.0067413076341647764
Random Forest / none / {'select_k': 60},858,2,2,0.09408895502645495,0.016154100529100525,0.8897569444444444
Random Forest / none / {'select_k': 60},859,0,0,0.9976284958427815,0.0023715041572184427,0.0
Random Forest / none / {'select_k': 60},860,1,0,0.6227702191987904,0.3746799414210132,0.0025498393801965244
Random Forest / none / {'select_k': 60},861,0,0,0.9849111866969009,0.008739606953892667,0.0063492063492063475
Random Forest / none / {'select_k': 60},862,2,2,0.018035478080120942,0.006646825396825397,0.9753176965230537
Random Forest / none / {'select_k': 60},863,1,1,0.3486889515907378,0.5641322880162162,0.08717876039304608
Random Forest / none / {'select_k': 60},864,0,0,0.9983843537414966,0.0016156462585034015,0.0
Random Forest / none / {'select_k': 60},865,2,2,0.04170800264550263,0.010221797052154197,0.9480702003023432
Random Forest / none / {'select_k': 60},866,0,0,0.5721867913832207,0.030739795918367348,0.39707341269841184
Random Forest / none / {'select_k': 60},867,0,0,0.9981481481481482,0.001851851851851852,0.0
Random Forest / none / {'select_k': 60},868,0,0,0.8810988284202571,0.11771069538926666,0.0011904761904761886
Random Forest / none / {'select_k': 60},869,0,0,0.9671309908144049,0.02788777351807012,0.004981235667525012
Random Forest / none / {'select_k': 60},870,0,0,0.9944786942554801,0.00552130574452003,0.0
Random Forest / none / {'select_k': 60},871,0,0,0.9920918367346938,0.007908163265306124,0.0
Random Forest / none / {'select_k': 60},872,0,0,0.9602784863945578,0.039721513605442176,0.0
Random Forest / none / {'select_k': 60},873,0,0,0.9919749149659864,0.008025085034013606,0.0
Random Forest / none / {'select_k': 60},874,0,0,0.802089775304061,0.16011024359238643,0.03779998110355251
Random Forest / none / {'select_k': 60},875,0,0,0.9916312358276644,0.0083687641723356,0.0
Random Forest / none / {'select_k': 60},876,0,0,0.9811696900982616,0.0015625,0.017267809901738478
Random Forest / none / {'select_k': 60},877,0,0,0.9955357142857143,0.0017361111111111108,0.002728174603174603
Random Forest / none / {'select_k': 60},878,2,2,0.11857638888888879,0.0023148148148148147,0.8791087962962963
Random Forest / none / {'select_k': 60},879,0,0,1.0,0.0,0.0
Random Forest / none / {'select_k': 60},880,0,0,0.9900132275132275,0.009986772486772487,0.0
Random Forest / none / {'select_k': 60},881,2,2,0.3395684031188233,0.11464044582479459,0.5457911510563821
Random Forest / none / {'select_k': 60},882,0,0,1.0,0.0,0.0
Random Forest / none / {'select_k': 60},883,0,0,0.8973878386824816,0.020089285714285705,0.08252287560323261
Random Forest / none / {'select_k': 60},884,0,0,0.9871090797430082,0.012890920256991682,0.0
Random Forest / none / {'select_k': 60},885,2,2,0.031834608843537414,0.1232284580498866,0.844936933106576
Random Forest / none / {'select_k': 60},886,2,2,0.24905045351473978,0.06198152872260015,0.68896801776266
Random Forest / none / {'select_k': 60},887,0,0,0.9922784391534392,0.005563822751322752,0.0021577380952380954
Random Forest / none / {'select_k': 60},888,0,0,0.9515743102796674,0.036005999622071044,0.012419690098261528
Random Forest / none / {'select_k': 60},889,2,1,0.21524352796674226,0.784384448223734,0.0003720238095238092
Random Forest / none / {'select_k': 60},890,1,0,0.46358254562055223,0.3680626562790807,0.16835479810036716
Random Forest / none / {'select_k': 60},891,0,0,0.9794820011337869,0.0015624999999999994,0.01895549886621315
Random Forest / none / {'select_k': 60},892,0,0,0.9632074357520786,0.03679256424792137,0.0
Random Forest / none / {'select_k': 60},893,0,0,0.9921826218410069,0.005455322225508561,0.002362055933484505
Random Forest / none / {'select_k': 60},894,0,0,0.9774907879818594,0.022509212018140597,0.0
Random Forest / none / {'select_k': 60},895,0,0,0.6491567460317459,0.1238366874527588,0.2270065665154953
Random Forest / none / {'select_k': 60},896,0,0,0.9775892484186657,0.02181551348609619,0.0005952380952380951
Random Forest / none / {'select_k': 60},897,0,0,0.9828231292517007,0.016581632653061226,0.0005952380952380951
Random Forest / none / {'select_k': 60},898,0,0,0.9485697751322753,0.051430224867724854,0.0
Random Forest / none / {'select_k': 60},899,0,0,0.9974867724867724,0.0025132275132275124,0.0
Random Forest / none / {'select_k': 60},900,0,0,0.9288062384044528,0.028201766817838227,0.04299199477770903
Random Forest / none / {'select_k': 60},901,0,0,0.9683555366591081,0.02271589191232048,0.008928571428571425
Random Forest / none / {'select_k': 60},902,2,2,0.08674296107331822,0.28909342145949335,0.6241636174671884
Random Forest / none / {'select_k': 60},903,0,0,0.997842261904762,0.0021577380952380954,0.0
Random Forest / none / {'select_k': 60},904,0,0,0.9000224395313682,0.09948152872259998,0.0004960317460317455
Random Forest / none / {'select_k': 60},905,0,0,1.0,0.0,0.0
Random Forest / none / {'select_k': 60},906,0,0,0.9858418367346939,0.009141156462585032,0.005017006802721087
Random Forest / none / {'select_k': 60},907,0,0,0.9637861394557824,0.036213860544217685,0.0
Random Forest / none / {'select_k': 60},908,0,0,0.9426894368858654,0.0561200869236583,0.0011904761904761904
Random Forest / none / {'select_k': 60},909,0,0,0.9432551492819351,0.056414162887377134,0.0003306878306878306
Random Forest / none / {'select_k': 60},910,0,0,1.0,0.0,0.0
Random Forest / none / {'select_k': 60},911,0,0,0.9955026455026456,0.004497354497354498,0.0
Random Forest / none / {'select_k': 60},912,1,0,0.8785312736205596,0.09285596182917588,0.02861276455026453
Random Forest / none / {'select_k': 60},913,0,0,0.7961699345627916,0.18247271907986204,0.021357346357346364
Random Forest / none / {'select_k': 60},914,0,0,0.9794168014980822,0.003188775510204081,0.017394422991713638
Random Forest / none / {'select_k': 60},915,0,0,0.9866402116402117,0.013359788359788363,0.0
Random Forest / none / {'select_k': 60},916,2,2,0.32657667233560106,0.0042776832955404446,0.6691456443688585
Random Forest / none / {'select_k': 60},917,1,0,0.8432232615268332,0.15677673847316684,0.0
Random Forest / none / {'select_k': 60},918,2,2,0.14377598261526822,0.004621362433862431,0.8516026549508693
Random Forest / none / {'select_k': 60},919,0,0,0.8825999149659867,0.02780848450491305,0.08959160052910033
Random Forest / none / {'select_k': 60},920,0,0,0.8546960356112141,0.1453039643887858,0.0
Random Forest / none / {'select_k': 60},921,2,2,0.12936507936507935,0.020586498488284196,0.8500484221466365
Random Forest / none / {'select_k': 60},922,0,0,0.9755201657957869,0.024479834204213093,0.0
Random Forest / none / {'select_k': 60},923,2,2,0.04072066326530613,0.21813726121761845,0.7411420755170753
Random Forest / none / {'select_k': 60},924,0,0,0.9512282690854119,0.044803476946334075,0.003968253968253968
Random Forest / none / {'select_k': 60},925,1,2,0.358518754724112,0.17034674981103567,0.4711344954648525
Random Forest / none / {'select_k': 60},926,0,0,0.9879511526832956,0.012048847316704457,0.0
Random Forest / none / {'select_k': 60},927,0,0,0.9198899645328217,0.011703714605500315,0.06840632086167794
Random Forest / none / {'select_k': 60},928,2,2,0.21660643424036313,0.0025793650793650823,0.7808142006802719
Random Forest / none / {'select_k': 60},929,0,2,0.09646518329554038,0.0024553571428571432,0.9010794595616025
Random Forest / none / {'select_k': 60},930,2,2,0.08097009637188193,0.0007558578987150409,0.918274045729403
Random Forest / none / {'select_k': 60},931,0,0,0.9448105631141345,0.02502598261526832,0.03016345427059712
Random Forest / none / {'select_k': 60},932,0,0,0.9717250094482238,0.027944302721088433,0.0003306878306878307
Random Forest / none / {'select_k': 60},933,0,0,0.903519463340892,0.09648053665910797,0.0
Random Forest / none / {'select_k': 60},934,0,0,0.9411753590325018,0.05277305366591074,0.006051587301587297
Random Forest / none / {'select_k': 60},935,0,0,0.9335329270597128,0.06646707294028718,0.0
Random Forest / none / {'select_k': 60},936,2,2,0.3551421957671957,0.08550760582010566,0.5593501984126986
Random Forest / none / {'select_k': 60},937,0,0,0.9814779383975814,0.01852206160241874,0.0
Random Forest / none / {'select_k': 60},938,0,0,0.8608697111323161,0.03909830492025869,0.10003198394742514
Random Forest / none / {'select_k': 60},939,2,2,0.13433956916099768,0.0074428382464096715,0.8582175925925927
Random Forest / none / {'select_k': 60},940,0,0,0.9574416572184431,0.04218631897203321,0.00037202380952380934
Random Forest / none / {'select_k': 60},941,0,0,0.9513310185185184,0.047317885487528286,0.001351095993953136
Random Forest / none / {'select_k': 60},942,2,2,0.20450596905428858,0.12080790649593176,0.6746861244497797
Random Forest / none / {'select_k': 60},943,2,2,0.025198412698412696,0.05118693310657599,0.9236146541950113
Random Forest / none / {'select_k': 60},944,0,0,0.9315369897959185,0.0677189625850339,0.0007440476190476185
Random Forest / none / {'select_k': 60},945,1,1,0.1300807823129251,0.8362339380196525,0.03368527966742248
Random Forest / none / {'select_k': 60},946,0,0,0.7438512697059938,0.09920497336091441,0.15694375693309187
Random Forest / none / {'select_k': 60},947,0,0,0.9491130479969766,0.002876984126984126,0.04800996787603928
Random Forest / none / {'select_k': 60},948,0,0,0.9989087301587302,0.0010912698412698413,0.0
Random Forest / none / {'select_k': 60},949,0,0,0.9099676836546584,0.011468877080746832,0.07856343926459473
Random Forest / none / {'select_k': 60},950,0,0,0.927997448979592,0.07200255102040805,0.0
Random Forest / none / {'select_k': 60},951,0,1,0.42794924156531317,0.45544067374424496,0.11661008469044187
Random Forest / none / {'select_k': 60},952,2,2,0.3867422151609186,0.02553146258503402,0.5877263222540473
Random Forest / none / {'select_k': 60},953,0,0,0.9716363249845392,0.02094327630041915,0.007420398715041566
Random Forest / none / {'select_k': 60},954,0,0,0.9701294406651549,0.029870559334845042,0.0
Random Forest / none / {'select_k': 60},955,1,0,0.9653721526489384,0.027434206005634565,0.007193641345427057
Random Forest / none / {'select_k': 60},956,0,0,1.0,0.0,0.0
Random Forest / none / {'select_k': 60},957,0,0,0.872878873771731,0.12712112622826893,0.0
Random Forest / none / {'select_k': 60},958,0,0,0.9988095238095237,0.0011904761904761904,0.0
Random Forest / none / {'select_k': 60},959,0,0,0.8868634259259263,0.1131365740740738,0.0
Random Forest / none / {'select_k': 60},960,0,0,0.8900770030234317,0.09835719009826142,0.011565806878306885
Random Forest / none / {'select_k': 60},961,0,0,0.9436614229024943,0.05633857709750562,0.0
Random Forest / none / {'select_k': 60},962,1,2,0.07427012471655316,0.46160478080121004,0.46412509448223677
Random Forest / none / {'select_k': 60},963,0,0,0.8773620559334846,0.12133999433106556,0.0012979497354497344
Random Forest / none / {'select_k': 60},964,1,0,0.6640945305591777,0.19886203701494726,0.13704343242587502
Random Forest / none / {'select_k': 60},965,0,0,0.9995039682539681,0.0004960317460317459,0.0
Random Forest / none / {'select_k': 60},966,0,0,1.0,0.0,0.0
Random Forest / none / {'select_k': 60},967,2,2,0.026132605820105802,0.012159863945578228,0.961707530234316
Random Forest / none / {'select_k': 60},968,0,0,0.9019463340891913,0.07785808767951614,0.020195578231292508
Random Forest / none / {'select_k': 60},969,0,0,0.9752350245653817,0.024764975434618284,0.0
Random Forest / none / {'select_k': 60},970,2,2,0.04980513038548744,0.0011904761904761897,0.9490043934240364
Random Forest / none / {'select_k': 60},971,2,0,0.6014821900982615,0.03513321995464851,0.36338458994708994
Random Forest / none / {'select_k': 60},972,0,0,0.6067204722798208,0.07200415519743245,0.32127537252274674
Random Forest / none / {'select_k': 60},973,0,0,0.9834892290249433,0.01651077097505669,0.0
Random Forest / none / {'select_k': 60},974,0,0,0.7126651291829863,0.11571969696969703,0.17161517384731678
Random Forest / none / {'select_k': 60},975,0,0,0.9157785336356767,0.08422146636432326,0.0
Random Forest / none / {'select_k': 60},976,2,2,0.08873299319727887,0.031030328798185933,0.8802366780045352
Random Forest / none / {'select_k': 60},977,0,0,0.9958829365079365,0.0009259259259259257,0.003191137566137566
Random Forest / none / {'select_k': 60},978,2,0,0.5054173752834468,0.17889148715041572,0.3156911375661375
Random Forest / none / {'select_k': 60},979,0,0,0.5427328492086346,0.2965867221191486,0.16068042867221685
Random Forest / none / {'select_k': 60},980,1,0,0.9527553382464097,0.0472446617535903,0.0
Random Forest / none / {'select_k': 60},981,0,0,0.9652328987150415,0.03476710128495839,0.0
Random Forest / none / {'select_k': 60},982,2,0,0.4823347431266686,0.2660256535935882,0.25163960327974316
Random Forest / none / {'select_k': 60},983,0,0,0.9929280045351474,0.007071995464852606,0.0
Random Forest / none / {'select_k': 60},984,0,2,0.04161352040816326,0.018030753968253974,0.9403557256235828
Random Forest / none / {'select_k': 60},985,0,0,0.9900262188208616,0.007816043083900227,0.002157738095238095
Random Forest / none / {'select_k': 60},986,0,0,0.992701615557858,0.0028808875346969572,0.004417496907445097
Random Forest / none / {'select_k': 60},987,0,0,0.7750767668178382,0.010795776643990932,0.2141274565381709
Random Forest / none / {'select_k': 60},988,0,0,0.6043830109792333,0.13109880821667416,0.26451818080409256
Random Forest / none / {'select_k': 60},989,0,0,0.8924748531891389,0.010416303273446132,0.09710884353741495
Random Forest / none / {'select_k': 60},990,0,0,0.9943523242630387,0.005647675736961451,0.0
Random Forest / none / {'select_k': 60},991,0,0,0.8183921485260773,0.07489370748299312,0.10671414399092963
Random Forest / none / {'select_k': 60},992,2,1,0.12085813492063491,0.7404242252456537,0.1387176398337113
Random Forest / none / {'select_k': 60},993,0,0,1.0,0.0,0.0
Random Forest / none / {'select_k': 60},994,0,1,0.3694775476755,0.3878663107151844,0.2426561416093156
Random Forest / none / {'select_k': 60},995,0,0,0.9928665910808768,0.007133408919123203,0.0
Random Forest / none / {'select_k': 60},996,2,0,0.9774447278911564,0.0016699735449735439,0.020885298563869975
Random Forest / none / {'select_k': 60},997,0,0,0.8818924792139079,0.1107343631897202,0.007373157596371877
Random Forest / none / {'select_k': 60},998,0,0,0.6327251039304608,0.3310492252456541,0.03622567082388508
Random Forest / none / {'select_k': 60},999,0,0,0.6158067709406997,0.26698328952793243,0.11720993953136793
Random Forest / none / {'select_k': 60},1000,0,0,0.97921981292517,0.020780187074829932,0.0
Random Forest / none / {'select_k': 60},1001,0,0,0.9869425547996976,0.011866969009826152,0.0011904761904761901
Random Forest / none / {'select_k': 60},1002,0,2,0.19686909486016643,0.067012707860922,0.7361181972789115
Random Forest / none / {'select_k': 60},1003,0,0,0.9902470710506426,0.009752928949357522,0.0
Random Forest / none / {'select_k': 60},1004,0,0,0.9679197373393802,0.030804752456538166,0.0012755102040816328
Random Forest / none / {'select_k': 60},1005,0,0,0.9510700113378686,0.04892998866213143,0.0
Random Forest / none / {'select_k': 60},1006,1,0,0.724364606953893,0.12361347316704455,0.15202191987906252
Random Forest / none / {'select_k': 60},1007,0,0,0.98765589569161,0.011376842403628117,0.0009672619047619046
Random Forest / none / {'select_k': 60},1008,0,0,0.9803547808012093,0.019645219198790632,0.0
Random Forest / none / {'select_k': 60},1009,0,0,0.9602938397581254,0.03970616024187449,0.0
Random Forest / none / {'select_k': 60},1010,0,0,0.9507168839758124,0.04798516628873767,0.0012979497354497348
Random Forest / none / {'select_k': 60},1011,0,0,0.9659474206349207,0.03368055555555556,0.0003720238095238095
Random Forest / none / {'select_k': 60},1012,0,2,0.4219109676698962,0.045864040060468576,0.5322249922696353
Random Forest / none / {'select_k': 60},1013,0,0,0.9858052248677249,0.014194775132275133,0.0
Random Forest / none / {'select_k': 60},1014,0,0,0.5067861866969006,0.49284178949357565,0.0003720238095238095
Random Forest / none / {'select_k': 60},1015,0,0,0.9955645724473364,0.0044354275526635786,0.0
Random Forest / none / {'select_k': 60},1016,0,0,0.9933531746031745,0.006646825396825395,0.0
Random Forest / none / {'select_k': 60},1017,1,0,0.5432852200709336,0.334579953776383,0.12213482615268337
Random Forest / none / {'select_k': 60},1018,0,0,0.9787438586545729,0.021256141345427058,0.0
Random Forest / none / {'select_k': 60},1019,0,0,0.704451294406652,0.29367795729402835,0.001870748299319726
Random Forest / none / {'select_k': 60},1020,2,2,0.2910348167044596,0.001793981481481482,0.707171201814059
Random Forest / none / {'select_k': 60},1021,0,0,0.7251795162509445,0.2748204837490555,0.0
Random Forest / none / {'select_k': 60},1022,0,0,0.9937996031746031,0.004365079365079364,0.0018353174603174599
Random Forest / none / {'select_k': 60},1023,0,0,0.7297996976568406,0.08952191987906258,0.18067838246409682
Random Forest / none / {'select_k': 60},1024,1,0,0.9512932256235829,0.04870677437641719,0.0
Random Forest / none / {'select_k': 60},1025,0,0,0.6082381155434881,0.14544032037766375,0.2463215640788481
Random Forest / none / {'select_k': 60},1026,0,0,0.9707589285714286,0.02924107142857141,0.0
Random Forest / none / {'select_k': 60},1027,0,0,0.9571475812547242,0.042852418745275817,0.0
Random Forest / none / {'select_k': 60},1028,0,2,0.28584537981859465,0.027157738095238124,0.6869968820861673
Random Forest / none / {'select_k': 60},1029,0,0,0.8175099206349206,0.17404809145880584,0.008441987906273618
Random Forest / none / {'select_k': 60},1030,1,1,0.2388035115321697,0.43111314794039163,0.3300833405274388
Random Forest / none / {'select_k': 60},1031,0,0,0.9675646113146112,0.010334994040351179,0.022100394645037498
Random Forest / none / {'select_k': 60},1032,0,0,0.9903982426303855,0.00960175736961451,0.0
Random Forest / none / {'select_k': 60},1033,2,0,0.7049071712018138,0.0952050264550263,0.1998878023431599
Random Forest / none / {'select_k': 60},1034,1,1,0.2228220558185711,0.4396022695991561,0.3375756745822726
Random Forest / none / {'select_k': 60},1035,0,1,0.32439879526569365,0.5985578678520381,0.07704333688226826
Random Forest / none / {'select_k': 60},1036,0,0,0.7913560563114134,0.20411352040816336,0.0045304232804232805
Random Forest / none / {'select_k': 60},1037,0,0,0.9979591836734695,0.0020408163265306124,0.0
Random Forest / none / {'select_k': 60},1038,0,0,0.9926587301587302,0.007341269841269841,0.0
Random Forest / none / {'select_k': 60},1039,2,2,0.24638841647770235,0.17681996409674994,0.5767916194255477
Random Forest / none / {'select_k': 60},1040,0,0,0.5900333049886619,0.116765873015873,0.29320082199546504
Random Forest / none / {'select_k': 60},1041,0,0,1.0,0.0,0.0
Random Forest / none / {'select_k': 60},1042,0,0,1.0,0.0,0.0
Random Forest / none / {'select_k': 60},1043,0,2,0.14357638888888888,0.050359032501889604,0.8060645786092214
Random Forest / none / {'select_k': 60},1044,1,1,0.15332276850133994,0.775693692881193,0.07098353861746713
Random Forest / none / {'select_k': 60},1045,0,0,0.9266617063492064,0.06721348261526829,0.006124811035525318
Random Forest / none / {'select_k': 60},1046,0,0,0.772387566137566,0.03137873204837488,0.196233701814059
Random Forest / none / {'select_k': 60},1047,1,2,0.3062429138321999,0.0011904761904761925,0.692566609977324
Random Forest / none / {'select_k': 60},1048,0,0,0.9994047619047619,0.0005952380952380953,0.0
Random Forest / none / {'select_k': 60},1049,0,0,0.9267735819075106,0.04452604274032846,0.02870037535216106
Random Forest / none / {'select_k': 60},1050,2,2,0.012055933484504915,0.0021825396825396826,0.9857615268329554
Random Forest / none / {'select_k': 60},1051,0,0,1.0,0.0,0.0
Random Forest / none / {'select_k': 60},1052,0,0,0.9834750566893424,0.0165249433106576,0.0
Random Forest / none / {'select_k': 60},1053,0,0,0.9586947278911565,0.04130527210884355,0.0
Random Forest / none / {'select_k': 60},1054,0,0,0.9972222222222221,0.0027777777777777775,0.0
Random Forest / none / {'select_k': 60},1055,0,0,0.9838860544217687,0.015518707482993194,0.0005952380952380952
Random Forest / none / {'select_k': 60},1056,2,2,0.0401750283446712,0.0,0.9598249716553288
Random Forest / none / {'select_k': 60},1057,1,0,0.5352206160241872,0.1743468915343916,0.2904324924414211
Random Forest / none / {'select_k': 60},1058,1,0,0.9913784958427815,0.008621504157218438,0.0
Random Forest / none / {'select_k': 60},1059,2,2,0.02111441798941799,0.0004251700680272109,0.9784604119425548
Random Forest / none / {'select_k': 60},1060,0,0,0.9922311980347696,0.006546438019652306,0.0012223639455782313
Random Forest / none / {'select_k': 60},1061,2,2,0.08478009259259252,0.005827191987906272,0.9093927154195012
Random Forest / none / {'select_k': 60},1062,2,2,0.1931287792894936,0.10146093159486017,0.7054102891156462
Random Forest / none / {'select_k': 60},1063,0,0,0.9023620559334846,0.003165154950869235,0.09447278911564619
Random Forest / none / {'select_k': 60},1064,0,0,0.999244142101285,0.0007558578987150415,0.0
Random Forest / none / {'select_k': 60},1065,1,0,0.5312629913076347,0.42032549130763386,0.048411517384731616
Random Forest / none / {'select_k': 60},1066,0,0,0.9924237055933485,0.007576294406651551,0.0
Random Forest / none / {'select_k': 60},1067,0,0,0.974775604686319,0.025224395313681036,0.0
Random Forest / none / {'select_k': 60},1068,0,2,0.18249362244897957,0.0768494897959183,0.7406568877551021
Random Forest / none / {'select_k': 60},1069,1,0,0.49019221303771,0.3134673653210144,0.19634042164127563
Random Forest / none / {'select_k': 60},1070,0,0,0.9995039682539683,0.0004960317460317461,0.0
Random Forest / none / {'select_k': 60},1071,0,0,0.9922241118669689,0.00777588813303099,0.0
Random Forest / none / {'select_k': 60},1072,2,2,0.36471818525390004,0.16327443224764662,0.4720073824984535
Random Forest / none / {'select_k': 60},1073,1,0,0.9587880291005292,0.032746362433862426,0.008465608465608464
Random Forest / none / {'select_k': 60},1074,0,0,0.9967065481163226,0.0,0.0032934518836774474
Random Forest / none / {'select_k': 60},1075,0,0,0.6368008314436885,0.18905423280423284,0.17414493575207868
Random Forest / none / {'select_k': 60},1076,0,0,0.9994047619047619,0.0005952380952380953,0.0
Random Forest / none / {'select_k': 60},1077,0,0,0.9577392762660619,0.04126866024187449,0.0009920634920634916
Random Forest / none / {'select_k': 60},1078,1,0,0.9872294372294372,0.01277056277056277,0.0
Random Forest / none / {'select_k': 60},1079,0,0,0.9994047619047619,0.0005952380952380953,0.0
Random Forest / none / {'select_k': 60},1080,0,0,0.8848084372637945,0.058006188586545666,0.057185374149659796
Random Forest / none / {'select_k': 60},1081,0,0,0.9965667517006803,0.0034332482993197277,0.0
Random Forest / none / {'select_k': 60},1082,0,0,0.9983843537414966,0.0016156462585034015,0.0
Random Forest / none / {'select_k': 60},1083,1,1,0.0932764077853362,0.5813137755102041,0.3254098167044597
Random Forest / none / {'select_k': 60},1084,1,0,0.6690431811696098,0.2221484139897236,0.10880840484066673
Random Forest / none / {'select_k': 60},1085,0,0,0.9628247826908541,0.037175217309145865,0.0
Random Forest / none / {'select_k': 60},1086,0,0,0.962802343159486,0.03719765684051399,0.0
Random Forest / none / {'select_k': 60},1087,0,0,0.623571295927638,0.09865434832291888,0.2777743557494432
Random Forest / none / {'select_k': 60},1088,0,0,0.8461533919123206,0.005257936507936504,0.14858867157974293
Random Forest / none / {'select_k': 60},1089,0,0,0.9837726757369614,0.016227324263038547,0.0
Random Forest / none / {'select_k': 60},1090,0,0,0.993923611111111,0.006076388888888886,0.0
Random Forest / none / {'select_k': 60},1091,0,0,1.0,0.0,0.0
Random Forest / none / {'select_k': 60},1092,0,0,0.8864288076341648,0.11357119236583518,0.0
Random Forest / none / {'select_k': 60},1093,0,0,0.9994047619047619,0.0005952380952380953,0.0
Random Forest / none / {'select_k': 60},1094,0,0,0.6269581443688583,0.211236300075586,0.1618055555555556
Random Forest / none / {'select_k': 60},1095,1,0,0.7652884070294784,0.029249338624338615,0.20546225434618293
Random Forest / none / {'select_k': 60},1096,1,0,0.8746078987150417,0.1247968631897201,0.0005952380952380945
Random Forest / none / {'select_k': 60},1097,0,0,0.9970238095238095,0.002976190476190476,0.0
Random Forest / none / {'select_k': 60},1098,0,0,0.9914092025699168,0.008218773620559335,0.0003720238095238095
Random Forest / none / {'select_k': 60},1099,0,0,0.9779478458049887,0.001615646258503401,0.020436507936507944
Random Forest / none / {'select_k': 60},1100,0,0,0.6720690283539419,0.14625390898051538,0.18167706266554276
Random Forest / none / {'select_k': 60},1101,0,0,0.9463506235827664,0.05265731292517002,0.0009920634920634914
Random Forest / none / {'select_k': 60},1102,0,0,0.4541494157225913,0.39592812133087774,0.1499224629465311
Random Forest / none / {'select_k': 60},1103,0,0,0.8652010109599396,0.1342037509448222,0.0005952380952380949
Random Forest / none / {'select_k': 60},1104,0,0,0.9661694538926682,0.030814200680272106,0.003016345427059712
Random Forest / none / {'select_k': 60},1105,0,0,0.9952380952380951,0.004761904761904761,0.0
Random Forest / none / {'select_k': 60},1106,2,2,0.005867346938775511,0.0,0.9941326530612244
Random Forest / none / {'select_k': 60},1107,0,0,0.9608760865457293,0.03912391345427056,0.0
Random Forest / none / {'select_k': 60},1108,0,0,0.9515896636432352,0.048410336356764845,0.0
Random Forest / none / {'select_k': 60},1109,0,0,0.8360051819873249,0.16280434182219883,0.0011904761904761886
Random Forest / none / {'select_k': 60},1110,0,0,1.0,0.0,0.0
Random Forest / none / {'select_k': 60},1111,2,2,0.09930673658352226,0.018861016628873777,0.881832246787604
Random Forest / none / {'select_k': 60},1112,0,0,0.9976190476190476,0.002380952380952381,0.0
Random Forest / none / {'select_k': 60},1113,0,0,0.5155348975622992,0.45538077561223006,0.029084326825470696
Random Forest / none / {'select_k': 60},1114,0,0,0.9841540404040404,0.0055284992784992775,0.010317460317460315
Random Forest / none / {'select_k': 60},1115,1,0,0.468525604686319,0.3603719960206304,0.1711023992930506
Random Forest / none / {'select_k': 60},1116,0,0,0.959155328798186,0.0355831916099773,0.005261479591836734
Random Forest / none / {'select_k': 60},1117,0,0,0.9657053099017385,0.002607709750566893,0.03168698034769463
Random Forest / none / {'select_k': 60},1118,0,0,0.9493154076043202,0.05037364712204795,0.00031094527363184063
Random Forest / none / {'select_k': 60},1119,0,0,0.9794241307634165,0.019980631141345417,0.0005952380952380951
Random Forest / none / {'select_k': 60},1120,2,0,0.38982829471654906,0.24884987949346918,0.3613218257899817
Random Forest / none / {'select_k': 60},1121,0,0,0.4797893905036762,0.40983388304816887,0.11037672644815497
Random Forest / none / {'select_k': 60},1122,0,0,1.0,0.0,0.0
Random Forest / none / {'select_k': 60},1123,0,0,0.9571946076410363,0.009936203016560155,0.03286918934240362
Random Forest / none / {'select_k': 60},1124,0,0,0.9199487433862434,0.06161541005291,0.01843584656084656
Random Forest / none / {'select_k': 60},1125,0,0,0.965785619803477,0.03361914210128494,0.0005952380952380951
Random Forest / none / {'select_k': 60},1126,1,1,0.2946286848072561,0.6824333900226759,0.022937925170068024
Random Forest / none / {'select_k': 60},1127,0,0,0.992041052532124,0.007297571806500377,0.0006613756613756613
Random Forest / none / {'select_k': 60},1128,1,0,0.348177137016423,0.3195678081838798,0.33225505479969714
Random Forest / none / {'select_k': 60},1129,2,2,0.10199711829176106,0.04184382086167796,0.8561590608465609
Random Forest / none / {'select_k': 60},1130,0,0,0.9814519557823128,0.017952806122448973,0.0005952380952380952
Random Forest / none / {'select_k': 60},1131,0,0,0.9994047619047619,0.0005952380952380953,0.0
Random Forest / none / {'select_k': 60},1132,1,0,0.9931972789115646,0.006802721088435374,0.0
Random Forest / none / {'select_k': 60},1133,1,0,0.44472198601662877,0.20373795351473967,0.35154006046863173
Random Forest / none / {'select_k': 60},1134,0,0,0.9942838246409674,0.0022108843537414964,0.0035052910052910044
Random Forest / none / {'select_k': 60},1135,1,1,0.15086805555555563,0.6723178854875286,0.17681405895691588
Random Forest / none / {'select_k': 60},1136,1,0,0.8266510770975057,0.11799178004535153,0.05535714285714277
Random Forest / none / {'select_k': 60},1137,0,0,0.5551132068989212,0.1332710609496324,0.31161573215144656
Random Forest / none / {'select_k': 60},1138,0,0,0.9308118386243388,0.068167753212396,0.001020408163265306
Random Forest / none / {'select_k': 60},1139,0,2,0.06894250755857892,0.039898667800453445,0.8911588246409676
Random Forest / none / {'select_k': 60},1140,2,2,0.021205357142857144,0.04473497732426304,0.9340596655328799
Random Forest / none / {'select_k': 60},1141,0,0,0.9777917353810212,0.015413810726310727,0.006794453892668178
Random Forest / none / {'select_k': 60},1142,0,0,0.985300925925926,0.014699074074074078,0.0
Random Forest / none / {'select_k': 60},1143,1,0,0.6582884542705971,0.33816491874527593,0.0035466269841269832
Random Forest / none / {'select_k': 60},1144,0,0,0.7051622732426303,0.2825408635676495,0.012296863189720338
Random Forest / none / {'select_k': 60},1145,2,2,0.15709797808012088,0.05594057067271344,0.7869614512471657
Random Forest / none / {'select_k': 60},1146,0,0,0.9741236772486772,0.02587632275132274,0.0
Random Forest / none / {'select_k': 60},1147,0,0,0.7025923563869994,0.13016463529856379,0.16724300831443686
Random Forest / none / {'select_k': 60},1148,0,0,0.9433082955404385,0.017589049508692365,0.03910265495086924
Random Forest / none / {'select_k': 60},1149,0,0,0.9791891061980348,0.02081089380196523,0.0
Random Forest / none / {'select_k': 60},1150,0,0,0.9857993197278911,0.013350340136054423,0.0008503401360544215
Random Forest / none / {'select_k': 60},1151,0,0,0.9976190476190476,0.0,0.002380952380952381
Random Forest / none / {'select_k': 60},1152,0,0,0.9828057772254201,0.004408595703238561,0.012785627071341357
Random Forest / none / {'select_k': 60},1153,0,0,0.9491297625453194,0.010277465505976397,0.04059277194870409
Random Forest / none / {'select_k': 60},1154,2,2,0.039122732426303874,0.10638227513227515,0.854494992441421
Random Forest / none / {'select_k': 60},1155,0,1,0.3397766282438901,0.39214124307130255,0.2680821286848072
Random Forest / none / {'select_k': 60},1156,0,0,0.9078057851207505,0.030075455475488906,0.06211875940376056
Random Forest / none / {'select_k': 60},1157,2,2,0.19262448034769458,0.02011881141345427,0.7872567082388512
Random Forest / none / {'select_k': 60},1158,0,0,0.9964285714285714,0.0035714285714285713,0.0
Random Forest / none / {'select_k': 60},1159,0,2,0.2243047663199605,0.2374723541507689,0.5382228795292705
Random Forest / none / {'select_k': 60},1160,0,0,0.697783210506425,0.05992063492063481,0.24229615457294026
Random Forest / none / {'select_k': 60},1161,0,0,0.9599418934240362,0.040058106575963676,0.0
Random Forest / none / {'select_k': 60},1162,1,1,0.3535711523398363,0.430373902346644,0.2160549453135197
Random Forest / none / {'select_k': 60},1163,0,0,0.9928677721088436,0.0071322278911564625,0.0
Random Forest / none / {'select_k': 60},1164,0,0,0.9825727513227512,0.017427248677248677,0.0
Random Forest / none / {'select_k': 60},1165,0,0,0.9969907407407407,0.0030092592592592584,0.0
Random Forest / none / {'select_k': 60},1166,0,0,0.9801020408163266,0.01989795918367348,0.0
Random Forest / none / {'select_k': 60},1167,1,1,0.049692932728646985,0.9499350434618293,0.0003720238095238094
Random Forest / none / {'select_k': 60},1168,1,0,0.4912781084656087,0.4182031840513982,0.09051870748299312
Random Forest / none / {'select_k': 60},1169,0,0,0.9214982520786092,0.07850174792139063,0.0
Random Forest / none / {'select_k': 60},1170,1,0,0.7422642668178381,0.25197113567649293,0.005764597505668931
Random Forest / none / {'select_k': 60},1171,0,0,0.9135804258572117,0.08641957414278838,0.0
Random Forest / none / {'select_k': 60},1172,0,0,0.6307043650793651,0.2952876984126985,0.07400793650793634
Random Forest / none / {'select_k': 60},1173,0,0,0.9407395597127741,0.059260440287225956,0.0
Random Forest / none / {'select_k': 60},1174,0,0,0.9972883597883598,0.00033068783068783067,0.002380952380952381
Random Forest / none / {'select_k': 60},1175,2,2,0.011259920634920631,0.0010204081632653058,0.987719671201814
Random Forest / none / {'select_k': 60},1176,0,0,0.9838718820861678,0.014937641723356009,0.0011904761904761906
Random Forest / none / {'select_k': 60},1177,0,2,0.4227987351531603,0.029539793223799415,0.5476614716230402
Random Forest / none / {'select_k': 60},1178,0,0,0.9894805839002269,0.010519416099773244,0.0
Random Forest / none / {'select_k': 60},1179,0,0,0.9375425170068027,0.06245748299319728,0.0
Random Forest / none / {'select_k': 60},1180,2,2,0.1828361205593349,0.02486181972789112,0.792302059712774
Random Forest / none / {'select_k': 60},1181,0,0,0.9565310846560847,0.04287367724867722,0.0005952380952380949
Random Forest / none / {'select_k': 60},1182,0,0,0.9960034013605442,0.003996598639455782,0.0
Random Forest / none / {'select_k': 60},1183,0,0,0.973295776643991,0.026704223356009065,0.0
Random Forest / none / {'select_k': 60},1184,0,0,0.5664458144368856,0.11837561413454271,0.31517857142857175
Random Forest / none / {'select_k': 60},1185,0,2,0.34668485449735503,0.12261432350718063,0.5307008219954644
Random Forest / none / {'select_k': 60},1186,0,2,0.2976831296275743,0.2543125534444981,0.4480043169279275
Random Forest / none / {'select_k': 60},1187,2,2,0.010458002645502649,0.02895171957671958,0.9605902777777778
Random Forest / none / {'select_k': 60},1188,0,0,0.931208664021164,0.01903344671201814,0.04975788926681782
Random Forest / none / {'select_k': 60},1189,0,0,0.9922666288737718,0.007733371126228269,0.0
Random Forest / none / {'select_k': 60},1190,0,0,0.9787580309901739,0.020051492819349963,0.0011904761904761906
Random Forest / none / {'select_k': 60},1191,0,0,0.9681594860166288,0.031840513983371094,0.0
Random Forest / none / {'select_k': 60},1192,0,0,0.9899990551776265,0.009405706727135298,0.0005952380952380952
Random Forest / none / {'select_k': 60},1193,0,0,0.9988095238095237,0.0011904761904761904,0.0
Random Forest / none / {'select_k': 60},1194,1,1,0.18573908730158725,0.7823330026455028,0.031927910052910013
Random Forest / none / {'select_k': 60},1195,2,0,0.93124822845805,0.05390211640211637,0.014849655139833709
Random Forest / none / {'select_k': 60},1196,0,0,1.0,0.0,0.0
Random Forest / none / {'select_k': 60},1197,0,0,0.9950066137566138,0.004993386243386243,0.0
Random Forest / none / {'select_k': 60},1198,0,0,0.9995748299319729,0.0,0.00042517006802721087
Random Forest / none / {'select_k': 60},1199,0,1,0.3590029761904761,0.640625,0.00037202380952380934
Random Forest / none / {'select_k': 60},1200,0,0,0.8936361788648367,0.02642092382852477,0.07994289730663852
Random Forest / none / {'select_k': 60},1201,0,0,1.0,0.0,0.0
Random Forest / none / {'select_k': 60},1202,2,0,0.8925382653061225,0.016732804232804228,0.09072893046107325
Random Forest / none / {'select_k': 60},1203,0,0,0.9729450113378684,0.0021577380952380945,0.024897250566893424
Random Forest / none / {'select_k': 60},1204,0,0,0.7662131519274374,0.02317649281934998,0.2106103552532126
Random Forest / none / {'select_k': 60},1205,0,0,0.9996693121693122,0.00033068783068783067,0.0
Random Forest / none / {'select_k': 60},1206,0,0,0.9931417705971277,0.0004078483245149912,0.006450381078357268
Random Forest / none / {'select_k': 60},1207,0,0,0.9767939814814814,0.02320601851851852,0.0
Random Forest / none / {'select_k': 60},1208,0,0,0.9928571428571429,0.007142857142857141,0.0
Random Forest / none / {'select_k': 60},1209,0,0,0.9950904667422523,0.004314295162509448,0.0005952380952380952
Random Forest / none / {'select_k': 60},1210,0,0,0.6824688208616778,0.31422902494331084,0.003302154195011336
Random Forest / none / {'select_k': 60},1211,0,0,0.9198471749811036,0.07523030045351475,0.004922524565381708
Random Forest / none / {'select_k': 60},1212,2,0,0.6879688681027967,0.1253956443688587,0.18663548752834455
Random Forest / none / {'select_k': 60},1213,0,0,0.9885003306878307,0.011499669312169315,0.0
Random Forest / none / {'select_k': 60},1214,0,0,0.9387719671201815,0.06122803287981854,0.0
Random Forest / none / {'select_k': 60},1215,1,0,0.7041427134233975,0.1362704168130476,0.1595868697635548
Random Forest / none / {'select_k': 60},1216,0,0,0.9995748299319729,0.00042517006802721087,0.0
Random Forest / none / {'select_k': 60},1217,0,0,0.9806653911564627,0.019334608843537417,0.0
Random Forest / none / {'select_k': 60},1218,0,0,0.9950396825396826,0.00496031746031746,0.0
Random Forest / none / {'select_k': 60},1219,0,0,0.9543553880438117,0.0005952380952380949,0.04504937386095014
Random Forest / none / {'select_k': 60},1220,0,0,0.7146045918367346,0.07496338813303091,0.21043202003023448
Random Forest / none / {'select_k': 60},1221,0,0,0.5739075491307641,0.04229969765684049,0.38379275321239537
Random Forest / none / {'select_k': 60},1222,0,0,0.7097919028722599,0.10722907218442922,0.18297902494331086
Random Forest / none / {'select_k': 60},1223,0,0,0.9473295417200696,0.02834010113707315,0.02433035714285713
Random Forest / none / {'select_k': 60},1224,0,0,0.9737303949357521,0.026269605064247917,0.0
Random Forest / none / {'select_k': 60},1225,0,0,0.9154772174570311,0.07899320960268155,0.005529572940287222
Random Forest / none / {'select_k': 60},1226,0,0,0.9797713529856387,0.020228647014361292,0.0
Random Forest / none / {'select_k': 60},1227,0,0,0.9850623582766439,0.014342403628117912,0.0005952380952380952
Random Forest / none / {'select_k': 60},1228,0,0,0.9753200585789871,0.023357190098261527,0.0013227513227513225
Random Forest / none / {'select_k': 60},1229,0,0,0.953898573318216,0.012001606198034765,0.03409982048374905
Random Forest / none / {'select_k': 60},1230,1,0,0.72931570063923,0.18050035185014188,0.09018394751062811
Random Forest / none / {'select_k': 60},1231,0,0,0.6187594482237334,0.0900073223733937,0.29123322940287283
Random Forest / none / {'select_k': 60},1232,0,0,0.9987433862433862,0.0012566137566137566,0.0
Random Forest / none / {'select_k': 60},1233,0,0,0.989089663643235,0.010910336356764925,0.0
Random Forest / none / {'select_k': 60},1234,0,1,0.4481674602954366,0.45921197822239485,0.09262056148216859
Random Forest / none / {'select_k': 60},1235,0,0,0.6998316498316499,0.20280257936507942,0.09736577080327068
Random Forest / none / {'select_k': 60},1236,0,0,0.8098948324621753,0.09864552106153182,0.09145964647629286
Random Forest / none / {'select_k': 60},1237,0,0,0.9432858560090703,0.05671414399092968,0.0
Random Forest / none / {'select_k': 60},1238,0,0,0.9460645717172811,0.0028722600151171577,0.051063168267601745
Random Forest / none / {'select_k': 60},1239,1,0,0.8929374527588814,0.09035926870748286,0.016703278533635676
Random Forest / none / {'select_k': 60},1240,2,0,0.6814635595885595,0.16250862233005103,0.1560278180813895
Random Forest / none / {'select_k': 60},1241,0,0,0.9483250592456258,0.004274140211640213,0.047400800542734024
Random Forest / none / {'select_k': 60},1242,0,0,0.9661056783824641,0.029950869236583518,0.003943452380952379
Random Forest / none / {'select_k': 60},1243,0,0,0.9780919312169312,0.021908068783068772,0.0
Random Forest / none / {'select_k': 60},1244,0,0,0.9605859170591314,0.03651229722658295,0.002901785714285715
Random Forest / none / {'select_k': 60},1245,0,0,0.990551776266062,0.009448223733938024,0.0
Random Forest / none / {'select_k': 60},1246,0,0,0.9006365740740743,0.08696381330309892,0.012399612622826909
Random Forest / none / {'select_k': 60},1247,2,2,0.026349914965986397,0.003273809523809524,0.9703762755102041
Random Forest / none / {'select_k': 60},1248,0,0,0.9893542139077853,0.010645786092214664,0.0
Random Forest / none / {'select_k': 60},1249,0,0,0.7287202380952381,0.07705971277399844,0.1942200491307634
Random Forest / none / {'select_k': 60},1250,0,2,0.1818771258503402,0.07377173091458802,0.7443511432350718
Random Forest / none / {'select_k': 60},1251,2,2,0.07674792139077842,0.012946428571428567,0.910305650037793
Random Forest / none / {'select_k': 60},1252,0,0,0.4939897486772487,0.14325573979591844,0.3627545115268328
Random Forest / none / {'select_k': 60},1253,1,0,0.9103139172335603,0.04735449735449728,0.042331585411942534
Random Forest / none / {'select_k': 60},1254,0,0,0.9713742441421014,0.028625755857898706,0.0
Random Forest / none / {'select_k': 60},1255,0,0,0.9940688775510205,0.005931122448979591,0.0
Random Forest / none / {'select_k': 60},1256,0,0,0.9994833002645503,0.0005166997354497354,0.0
Random Forest / none / {'select_k': 60},1257,0,0,0.9931878306878307,0.004828042328042327,0.001984126984126984
Random Forest / none / {'select_k': 60},1258,2,2,0.10539493575207831,0.0006613756613756605,0.8939436885865459
Random Forest / none / {'select_k': 60},1259,1,2,0.0769581443688584,0.05321593915343894,0.8698259164777026
Random Forest / none / {'select_k': 60},1260,0,0,0.7035029289493567,0.008952191987906265,0.28754487906273685
Random Forest / none / {'select_k': 60},1261,0,0,0.9239151853874993,0.048718944979897226,0.027365869632603523
Random Forest / none / {'select_k': 60},1262,0,0,0.9378472222222222,0.06215277777777773,0.0
Random Forest / none / {'select_k': 60},1263,0,0,0.9746775793650793,0.025322420634920625,0.0
Random Forest / none / {'select_k': 60},1264,0,0,0.9778285619803476,0.022171438019652295,0.0
Random Forest / none / {'select_k': 60},1265,0,0,0.9775167705971277,0.001300705467372134,0.021182523935500134
Random Forest / none / {'select_k': 60},1266,0,0,0.4270018424036281,0.1872260015117159,0.38577215608465604
Random Forest / none / {'select_k': 60},1267,2,0,0.5385452097505667,0.05468631897203321,0.4067684712774
Random Forest / none / {'select_k': 60},1268,2,0,0.5165981670445959,0.004406415343915343,0.4789954176114887
Random Forest / none / {'select_k': 60},1269,0,0,0.9343561035525323,0.06427980914588051,0.0013640873015873006
Random Forest / none / {'select_k': 60},1270,2,2,0.048063114134542666,0.0,0.9519368858654573
Random Forest / none / {'select_k': 60},1271,0,0,0.8751145597127743,0.1248854402872258,0.0
Random Forest / none / {'select_k': 60},1272,0,0,0.9830162228311882,0.009054231329264781,0.00792954583954704
Random Forest / none / {'select_k': 60},1273,0,0,0.9951731386999244,0.004826861300075585,0.0
Random Forest / none / {'select_k': 60},1274,1,1,0.26716269841269824,0.6585848922902496,0.0742524092970521
Random Forest / none / {'select_k': 60},1275,0,0,0.9377820225865178,0.005659486016628871,0.056558491396853386
Random Forest / none / {'select_k': 60},1276,0,0,0.9336885006527865,0.06631149934721356,0.0
Random Forest / none / {'select_k': 60},1277,0,0,0.9376216458805745,0.06037769274376413,0.0020006613756613756
Random Forest / none / {'select_k': 60},1278,0,0,0.9483382936507937,0.0004251700680272107,0.0512365362811791
Random Forest / none / {'select_k': 60},1279,1,0,0.5614051870748303,0.011913029100529103,0.42668178382464067
Random Forest / none / {'select_k': 60},1280,1,1,0.2542398904006046,0.7457601095993955,0.0
Random Forest / none / {'select_k': 60},1281,0,0,0.9994047619047619,0.0005952380952380953,0.0
Random Forest / none / {'select_k': 60},1282,2,2,0.26252834467120195,0.15828373015873012,0.579187925170068
Random Forest / none / {'select_k': 60},1283,0,0,0.986247109484095,0.007293007834018729,0.006459882681886313
Random Forest / none / {'select_k': 60},1284,2,2,0.06733985260770972,0.0066090325018896435,0.9260511148904007
Random Forest / none / {'select_k': 60},1285,0,0,0.9943168934240364,0.0052579365079365075,0.00042517006802721087
Random Forest / none / {'select_k': 60},1286,0,0,0.9994047619047619,0.0005952380952380953,0.0
Random Forest / none / {'select_k': 60},1287,0,0,0.9729024943310657,0.027097505668934242,0.0
Random Forest / none / {'select_k': 60},1288,0,0,0.9668178382464097,0.032851473922902476,0.0003306878306878306
Random Forest / none / {'select_k': 60},1289,0,0,0.9748630007558579,0.025136999244142092,0.0
Random Forest / none / {'select_k': 60},1290,0,0,0.8470934901738474,0.15008975812547234,0.0028167517006802705
Random Forest / none / {'select_k': 60},1291,1,0,0.7852477796674225,0.20345568783068788,0.011296532501889646
Random Forest / none / {'select_k': 60},1292,1,1,0.09510936318972019,0.7478942271352989,0.15699640967498094
Random Forest / none / {'select_k': 60},1293,0,0,0.99848828420257,0.001511715797430083,0.0
Random Forest / none / {'select_k': 60},1294,0,0,0.9864583333333333,0.012549603174603177,0.000992063492063492
Random Forest / none / {'select_k': 60},1295,2,2,0.043994472789115634,0.004691043083900225,0.9513144841269842
Random Forest / none / {'select_k': 60},1296,0,0,0.9466943027210886,0.020592403628117907,0.03271329365079362
Random Forest / none / {'select_k': 60},1297,2,2,0.22434624733731867,0.012979497354497323,0.762674255308184
Random Forest / none / {'select_k': 60},1298,0,0,0.7837056296877725,0.004702853363567647,0.2115915169486598
Random Forest / none / {'select_k': 60},1299,0,0,0.9493339002267575,0.04648526077097501,0.004180839002267572
Random Forest / none / {'select_k': 60},1300,0,0,0.9871456916099773,0.010870181405895693,0.0019841269841269845
Random Forest / none / {'select_k': 60},1301,0,0,0.99890873015873,0.001091269841269841,0.0
Random Forest / none / {'select_k': 60},1302,0,0,0.9441480064247921,0.05585199357520783,0.0
Random Forest / none / {'select_k': 60},1303,0,0,0.9457423941798941,0.048602843915343905,0.005654761904761905
Random Forest / none / {'select_k': 60},1304,0,0,0.5393589380196523,0.07515825774754337,0.3854828042328044
Random Forest / none / {'select_k': 60},1305,0,0,0.8855761054421769,0.05319822373393802,0.06122567082388507
Random Forest / none / {'select_k': 60},1306,0,2,0.10616260393046102,0.0639762849584277,0.8298611111111113
Random Forest / none / {'select_k': 60},1307,0,0,0.9601804610733182,0.002186082766439909,0.03763345616024186
Random Forest / none / {'select_k': 60},1308,2,0,0.8863201530612247,0.05360685941043075,0.06007298752834462
Random Forest / none / {'select_k': 60},1309,0,0,0.9868279950869236,0.012576766817838248,0.0005952380952380953
Random Forest / none / {'select_k': 60},1310,1,1,0.1788631424792139,0.6821286848072564,0.13900817271352978
Random Forest / none / {'select_k': 60},1311,0,0,0.9322774943310659,0.06772250566893408,0.0
Random Forest / none / {'select_k': 60},1312,0,0,0.9768282312925171,0.023171768707482984,0.0
Random Forest / none / {'select_k': 60},1313,0,0,0.9126759731670447,0.08526549508692349,0.002058531746031745
Random Forest / none / {'select_k': 60},1314,0,0,0.9879724111866968,0.011531557067271355,0.0004960317460317459
Random Forest / none / {'select_k': 60},1315,0,0,0.8399364606953893,0.15098025321239608,0.009083286092214664
Random Forest / none / {'select_k': 60},1316,0,0,0.9935374149659864,0.006462585034013603,0.0
Random Forest / none / {'select_k': 60},1317,0,0,0.9971230158730158,0.0028769841269841263,0.0
Random Forest / none / {'select_k': 60},1318,0,0,0.747906037414966,0.22369378306878326,0.02840017951625094
Random Forest / none / {'select_k': 60},1319,0,0,0.959467120181406,0.040532879818594075,0.0
Random Forest / none / {'select_k': 60},1320,0,0,0.9268246882086167,0.050901124338624336,0.02227418745275889
Random Forest / none / {'select_k': 60},1321,0,0,0.9935149754346183,0.006485024565381707,0.0
Random Forest / none / {'select_k': 60},1322,0,0,0.9976934523809524,0.0023065476190476187,0.0
Random Forest / none / {'select_k': 60},1323,2,2,0.02148289871504158,0.0016061980347694628,0.9769109032501889
Random Forest / none / {'select_k': 60},1324,2,2,0.05295729402872255,0.019014550264550255,0.9280281557067271
Random Forest / none / {'select_k': 60},1325,0,0,0.4821302755219579,0.3353774610588517,0.18249226341919025
Random Forest / none / {'select_k': 60},1326,0,0,0.9266392668178384,0.07336073318216167,0.0
Random Forest / none / {'select_k': 60},1327,0,0,0.8645112906273622,0.018124055177626597,0.11736465419501119
Random Forest / none / {'select_k': 60},1328,2,2,0.4537722033257744,0.031511007180650016,0.5147167894935755
Random Forest / none / {'select_k': 60},1329,1,1,0.06670091647770204,0.5150592876039307,0.41823979591836735
Random Forest / none / {'select_k': 60},1330,2,2,0.33403615233972367,0.11387621967979102,0.5520876279804854
Random Forest / none / {'select_k': 60},1331,0,0,0.7451662326889319,0.14310413784157772,0.11172962946949035
Random Forest / none / {'select_k': 60},1332,1,0,0.52650548855906,0.15009587799766358,0.3233986334432766
Random Forest / none / {'select_k': 60},1333,0,0,0.9408104213907785,0.05918957860922146,0.0
Random Forest / none / {'select_k': 60},1334,0,0,0.9964285714285714,0.0035714285714285704,0.0
Random Forest / none / {'select_k': 60},1335,0,0,0.9564165249433106,0.04358347505668934,0.0
Random Forest / none / {'select_k': 60},1336,0,0,0.896279761904762,0.10252976190476176,0.0011904761904761906
Random Forest / none / {'select_k': 60},1337,0,0,0.9911292989417989,0.008870701058201057,0.0
Random Forest / none / {'select_k': 60},1338,0,0,0.9933201058201059,0.0005952380952380953,0.006084656084656084
Random Forest / none / {'select_k': 60},1339,0,0,0.9723639455782314,0.02763605442176869,0.0
Random Forest / none / {'select_k': 60},1340,2,1,0.40266439909297247,0.4842439058956896,0.1130916950113379
Random Forest / none / {'select_k': 60},1341,0,0,1.0,0.0,0.0
Random Forest / none / {'select_k': 60},1342,0,0,0.9746267951625094,0.025373204837490542,0.0
Random Forest / none / {'select_k': 60},1343,0,0,0.477572493643922,0.06533210506424789,0.4570954012918302
Random Forest / none / {'select_k': 60},1344,1,0,0.9508550642479215,0.04720332577475432,0.0019416099773242627
Random Forest / none / {'select_k': 60},1345,0,0,0.7649164084825849,0.20307026219578753,0.032013329321627655
Random Forest / none / {'select_k': 60},1346,0,0,0.9418875188964476,0.05811248110355244,0.0
Random Forest / none / {'select_k': 60},1347,2,2,0.11830017700553412,0.039948304010804014,0.8417515189836619
Random Forest / none / {'select_k': 60},1348,0,0,1.0,0.0,0.0
Random Forest / none / {'select_k': 60},1349,0,0,0.9530045351473924,0.046995464852607645,0.0
Random Forest / none / {'select_k': 60},1350,0,0,0.9389931877422872,0.016524122606503443,0.04448268965120921
Random Forest / none / {'select_k': 60},1351,2,2,0.14123441043083895,0.001463293650793652,0.8573022959183675
Random Forest / none / {'select_k': 60},1352,0,0,0.8067613851095995,0.05943050831443679,0.13380810657596368
Random Forest / none / {'select_k': 60},1353,0,0,0.8478125214732358,0.05487184772899056,0.09731563079777361
Random Forest / none / {'select_k': 60},1354,0,0,0.9524435468631898,0.043783068783068736,0.0037733843537414947
Random Forest / none / {'select_k': 60},1355,0,0,0.9741850907029479,0.025814909297052154,0.0
Random Forest / none / {'select_k': 60},1356,0,0,0.9873228458049887,0.001521164021164021,0.011155990173847316
Random Forest / none / {'select_k': 60},1357,2,2,0.38554185563114163,0.07019439720332563,0.5442637471655328
Random Forest / none / {'select_k': 60},1358,1,1,0.1850682634164777,0.8000153533635678,0.014916383219954652
Random Forest / none / {'select_k': 60},1359,0,0,0.9235414304610735,0.07608654572940275,0.00037202380952380934
Random Forest / none / {'select_k': 60},1360,0,0,0.9086254823566854,0.08919197796077481,0.002182539682539682
Random Forest / none / {'select_k': 60},1361,0,0,0.986793745275888,0.013206254724111863,0.0
Random Forest / none / {'select_k': 60},1362,0,0,0.9729934334845048,0.02641132842025699,0.0005952380952380951
Random Forest / none / {'select_k': 60},1363,0,0,0.991807208994709,0.008192791005291007,0.0
Random Forest / none / {'select_k': 60},1364,0,0,0.9987067743764173,0.0012932256235827664,0.0
Random Forest / none / {'select_k': 60},1365,0,0,0.37482048374905524,0.2645738851095999,0.360605631141345
Random Forest / none / {'select_k': 60},1366,0,0,0.9275793650793651,0.010828845427059714,0.06159178949357521
Random Forest / none / {'select_k': 60},1367,0,0,0.9168886999244142,0.01805319349962207,0.06505810657596363
Random Forest / none / {'select_k': 60},1368,0,0,0.9169867252456539,0.08301327475434604,0.0
Random Forest / none / {'select_k': 60},1369,2,2,0.01699263038548752,0.0027777777777777766,0.9802295918367346
Random Forest / none / {'select_k': 60},1370,0,0,0.9945701446001287,0.005118910126239551,0.0003109452736318408
Random Forest / none / {'select_k': 60},1371,0,0,0.8083758503401359,0.19102891156462595,0.0005952380952380949
Random Forest / none / {'select_k': 60},1372,0,0,0.9942460317460318,0.005753968253968254,0.0
Random Forest / none / {'select_k': 60},1373,0,0,0.91088317271353,0.08852158919123188,0.0005952380952380949
Random Forest / none / {'select_k': 60},1374,0,0,0.8965230536659109,0.10347694633408913,0.0
Random Forest / none / {'select_k': 60},1375,0,0,0.8255905139833712,0.03772321428571427,0.1366862717309146
Random Forest / none / {'select_k': 60},1376,2,0,0.5797602292494072,0.11281222181585196,0.3074275489347409
Random Forest / none / {'select_k': 60},1377,0,0,0.9305827191987909,0.06941728080120924,0.0
Random Forest / none / {'select_k': 60},1378,2,2,0.05707435752078606,0.004145408163265305,0.9387802343159487
Random Forest / none / {'select_k': 60},1379,0,0,1.0,0.0,0.0
Random Forest / none / {'select_k': 60},1380,1,0,0.5868445294784578,0.39878354119425585,0.014371929327286474
Random Forest / none / {'select_k': 60},1381,0,0,0.997747959824231,0.0015071518249484355,0.0007448883508205543
Random Forest / none / {'select_k': 60},1382,0,0,0.979929456686056,0.011902553895954515,0.008167989417989414
Random Forest / none / {'select_k': 60},1383,0,0,0.9994047619047619,0.0005952380952380953,0.0
Random Forest / none / {'select_k': 60},1384,2,2,0.0015117157974300823,0.17495984504913076,0.8235284391534392
Random Forest / none / {'select_k': 60},1385,0,0,0.9588317271352985,0.041168272864701386,0.0
Random Forest / none / {'select_k': 60},1386,2,1,0.3508653873098126,0.45492724729515327,0.1942073653950341
Random Forest / none / {'select_k': 60},1387,0,0,0.8129259216312789,0.08562484968734964,0.10144922868137152
Random Forest / none / {'select_k': 60},1388,0,0,0.7660957109966959,0.10802274530292308,0.125881543700381
Random Forest / none / {'select_k': 60},1389,0,0,0.991170634920635,0.00882936507936508,0.0
Random Forest / none / {'select_k': 60},1390,0,0,0.6338664064110491,0.3077734723940083,0.05836012119494261
Random Forest / none / {'select_k': 60},1391,0,0,1.0,0.0,0.0
Random Forest / none / {'select_k': 60},1392,1,1,0.48787320483748986,0.5069609788359795,0.005165816326530611
Random Forest / none / {'select_k': 60},1393,0,0,0.9728693181818181,0.01723484848484849,0.009895833333333333
Random Forest / none / {'select_k': 60},1394,0,0,0.9988095238095237,0.0011904761904761904,0.0
Random Forest / none / {'select_k': 60},1395,0,0,0.566907596371882,0.04142691798941796,0.3916654856386999
Random Forest / none / {'select_k': 60},1396,0,0,0.9995039682539681,0.0004960317460317459,0.0
Random Forest / none / {'select_k': 60},1397,0,0,0.9351355820105821,0.06486441798941787,0.0
Random Forest / none / {'select_k': 60},1398,0,0,0.7316208427815566,0.2286304799697662,0.03974867724867726
Random Forest / none / {'select_k': 60},1399,0,0,0.7675933709359666,0.17398129986802777,0.05842532919600574
Random Forest / none / {'select_k': 60},1400,0,0,0.7308980536659111,0.2691019463340889,0.0
Random Forest / none / {'select_k': 60},1401,1,0,0.8040615551776263,0.18128188775510218,0.014656557067271356
Random Forest / none / {'select_k': 60},1402,0,0,0.9652269935752078,0.034773006424792106,0.0
Random Forest / none / {'select_k': 60},1403,0,0,1.0,0.0,0.0
Random Forest / none / {'select_k': 60},1404,2,2,0.2837971820672717,0.05478887156714535,0.661413946365583
Random Forest / none / {'select_k': 60},1405,0,0,0.8931098828420259,0.10405092592592578,0.0028391912320483745
Random Forest / none / {'select_k': 60},1406,1,2,0.3921342855154967,0.02926615812873573,0.5785995563557674
Random Forest / none / {'select_k': 60},1407,0,0,0.9971230158730159,0.0028769841269841276,0.0
Random Forest / none / {'select_k': 60},1408,2,0,0.85333167989418,0.016856812169312167,0.12981150793650784
Random Forest / none / {'select_k': 60},1409,0,0,0.9142347153507868,0.07367982546553974,0.012085459183673476
Random Forest / none / {'select_k': 60},1410,0,0,0.7643087793417762,0.019933856832148742,0.215757363826075
Random Forest / none / {'select_k': 60},1411,0,0,0.40387880193935405,0.22712119066197387,0.3690000073986721
Random Forest / none / {'select_k': 60},1412,0,0,0.9779242252456538,0.021745086923658348,0.00033068783068783067
Random Forest / none / {'select_k': 60},1413,2,2,0.0651844765684051,0.04191468253968254,0.8929008408919124
Random Forest / none / {'select_k': 60},1414,0,0,0.9945767195767197,0.005423280423280423,0.0
Random Forest / none / {'select_k': 60},1415,0,0,0.9886621315192744,0.001785714285714286,0.009552154195011337
Random Forest / none / {'select_k': 60},1416,0,0,0.9296438019652307,0.05368953136810265,0.016666666666666656
Random Forest / none / {'select_k': 60},1417,0,0,0.9994047619047619,0.0005952380952380953,0.0
Random Forest / none / {'select_k': 60},1418,0,0,0.9516652494331066,0.04833475056689337,0.0
Random Forest / none / {'select_k': 60},1419,0,0,0.9719612150415721,0.002491181657848323,0.02554760330057949
Random Forest / none / {'select_k': 60},1420,2,2,0.08208262471655317,0.023954790249433103,0.8939625850340136
Random Forest / none / {'select_k': 60},1421,1,0,0.5332193936833891,0.20678952898007866,0.25999107733653226
Random Forest / none / {'select_k': 60},1422,1,0,1.0,0.0,0.0
Random Forest / none / {'select_k': 60},1423,0,0,0.9452652588813304,0.043689767573696116,0.011044973544973543
Random Forest / none / {'select_k': 60},1424,2,0,0.46862060810604067,0.3625681027584221,0.16881128913553728
Random Forest / none / {'select_k': 60},1425,1,0,0.9884259259259258,0.011574074074074073,0.0
Random Forest / none / {'select_k': 60},1426,0,0,0.8824546485260771,0.10509731670445946,0.012448034769463332
Random Forest / none / {'select_k': 60},1427,2,2,0.022927295918367344,0.0,0.9770727040816326
Random Forest / none / {'select_k': 60},1428,0,0,0.9687122071050642,0.03128779289493573,0.0
Random Forest / none / {'select_k': 60},1429,0,0,0.9650722789115647,0.03173658352229778,0.003191137566137564
Random Forest / none / {'select_k': 60},1430,2,2,0.45128613945578144,0.0498145786092214,0.49889928193499705
Random Forest / none / {'select_k': 60},1431,1,0,0.880474244782659,0.06989693829509194,0.049628816922249075
Random Forest / none / {'select_k': 60},1432,0,0,0.9948660714285713,0.004538690476190475,0.0005952380952380952
Random Forest / none / {'select_k': 60},1433,1,1,0.1834966666178987,0.6720819294450326,0.14442140393706854
