configuration,class,recall,precision,average_precision
HistGB Base,Partially functional,1.0,0.08786610878661087,0.38552942452460554
HistGB Base,Partially functional,1.0,0.08792742498255408,0.38552942452460554
HistGB Base,Partially functional,1.0,0.08798882681564246,0.38552942452460554
HistGB Base,Partially functional,1.0,0.0880503144654088,0.38552942452460554
HistGB Base,Partially functional,1.0,0.08811188811188811,0.38552942452460554
HistGB Base,Partially functional,1.0,0.08817354793561931,0.38552942452460554
HistGB Base,Partially functional,1.0,0.08823529411764706,0.38552942452460554
HistGB Base,Partially functional,1.0,0.08829712683952348,0.38552942452460554
HistGB Base,Partially functional,1.0,0.08835904628330996,0.38552942452460554
HistGB Base,Partially functional,1.0,0.08842105263157894,0.38552942452460554
HistGB Base,Partially functional,1.0,0.08848314606741572,0.38552942452460554
HistGB Base,Partially functional,1.0,0.08854532677442024,0.38552942452460554
HistGB Base,Partially functional,1.0,0.08860759493670886,0.38552942452460554
HistGB Base,Partially functional,1.0,0.08866995073891626,0.38552942452460554
HistGB Base,Partially functional,1.0,0.08873239436619719,0.38552942452460554
HistGB Base,Partially functional,1.0,0.08879492600422834,0.38552942452460554
HistGB Base,Partially functional,1.0,0.08885754583921016,0.38552942452460554
HistGB Base,Partially functional,1.0,0.08892025405786874,0.38552942452460554
HistGB Base,Partially functional,1.0,0.08898305084745763,0.38552942452460554
HistGB Base,Partially functional,1.0,0.08904593639575972,0.38552942452460554
HistGB Base,Partially functional,1.0,0.0891089108910891,0.38552942452460554
HistGB Base,Partially functional,1.0,0.08917197452229299,0.38552942452460554
HistGB Base,Partially functional,1.0,0.08923512747875353,0.38552942452460554
HistGB Base,Partially functional,1.0,0.0892983699503898,0.38552942452460554
HistGB Base,Partially functional,1.0,0.08936170212765958,0.38552942452460554
HistGB Base,Partially functional,1.0,0.08942512420156139,0.38552942452460554
HistGB Base,Partially functional,1.0,0.08948863636363637,0.38552942452460554
HistGB Base,Partially functional,1.0,0.08955223880597014,0.38552942452460554
HistGB Base,Partially functional,1.0,0.08961593172119488,0.38552942452460554
HistGB Base,Partially functional,1.0,0.08967971530249111,0.38552942452460554
HistGB Base,Partially functional,1.0,0.08974358974358974,0.38552942452460554
HistGB Base,Partially functional,1.0,0.08980755523877405,0.38552942452460554
HistGB Base,Partially functional,1.0,0.0898716119828816,0.38552942452460554
HistGB Base,Partially functional,1.0,0.08993576017130621,0.38552942452460554
HistGB Base,Partially functional,1.0,0.09,0.38552942452460554
HistGB Base,Partially functional,1.0,0.09006433166547534,0.38552942452460554
HistGB Base,Partially functional,1.0,0.09012875536480687,0.38552942452460554
HistGB Base,Partially functional,1.0,0.0901932712956335,0.38552942452460554
HistGB Base,Partially functional,1.0,0.09025787965616046,0.38552942452460554
HistGB Base,Partially functional,1.0,0.09032258064516129,0.38552942452460554
HistGB Base,Partially functional,1.0,0.09038737446197992,0.38552942452460554
HistGB Base,Partially functional,1.0,0.09045226130653267,0.38552942452460554
HistGB Base,Partially functional,1.0,0.09051724137931035,0.38552942452460554
HistGB Base,Partially functional,1.0,0.0905823148813803,0.38552942452460554
HistGB Base,Partially functional,1.0,0.09064748201438849,0.38552942452460554
HistGB Base,Partially functional,1.0,0.09071274298056156,0.38552942452460554
HistGB Base,Partially functional,0.9920634920634921,0.09005763688760807,0.38552942452460554
HistGB Base,Partially functional,0.9920634920634921,0.09012256669069935,0.38552942452460554
HistGB Base,Partially functional,0.9920634920634921,0.09018759018759019,0.38552942452460554
HistGB Base,Partially functional,0.9920634920634921,0.09025270758122744,0.38552942452460554
HistGB Base,Partially functional,0.9920634920634921,0.09031791907514451,0.38552942452460554
HistGB Base,Partially functional,0.9920634920634921,0.09038322487346348,0.38552942452460554
HistGB Base,Partially functional,0.9920634920634921,0.09044862518089725,0.38552942452460554
HistGB Base,Partially functional,0.9920634920634921,0.09051412020275162,0.38552942452460554
HistGB Base,Partially functional,0.9920634920634921,0.09057971014492754,0.38552942452460554
HistGB Base,Partially functional,0.9920634920634921,0.09064539521392313,0.38552942452460554
HistGB Base,Partially functional,0.9920634920634921,0.09071117561683599,0.38552942452460554
HistGB Base,Partially functional,0.9920634920634921,0.09077705156136529,0.38552942452460554
HistGB Base,Partially functional,0.9920634920634921,0.09084302325581395,0.38552942452460554
HistGB Base,Partially functional,0.9920634920634921,0.09090909090909091,0.38552942452460554
HistGB Base,Partially functional,0.9920634920634921,0.09097525473071325,0.38552942452460554
HistGB Base,Partially functional,0.9920634920634921,0.09104151493080845,0.38552942452460554
HistGB Base,Partially functional,0.9920634920634921,0.09110787172011661,0.38552942452460554
HistGB Base,Partially functional,0.9920634920634921,0.09117432530999271,0.38552942452460554
HistGB Base,Partially functional,0.9920634920634921,0.09124087591240876,0.38552942452460554
HistGB Base,Partially functional,0.9920634920634921,0.09130752373995617,0.38552942452460554
HistGB Base,Partially functional,0.9920634920634921,0.09137426900584796,0.38552942452460554
HistGB Base,Partially functional,0.9920634920634921,0.091441111923921,0.38552942452460554
HistGB Base,Partially functional,0.9841269841269841,0.09077598828696926,0.38552942452460554
HistGB Base,Partially functional,0.9841269841269841,0.09084249084249084,0.38552942452460554
HistGB Base,Partially functional,0.9841269841269841,0.09090909090909091,0.38552942452460554
HistGB Base,Partially functional,0.9841269841269841,0.09097578870139399,0.38552942452460554
HistGB Base,Partially functional,0.9841269841269841,0.09104258443465492,0.38552942452460554
HistGB Base,Partially functional,0.9841269841269841,0.09110947832476121,0.38552942452460554
HistGB Base,Partially functional,0.9841269841269841,0.09117647058823529,0.38552942452460554
HistGB Base,Partially functional,0.9841269841269841,0.09124356144223694,0.38552942452460554
HistGB Base,Partially functional,0.9841269841269841,0.09131075110456553,0.38552942452460554
HistGB Base,Partially functional,0.9841269841269841,0.09137803979366249,0.38552942452460554
HistGB Base,Partially functional,0.9841269841269841,0.09144542772861357,0.38552942452460554
HistGB Base,Partially functional,0.9841269841269841,0.09151291512915129,0.38552942452460554
HistGB Base,Partially functional,0.9841269841269841,0.0915805022156573,0.38552942452460554
HistGB Base,Partially functional,0.9841269841269841,0.09164818920916482,0.38552942452460554
HistGB Base,Partially functional,0.9841269841269841,0.09171597633136094,0.38552942452460554
HistGB Base,Partially functional,0.9841269841269841,0.0917838638045892,0.38552942452460554
HistGB Base,Partially functional,0.9841269841269841,0.09185185185185185,0.38552942452460554
HistGB Base,Partially functional,0.9841269841269841,0.09191994069681246,0.38552942452460554
HistGB Base,Partially functional,0.9841269841269841,0.09198813056379822,0.38552942452460554
HistGB Base,Partially functional,0.9841269841269841,0.09205642167780252,0.38552942452460554
HistGB Base,Partially functional,0.9841269841269841,0.09212481426448738,0.38552942452460554
HistGB Base,Partially functional,0.9841269841269841,0.09219330855018587,0.38552942452460554
HistGB Base,Partially functional,0.9841269841269841,0.09226190476190477,0.38552942452460554
HistGB Base,Partially functional,0.9841269841269841,0.09233060312732688,0.38552942452460554
HistGB Base,Partially functional,0.9841269841269841,0.09239940387481371,0.38552942452460554
HistGB Base,Partially functional,0.9841269841269841,0.0924683072334079,0.38552942452460554
HistGB Base,Partially functional,0.9841269841269841,0.09253731343283582,0.38552942452460554
HistGB Base,Partially functional,0.9841269841269841,0.09260642270351008,0.38552942452460554
HistGB Base,Partially functional,0.9841269841269841,0.09267563527653214,0.38552942452460554
HistGB Base,Partially functional,0.9841269841269841,0.09274495138369485,0.38552942452460554
HistGB Base,Partially functional,0.9841269841269841,0.09281437125748503,0.38552942452460554
HistGB Base,Partially functional,0.9841269841269841,0.09288389513108614,0.38552942452460554
HistGB Base,Partially functional,0.9841269841269841,0.09295352323838081,0.38552942452460554
HistGB Base,Partially functional,0.9841269841269841,0.09302325581395349,0.38552942452460554
HistGB Base,Partially functional,0.9841269841269841,0.09309309309309309,0.38552942452460554
HistGB Base,Partially functional,0.9841269841269841,0.09316303531179564,0.38552942452460554
HistGB Base,Partially functional,0.9841269841269841,0.09323308270676692,0.38552942452460554
HistGB Base,Partially functional,0.9841269841269841,0.09330323551542513,0.38552942452460554
HistGB Base,Partially functional,0.9841269841269841,0.09337349397590361,0.38552942452460554
HistGB Base,Partially functional,0.9841269841269841,0.0934438583270535,0.38552942452460554
HistGB Base,Partially functional,0.9841269841269841,0.09351432880844646,0.38552942452460554
HistGB Base,Partially functional,0.9841269841269841,0.09358490566037736,0.38552942452460554
HistGB Base,Partially functional,0.9841269841269841,0.09365558912386707,0.38552942452460554
HistGB Base,Partially functional,0.9841269841269841,0.09372637944066516,0.38552942452460554
HistGB Base,Partially functional,0.9841269841269841,0.09379727685325265,0.38552942452460554
HistGB Base,Partially functional,0.9841269841269841,0.09386828160484481,0.38552942452460554
HistGB Base,Partially functional,0.9841269841269841,0.09393939393939393,0.38552942452460554
HistGB Base,Partially functional,0.9841269841269841,0.09401061410159212,0.38552942452460554
HistGB Base,Partially functional,0.9841269841269841,0.09408194233687406,0.38552942452460554
HistGB Base,Partially functional,0.9841269841269841,0.09415337889141989,0.38552942452460554
HistGB Base,Partially functional,0.9841269841269841,0.09422492401215805,0.38552942452460554
HistGB Base,Partially functional,0.9841269841269841,0.09429657794676806,0.38552942452460554
HistGB Base,Partially functional,0.9841269841269841,0.0943683409436834,0.38552942452460554
HistGB Base,Partially functional,0.9841269841269841,0.09444021325209444,0.38552942452460554
HistGB Base,Partially functional,0.9841269841269841,0.09451219512195122,0.38552942452460554
HistGB Base,Partially functional,0.9841269841269841,0.09458428680396644,0.38552942452460554
HistGB Base,Partially functional,0.9841269841269841,0.09465648854961832,0.38552942452460554
HistGB Base,Partially functional,0.9841269841269841,0.09472880061115355,0.38552942452460554
HistGB Base,Partially functional,0.9841269841269841,0.09480122324159021,0.38552942452460554
HistGB Base,Partially functional,0.9841269841269841,0.09487375669472073,0.38552942452460554
HistGB Base,Partially functional,0.9841269841269841,0.09494640122511486,0.38552942452460554
HistGB Base,Partially functional,0.9841269841269841,0.0950191570881226,0.38552942452460554
HistGB Base,Partially functional,0.9841269841269841,0.0950920245398773,0.38552942452460554
HistGB Base,Partially functional,0.9841269841269841,0.09516500383729855,0.38552942452460554
HistGB Base,Partially functional,0.9841269841269841,0.09523809523809523,0.38552942452460554
HistGB Base,Partially functional,0.9841269841269841,0.09531129900076864,0.38552942452460554
HistGB Base,Partially functional,0.9841269841269841,0.09538461538461539,0.38552942452460554
HistGB Base,Partially functional,0.9841269841269841,0.09545804464973057,0.38552942452460554
HistGB Base,Partially functional,0.9841269841269841,0.09553158705701079,0.38552942452460554
HistGB Base,Partially functional,0.9841269841269841,0.09560524286815729,0.38552942452460554
HistGB Base,Partially functional,0.9841269841269841,0.09567901234567901,0.38552942452460554
HistGB Base,Partially functional,0.9841269841269841,0.09575289575289575,0.38552942452460554
HistGB Base,Partially functional,0.9841269841269841,0.09582689335394126,0.38552942452460554
HistGB Base,Partially functional,0.9841269841269841,0.09590100541376644,0.38552942452460554
HistGB Base,Partially functional,0.9841269841269841,0.09597523219814241,0.38552942452460554
HistGB Base,Partially functional,0.9841269841269841,0.09604957397366383,0.38552942452460554
HistGB Base,Partially functional,0.9841269841269841,0.09612403100775194,0.38552942452460554
HistGB Base,Partially functional,0.9841269841269841,0.09619860356865788,0.38552942452460554
HistGB Base,Partially functional,0.9841269841269841,0.09627329192546584,0.38552942452460554
HistGB Base,Partially functional,0.9841269841269841,0.09634809634809635,0.38552942452460554
HistGB Base,Partially functional,0.9841269841269841,0.09642301710730948,0.38552942452460554
HistGB Base,Partially functional,0.9841269841269841,0.09649805447470818,0.38552942452460554
HistGB Base,Partially functional,0.9841269841269841,0.09657320872274143,0.38552942452460554
HistGB Base,Partially functional,0.9841269841269841,0.09664848012470771,0.38552942452460554
HistGB Base,Partially functional,0.9841269841269841,0.0967238689547582,0.38552942452460554
HistGB Base,Partially functional,0.9841269841269841,0.09679937548790007,0.38552942452460554
HistGB Base,Partially functional,0.9841269841269841,0.096875,0.38552942452460554
HistGB Base,Partially functional,0.9841269841269841,0.09695074276778734,0.38552942452460554
HistGB Base,Partially functional,0.9841269841269841,0.09702660406885759,0.38552942452460554
HistGB Base,Partially functional,0.9841269841269841,0.0971025841816758,0.38552942452460554
HistGB Base,Partially functional,0.9841269841269841,0.09717868338557993,0.38552942452460554
HistGB Base,Partially functional,0.9841269841269841,0.09725490196078432,0.38552942452460554
HistGB Base,Partially functional,0.9841269841269841,0.09733124018838304,0.38552942452460554
HistGB Base,Partially functional,0.9841269841269841,0.0974076983503535,0.38552942452460554
HistGB Base,Partially functional,0.9841269841269841,0.09748427672955975,0.38552942452460554
HistGB Base,Partially functional,0.9841269841269841,0.0975609756097561,0.38552942452460554
HistGB Base,Partially functional,0.9841269841269841,0.09763779527559055,0.38552942452460554
HistGB Base,Partially functional,0.9841269841269841,0.09771473601260836,0.38552942452460554
HistGB Base,Partially functional,0.9841269841269841,0.09779179810725552,0.38552942452460554
HistGB Base,Partially functional,0.9841269841269841,0.0978689818468824,0.38552942452460554
HistGB Base,Partially functional,0.9841269841269841,0.09794628751974724,0.38552942452460554
HistGB Base,Partially functional,0.9841269841269841,0.09802371541501977,0.38552942452460554
HistGB Base,Partially functional,0.9841269841269841,0.0981012658227848,0.38552942452460554
HistGB Base,Partially functional,0.9841269841269841,0.09817893903404593,0.38552942452460554
HistGB Base,Partially functional,0.9841269841269841,0.098256735340729,0.38552942452460554
HistGB Base,Partially functional,0.9841269841269841,0.09833465503568596,0.38552942452460554
HistGB Base,Partially functional,0.9841269841269841,0.09841269841269841,0.38552942452460554
HistGB Base,Partially functional,0.9841269841269841,0.09849086576648133,0.38552942452460554
HistGB Base,Partially functional,0.9761904761904762,0.09777424483306836,0.38552942452460554
HistGB Base,Partially functional,0.9761904761904762,0.09785202863961814,0.38552942452460554
HistGB Base,Partially functional,0.9761904761904762,0.09792993630573249,0.38552942452460554
HistGB Base,Partially functional,0.9761904761904762,0.09800796812749003,0.38552942452460554
HistGB Base,Partially functional,0.9761904761904762,0.09808612440191387,0.38552942452460554
HistGB Base,Partially functional,0.9761904761904762,0.09816440542697526,0.38552942452460554
HistGB Base,Partially functional,0.9761904761904762,0.09824281150159744,0.38552942452460554
HistGB Base,Partially functional,0.9761904761904762,0.09832134292565947,0.38552942452460554
HistGB Base,Partially functional,0.9761904761904762,0.0984,0.38552942452460554
HistGB Base,Partially functional,0.9761904761904762,0.09847878302642114,0.38552942452460554
HistGB Base,Partially functional,0.9761904761904762,0.0985576923076923,0.38552942452460554
HistGB Base,Partially functional,0.9761904761904762,0.09863672814755413,0.38552942452460554
HistGB Base,Partially functional,0.9761904761904762,0.09871589085072231,0.38552942452460554
HistGB Base,Partially functional,0.9761904761904762,0.09879518072289156,0.38552942452460554
HistGB Base,Partially functional,0.9761904761904762,0.09887459807073955,0.38552942452460554
HistGB Base,Partially functional,0.9761904761904762,0.09895414320193081,0.38552942452460554
HistGB Base,Partially functional,0.9761904761904762,0.09903381642512077,0.38552942452460554
HistGB Base,Partially functional,0.9761904761904762,0.0991136180499597,0.38552942452460554
HistGB Base,Partially functional,0.9761904761904762,0.09919354838709678,0.38552942452460554
HistGB Base,Partially functional,0.9761904761904762,0.09927360774818401,0.38552942452460554
HistGB Base,Partially functional,0.9761904761904762,0.09935379644588045,0.38552942452460554
HistGB Base,Partially functional,0.9761904761904762,0.09943411479385611,0.38552942452460554
HistGB Base,Partially functional,0.9761904761904762,0.09951456310679611,0.38552942452460554
HistGB Base,Partially functional,0.9761904761904762,0.09959514170040486,0.38552942452460554
HistGB Base,Partially functional,0.9761904761904762,0.09967585089141005,0.38552942452460554
HistGB Base,Partially functional,0.9761904761904762,0.09975669099756691,0.38552942452460554
HistGB Base,Partially functional,0.9761904761904762,0.09983766233766234,0.38552942452460554
HistGB Base,Partially functional,0.9761904761904762,0.09991876523151909,0.38552942452460554
HistGB Base,Partially functional,0.9761904761904762,0.1,0.38552942452460554
HistGB Base,Partially functional,0.9761904761904762,0.1000813669650122,0.38552942452460554
HistGB Base,Partially functional,0.9761904761904762,0.1001628664495114,0.38552942452460554
HistGB Base,Partially functional,0.9761904761904762,0.10024449877750612,0.38552942452460554
HistGB Base,Partially functional,0.9761904761904762,0.100326264274062,0.38552942452460554
HistGB Base,Partially functional,0.9761904761904762,0.10040816326530612,0.38552942452460554
HistGB Base,Partially functional,0.9761904761904762,0.10049019607843138,0.38552942452460554
HistGB Base,Partially functional,0.9761904761904762,0.10057236304170074,0.38552942452460554
HistGB Base,Partially functional,0.9761904761904762,0.10065466448445172,0.38552942452460554
HistGB Base,Partially functional,0.9761904761904762,0.10073710073710074,0.38552942452460554
HistGB Base,Partially functional,0.9761904761904762,0.10081967213114754,0.38552942452460554
HistGB Base,Partially functional,0.9761904761904762,0.10090237899917966,0.38552942452460554
HistGB Base,Partially functional,0.9761904761904762,0.10098522167487685,0.38552942452460554
HistGB Base,Partially functional,0.9761904761904762,0.10106820049301561,0.38552942452460554
HistGB Base,Partially functional,0.9761904761904762,0.10115131578947369,0.38552942452460554
HistGB Base,Partially functional,0.9761904761904762,0.10123456790123457,0.38552942452460554
HistGB Base,Partially functional,0.9761904761904762,0.1013179571663921,0.38552942452460554
HistGB Base,Partially functional,0.9761904761904762,0.10140148392415499,0.38552942452460554
HistGB Base,Partially functional,0.9761904761904762,0.10148514851485149,0.38552942452460554
HistGB Base,Partially functional,0.9682539682539683,0.10074318744838975,0.38552942452460554
HistGB Base,Partially functional,0.9682539682539683,0.10082644628099173,0.38552942452460554
HistGB Base,Partially functional,0.9682539682539683,0.10090984284532671,0.38552942452460554
HistGB Base,Partially functional,0.9682539682539683,0.10099337748344371,0.38552942452460554
HistGB Base,Partially functional,0.9603174603174603,0.10024855012427507,0.38552942452460554
HistGB Base,Partially functional,0.9603174603174603,0.10033167495854063,0.38552942452460554
HistGB Base,Partially functional,0.9603174603174603,0.1004149377593361,0.38552942452460554
HistGB Base,Partially functional,0.9603174603174603,0.1004983388704319,0.38552942452460554
HistGB Base,Partially functional,0.9603174603174603,0.10058187863674148,0.38552942452460554
HistGB Base,Partially functional,0.9603174603174603,0.10066555740432612,0.38552942452460554
HistGB Base,Partially functional,0.9603174603174603,0.10074937552039967,0.38552942452460554
HistGB Base,Partially functional,0.9603174603174603,0.10083333333333333,0.38552942452460554
HistGB Base,Partially functional,0.9603174603174603,0.10091743119266056,0.38552942452460554
HistGB Base,Partially functional,0.9603174603174603,0.1010016694490818,0.38552942452460554
HistGB Base,Partially functional,0.9603174603174603,0.1010860484544695,0.38552942452460554
HistGB Base,Partially functional,0.9603174603174603,0.10117056856187291,0.38552942452460554
HistGB Base,Partially functional,0.9603174603174603,0.10125523012552301,0.38552942452460554
HistGB Base,Partially functional,0.9603174603174603,0.10134003350083752,0.38552942452460554
HistGB Base,Partially functional,0.9603174603174603,0.10142497904442582,0.38552942452460554
HistGB Base,Partially functional,0.9523809523809523,0.10067114093959731,0.38552942452460554
HistGB Base,Partially functional,0.9523809523809523,0.10075566750629723,0.38552942452460554
HistGB Base,Partially functional,0.9523809523809523,0.10084033613445378,0.38552942452460554
HistGB Base,Partially functional,0.9523809523809523,0.10092514718250631,0.38552942452460554
HistGB Base,Partially functional,0.9523809523809523,0.10101010101010101,0.38552942452460554
HistGB Base,Partially functional,0.9523809523809523,0.10109519797809605,0.38552942452460554
HistGB Base,Partially functional,0.9523809523809523,0.10118043844856661,0.38552942452460554
HistGB Base,Partially functional,0.9523809523809523,0.10126582278481013,0.38552942452460554
HistGB Base,Partially functional,0.9523809523809523,0.10135135135135136,0.38552942452460554
HistGB Base,Partially functional,0.9523809523809523,0.1014370245139476,0.38552942452460554
HistGB Base,Partially functional,0.9523809523809523,0.10152284263959391,0.38552942452460554
HistGB Base,Partially functional,0.9523809523809523,0.10160880609652836,0.38552942452460554
HistGB Base,Partially functional,0.9523809523809523,0.1016949152542373,0.38552942452460554
HistGB Base,Partially functional,0.9523809523809523,0.10178117048346055,0.38552942452460554
HistGB Base,Partially functional,0.9523809523809523,0.10186757215619695,0.38552942452460554
HistGB Base,Partially functional,0.9523809523809523,0.10195412064570943,0.38552942452460554
HistGB Base,Partially functional,0.9444444444444444,0.10119047619047619,0.38552942452460554
HistGB Base,Partially functional,0.9444444444444444,0.10127659574468086,0.38552942452460554
HistGB Base,Partially functional,0.9444444444444444,0.10136286201022146,0.38552942452460554
HistGB Base,Partially functional,0.9444444444444444,0.10144927536231885,0.38552942452460554
HistGB Base,Partially functional,0.9444444444444444,0.1015358361774744,0.38552942452460554
HistGB Base,Partially functional,0.9444444444444444,0.10162254483347566,0.38552942452460554
HistGB Base,Partially functional,0.9444444444444444,0.10170940170940171,0.38552942452460554
HistGB Base,Partially functional,0.9444444444444444,0.10179640718562874,0.38552942452460554
HistGB Base,Partially functional,0.9444444444444444,0.10188356164383562,0.38552942452460554
HistGB Base,Partially functional,0.9444444444444444,0.10197086546700942,0.38552942452460554
HistGB Base,Partially functional,0.9444444444444444,0.10205831903945112,0.38552942452460554
HistGB Base,Partially functional,0.9444444444444444,0.10214592274678111,0.38552942452460554
HistGB Base,Partially functional,0.9444444444444444,0.10223367697594501,0.38552942452460554
HistGB Base,Partially functional,0.9365079365079365,0.10146173688736028,0.38552942452460554
HistGB Base,Partially functional,0.9365079365079365,0.10154905335628227,0.38552942452460554
HistGB Base,Partially functional,0.9365079365079365,0.10163652024117141,0.38552942452460554
HistGB Base,Partially functional,0.9365079365079365,0.10172413793103448,0.38552942452460554
HistGB Base,Partially functional,0.9365079365079365,0.10181190681622088,0.38552942452460554
HistGB Base,Partially functional,0.9365079365079365,0.10189982728842832,0.38552942452460554
HistGB Base,Partially functional,0.9365079365079365,0.10198789974070872,0.38552942452460554
HistGB Base,Partially functional,0.9285714285714286,0.10121107266435986,0.38552942452460554
HistGB Base,Partially functional,0.9285714285714286,0.1012987012987013,0.38552942452460554
HistGB Base,Partially functional,0.9285714285714286,0.10138648180242635,0.38552942452460554
HistGB Base,Partially functional,0.9285714285714286,0.10147441457068516,0.38552942452460554
HistGB Base,Partially functional,0.9285714285714286,0.1015625,0.38552942452460554
HistGB Base,Partially functional,0.9285714285714286,0.10165073848827107,0.38552942452460554
HistGB Base,Partially functional,0.9285714285714286,0.10173913043478261,0.38552942452460554
HistGB Base,Partially functional,0.9285714285714286,0.10182767624020887,0.38552942452460554
HistGB Base,Partially functional,0.9285714285714286,0.1019163763066202,0.38552942452460554
HistGB Base,Partially functional,0.9285714285714286,0.1020052310374891,0.38552942452460554
HistGB Base,Partially functional,0.9285714285714286,0.10209424083769633,0.38552942452460554
HistGB Base,Partially functional,0.9285714285714286,0.10218340611353711,0.38552942452460554
HistGB Base,Partially functional,0.9285714285714286,0.10227272727272728,0.38552942452460554
HistGB Base,Partially functional,0.9285714285714286,0.10236220472440945,0.38552942452460554
HistGB Base,Partially functional,0.9285714285714286,0.10245183887915937,0.38552942452460554
HistGB Base,Partially functional,0.9285714285714286,0.10254163014899212,0.38552942452460554
HistGB Base,Partially functional,0.9285714285714286,0.10263157894736842,0.38552942452460554
HistGB Base,Partially functional,0.9285714285714286,0.10272168568920105,0.38552942452460554
HistGB Base,Partially functional,0.9206349206349206,0.10193321616871705,0.38552942452460554
HistGB Base,Partially functional,0.9206349206349206,0.10202286719437115,0.38552942452460554
HistGB Base,Partially functional,0.9206349206349206,0.10211267605633803,0.38552942452460554
HistGB Base,Partially functional,0.9206349206349206,0.10220264317180616,0.38552942452460554
HistGB Base,Partially functional,0.9206349206349206,0.10229276895943562,0.38552942452460554
HistGB Base,Partially functional,0.9206349206349206,0.10238305383936452,0.38552942452460554
HistGB Base,Partially functional,0.9206349206349206,0.10247349823321555,0.38552942452460554
HistGB Base,Partially functional,0.9206349206349206,0.10256410256410256,0.38552942452460554
HistGB Base,Partially functional,0.9206349206349206,0.10265486725663717,0.38552942452460554
HistGB Base,Partially functional,0.9206349206349206,0.10274579273693533,0.38552942452460554
HistGB Base,Partially functional,0.9206349206349206,0.10283687943262411,0.38552942452460554
HistGB Base,Partially functional,0.9206349206349206,0.10292812777284827,0.38552942452460554
HistGB Base,Partially functional,0.9126984126984127,0.10213143872113677,0.38552942452460554
HistGB Base,Partially functional,0.9126984126984127,0.10222222222222223,0.38552942452460554
HistGB Base,Partially functional,0.9047619047619048,0.10142348754448399,0.38552942452460554
HistGB Base,Partially functional,0.9047619047619048,0.10151380231522707,0.38552942452460554
HistGB Base,Partially functional,0.9047619047619048,0.10160427807486631,0.38552942452460554
HistGB Base,Partially functional,0.9047619047619048,0.1016949152542373,0.38552942452460554
HistGB Base,Partially functional,0.9047619047619048,0.10178571428571428,0.38552942452460554
HistGB Base,Partially functional,0.9047619047619048,0.10187667560321716,0.38552942452460554
HistGB Base,Partially functional,0.9047619047619048,0.10196779964221825,0.38552942452460554
HistGB Base,Partially functional,0.9047619047619048,0.10205908683974933,0.38552942452460554
HistGB Base,Partially functional,0.9047619047619048,0.10215053763440861,0.38552942452460554
HistGB Base,Partially functional,0.9047619047619048,0.10224215246636771,0.38552942452460554
HistGB Base,Partially functional,0.9047619047619048,0.10233393177737882,0.38552942452460554
HistGB Base,Partially functional,0.9047619047619048,0.10242587601078167,0.38552942452460554
HistGB Base,Partially functional,0.9047619047619048,0.10251798561151079,0.38552942452460554
HistGB Base,Partially functional,0.9047619047619048,0.10261026102610261,0.38552942452460554
HistGB Base,Partially functional,0.9047619047619048,0.10270270270270271,0.38552942452460554
HistGB Base,Partially functional,0.9047619047619048,0.10279531109107304,0.38552942452460554
HistGB Base,Partially functional,0.9047619047619048,0.10288808664259928,0.38552942452460554
HistGB Base,Partially functional,0.9047619047619048,0.10298102981029811,0.38552942452460554
HistGB Base,Partially functional,0.9047619047619048,0.10307414104882459,0.38552942452460554
HistGB Base,Partially functional,0.9047619047619048,0.10316742081447963,0.38552942452460554
HistGB Base,Partially functional,0.9047619047619048,0.10326086956521739,0.38552942452460554
HistGB Base,Partially functional,0.9047619047619048,0.10335448776065277,0.38552942452460554
HistGB Base,Partially functional,0.9047619047619048,0.10344827586206896,0.38552942452460554
HistGB Base,Partially functional,0.9047619047619048,0.10354223433242507,0.38552942452460554
HistGB Base,Partially functional,0.9047619047619048,0.10363636363636364,0.38552942452460554
HistGB Base,Partially functional,0.9047619047619048,0.10373066424021839,0.38552942452460554
HistGB Base,Partially functional,0.9047619047619048,0.10382513661202186,0.38552942452460554
HistGB Base,Partially functional,0.9047619047619048,0.10391978122151321,0.38552942452460554
HistGB Base,Partially functional,0.9047619047619048,0.10401459854014598,0.38552942452460554
HistGB Base,Partially functional,0.9047619047619048,0.10410958904109589,0.38552942452460554
HistGB Base,Partially functional,0.9047619047619048,0.10420475319926874,0.38552942452460554
HistGB Base,Partially functional,0.9047619047619048,0.10430009149130832,0.38552942452460554
HistGB Base,Partially functional,0.9047619047619048,0.1043956043956044,0.38552942452460554
HistGB Base,Partially functional,0.9047619047619048,0.10449129239230064,0.38552942452460554
HistGB Base,Partially functional,0.9047619047619048,0.10458715596330276,0.38552942452460554
HistGB Base,Partially functional,0.9047619047619048,0.1046831955922865,0.38552942452460554
HistGB Base,Partially functional,0.9047619047619048,0.10477941176470588,0.38552942452460554
HistGB Base,Partially functional,0.9047619047619048,0.10487580496780129,0.38552942452460554
HistGB Base,Partially functional,0.9047619047619048,0.10497237569060773,0.38552942452460554
HistGB Base,Partially functional,0.9047619047619048,0.10506912442396313,0.38552942452460554
HistGB Base,Partially functional,0.9047619047619048,0.10516605166051661,0.38552942452460554
HistGB Base,Partially functional,0.9047619047619048,0.10526315789473684,0.38552942452460554
HistGB Base,Partially functional,0.9047619047619048,0.10536044362292052,0.38552942452460554
HistGB Base,Partially functional,0.9047619047619048,0.10545790934320073,0.38552942452460554
HistGB Base,Partially functional,0.9047619047619048,0.10555555555555556,0.38552942452460554
HistGB Base,Partially functional,0.9047619047619048,0.1056533827618165,0.38552942452460554
HistGB Base,Partially functional,0.9047619047619048,0.10575139146567718,0.38552942452460554
HistGB Base,Partially functional,0.9047619047619048,0.10584958217270195,0.38552942452460554
HistGB Base,Partially functional,0.9047619047619048,0.10594795539033457,0.38552942452460554
HistGB Base,Partially functional,0.9047619047619048,0.10604651162790697,0.38552942452460554
HistGB Base,Partially functional,0.9047619047619048,0.10614525139664804,0.38552942452460554
HistGB Base,Partially functional,0.8968253968253969,0.10531220876048462,0.38552942452460554
HistGB Base,Partially functional,0.8968253968253969,0.10541044776119403,0.38552942452460554
HistGB Base,Partially functional,0.8968253968253969,0.10550887021475257,0.38552942452460554
HistGB Base,Partially functional,0.8968253968253969,0.10560747663551402,0.38552942452460554
HistGB Base,Partially functional,0.8968253968253969,0.10570626753975679,0.38552942452460554
HistGB Base,Partially functional,0.8968253968253969,0.10580524344569288,0.38552942452460554
HistGB Base,Partially functional,0.8968253968253969,0.10590440487347703,0.38552942452460554
HistGB Base,Partially functional,0.8968253968253969,0.10600375234521577,0.38552942452460554
HistGB Base,Partially functional,0.8968253968253969,0.10610328638497653,0.38552942452460554
HistGB Base,Partially functional,0.8968253968253969,0.106203007518797,0.38552942452460554
HistGB Base,Partially functional,0.8968253968253969,0.10630291627469426,0.38552942452460554
HistGB Base,Partially functional,0.8968253968253969,0.1064030131826742,0.38552942452460554
HistGB Base,Partially functional,0.8968253968253969,0.10650329877474081,0.38552942452460554
HistGB Base,Partially functional,0.8968253968253969,0.10660377358490566,0.38552942452460554
HistGB Base,Partially functional,0.8968253968253969,0.10670443814919736,0.38552942452460554
HistGB Base,Partially functional,0.8968253968253969,0.10680529300567108,0.38552942452460554
HistGB Base,Partially functional,0.8968253968253969,0.10690633869441817,0.38552942452460554
HistGB Base,Partially functional,0.8968253968253969,0.10700757575757576,0.38552942452460554
HistGB Base,Partially functional,0.8968253968253969,0.10710900473933649,0.38552942452460554
HistGB Base,Partially functional,0.8968253968253969,0.10721062618595825,0.38552942452460554
HistGB Base,Partially functional,0.8968253968253969,0.10731244064577398,0.38552942452460554
HistGB Base,Partially functional,0.8968253968253969,0.10741444866920152,0.38552942452460554
HistGB Base,Partially functional,0.8968253968253969,0.10751665080875357,0.38552942452460554
HistGB Base,Partially functional,0.8968253968253969,0.10761904761904761,0.38552942452460554
HistGB Base,Partially functional,0.8968253968253969,0.10772163965681601,0.38552942452460554
HistGB Base,Partially functional,0.8968253968253969,0.10782442748091603,0.38552942452460554
HistGB Base,Partially functional,0.8968253968253969,0.10792741165234002,0.38552942452460554
HistGB Base,Partially functional,0.8968253968253969,0.10803059273422562,0.38552942452460554
HistGB Base,Partially functional,0.8968253968253969,0.10813397129186603,0.38552942452460554
HistGB Base,Partially functional,0.8968253968253969,0.1082375478927203,0.38552942452460554
HistGB Base,Partially functional,0.8968253968253969,0.10834132310642378,0.38552942452460554
HistGB Base,Partially functional,0.8968253968253969,0.10844529750479846,0.38552942452460554
HistGB Base,Partially functional,0.8968253968253969,0.10854947166186359,0.38552942452460554
HistGB Base,Partially functional,0.8968253968253969,0.10865384615384616,0.38552942452460554
HistGB Base,Partially functional,0.8888888888888888,0.10779595765158806,0.38552942452460554
HistGB Base,Partially functional,0.8888888888888888,0.10789980732177264,0.38552942452460554
HistGB Base,Partially functional,0.8888888888888888,0.10800385728061716,0.38552942452460554
HistGB Base,Partially functional,0.8888888888888888,0.10810810810810811,0.38552942452460554
HistGB Base,Partially functional,0.8888888888888888,0.10821256038647344,0.38552942452460554
HistGB Base,Partially functional,0.8888888888888888,0.10831721470019343,0.38552942452460554
HistGB Base,Partially functional,0.8888888888888888,0.10842207163601161,0.38552942452460554
HistGB Base,Partially functional,0.8888888888888888,0.10852713178294573,0.38552942452460554
HistGB Base,Partially functional,0.8888888888888888,0.10863239573229874,0.38552942452460554
HistGB Base,Partially functional,0.8888888888888888,0.1087378640776699,0.38552942452460554
HistGB Base,Partially functional,0.8888888888888888,0.10884353741496598,0.38552942452460554
HistGB Base,Partially functional,0.8888888888888888,0.10894941634241245,0.38552942452460554
HistGB Base,Partially functional,0.8888888888888888,0.10905550146056475,0.38552942452460554
HistGB Base,Partially functional,0.8888888888888888,0.10916179337231968,0.38552942452460554
HistGB Base,Partially functional,0.8888888888888888,0.10926829268292683,0.38552942452460554
HistGB Base,Partially functional,0.8888888888888888,0.109375,0.38552942452460554
HistGB Base,Partially functional,0.8888888888888888,0.10948191593352884,0.38552942452460554
HistGB Base,Partially functional,0.8888888888888888,0.1095890410958904,0.38552942452460554
HistGB Base,Partially functional,0.8888888888888888,0.10969637610186092,0.38552942452460554
HistGB Base,Partially functional,0.8888888888888888,0.10980392156862745,0.38552942452460554
HistGB Base,Partially functional,0.8888888888888888,0.1099116781157998,0.38552942452460554
HistGB Base,Partially functional,0.8888888888888888,0.1100196463654224,0.38552942452460554
HistGB Base,Partially functional,0.8888888888888888,0.11012782694198624,0.38552942452460554
HistGB Base,Partially functional,0.8888888888888888,0.11023622047244094,0.38552942452460554
HistGB Base,Partially functional,0.8888888888888888,0.1103448275862069,0.38552942452460554
HistGB Base,Partially functional,0.8888888888888888,0.11045364891518737,0.38552942452460554
HistGB Base,Partially functional,0.8888888888888888,0.11056268509378085,0.38552942452460554
HistGB Base,Partially functional,0.8888888888888888,0.11067193675889328,0.38552942452460554
HistGB Base,Partially functional,0.8888888888888888,0.11078140454995054,0.38552942452460554
HistGB Base,Partially functional,0.8888888888888888,0.11089108910891089,0.38552942452460554
HistGB Base,Partially functional,0.8888888888888888,0.1110009910802775,0.38552942452460554
HistGB Base,Partially functional,0.8888888888888888,0.1111111111111111,0.38552942452460554
HistGB Base,Partially functional,0.8888888888888888,0.1112214498510427,0.38552942452460554
HistGB Base,Partially functional,0.8888888888888888,0.11133200795228629,0.38552942452460554
HistGB Base,Partially functional,0.8888888888888888,0.11144278606965174,0.38552942452460554
HistGB Base,Partially functional,0.8888888888888888,0.11155378486055777,0.38552942452460554
HistGB Base,Partially functional,0.8888888888888888,0.11166500498504486,0.38552942452460554
HistGB Base,Partially functional,0.8888888888888888,0.11177644710578842,0.38552942452460554
HistGB Base,Partially functional,0.8888888888888888,0.11188811188811189,0.38552942452460554
HistGB Base,Partially functional,0.8888888888888888,0.112,0.38552942452460554
HistGB Base,Partially functional,0.8888888888888888,0.11211211211211211,0.38552942452460554
HistGB Base,Partially functional,0.8888888888888888,0.11222444889779559,0.38552942452460554
HistGB Base,Partially functional,0.8888888888888888,0.1123370110330993,0.38552942452460554
HistGB Base,Partially functional,0.8888888888888888,0.11244979919678715,0.38552942452460554
HistGB Base,Partially functional,0.8888888888888888,0.11256281407035176,0.38552942452460554
HistGB Base,Partially functional,0.8888888888888888,0.11267605633802817,0.38552942452460554
HistGB Base,Partially functional,0.8809523809523809,0.11178247734138973,0.38552942452460554
HistGB Base,Partially functional,0.8809523809523809,0.11189516129032258,0.38552942452460554
HistGB Base,Partially functional,0.8809523809523809,0.11200807265388496,0.38552942452460554
HistGB Base,Partially functional,0.8809523809523809,0.11212121212121212,0.38552942452460554
HistGB Base,Partially functional,0.8809523809523809,0.1122345803842265,0.38552942452460554
HistGB Base,Partially functional,0.8809523809523809,0.11234817813765183,0.38552942452460554
HistGB Base,Partially functional,0.8809523809523809,0.11246200607902736,0.38552942452460554
HistGB Base,Partially functional,0.8809523809523809,0.11257606490872211,0.38552942452460554
HistGB Base,Partially functional,0.8809523809523809,0.11269035532994924,0.38552942452460554
HistGB Base,Partially functional,0.8809523809523809,0.11280487804878049,0.38552942452460554
HistGB Base,Partially functional,0.8809523809523809,0.11291963377416073,0.38552942452460554
HistGB Base,Partially functional,0.8809523809523809,0.11303462321792261,0.38552942452460554
HistGB Base,Partially functional,0.8809523809523809,0.11314984709480122,0.38552942452460554
HistGB Base,Partially functional,0.8809523809523809,0.11326530612244898,0.38552942452460554
HistGB Base,Partially functional,0.8809523809523809,0.11338100102145046,0.38552942452460554
HistGB Base,Partially functional,0.8809523809523809,0.11349693251533742,0.38552942452460554
HistGB Base,Partially functional,0.8809523809523809,0.11361310133060389,0.38552942452460554
HistGB Base,Partially functional,0.8809523809523809,0.11372950819672131,0.38552942452460554
HistGB Base,Partially functional,0.8809523809523809,0.11384615384615385,0.38552942452460554
HistGB Base,Partially functional,0.8809523809523809,0.11396303901437371,0.38552942452460554
HistGB Base,Partially functional,0.8809523809523809,0.11408016443987667,0.38552942452460554
HistGB Base,Partially functional,0.8809523809523809,0.11419753086419752,0.38552942452460554
HistGB Base,Partially functional,0.8809523809523809,0.11431513903192585,0.38552942452460554
HistGB Base,Partially functional,0.8809523809523809,0.11443298969072165,0.38552942452460554
HistGB Base,Partially functional,0.8809523809523809,0.11455108359133127,0.38552942452460554
HistGB Base,Partially functional,0.8809523809523809,0.11466942148760331,0.38552942452460554
HistGB Base,Partially functional,0.8809523809523809,0.11478800413650465,0.38552942452460554
HistGB Base,Partially functional,0.8809523809523809,0.11490683229813664,0.38552942452460554
HistGB Base,Partially functional,0.8809523809523809,0.11502590673575129,0.38552942452460554
HistGB Base,Partially functional,0.8809523809523809,0.11514522821576763,0.38552942452460554
HistGB Base,Partially functional,0.8809523809523809,0.11526479750778816,0.38552942452460554
HistGB Base,Partially functional,0.8809523809523809,0.11538461538461539,0.38552942452460554
HistGB Base,Partially functional,0.8809523809523809,0.11550468262226847,0.38552942452460554
HistGB Base,Partially functional,0.8809523809523809,0.115625,0.38552942452460554
HistGB Base,Partially functional,0.8809523809523809,0.11574556830031282,0.38552942452460554
HistGB Base,Partially functional,0.8809523809523809,0.11586638830897704,0.38552942452460554
HistGB Base,Partially functional,0.8809523809523809,0.11598746081504702,0.38552942452460554
HistGB Base,Partially functional,0.8809523809523809,0.11610878661087866,0.38552942452460554
HistGB Base,Partially functional,0.8809523809523809,0.1162303664921466,0.38552942452460554
HistGB Base,Partially functional,0.8809523809523809,0.11635220125786164,0.38552942452460554
HistGB Base,Partially functional,0.8809523809523809,0.11647429171038824,0.38552942452460554
HistGB Base,Partially functional,0.8809523809523809,0.11659663865546219,0.38552942452460554
HistGB Base,Partially functional,0.8809523809523809,0.1167192429022082,0.38552942452460554
HistGB Base,Partially functional,0.8809523809523809,0.1168421052631579,0.38552942452460554
HistGB Base,Partially functional,0.8809523809523809,0.11696522655426765,0.38552942452460554
HistGB Base,Partially functional,0.8809523809523809,0.11708860759493671,0.38552942452460554
HistGB Base,Partially functional,0.8809523809523809,0.11721224920802534,0.38552942452460554
HistGB Base,Partially functional,0.8809523809523809,0.11733615221987315,0.38552942452460554
HistGB Base,Partially functional,0.8809523809523809,0.11746031746031746,0.38552942452460554
HistGB Base,Partially functional,0.8809523809523809,0.11758474576271187,0.38552942452460554
HistGB Base,Partially functional,0.873015873015873,0.11664899257688228,0.38552942452460554
HistGB Base,Partially functional,0.873015873015873,0.11677282377919321,0.38552942452460554
HistGB Base,Partially functional,0.873015873015873,0.11689691817215728,0.38552942452460554
HistGB Base,Partially functional,0.873015873015873,0.11702127659574468,0.38552942452460554
HistGB Base,Partially functional,0.873015873015873,0.11714589989350373,0.38552942452460554
HistGB Base,Partially functional,0.873015873015873,0.11727078891257996,0.38552942452460554
HistGB Base,Partially functional,0.873015873015873,0.11739594450373532,0.38552942452460554
HistGB Base,Partially functional,0.873015873015873,0.11752136752136752,0.38552942452460554
HistGB Base,Partially functional,0.873015873015873,0.11764705882352941,0.38552942452460554
HistGB Base,Partially functional,0.873015873015873,0.11777301927194861,0.38552942452460554
HistGB Base,Partially functional,0.873015873015873,0.11789924973204716,0.38552942452460554
HistGB Base,Partially functional,0.873015873015873,0.11802575107296137,0.38552942452460554
HistGB Base,Partially functional,0.873015873015873,0.11815252416756176,0.38552942452460554
HistGB Base,Partially functional,0.873015873015873,0.11827956989247312,0.38552942452460554
HistGB Base,Partially functional,0.873015873015873,0.11840688912809473,0.38552942452460554
HistGB Base,Partially functional,0.873015873015873,0.11853448275862069,0.38552942452460554
HistGB Base,Partially functional,0.873015873015873,0.1186623516720604,0.38552942452460554
HistGB Base,Partially functional,0.873015873015873,0.11879049676025918,0.38552942452460554
HistGB Base,Partially functional,0.873015873015873,0.11891891891891893,0.38552942452460554
HistGB Base,Partially functional,0.873015873015873,0.11904761904761904,0.38552942452460554
HistGB Base,Partially functional,0.873015873015873,0.11917659804983749,0.38552942452460554
HistGB Base,Partially functional,0.873015873015873,0.1193058568329718,0.38552942452460554
HistGB Base,Partially functional,0.873015873015873,0.11943539630836048,0.38552942452460554
HistGB Base,Partially functional,0.873015873015873,0.11956521739130435,0.38552942452460554
HistGB Base,Partially functional,0.873015873015873,0.11969532100108814,0.38552942452460554
HistGB Base,Partially functional,0.873015873015873,0.11982570806100218,0.38552942452460554
HistGB Base,Partially functional,0.873015873015873,0.11995637949836423,0.38552942452460554
HistGB Base,Partially functional,0.873015873015873,0.12008733624454149,0.38552942452460554
HistGB Base,Partially functional,0.873015873015873,0.12021857923497267,0.38552942452460554
HistGB Base,Partially functional,0.873015873015873,0.12035010940919037,0.38552942452460554
HistGB Base,Partially functional,0.873015873015873,0.12048192771084337,0.38552942452460554
HistGB Base,Partially functional,0.873015873015873,0.1206140350877193,0.38552942452460554
HistGB Base,Partially functional,0.873015873015873,0.1207464324917673,0.38552942452460554
HistGB Base,Partially functional,0.873015873015873,0.12087912087912088,0.38552942452460554
HistGB Base,Partially functional,0.873015873015873,0.12101210121012101,0.38552942452460554
HistGB Base,Partially functional,0.873015873015873,0.1211453744493392,0.38552942452460554
HistGB Base,Partially functional,0.873015873015873,0.12127894156560089,0.38552942452460554
HistGB Base,Partially functional,0.873015873015873,0.12141280353200883,0.38552942452460554
HistGB Base,Partially functional,0.873015873015873,0.12154696132596685,0.38552942452460554
HistGB Base,Partially functional,0.873015873015873,0.12168141592920353,0.38552942452460554
HistGB Base,Partially functional,0.8650793650793651,0.12070874861572536,0.38552942452460554
HistGB Base,Partially functional,0.8650793650793651,0.12084257206208426,0.38552942452460554
HistGB Base,Partially functional,0.8650793650793651,0.12097669256381798,0.38552942452460554
HistGB Base,Partially functional,0.8650793650793651,0.12111111111111111,0.38552942452460554
HistGB Base,Partially functional,0.8571428571428571,0.12013348164627363,0.38552942452460554
HistGB Base,Partially functional,0.8571428571428571,0.12026726057906459,0.38552942452460554
HistGB Base,Partially functional,0.8571428571428571,0.12040133779264214,0.38552942452460554
HistGB Base,Partially functional,0.8571428571428571,0.12053571428571429,0.38552942452460554
HistGB Base,Partially functional,0.8571428571428571,0.12067039106145251,0.38552942452460554
HistGB Base,Partially functional,0.8571428571428571,0.12080536912751678,0.38552942452460554
HistGB Base,Partially functional,0.8571428571428571,0.12094064949608063,0.38552942452460554
HistGB Base,Partially functional,0.8571428571428571,0.1210762331838565,0.38552942452460554
HistGB Base,Partially functional,0.8571428571428571,0.12121212121212122,0.38552942452460554
HistGB Base,Partially functional,0.8571428571428571,0.12134831460674157,0.38552942452460554
HistGB Base,Partially functional,0.8571428571428571,0.12148481439820022,0.38552942452460554
HistGB Base,Partially functional,0.8571428571428571,0.12162162162162163,0.38552942452460554
HistGB Base,Partially functional,0.8571428571428571,0.12175873731679819,0.38552942452460554
HistGB Base,Partially functional,0.8571428571428571,0.12189616252821671,0.38552942452460554
HistGB Base,Partially functional,0.8571428571428571,0.12203389830508475,0.38552942452460554
HistGB Base,Partially functional,0.8492063492063492,0.12104072398190045,0.38552942452460554
HistGB Base,Partially functional,0.8492063492063492,0.12117780294450736,0.38552942452460554
HistGB Base,Partially functional,0.8492063492063492,0.12131519274376418,0.38552942452460554
HistGB Base,Partially functional,0.8492063492063492,0.12145289443813848,0.38552942452460554
HistGB Base,Partially functional,0.8492063492063492,0.1215909090909091,0.38552942452460554
HistGB Base,Partially functional,0.8492063492063492,0.1217292377701934,0.38552942452460554
HistGB Base,Partially functional,0.8492063492063492,0.12186788154897495,0.38552942452460554
HistGB Base,Partially functional,0.8492063492063492,0.12200684150513112,0.38552942452460554
HistGB Base,Partially functional,0.8492063492063492,0.12214611872146118,0.38552942452460554
HistGB Base,Partially functional,0.8492063492063492,0.12228571428571429,0.38552942452460554
HistGB Base,Partially functional,0.8492063492063492,0.12242562929061784,0.38552942452460554
HistGB Base,Partially functional,0.8492063492063492,0.12256586483390607,0.38552942452460554
HistGB Base,Partially functional,0.8492063492063492,0.12270642201834862,0.38552942452460554
HistGB Base,Partially functional,0.8492063492063492,0.12284730195177956,0.38552942452460554
HistGB Base,Partially functional,0.8492063492063492,0.12298850574712644,0.38552942452460554
HistGB Base,Partially functional,0.8492063492063492,0.12313003452243959,0.38552942452460554
HistGB Base,Partially functional,0.8492063492063492,0.12327188940092165,0.38552942452460554
HistGB Base,Partially functional,0.8492063492063492,0.12341407151095732,0.38552942452460554
HistGB Base,Partially functional,0.8492063492063492,0.1235565819861432,0.38552942452460554
HistGB Base,Partially functional,0.8492063492063492,0.12369942196531791,0.38552942452460554
HistGB Base,Partially functional,0.8492063492063492,0.12384259259259259,0.38552942452460554
HistGB Base,Partially functional,0.8492063492063492,0.12398609501738123,0.38552942452460554
HistGB Base,Partially functional,0.8492063492063492,0.12412993039443156,0.38552942452460554
HistGB Base,Partially functional,0.8492063492063492,0.12427409988385599,0.38552942452460554
HistGB Base,Partially functional,0.8492063492063492,0.12441860465116279,0.38552942452460554
HistGB Base,Partially functional,0.8492063492063492,0.12456344586728754,0.38552942452460554
HistGB Base,Partially functional,0.8492063492063492,0.1247086247086247,0.38552942452460554
HistGB Base,Partially functional,0.8492063492063492,0.12485414235705951,0.38552942452460554
HistGB Base,Partially functional,0.8492063492063492,0.125,0.38552942452460554
HistGB Base,Partially functional,0.8492063492063492,0.12514619883040937,0.38552942452460554
HistGB Base,Partially functional,0.8492063492063492,0.1252927400468384,0.38552942452460554
HistGB Base,Partially functional,0.8492063492063492,0.1254396248534584,0.38552942452460554
HistGB Base,Partially functional,0.8492063492063492,0.1255868544600939,0.38552942452460554
HistGB Base,Partially functional,0.8492063492063492,0.12573443008225618,0.38552942452460554
HistGB Base,Partially functional,0.8492063492063492,0.12588235294117647,0.38552942452460554
HistGB Base,Partially functional,0.8492063492063492,0.12603062426383982,0.38552942452460554
HistGB Base,Partially functional,0.8492063492063492,0.12617924528301888,0.38552942452460554
HistGB Base,Partially functional,0.8492063492063492,0.12632821723730814,0.38552942452460554
HistGB Base,Partially functional,0.8492063492063492,0.12647754137115838,0.38552942452460554
HistGB Base,Partially functional,0.8492063492063492,0.12662721893491125,0.38552942452460554
HistGB Base,Partially functional,0.8492063492063492,0.12677725118483413,0.38552942452460554
HistGB Base,Partially functional,0.8492063492063492,0.1269276393831554,0.38552942452460554
HistGB Base,Partially functional,0.8492063492063492,0.12707838479809977,0.38552942452460554
HistGB Base,Partially functional,0.8492063492063492,0.1272294887039239,0.38552942452460554
HistGB Base,Partially functional,0.8492063492063492,0.12738095238095237,0.38552942452460554
HistGB Base,Partially functional,0.8492063492063492,0.12753277711561384,0.38552942452460554
HistGB Base,Partially functional,0.8492063492063492,0.1276849642004773,0.38552942452460554
HistGB Base,Partially functional,0.8492063492063492,0.12783751493428913,0.38552942452460554
HistGB Base,Partially functional,0.8492063492063492,0.12799043062200957,0.38552942452460554
HistGB Base,Partially functional,0.8492063492063492,0.1281437125748503,0.38552942452460554
HistGB Base,Partially functional,0.8492063492063492,0.12829736211031176,0.38552942452460554
HistGB Base,Partially functional,0.8492063492063492,0.12845138055222088,0.38552942452460554
HistGB Base,Partially functional,0.8492063492063492,0.12860576923076922,0.38552942452460554
HistGB Base,Partially functional,0.8492063492063492,0.12876052948255115,0.38552942452460554
HistGB Base,Partially functional,0.8492063492063492,0.12891566265060242,0.38552942452460554
HistGB Base,Partially functional,0.8492063492063492,0.12907117008443908,0.38552942452460554
HistGB Base,Partially functional,0.8492063492063492,0.1292270531400966,0.38552942452460554
HistGB Base,Partially functional,0.8492063492063492,0.1293833131801693,0.38552942452460554
HistGB Base,Partially functional,0.8492063492063492,0.12953995157384987,0.38552942452460554
HistGB Base,Partially functional,0.8492063492063492,0.1296969696969697,0.38552942452460554
HistGB Base,Partially functional,0.8492063492063492,0.12985436893203883,0.38552942452460554
HistGB Base,Partially functional,0.8412698412698413,0.12879708383961117,0.38552942452460554
HistGB Base,Partially functional,0.8412698412698413,0.12895377128953772,0.38552942452460554
HistGB Base,Partially functional,0.8412698412698413,0.12911084043848964,0.38552942452460554
HistGB Base,Partially functional,0.8412698412698413,0.12926829268292683,0.38552942452460554
HistGB Base,Partially functional,0.8412698412698413,0.12942612942612944,0.38552942452460554
HistGB Base,Partially functional,0.8412698412698413,0.1295843520782396,0.38552942452460554
HistGB Base,Partially functional,0.8412698412698413,0.12974296205630356,0.38552942452460554
HistGB Base,Partially functional,0.8412698412698413,0.12990196078431374,0.38552942452460554
HistGB Base,Partially functional,0.8412698412698413,0.13006134969325153,0.38552942452460554
HistGB Base,Partially functional,0.8412698412698413,0.13022113022113022,0.38552942452460554
HistGB Base,Partially functional,0.8412698412698413,0.13038130381303814,0.38552942452460554
HistGB Base,Partially functional,0.8412698412698413,0.13054187192118227,0.38552942452460554
HistGB Base,Partially functional,0.8412698412698413,0.13070283600493218,0.38552942452460554
HistGB Base,Partially functional,0.8412698412698413,0.1308641975308642,0.38552942452460554
HistGB Base,Partially functional,0.8412698412698413,0.13102595797280595,0.38552942452460554
HistGB Base,Partially functional,0.8412698412698413,0.1311881188118812,0.38552942452460554
HistGB Base,Partially functional,0.8412698412698413,0.13135068153655513,0.38552942452460554
HistGB Base,Partially functional,0.8412698412698413,0.1315136476426799,0.38552942452460554
HistGB Base,Partially functional,0.8412698412698413,0.13167701863354037,0.38552942452460554
HistGB Base,Partially functional,0.8412698412698413,0.1318407960199005,0.38552942452460554
HistGB Base,Partially functional,0.8412698412698413,0.1320049813200498,0.38552942452460554
HistGB Base,Partially functional,0.8412698412698413,0.13216957605985039,0.38552942452460554
HistGB Base,Partially functional,0.8412698412698413,0.132334581772784,0.38552942452460554
HistGB Base,Partially functional,0.8412698412698413,0.1325,0.38552942452460554
HistGB Base,Partially functional,0.8412698412698413,0.13266583229036297,0.38552942452460554
HistGB Base,Partially functional,0.8412698412698413,0.13283208020050125,0.38552942452460554
HistGB Base,Partially functional,0.8412698412698413,0.1329987452948557,0.38552942452460554
HistGB Base,Partially functional,0.8412698412698413,0.13316582914572864,0.38552942452460554
HistGB Base,Partially functional,0.8412698412698413,0.13333333333333333,0.38552942452460554
HistGB Base,Partially functional,0.8412698412698413,0.13350125944584382,0.38552942452460554
HistGB Base,Partially functional,0.8412698412698413,0.13366960907944514,0.38552942452460554
HistGB Base,Partially functional,0.8412698412698413,0.13383838383838384,0.38552942452460554
HistGB Base,Partially functional,0.8412698412698413,0.13400758533501897,0.38552942452460554
HistGB Base,Partially functional,0.8412698412698413,0.1341772151898734,0.38552942452460554
HistGB Base,Partially functional,0.8412698412698413,0.13434727503168567,0.38552942452460554
HistGB Base,Partially functional,0.8412698412698413,0.13451776649746192,0.38552942452460554
HistGB Base,Partially functional,0.8412698412698413,0.13468869123252858,0.38552942452460554
HistGB Base,Partially functional,0.8412698412698413,0.13486005089058525,0.38552942452460554
HistGB Base,Partially functional,0.8412698412698413,0.13503184713375796,0.38552942452460554
HistGB Base,Partially functional,0.8412698412698413,0.13520408163265307,0.38552942452460554
HistGB Base,Partially functional,0.8412698412698413,0.13537675606641125,0.38552942452460554
HistGB Base,Partially functional,0.8412698412698413,0.13554987212276215,0.38552942452460554
HistGB Base,Partially functional,0.8412698412698413,0.1357234314980794,0.38552942452460554
HistGB Base,Partially functional,0.8412698412698413,0.1358974358974359,0.38552942452460554
HistGB Base,Partially functional,0.8412698412698413,0.13607188703465983,0.38552942452460554
HistGB Base,Partially functional,0.8412698412698413,0.13624678663239073,0.38552942452460554
HistGB Base,Partially functional,0.8412698412698413,0.1364221364221364,0.38552942452460554
HistGB Base,Partially functional,0.8412698412698413,0.13659793814432988,0.38552942452460554
HistGB Base,Partially functional,0.8412698412698413,0.1367741935483871,0.38552942452460554
HistGB Base,Partially functional,0.8412698412698413,0.13695090439276486,0.38552942452460554
HistGB Base,Partially functional,0.8412698412698413,0.1371280724450194,0.38552942452460554
HistGB Base,Partially functional,0.8412698412698413,0.13730569948186527,0.38552942452460554
HistGB Base,Partially functional,0.8412698412698413,0.13748378728923477,0.38552942452460554
HistGB Base,Partially functional,0.8412698412698413,0.13766233766233765,0.38552942452460554
HistGB Base,Partially functional,0.8412698412698413,0.1378413524057217,0.38552942452460554
HistGB Base,Partially functional,0.8412698412698413,0.13802083333333334,0.38552942452460554
HistGB Base,Partially functional,0.8412698412698413,0.13820078226857888,0.38552942452460554
HistGB Base,Partially functional,0.8412698412698413,0.13838120104438642,0.38552942452460554
HistGB Base,Partially functional,0.8412698412698413,0.13856209150326798,0.38552942452460554
HistGB Base,Partially functional,0.8412698412698413,0.1387434554973822,0.38552942452460554
HistGB Base,Partially functional,0.8412698412698413,0.13892529488859764,0.38552942452460554
HistGB Base,Partially functional,0.8412698412698413,0.13910761154855644,0.38552942452460554
HistGB Base,Partially functional,0.8412698412698413,0.1392904073587385,0.38552942452460554
HistGB Base,Partially functional,0.8412698412698413,0.1394736842105263,0.38552942452460554
HistGB Base,Partially functional,0.8412698412698413,0.13965744400527008,0.38552942452460554
HistGB Base,Partially functional,0.8412698412698413,0.13984168865435356,0.38552942452460554
HistGB Base,Partially functional,0.8412698412698413,0.14002642007926025,0.38552942452460554
HistGB Base,Partially functional,0.8412698412698413,0.1402116402116402,0.38552942452460554
HistGB Base,Partially functional,0.8412698412698413,0.1403973509933775,0.38552942452460554
HistGB Base,Partially functional,0.8412698412698413,0.14058355437665782,0.38552942452460554
HistGB Base,Partially functional,0.8412698412698413,0.1407702523240372,0.38552942452460554
HistGB Base,Partially functional,0.8412698412698413,0.14095744680851063,0.38552942452460554
HistGB Base,Partially functional,0.8412698412698413,0.1411451398135819,0.38552942452460554
HistGB Base,Partially functional,0.8412698412698413,0.14133333333333334,0.38552942452460554
HistGB Base,Partially functional,0.8412698412698413,0.14152202937249667,0.38552942452460554
HistGB Base,Partially functional,0.8412698412698413,0.14171122994652408,0.38552942452460554
HistGB Base,Partially functional,0.8412698412698413,0.14190093708165996,0.38552942452460554
HistGB Base,Partially functional,0.8412698412698413,0.14209115281501342,0.38552942452460554
HistGB Base,Partially functional,0.8412698412698413,0.14228187919463087,0.38552942452460554
HistGB Base,Partially functional,0.8412698412698413,0.1424731182795699,0.38552942452460554
HistGB Base,Partially functional,0.8412698412698413,0.1426648721399731,0.38552942452460554
HistGB Base,Partially functional,0.8412698412698413,0.14285714285714285,0.38552942452460554
HistGB Base,Partially functional,0.8412698412698413,0.14304993252361672,0.38552942452460554
HistGB Base,Partially functional,0.8412698412698413,0.14324324324324325,0.38552942452460554
HistGB Base,Partially functional,0.8412698412698413,0.14343707713125844,0.38552942452460554
HistGB Base,Partially functional,0.8412698412698413,0.14363143631436315,0.38552942452460554
HistGB Base,Partially functional,0.8412698412698413,0.14382632293080055,0.38552942452460554
HistGB Base,Partially functional,0.8412698412698413,0.14402173913043478,0.38552942452460554
HistGB Base,Partially functional,0.8412698412698413,0.14421768707482993,0.38552942452460554
HistGB Base,Partially functional,0.8412698412698413,0.1444141689373297,0.38552942452460554
HistGB Base,Partially functional,0.8412698412698413,0.1446111869031378,0.38552942452460554
HistGB Base,Partially functional,0.8412698412698413,0.1448087431693989,0.38552942452460554
HistGB Base,Partially functional,0.8412698412698413,0.14500683994528044,0.38552942452460554
HistGB Base,Partially functional,0.8412698412698413,0.14520547945205478,0.38552942452460554
HistGB Base,Partially functional,0.8412698412698413,0.14540466392318244,0.38552942452460554
HistGB Base,Partially functional,0.8412698412698413,0.14560439560439561,0.38552942452460554
HistGB Base,Partially functional,0.8412698412698413,0.14580467675378267,0.38552942452460554
HistGB Base,Partially functional,0.8412698412698413,0.14600550964187328,0.38552942452460554
HistGB Base,Partially functional,0.8412698412698413,0.14620689655172414,0.38552942452460554
HistGB Base,Partially functional,0.8412698412698413,0.1464088397790055,0.38552942452460554
HistGB Base,Partially functional,0.8412698412698413,0.14661134163208853,0.38552942452460554
HistGB Base,Partially functional,0.8412698412698413,0.14681440443213298,0.38552942452460554
HistGB Base,Partially functional,0.8412698412698413,0.14701803051317613,0.38552942452460554
HistGB Base,Partially functional,0.8412698412698413,0.14722222222222223,0.38552942452460554
HistGB Base,Partially functional,0.8412698412698413,0.1474269819193324,0.38552942452460554
HistGB Base,Partially functional,0.8333333333333334,0.14623955431754876,0.38552942452460554
HistGB Base,Partially functional,0.8333333333333334,0.14644351464435146,0.38552942452460554
HistGB Base,Partially functional,0.8333333333333334,0.14664804469273743,0.38552942452460554
HistGB Base,Partially functional,0.8333333333333334,0.14685314685314685,0.38552942452460554
HistGB Base,Partially functional,0.8333333333333334,0.14705882352941177,0.38552942452460554
HistGB Base,Partially functional,0.8333333333333334,0.14726507713884993,0.38552942452460554
HistGB Base,Partially functional,0.8333333333333334,0.14747191011235955,0.38552942452460554
HistGB Base,Partially functional,0.8333333333333334,0.14767932489451477,0.38552942452460554
HistGB Base,Partially functional,0.8333333333333334,0.14788732394366197,0.38552942452460554
HistGB Base,Partially functional,0.8333333333333334,0.14809590973201692,0.38552942452460554
HistGB Base,Partially functional,0.8333333333333334,0.1483050847457627,0.38552942452460554
HistGB Base,Partially functional,0.8333333333333334,0.1485148514851485,0.38552942452460554
HistGB Base,Partially functional,0.8333333333333334,0.14872521246458922,0.38552942452460554
HistGB Base,Partially functional,0.8333333333333334,0.14893617021276595,0.38552942452460554
HistGB Base,Partially functional,0.8333333333333334,0.14914772727272727,0.38552942452460554
HistGB Base,Partially functional,0.8333333333333334,0.14935988620199148,0.38552942452460554
HistGB Base,Partially functional,0.8333333333333334,0.14957264957264957,0.38552942452460554
HistGB Base,Partially functional,0.8333333333333334,0.14978601997146934,0.38552942452460554
HistGB Base,Partially functional,0.8333333333333334,0.15,0.38552942452460554
HistGB Base,Partially functional,0.8333333333333334,0.15021459227467812,0.38552942452460554
HistGB Base,Partially functional,0.8333333333333334,0.1504297994269341,0.38552942452460554
HistGB Base,Partially functional,0.8333333333333334,0.15064562410329985,0.38552942452460554
HistGB Base,Partially functional,0.8333333333333334,0.15086206896551724,0.38552942452460554
HistGB Base,Partially functional,0.8333333333333334,0.1510791366906475,0.38552942452460554
HistGB Base,Partially functional,0.8333333333333334,0.15129682997118155,0.38552942452460554
HistGB Base,Partially functional,0.8333333333333334,0.15151515151515152,0.38552942452460554
HistGB Base,Partially functional,0.8333333333333334,0.15173410404624277,0.38552942452460554
HistGB Base,Partially functional,0.8333333333333334,0.15195369030390737,0.38552942452460554
HistGB Base,Partially functional,0.8333333333333334,0.15217391304347827,0.38552942452460554
HistGB Base,Partially functional,0.8333333333333334,0.15239477503628446,0.38552942452460554
HistGB Base,Partially functional,0.8333333333333334,0.15261627906976744,0.38552942452460554
HistGB Base,Partially functional,0.8333333333333334,0.15283842794759825,0.38552942452460554
HistGB Base,Partially functional,0.8333333333333334,0.15306122448979592,0.38552942452460554
HistGB Base,Partially functional,0.8333333333333334,0.15328467153284672,0.38552942452460554
HistGB Base,Partially functional,0.8333333333333334,0.15350877192982457,0.38552942452460554
HistGB Base,Partially functional,0.8333333333333334,0.15373352855051245,0.38552942452460554
HistGB Base,Partially functional,0.8333333333333334,0.15395894428152493,0.38552942452460554
HistGB Base,Partially functional,0.8333333333333334,0.15418502202643172,0.38552942452460554
HistGB Base,Partially functional,0.8333333333333334,0.15441176470588236,0.38552942452460554
HistGB Base,Partially functional,0.8333333333333334,0.15463917525773196,0.38552942452460554
HistGB Base,Partially functional,0.8333333333333334,0.15486725663716813,0.38552942452460554
HistGB Base,Partially functional,0.8333333333333334,0.155096011816839,0.38552942452460554
HistGB Base,Partially functional,0.8253968253968254,0.15384615384615385,0.38552942452460554
HistGB Base,Partially functional,0.8174603174603174,0.15259259259259259,0.38552942452460554
HistGB Base,Partially functional,0.8174603174603174,0.15281899109792285,0.38552942452460554
HistGB Base,Partially functional,0.8174603174603174,0.15304606240713226,0.38552942452460554
HistGB Base,Partially functional,0.8174603174603174,0.15327380952380953,0.38552942452460554
HistGB Base,Partially functional,0.8174603174603174,0.15350223546944858,0.38552942452460554
HistGB Base,Partially functional,0.8174603174603174,0.1537313432835821,0.38552942452460554
HistGB Base,Partially functional,0.8174603174603174,0.15396113602391628,0.38552942452460554
HistGB Base,Partially functional,0.8095238095238095,0.15269461077844312,0.38552942452460554
HistGB Base,Partially functional,0.8095238095238095,0.15292353823088456,0.38552942452460554
HistGB Base,Partially functional,0.8095238095238095,0.15315315315315314,0.38552942452460554
HistGB Base,Partially functional,0.8095238095238095,0.15338345864661654,0.38552942452460554
HistGB Base,Partially functional,0.8095238095238095,0.1536144578313253,0.38552942452460554
HistGB Base,Partially functional,0.8095238095238095,0.15384615384615385,0.38552942452460554
HistGB Base,Partially functional,0.8095238095238095,0.1540785498489426,0.38552942452460554
HistGB Base,Partially functional,0.8095238095238095,0.15431164901664146,0.38552942452460554
HistGB Base,Partially functional,0.8095238095238095,0.15454545454545454,0.38552942452460554
HistGB Base,Partially functional,0.8095238095238095,0.15477996965098634,0.38552942452460554
HistGB Base,Partially functional,0.8095238095238095,0.15501519756838905,0.38552942452460554
HistGB Base,Partially functional,0.8095238095238095,0.1552511415525114,0.38552942452460554
HistGB Base,Partially functional,0.8095238095238095,0.15548780487804878,0.38552942452460554
HistGB Base,Partially functional,0.8095238095238095,0.15572519083969466,0.38552942452460554
HistGB Base,Partially functional,0.8095238095238095,0.1559633027522936,0.38552942452460554
HistGB Base,Partially functional,0.8095238095238095,0.1562021439509954,0.38552942452460554
HistGB Base,Partially functional,0.8095238095238095,0.15644171779141106,0.38552942452460554
HistGB Base,Partially functional,0.8095238095238095,0.15668202764976957,0.38552942452460554
HistGB Base,Partially functional,0.8095238095238095,0.15692307692307692,0.38552942452460554
HistGB Base,Partially functional,0.8095238095238095,0.15716486902927582,0.38552942452460554
HistGB Base,Partially functional,0.8095238095238095,0.1574074074074074,0.38552942452460554
HistGB Base,Partially functional,0.8095238095238095,0.15765069551777433,0.38552942452460554
HistGB Base,Partially functional,0.8095238095238095,0.15789473684210525,0.38552942452460554
HistGB Base,Partially functional,0.8095238095238095,0.15813953488372093,0.38552942452460554
HistGB Base,Partially functional,0.8095238095238095,0.15838509316770186,0.38552942452460554
HistGB Base,Partially functional,0.8095238095238095,0.15863141524105753,0.38552942452460554
HistGB Base,Partially functional,0.8095238095238095,0.1588785046728972,0.38552942452460554
HistGB Base,Partially functional,0.8095238095238095,0.15912636505460218,0.38552942452460554
HistGB Base,Partially functional,0.8095238095238095,0.159375,0.38552942452460554
HistGB Base,Partially functional,0.8095238095238095,0.1596244131455399,0.38552942452460554
HistGB Base,Partially functional,0.8095238095238095,0.15987460815047022,0.38552942452460554
HistGB Base,Partially functional,0.8095238095238095,0.16012558869701726,0.38552942452460554
HistGB Base,Partially functional,0.8095238095238095,0.16037735849056603,0.38552942452460554
HistGB Base,Partially functional,0.8095238095238095,0.16062992125984252,0.38552942452460554
HistGB Base,Partially functional,0.8095238095238095,0.1608832807570978,0.38552942452460554
HistGB Base,Partially functional,0.8095238095238095,0.16113744075829384,0.38552942452460554
HistGB Base,Partially functional,0.8095238095238095,0.16139240506329114,0.38552942452460554
HistGB Base,Partially functional,0.8095238095238095,0.16164817749603805,0.38552942452460554
HistGB Base,Partially functional,0.8095238095238095,0.1619047619047619,0.38552942452460554
HistGB Base,Partially functional,0.8095238095238095,0.16216216216216217,0.38552942452460554
HistGB Base,Partially functional,0.8095238095238095,0.1624203821656051,0.38552942452460554
HistGB Base,Partially functional,0.8095238095238095,0.16267942583732056,0.38552942452460554
HistGB Base,Partially functional,0.8095238095238095,0.16293929712460065,0.38552942452460554
HistGB Base,Partially functional,0.8095238095238095,0.1632,0.38552942452460554
HistGB Base,Partially functional,0.8095238095238095,0.16346153846153846,0.38552942452460554
HistGB Base,Partially functional,0.8095238095238095,0.1637239165329053,0.38552942452460554
HistGB Base,Partially functional,0.8095238095238095,0.1639871382636656,0.38552942452460554
HistGB Base,Partially functional,0.8095238095238095,0.1642512077294686,0.38552942452460554
HistGB Base,Partially functional,0.8095238095238095,0.16451612903225807,0.38552942452460554
HistGB Base,Partially functional,0.8095238095238095,0.16478190630048464,0.38552942452460554
HistGB Base,Partially functional,0.8095238095238095,0.1650485436893204,0.38552942452460554
HistGB Base,Partially functional,0.8015873015873016,0.16369529983792544,0.38552942452460554
HistGB Base,Partially functional,0.8015873015873016,0.16396103896103897,0.38552942452460554
HistGB Base,Partially functional,0.8015873015873016,0.16422764227642275,0.38552942452460554
HistGB Base,Partially functional,0.8015873015873016,0.16449511400651465,0.38552942452460554
HistGB Base,Partially functional,0.8015873015873016,0.16476345840130505,0.38552942452460554
HistGB Base,Partially functional,0.8015873015873016,0.1650326797385621,0.38552942452460554
HistGB Base,Partially functional,0.8015873015873016,0.16530278232405893,0.38552942452460554
HistGB Base,Partially functional,0.8015873015873016,0.16557377049180327,0.38552942452460554
HistGB Base,Partially functional,0.8015873015873016,0.16584564860426929,0.38552942452460554
HistGB Base,Partially functional,0.8015873015873016,0.16611842105263158,0.38552942452460554
HistGB Base,Partially functional,0.8015873015873016,0.16639209225700163,0.38552942452460554
HistGB Base,Partially functional,0.8015873015873016,0.16666666666666666,0.38552942452460554
HistGB Base,Partially functional,0.8015873015873016,0.1669421487603306,0.38552942452460554
HistGB Base,Partially functional,0.8015873015873016,0.1672185430463576,0.38552942452460554
HistGB Base,Partially functional,0.8015873015873016,0.16749585406301823,0.38552942452460554
HistGB Base,Partially functional,0.8015873015873016,0.16777408637873753,0.38552942452460554
HistGB Base,Partially functional,0.8015873015873016,0.16805324459234608,0.38552942452460554
HistGB Base,Partially functional,0.8015873015873016,0.16833333333333333,0.38552942452460554
HistGB Base,Partially functional,0.8015873015873016,0.1686143572621035,0.38552942452460554
HistGB Base,Partially functional,0.8015873015873016,0.1688963210702341,0.38552942452460554
HistGB Base,Partially functional,0.8015873015873016,0.16917922948073702,0.38552942452460554
HistGB Base,Partially functional,0.8015873015873016,0.16946308724832215,0.38552942452460554
HistGB Base,Partially functional,0.8015873015873016,0.16974789915966387,0.38552942452460554
HistGB Base,Partially functional,0.8015873015873016,0.17003367003367004,0.38552942452460554
HistGB Base,Partially functional,0.7936507936507936,0.16863406408094436,0.38552942452460554
HistGB Base,Partially functional,0.7936507936507936,0.16891891891891891,0.38552942452460554
HistGB Base,Partially functional,0.7936507936507936,0.1692047377326565,0.38552942452460554
HistGB Base,Partially functional,0.7936507936507936,0.1694915254237288,0.38552942452460554
HistGB Base,Partially functional,0.7936507936507936,0.1697792869269949,0.38552942452460554
HistGB Base,Partially functional,0.7936507936507936,0.17006802721088435,0.38552942452460554
HistGB Base,Partially functional,0.7936507936507936,0.17035775127768313,0.38552942452460554
HistGB Base,Partially functional,0.7936507936507936,0.17064846416382254,0.38552942452460554
HistGB Base,Partially functional,0.7936507936507936,0.17094017094017094,0.38552942452460554
HistGB Base,Partially functional,0.7936507936507936,0.17123287671232876,0.38552942452460554
HistGB Base,Partially functional,0.7936507936507936,0.17152658662092624,0.38552942452460554
HistGB Base,Partially functional,0.7936507936507936,0.1718213058419244,0.38552942452460554
HistGB Base,Partially functional,0.7936507936507936,0.1721170395869191,0.38552942452460554
HistGB Base,Partially functional,0.7936507936507936,0.1724137931034483,0.38552942452460554
HistGB Base,Partially functional,0.7936507936507936,0.17271157167530224,0.38552942452460554
HistGB Base,Partially functional,0.7936507936507936,0.17301038062283736,0.38552942452460554
HistGB Base,Partially functional,0.7936507936507936,0.1733102253032929,0.38552942452460554
HistGB Base,Partially functional,0.7936507936507936,0.1736111111111111,0.38552942452460554
HistGB Base,Partially functional,0.7936507936507936,0.17391304347826086,0.38552942452460554
HistGB Base,Partially functional,0.7936507936507936,0.17421602787456447,0.38552942452460554
HistGB Base,Partially functional,0.7857142857142857,0.17277486910994763,0.38552942452460554
HistGB Base,Partially functional,0.7857142857142857,0.17307692307692307,0.38552942452460554
HistGB Base,Partially functional,0.7857142857142857,0.1733800350262697,0.38552942452460554
HistGB Base,Partially functional,0.7857142857142857,0.1736842105263158,0.38552942452460554
HistGB Base,Partially functional,0.7857142857142857,0.17398945518453426,0.38552942452460554
HistGB Base,Partially functional,0.7857142857142857,0.1742957746478873,0.38552942452460554
HistGB Base,Partially functional,0.7857142857142857,0.1746031746031746,0.38552942452460554
HistGB Base,Partially functional,0.7777777777777778,0.17314487632508835,0.38552942452460554
HistGB Base,Partially functional,0.7777777777777778,0.17345132743362832,0.38552942452460554
HistGB Base,Partially functional,0.7777777777777778,0.17375886524822695,0.38552942452460554
HistGB Base,Partially functional,0.7777777777777778,0.17406749555950266,0.38552942452460554
HistGB Base,Partially functional,0.7777777777777778,0.17437722419928825,0.38552942452460554
HistGB Base,Partially functional,0.7777777777777778,0.1746880570409982,0.38552942452460554
HistGB Base,Partially functional,0.7777777777777778,0.175,0.38552942452460554
HistGB Base,Partially functional,0.7777777777777778,0.17531305903398928,0.38552942452460554
HistGB Base,Partially functional,0.7777777777777778,0.17562724014336917,0.38552942452460554
HistGB Base,Partially functional,0.7777777777777778,0.17594254937163376,0.38552942452460554
HistGB Base,Partially functional,0.7777777777777778,0.17625899280575538,0.38552942452460554
HistGB Base,Partially functional,0.7777777777777778,0.17657657657657658,0.38552942452460554
HistGB Base,Partially functional,0.7777777777777778,0.17689530685920576,0.38552942452460554
HistGB Base,Partially functional,0.7777777777777778,0.17721518987341772,0.38552942452460554
HistGB Base,Partially functional,0.7777777777777778,0.17753623188405798,0.38552942452460554
HistGB Base,Partially functional,0.7777777777777778,0.17785843920145192,0.38552942452460554
HistGB Base,Partially functional,0.7777777777777778,0.1781818181818182,0.38552942452460554
HistGB Base,Partially functional,0.7777777777777778,0.1785063752276867,0.38552942452460554
HistGB Base,Partially functional,0.7777777777777778,0.17883211678832117,0.38552942452460554
HistGB Base,Partially functional,0.7777777777777778,0.17915904936014626,0.38552942452460554
HistGB Base,Partially functional,0.7777777777777778,0.1794871794871795,0.38552942452460554
HistGB Base,Partially functional,0.7777777777777778,0.1798165137614679,0.38552942452460554
HistGB Base,Partially functional,0.7777777777777778,0.1801470588235294,0.38552942452460554
HistGB Base,Partially functional,0.7777777777777778,0.18047882136279927,0.38552942452460554
HistGB Base,Partially functional,0.7777777777777778,0.18081180811808117,0.38552942452460554
HistGB Base,Partially functional,0.7777777777777778,0.18114602587800369,0.38552942452460554
HistGB Base,Partially functional,0.7777777777777778,0.1814814814814815,0.38552942452460554
HistGB Base,Partially functional,0.7777777777777778,0.18181818181818182,0.38552942452460554
HistGB Base,Partially functional,0.7777777777777778,0.1821561338289963,0.38552942452460554
HistGB Base,Partially functional,0.7777777777777778,0.1824953445065177,0.38552942452460554
HistGB Base,Partially functional,0.7777777777777778,0.1828358208955224,0.38552942452460554
HistGB Base,Partially functional,0.7777777777777778,0.18317757009345795,0.38552942452460554
HistGB Base,Partially functional,0.7777777777777778,0.18352059925093633,0.38552942452460554
HistGB Base,Partially functional,0.7777777777777778,0.18386491557223264,0.38552942452460554
HistGB Base,Partially functional,0.7777777777777778,0.18421052631578946,0.38552942452460554
HistGB Base,Partially functional,0.7777777777777778,0.18455743879472694,0.38552942452460554
HistGB Base,Partially functional,0.7777777777777778,0.18490566037735848,0.38552942452460554
HistGB Base,Partially functional,0.7777777777777778,0.18525519848771266,0.38552942452460554
HistGB Base,Partially functional,0.7777777777777778,0.1856060606060606,0.38552942452460554
HistGB Base,Partially functional,0.7777777777777778,0.1859582542694497,0.38552942452460554
HistGB Base,Partially functional,0.7777777777777778,0.18631178707224336,0.38552942452460554
HistGB Base,Partially functional,0.7777777777777778,0.18666666666666668,0.38552942452460554
HistGB Base,Partially functional,0.7777777777777778,0.18702290076335878,0.38552942452460554
HistGB Base,Partially functional,0.7777777777777778,0.18738049713193117,0.38552942452460554
HistGB Base,Partially functional,0.7777777777777778,0.18773946360153257,0.38552942452460554
HistGB Base,Partially functional,0.7777777777777778,0.18809980806142035,0.38552942452460554
HistGB Base,Partially functional,0.7777777777777778,0.18846153846153846,0.38552942452460554
HistGB Base,Partially functional,0.7777777777777778,0.18882466281310212,0.38552942452460554
HistGB Base,Partially functional,0.7777777777777778,0.1891891891891892,0.38552942452460554
HistGB Base,Partially functional,0.7777777777777778,0.1895551257253385,0.38552942452460554
HistGB Base,Partially functional,0.7777777777777778,0.18992248062015504,0.38552942452460554
HistGB Base,Partially functional,0.7777777777777778,0.19029126213592232,0.38552942452460554
HistGB Base,Partially functional,0.7777777777777778,0.19066147859922178,0.38552942452460554
HistGB Base,Partially functional,0.7777777777777778,0.19103313840155944,0.38552942452460554
HistGB Base,Partially functional,0.7777777777777778,0.19140625,0.38552942452460554
HistGB Base,Partially functional,0.7777777777777778,0.1917808219178082,0.38552942452460554
HistGB Base,Partially functional,0.7777777777777778,0.19215686274509805,0.38552942452460554
HistGB Base,Partially functional,0.7777777777777778,0.1925343811394892,0.38552942452460554
HistGB Base,Partially functional,0.7777777777777778,0.19291338582677164,0.38552942452460554
HistGB Base,Partially functional,0.7777777777777778,0.1932938856015779,0.38552942452460554
HistGB Base,Partially functional,0.7777777777777778,0.19367588932806323,0.38552942452460554
HistGB Base,Partially functional,0.7777777777777778,0.19405940594059407,0.38552942452460554
HistGB Base,Partially functional,0.7777777777777778,0.19444444444444445,0.38552942452460554
HistGB Base,Partially functional,0.7777777777777778,0.19483101391650098,0.38552942452460554
HistGB Base,Partially functional,0.7777777777777778,0.1952191235059761,0.38552942452460554
HistGB Base,Partially functional,0.7698412698412699,0.1936127744510978,0.38552942452460554
HistGB Base,Partially functional,0.7698412698412699,0.194,0.38552942452460554
HistGB Base,Partially functional,0.7698412698412699,0.19438877755511022,0.38552942452460554
HistGB Base,Partially functional,0.7698412698412699,0.19477911646586346,0.38552942452460554
HistGB Base,Partially functional,0.7698412698412699,0.19517102615694165,0.38552942452460554
HistGB Base,Partially functional,0.7698412698412699,0.19556451612903225,0.38552942452460554
HistGB Base,Partially functional,0.7698412698412699,0.19595959595959597,0.38552942452460554
HistGB Base,Partially functional,0.7698412698412699,0.19635627530364372,0.38552942452460554
HistGB Base,Partially functional,0.7619047619047619,0.1947261663286004,0.38552942452460554
HistGB Base,Partially functional,0.7619047619047619,0.1951219512195122,0.38552942452460554
HistGB Base,Partially functional,0.7619047619047619,0.1955193482688391,0.38552942452460554
HistGB Base,Partially functional,0.7619047619047619,0.19591836734693877,0.38552942452460554
HistGB Base,Partially functional,0.7619047619047619,0.19631901840490798,0.38552942452460554
HistGB Base,Partially functional,0.753968253968254,0.19467213114754098,0.38552942452460554
HistGB Base,Partially functional,0.753968253968254,0.19507186858316222,0.38552942452460554
HistGB Base,Partially functional,0.753968253968254,0.19547325102880658,0.38552942452460554
HistGB Base,Partially functional,0.753968253968254,0.1958762886597938,0.38552942452460554
HistGB Base,Partially functional,0.753968253968254,0.1962809917355372,0.38552942452460554
HistGB Base,Partially functional,0.753968253968254,0.19668737060041408,0.38552942452460554
HistGB Base,Partially functional,0.753968253968254,0.1970954356846473,0.38552942452460554
HistGB Base,Partially functional,0.753968253968254,0.19750519750519752,0.38552942452460554
HistGB Base,Partially functional,0.753968253968254,0.19791666666666666,0.38552942452460554
HistGB Base,Partially functional,0.753968253968254,0.19832985386221294,0.38552942452460554
HistGB Base,Partially functional,0.753968253968254,0.19874476987447698,0.38552942452460554
HistGB Base,Partially functional,0.753968253968254,0.19916142557651992,0.38552942452460554
HistGB Base,Partially functional,0.753968253968254,0.19957983193277312,0.38552942452460554
HistGB Base,Partially functional,0.753968253968254,0.2,0.38552942452460554
HistGB Base,Partially functional,0.753968253968254,0.20042194092827004,0.38552942452460554
HistGB Base,Partially functional,0.753968253968254,0.20084566596194503,0.38552942452460554
HistGB Base,Partially functional,0.753968253968254,0.20127118644067796,0.38552942452460554
HistGB Base,Partially functional,0.753968253968254,0.20169851380042464,0.38552942452460554
HistGB Base,Partially functional,0.746031746031746,0.2,0.38552942452460554
HistGB Base,Partially functional,0.746031746031746,0.20042643923240938,0.38552942452460554
HistGB Base,Partially functional,0.746031746031746,0.20085470085470086,0.38552942452460554
HistGB Base,Partially functional,0.746031746031746,0.2012847965738758,0.38552942452460554
HistGB Base,Partially functional,0.746031746031746,0.2017167381974249,0.38552942452460554
HistGB Base,Partially functional,0.746031746031746,0.2021505376344086,0.38552942452460554
HistGB Base,Partially functional,0.746031746031746,0.2025862068965517,0.38552942452460554
HistGB Base,Partially functional,0.746031746031746,0.20302375809935205,0.38552942452460554
HistGB Base,Partially functional,0.746031746031746,0.20346320346320346,0.38552942452460554
HistGB Base,Partially functional,0.746031746031746,0.2039045553145336,0.38552942452460554
HistGB Base,Partially functional,0.7380952380952381,0.20217391304347826,0.38552942452460554
HistGB Base,Partially functional,0.7301587301587301,0.20043572984749455,0.38552942452460554
HistGB Base,Partially functional,0.7301587301587301,0.20087336244541484,0.38552942452460554
HistGB Base,Partially functional,0.7301587301587301,0.2013129102844639,0.38552942452460554
HistGB Base,Partially functional,0.7301587301587301,0.20175438596491227,0.38552942452460554
HistGB Base,Partially functional,0.7301587301587301,0.2021978021978022,0.38552942452460554
HistGB Base,Partially functional,0.7301587301587301,0.2026431718061674,0.38552942452460554
HistGB Base,Partially functional,0.7301587301587301,0.20309050772626933,0.38552942452460554
HistGB Base,Partially functional,0.7301587301587301,0.20353982300884957,0.38552942452460554
HistGB Base,Partially functional,0.7301587301587301,0.2039911308203991,0.38552942452460554
HistGB Base,Partially functional,0.7301587301587301,0.20444444444444446,0.38552942452460554
HistGB Base,Partially functional,0.7301587301587301,0.20489977728285078,0.38552942452460554
HistGB Base,Partially functional,0.7301587301587301,0.20535714285714285,0.38552942452460554
HistGB Base,Partially functional,0.7301587301587301,0.2058165548098434,0.38552942452460554
HistGB Base,Partially functional,0.7301587301587301,0.2062780269058296,0.38552942452460554
HistGB Base,Partially functional,0.7301587301587301,0.20674157303370785,0.38552942452460554
HistGB Base,Partially functional,0.7301587301587301,0.2072072072072072,0.38552942452460554
HistGB Base,Partially functional,0.7301587301587301,0.2076749435665914,0.38552942452460554
HistGB Base,Partially functional,0.7301587301587301,0.2081447963800905,0.38552942452460554
HistGB Base,Partially functional,0.7301587301587301,0.20861678004535147,0.38552942452460554
HistGB Base,Partially functional,0.7301587301587301,0.20909090909090908,0.38552942452460554
HistGB Base,Partially functional,0.7301587301587301,0.20956719817767655,0.38552942452460554
HistGB Base,Partially functional,0.7301587301587301,0.2100456621004566,0.38552942452460554
HistGB Base,Partially functional,0.7301587301587301,0.21052631578947367,0.38552942452460554
HistGB Base,Partially functional,0.7301587301587301,0.21100917431192662,0.38552942452460554
HistGB Base,Partially functional,0.7301587301587301,0.21149425287356322,0.38552942452460554
HistGB Base,Partially functional,0.7222222222222222,0.20967741935483872,0.38552942452460554
HistGB Base,Partially functional,0.7222222222222222,0.21016166281755197,0.38552942452460554
HistGB Base,Partially functional,0.7222222222222222,0.21064814814814814,0.38552942452460554
HistGB Base,Partially functional,0.7222222222222222,0.2111368909512761,0.38552942452460554
HistGB Base,Partially functional,0.7142857142857143,0.20930232558139536,0.38552942452460554
HistGB Base,Partially functional,0.7142857142857143,0.2097902097902098,0.38552942452460554
HistGB Base,Partially functional,0.7142857142857143,0.2102803738317757,0.38552942452460554
HistGB Base,Partially functional,0.7142857142857143,0.2107728337236534,0.38552942452460554
HistGB Base,Partially functional,0.7142857142857143,0.2112676056338028,0.38552942452460554
HistGB Base,Partially functional,0.7142857142857143,0.21176470588235294,0.38552942452460554
HistGB Base,Partially functional,0.7142857142857143,0.21226415094339623,0.38552942452460554
HistGB Base,Partially functional,0.7142857142857143,0.2127659574468085,0.38552942452460554
HistGB Base,Partially functional,0.7142857142857143,0.2132701421800948,0.38552942452460554
HistGB Base,Partially functional,0.7142857142857143,0.21377672209026127,0.38552942452460554
HistGB Base,Partially functional,0.7142857142857143,0.21428571428571427,0.38552942452460554
HistGB Base,Partially functional,0.7142857142857143,0.21479713603818615,0.38552942452460554
HistGB Base,Partially functional,0.7142857142857143,0.215311004784689,0.38552942452460554
HistGB Base,Partially functional,0.7063492063492064,0.21342925659472423,0.38552942452460554
HistGB Base,Partially functional,0.7063492063492064,0.21394230769230768,0.38552942452460554
HistGB Base,Partially functional,0.7063492063492064,0.21445783132530122,0.38552942452460554
HistGB Base,Partially functional,0.7063492063492064,0.21497584541062803,0.38552942452460554
HistGB Base,Partially functional,0.7063492063492064,0.21549636803874092,0.38552942452460554
HistGB Base,Partially functional,0.7063492063492064,0.21601941747572814,0.38552942452460554
HistGB Base,Partially functional,0.7063492063492064,0.21654501216545013,0.38552942452460554
HistGB Base,Partially functional,0.7063492063492064,0.21707317073170732,0.38552942452460554
HistGB Base,Partially functional,0.7063492063492064,0.2176039119804401,0.38552942452460554
HistGB Base,Partially functional,0.7063492063492064,0.2181372549019608,0.38552942452460554
HistGB Base,Partially functional,0.7063492063492064,0.21867321867321868,0.38552942452460554
HistGB Base,Partially functional,0.7063492063492064,0.21921182266009853,0.38552942452460554
HistGB Base,Partially functional,0.7063492063492064,0.21975308641975308,0.38552942452460554
HistGB Base,Partially functional,0.7063492063492064,0.2202970297029703,0.38552942452460554
HistGB Base,Partially functional,0.6984126984126984,0.21836228287841192,0.38552942452460554
HistGB Base,Partially functional,0.6984126984126984,0.21890547263681592,0.38552942452460554
HistGB Base,Partially functional,0.6984126984126984,0.2194513715710723,0.38552942452460554
HistGB Base,Partially functional,0.6984126984126984,0.22,0.38552942452460554
HistGB Base,Partially functional,0.6904761904761905,0.21804511278195488,0.38552942452460554
HistGB Base,Partially functional,0.6904761904761905,0.2185929648241206,0.38552942452460554
HistGB Base,Partially functional,0.6904761904761905,0.21914357682619648,0.38552942452460554
HistGB Base,Partially functional,0.6904761904761905,0.2196969696969697,0.38552942452460554
HistGB Base,Partially functional,0.6904761904761905,0.22025316455696203,0.38552942452460554
HistGB Base,Partially functional,0.6904761904761905,0.22081218274111675,0.38552942452460554
HistGB Base,Partially functional,0.6904761904761905,0.22137404580152673,0.38552942452460554
HistGB Base,Partially functional,0.6904761904761905,0.22193877551020408,0.38552942452460554
HistGB Base,Partially functional,0.6904761904761905,0.22250639386189258,0.38552942452460554
HistGB Base,Partially functional,0.6904761904761905,0.2230769230769231,0.38552942452460554
HistGB Base,Partially functional,0.6904761904761905,0.2236503856041131,0.38552942452460554
HistGB Base,Partially functional,0.6904761904761905,0.22422680412371135,0.38552942452460554
HistGB Base,Partially functional,0.6904761904761905,0.2248062015503876,0.38552942452460554
HistGB Base,Partially functional,0.6904761904761905,0.22538860103626943,0.38552942452460554
HistGB Base,Partially functional,0.6904761904761905,0.22597402597402597,0.38552942452460554
HistGB Base,Partially functional,0.6904761904761905,0.2265625,0.38552942452460554
HistGB Base,Partially functional,0.6825396825396826,0.2245430809399478,0.38552942452460554
HistGB Base,Partially functional,0.6825396825396826,0.225130890052356,0.38552942452460554
HistGB Base,Partially functional,0.6825396825396826,0.22572178477690288,0.38552942452460554
HistGB Base,Partially functional,0.6825396825396826,0.22631578947368422,0.38552942452460554
HistGB Base,Partially functional,0.6825396825396826,0.22691292875989447,0.38552942452460554
HistGB Base,Partially functional,0.6825396825396826,0.2275132275132275,0.38552942452460554
HistGB Base,Partially functional,0.6825396825396826,0.22811671087533156,0.38552942452460554
HistGB Base,Partially functional,0.6825396825396826,0.22872340425531915,0.38552942452460554
HistGB Base,Partially functional,0.6825396825396826,0.22933333333333333,0.38552942452460554
HistGB Base,Partially functional,0.6825396825396826,0.22994652406417113,0.38552942452460554
HistGB Base,Partially functional,0.6825396825396826,0.23056300268096513,0.38552942452460554
HistGB Base,Partially functional,0.6825396825396826,0.23118279569892472,0.38552942452460554
HistGB Base,Partially functional,0.6825396825396826,0.23180592991913745,0.38552942452460554
HistGB Base,Partially functional,0.6825396825396826,0.23243243243243245,0.38552942452460554
HistGB Base,Partially functional,0.6825396825396826,0.23306233062330622,0.38552942452460554
HistGB Base,Partially functional,0.6825396825396826,0.23369565217391305,0.38552942452460554
HistGB Base,Partially functional,0.6825396825396826,0.23433242506811988,0.38552942452460554
HistGB Base,Partially functional,0.6825396825396826,0.23497267759562843,0.38552942452460554
HistGB Base,Partially functional,0.6825396825396826,0.2356164383561644,0.38552942452460554
HistGB Base,Partially functional,0.6825396825396826,0.23626373626373626,0.38552942452460554
HistGB Base,Partially functional,0.6825396825396826,0.2369146005509642,0.38552942452460554
HistGB Base,Partially functional,0.6825396825396826,0.23756906077348067,0.38552942452460554
HistGB Base,Partially functional,0.6825396825396826,0.23822714681440443,0.38552942452460554
HistGB Base,Partially functional,0.6825396825396826,0.2388888888888889,0.38552942452460554
HistGB Base,Partially functional,0.6825396825396826,0.2395543175487465,0.38552942452460554
HistGB Base,Partially functional,0.6825396825396826,0.24022346368715083,0.38552942452460554
HistGB Base,Partially functional,0.6825396825396826,0.24089635854341737,0.38552942452460554
HistGB Base,Partially functional,0.6746031746031746,0.23876404494382023,0.38552942452460554
HistGB Base,Partially functional,0.6746031746031746,0.23943661971830985,0.38552942452460554
HistGB Base,Partially functional,0.6746031746031746,0.2401129943502825,0.38552942452460554
HistGB Base,Partially functional,0.6666666666666666,0.23796033994334279,0.38552942452460554
HistGB Base,Partially functional,0.6666666666666666,0.23863636363636365,0.38552942452460554
HistGB Base,Partially functional,0.6666666666666666,0.23931623931623933,0.38552942452460554
HistGB Base,Partially functional,0.6666666666666666,0.24,0.38552942452460554
HistGB Base,Partially functional,0.6666666666666666,0.24068767908309455,0.38552942452460554
HistGB Base,Partially functional,0.6666666666666666,0.2413793103448276,0.38552942452460554
HistGB Base,Partially functional,0.6666666666666666,0.2420749279538905,0.38552942452460554
HistGB Base,Partially functional,0.6666666666666666,0.24277456647398843,0.38552942452460554
HistGB Base,Partially functional,0.6666666666666666,0.24347826086956523,0.38552942452460554
HistGB Base,Partially functional,0.6587301587301587,0.24127906976744187,0.38552942452460554
HistGB Base,Partially functional,0.6587301587301587,0.24198250728862974,0.38552942452460554
HistGB Base,Partially functional,0.6587301587301587,0.24269005847953215,0.38552942452460554
HistGB Base,Partially functional,0.6587301587301587,0.2434017595307918,0.38552942452460554
HistGB Base,Partially functional,0.6587301587301587,0.24411764705882352,0.38552942452460554
HistGB Base,Partially functional,0.6587301587301587,0.2448377581120944,0.38552942452460554
HistGB Base,Partially functional,0.6587301587301587,0.2455621301775148,0.38552942452460554
HistGB Base,Partially functional,0.6587301587301587,0.24629080118694363,0.38552942452460554
HistGB Base,Partially functional,0.6587301587301587,0.24702380952380953,0.38552942452460554
HistGB Base,Partially functional,0.6507936507936508,0.24477611940298508,0.38552942452460554
HistGB Base,Partially functional,0.6507936507936508,0.24550898203592814,0.38552942452460554
HistGB Base,Partially functional,0.6507936507936508,0.24624624624624625,0.38552942452460554
HistGB Base,Partially functional,0.6507936507936508,0.2469879518072289,0.38552942452460554
HistGB Base,Partially functional,0.6507936507936508,0.24773413897280966,0.38552942452460554
HistGB Base,Partially functional,0.6428571428571429,0.24545454545454545,0.38552942452460554
HistGB Base,Partially functional,0.6428571428571429,0.24620060790273557,0.38552942452460554
HistGB Base,Partially functional,0.6428571428571429,0.24695121951219512,0.38552942452460554
HistGB Base,Partially functional,0.6349206349206349,0.24464831804281345,0.38552942452460554
HistGB Base,Partially functional,0.6349206349206349,0.24539877300613497,0.38552942452460554
HistGB Base,Partially functional,0.6349206349206349,0.24615384615384617,0.38552942452460554
HistGB Base,Partially functional,0.626984126984127,0.24382716049382716,0.38552942452460554
HistGB Base,Partially functional,0.6190476190476191,0.24148606811145512,0.38552942452460554
HistGB Base,Partially functional,0.6190476190476191,0.2422360248447205,0.38552942452460554
HistGB Base,Partially functional,0.6190476190476191,0.24299065420560748,0.38552942452460554
HistGB Base,Partially functional,0.6190476190476191,0.24375,0.38552942452460554
HistGB Base,Partially functional,0.6190476190476191,0.2445141065830721,0.38552942452460554
HistGB Base,Partially functional,0.6190476190476191,0.24528301886792453,0.38552942452460554
HistGB Base,Partially functional,0.6190476190476191,0.24605678233438485,0.38552942452460554
HistGB Base,Partially functional,0.6190476190476191,0.2468354430379747,0.38552942452460554
HistGB Base,Partially functional,0.6111111111111112,0.24444444444444444,0.38552942452460554
HistGB Base,Partially functional,0.6111111111111112,0.24522292993630573,0.38552942452460554
HistGB Base,Partially functional,0.6111111111111112,0.24600638977635783,0.38552942452460554
HistGB Base,Partially functional,0.6111111111111112,0.2467948717948718,0.38552942452460554
HistGB Base,Partially functional,0.6111111111111112,0.24758842443729903,0.38552942452460554
HistGB Base,Partially functional,0.6111111111111112,0.24838709677419354,0.38552942452460554
HistGB Base,Partially functional,0.6111111111111112,0.24919093851132687,0.38552942452460554
HistGB Base,Partially functional,0.6111111111111112,0.25,0.38552942452460554
HistGB Base,Partially functional,0.6111111111111112,0.250814332247557,0.38552942452460554
HistGB Base,Partially functional,0.6111111111111112,0.25163398692810457,0.38552942452460554
HistGB Base,Partially functional,0.6111111111111112,0.25245901639344265,0.38552942452460554
HistGB Base,Partially functional,0.6111111111111112,0.2532894736842105,0.38552942452460554
HistGB Base,Partially functional,0.6111111111111112,0.25412541254125415,0.38552942452460554
HistGB Base,Partially functional,0.6111111111111112,0.25496688741721857,0.38552942452460554
HistGB Base,Partially functional,0.6111111111111112,0.2558139534883721,0.38552942452460554
HistGB Base,Partially functional,0.6111111111111112,0.25666666666666665,0.38552942452460554
HistGB Base,Partially functional,0.6111111111111112,0.25752508361204013,0.38552942452460554
HistGB Base,Partially functional,0.6111111111111112,0.25838926174496646,0.38552942452460554
HistGB Base,Partially functional,0.6111111111111112,0.25925925925925924,0.38552942452460554
HistGB Base,Partially functional,0.6031746031746031,0.25675675675675674,0.38552942452460554
HistGB Base,Partially functional,0.6031746031746031,0.2576271186440678,0.38552942452460554
HistGB Base,Partially functional,0.6031746031746031,0.2585034013605442,0.38552942452460554
HistGB Base,Partially functional,0.5952380952380952,0.25597269624573377,0.38552942452460554
HistGB Base,Partially functional,0.5952380952380952,0.2568493150684932,0.38552942452460554
HistGB Base,Partially functional,0.5952380952380952,0.25773195876288657,0.38552942452460554
HistGB Base,Partially functional,0.5952380952380952,0.25862068965517243,0.38552942452460554
HistGB Base,Partially functional,0.5952380952380952,0.25951557093425603,0.38552942452460554
HistGB Base,Partially functional,0.5952380952380952,0.2604166666666667,0.38552942452460554
HistGB Base,Partially functional,0.5952380952380952,0.2613240418118467,0.38552942452460554
HistGB Base,Partially functional,0.5952380952380952,0.26223776223776224,0.38552942452460554
HistGB Base,Partially functional,0.5952380952380952,0.2631578947368421,0.38552942452460554
HistGB Base,Partially functional,0.5952380952380952,0.2640845070422535,0.38552942452460554
HistGB Base,Partially functional,0.5952380952380952,0.26501766784452296,0.38552942452460554
HistGB Base,Partially functional,0.5873015873015873,0.2624113475177305,0.38552942452460554
HistGB Base,Partially functional,0.5873015873015873,0.26334519572953735,0.38552942452460554
HistGB Base,Partially functional,0.5873015873015873,0.2642857142857143,0.38552942452460554
HistGB Base,Partially functional,0.5873015873015873,0.26523297491039427,0.38552942452460554
HistGB Base,Partially functional,0.5873015873015873,0.26618705035971224,0.38552942452460554
HistGB Base,Partially functional,0.5793650793650794,0.26353790613718414,0.38552942452460554
HistGB Base,Partially functional,0.5714285714285714,0.2608695652173913,0.38552942452460554
HistGB Base,Partially functional,0.5634920634920635,0.2581818181818182,0.38552942452460554
HistGB Base,Partially functional,0.5555555555555556,0.25547445255474455,0.38552942452460554
HistGB Base,Partially functional,0.5476190476190477,0.25274725274725274,0.38552942452460554
HistGB Base,Partially functional,0.5476190476190477,0.2536764705882353,0.38552942452460554
HistGB Base,Partially functional,0.5476190476190477,0.25461254612546125,0.38552942452460554
HistGB Base,Partially functional,0.5476190476190477,0.25555555555555554,0.38552942452460554
HistGB Base,Partially functional,0.5396825396825397,0.2527881040892193,0.38552942452460554
HistGB Base,Partially functional,0.5396825396825397,0.2537313432835821,0.38552942452460554
HistGB Base,Partially functional,0.5396825396825397,0.2546816479400749,0.38552942452460554
HistGB Base,Partially functional,0.5396825396825397,0.2556390977443609,0.38552942452460554
HistGB Base,Partially functional,0.5396825396825397,0.25660377358490566,0.38552942452460554
HistGB Base,Partially functional,0.5396825396825397,0.25757575757575757,0.38552942452460554
HistGB Base,Partially functional,0.5396825396825397,0.2585551330798479,0.38552942452460554
HistGB Base,Partially functional,0.5396825396825397,0.2595419847328244,0.38552942452460554
HistGB Base,Partially functional,0.5396825396825397,0.26053639846743293,0.38552942452460554
HistGB Base,Partially functional,0.5396825396825397,0.26153846153846155,0.38552942452460554
HistGB Base,Partially functional,0.5396825396825397,0.2625482625482625,0.38552942452460554
HistGB Base,Partially functional,0.5396825396825397,0.26356589147286824,0.38552942452460554
HistGB Base,Partially functional,0.5396825396825397,0.26459143968871596,0.38552942452460554
HistGB Base,Partially functional,0.5396825396825397,0.265625,0.38552942452460554
HistGB Base,Partially functional,0.5396825396825397,0.26666666666666666,0.38552942452460554
HistGB Base,Partially functional,0.5396825396825397,0.2677165354330709,0.38552942452460554
HistGB Base,Partially functional,0.5396825396825397,0.26877470355731226,0.38552942452460554
HistGB Base,Partially functional,0.5396825396825397,0.2698412698412698,0.38552942452460554
HistGB Base,Partially functional,0.5396825396825397,0.27091633466135456,0.38552942452460554
HistGB Base,Partially functional,0.5396825396825397,0.272,0.38552942452460554
HistGB Base,Partially functional,0.5396825396825397,0.27309236947791166,0.38552942452460554
HistGB Base,Partially functional,0.5396825396825397,0.27419354838709675,0.38552942452460554
HistGB Base,Partially functional,0.5396825396825397,0.27530364372469635,0.38552942452460554
HistGB Base,Partially functional,0.5396825396825397,0.2764227642276423,0.38552942452460554
HistGB Base,Partially functional,0.5317460317460317,0.27346938775510204,0.38552942452460554
HistGB Base,Partially functional,0.5317460317460317,0.27459016393442626,0.38552942452460554
HistGB Base,Partially functional,0.5317460317460317,0.2757201646090535,0.38552942452460554
HistGB Base,Partially functional,0.5317460317460317,0.2768595041322314,0.38552942452460554
HistGB Base,Partially functional,0.5317460317460317,0.27800829875518673,0.38552942452460554
HistGB Base,Partially functional,0.5317460317460317,0.2791666666666667,0.38552942452460554
HistGB Base,Partially functional,0.5317460317460317,0.2803347280334728,0.38552942452460554
HistGB Base,Partially functional,0.5317460317460317,0.2815126050420168,0.38552942452460554
HistGB Base,Partially functional,0.5317460317460317,0.28270042194092826,0.38552942452460554
HistGB Base,Partially functional,0.5317460317460317,0.2838983050847458,0.38552942452460554
HistGB Base,Partially functional,0.5317460317460317,0.2851063829787234,0.38552942452460554
HistGB Base,Partially functional,0.5317460317460317,0.2863247863247863,0.38552942452460554
HistGB Base,Partially functional,0.5317460317460317,0.2875536480686695,0.38552942452460554
HistGB Base,Partially functional,0.5238095238095238,0.28448275862068967,0.38552942452460554
HistGB Base,Partially functional,0.5238095238095238,0.2857142857142857,0.38552942452460554
HistGB Base,Partially functional,0.5238095238095238,0.28695652173913044,0.38552942452460554
HistGB Base,Partially functional,0.5238095238095238,0.28820960698689957,0.38552942452460554
HistGB Base,Partially functional,0.5238095238095238,0.2894736842105263,0.38552942452460554
HistGB Base,Partially functional,0.5238095238095238,0.2907488986784141,0.38552942452460554
HistGB Base,Partially functional,0.5238095238095238,0.2920353982300885,0.38552942452460554
HistGB Base,Partially functional,0.5238095238095238,0.29333333333333333,0.38552942452460554
HistGB Base,Partially functional,0.5238095238095238,0.29464285714285715,0.38552942452460554
HistGB Base,Partially functional,0.5238095238095238,0.29596412556053814,0.38552942452460554
HistGB Base,Partially functional,0.5238095238095238,0.2972972972972973,0.38552942452460554
HistGB Base,Partially functional,0.5238095238095238,0.2986425339366516,0.38552942452460554
HistGB Base,Partially functional,0.5238095238095238,0.3,0.38552942452460554
HistGB Base,Partially functional,0.5238095238095238,0.3013698630136986,0.38552942452460554
HistGB Base,Partially functional,0.5238095238095238,0.30275229357798167,0.38552942452460554
HistGB Base,Partially functional,0.5238095238095238,0.30414746543778803,0.38552942452460554
HistGB Base,Partially functional,0.5238095238095238,0.3055555555555556,0.38552942452460554
HistGB Base,Partially functional,0.5238095238095238,0.30697674418604654,0.38552942452460554
HistGB Base,Partially functional,0.5238095238095238,0.308411214953271,0.38552942452460554
HistGB Base,Partially functional,0.5238095238095238,0.30985915492957744,0.38552942452460554
HistGB Base,Partially functional,0.5158730158730159,0.30660377358490565,0.38552942452460554
HistGB Base,Partially functional,0.5158730158730159,0.3080568720379147,0.38552942452460554
HistGB Base,Partially functional,0.5158730158730159,0.30952380952380953,0.38552942452460554
HistGB Base,Partially functional,0.5158730158730159,0.31100478468899523,0.38552942452460554
HistGB Base,Partially functional,0.5158730158730159,0.3125,0.38552942452460554
HistGB Base,Partially functional,0.5158730158730159,0.3140096618357488,0.38552942452460554
HistGB Base,Partially functional,0.5158730158730159,0.3155339805825243,0.38552942452460554
HistGB Base,Partially functional,0.5158730158730159,0.3170731707317073,0.38552942452460554
HistGB Base,Partially functional,0.5158730158730159,0.31862745098039214,0.38552942452460554
HistGB Base,Partially functional,0.5158730158730159,0.32019704433497537,0.38552942452460554
HistGB Base,Partially functional,0.5158730158730159,0.3217821782178218,0.38552942452460554
HistGB Base,Partially functional,0.5079365079365079,0.31840796019900497,0.38552942452460554
HistGB Base,Partially functional,0.5079365079365079,0.32,0.38552942452460554
HistGB Base,Partially functional,0.5079365079365079,0.32160804020100503,0.38552942452460554
HistGB Base,Partially functional,0.5079365079365079,0.32323232323232326,0.38552942452460554
HistGB Base,Partially functional,0.5079365079365079,0.3248730964467005,0.38552942452460554
HistGB Base,Partially functional,0.5079365079365079,0.32653061224489793,0.38552942452460554
HistGB Base,Partially functional,0.5079365079365079,0.3282051282051282,0.38552942452460554
HistGB Base,Partially functional,0.5079365079365079,0.32989690721649484,0.38552942452460554
HistGB Base,Partially functional,0.5079365079365079,0.3316062176165803,0.38552942452460554
HistGB Base,Partially functional,0.5079365079365079,0.3333333333333333,0.38552942452460554
HistGB Base,Partially functional,0.5,0.3298429319371728,0.38552942452460554
HistGB Base,Partially functional,0.5,0.33157894736842103,0.38552942452460554
HistGB Base,Partially functional,0.5,0.3333333333333333,0.38552942452460554
HistGB Base,Partially functional,0.5,0.3351063829787234,0.38552942452460554
HistGB Base,Partially functional,0.5,0.33689839572192515,0.38552942452460554
HistGB Base,Partially functional,0.5,0.3387096774193548,0.38552942452460554
HistGB Base,Partially functional,0.5,0.34054054054054056,0.38552942452460554
HistGB Base,Partially functional,0.5,0.3423913043478261,0.38552942452460554
HistGB Base,Partially functional,0.5,0.3442622950819672,0.38552942452460554
HistGB Base,Partially functional,0.5,0.34615384615384615,0.38552942452460554
HistGB Base,Partially functional,0.5,0.34806629834254144,0.38552942452460554
HistGB Base,Partially functional,0.5,0.35,0.38552942452460554
HistGB Base,Partially functional,0.49206349206349204,0.3463687150837989,0.38552942452460554
HistGB Base,Partially functional,0.48412698412698413,0.34269662921348315,0.38552942452460554
HistGB Base,Partially functional,0.48412698412698413,0.3446327683615819,0.38552942452460554
HistGB Base,Partially functional,0.48412698412698413,0.3465909090909091,0.38552942452460554
HistGB Base,Partially functional,0.48412698412698413,0.3485714285714286,0.38552942452460554
HistGB Base,Partially functional,0.48412698412698413,0.3505747126436782,0.38552942452460554
HistGB Base,Partially functional,0.48412698412698413,0.35260115606936415,0.38552942452460554
HistGB Base,Partially functional,0.47619047619047616,0.3488372093023256,0.38552942452460554
HistGB Base,Partially functional,0.46825396825396826,0.34502923976608185,0.38552942452460554
HistGB Base,Partially functional,0.46825396825396826,0.34705882352941175,0.38552942452460554
HistGB Base,Partially functional,0.4603174603174603,0.3431952662721893,0.38552942452460554
HistGB Base,Partially functional,0.4603174603174603,0.34523809523809523,0.38552942452460554
HistGB Base,Partially functional,0.4603174603174603,0.3473053892215569,0.38552942452460554
HistGB Base,Partially functional,0.4603174603174603,0.3493975903614458,0.38552942452460554
HistGB Base,Partially functional,0.4603174603174603,0.3515151515151515,0.38552942452460554
HistGB Base,Partially functional,0.4603174603174603,0.35365853658536583,0.38552942452460554
HistGB Base,Partially functional,0.4603174603174603,0.3558282208588957,0.38552942452460554
HistGB Base,Partially functional,0.4603174603174603,0.35802469135802467,0.38552942452460554
HistGB Base,Partially functional,0.4603174603174603,0.36024844720496896,0.38552942452460554
HistGB Base,Partially functional,0.4603174603174603,0.3625,0.38552942452460554
HistGB Base,Partially functional,0.4603174603174603,0.36477987421383645,0.38552942452460554
HistGB Base,Partially functional,0.4603174603174603,0.3670886075949367,0.38552942452460554
HistGB Base,Partially functional,0.4603174603174603,0.36942675159235666,0.38552942452460554
HistGB Base,Partially functional,0.4603174603174603,0.3717948717948718,0.38552942452460554
HistGB Base,Partially functional,0.4603174603174603,0.3741935483870968,0.38552942452460554
HistGB Base,Partially functional,0.4603174603174603,0.37662337662337664,0.38552942452460554
HistGB Base,Partially functional,0.4603174603174603,0.3790849673202614,0.38552942452460554
HistGB Base,Partially functional,0.4523809523809524,0.375,0.38552942452460554
HistGB Base,Partially functional,0.4523809523809524,0.37748344370860926,0.38552942452460554
HistGB Base,Partially functional,0.4523809523809524,0.38,0.38552942452460554
HistGB Base,Partially functional,0.4444444444444444,0.37583892617449666,0.38552942452460554
HistGB Base,Partially functional,0.4444444444444444,0.3783783783783784,0.38552942452460554
HistGB Base,Partially functional,0.4444444444444444,0.38095238095238093,0.38552942452460554
HistGB Base,Partially functional,0.4444444444444444,0.3835616438356164,0.38552942452460554
HistGB Base,Partially functional,0.4444444444444444,0.38620689655172413,0.38552942452460554
HistGB Base,Partially functional,0.4444444444444444,0.3888888888888889,0.38552942452460554
HistGB Base,Partially functional,0.4444444444444444,0.3916083916083916,0.38552942452460554
HistGB Base,Partially functional,0.4444444444444444,0.39436619718309857,0.38552942452460554
HistGB Base,Partially functional,0.4444444444444444,0.3971631205673759,0.38552942452460554
HistGB Base,Partially functional,0.4444444444444444,0.4,0.38552942452460554
HistGB Base,Partially functional,0.4444444444444444,0.4028776978417266,0.38552942452460554
HistGB Base,Partially functional,0.4444444444444444,0.4057971014492754,0.38552942452460554
HistGB Base,Partially functional,0.4444444444444444,0.40875912408759124,0.38552942452460554
HistGB Base,Partially functional,0.4444444444444444,0.4117647058823529,0.38552942452460554
HistGB Base,Partially functional,0.4365079365079365,0.4074074074074074,0.38552942452460554
HistGB Base,Partially functional,0.42857142857142855,0.40298507462686567,0.38552942452460554
HistGB Base,Partially functional,0.42857142857142855,0.40601503759398494,0.38552942452460554
HistGB Base,Partially functional,0.42063492063492064,0.4015151515151515,0.38552942452460554
HistGB Base,Partially functional,0.42063492063492064,0.40458015267175573,0.38552942452460554
HistGB Base,Partially functional,0.4126984126984127,0.4,0.38552942452460554
HistGB Base,Partially functional,0.4126984126984127,0.40310077519379844,0.38552942452460554
HistGB Base,Partially functional,0.4126984126984127,0.40625,0.38552942452460554
HistGB Base,Partially functional,0.4126984126984127,0.4094488188976378,0.38552942452460554
HistGB Base,Partially functional,0.4126984126984127,0.4126984126984127,0.38552942452460554
HistGB Base,Partially functional,0.4126984126984127,0.416,0.38552942452460554
HistGB Base,Partially functional,0.4126984126984127,0.41935483870967744,0.38552942452460554
HistGB Base,Partially functional,0.40476190476190477,0.4146341463414634,0.38552942452460554
HistGB Base,Partially functional,0.40476190476190477,0.4180327868852459,0.38552942452460554
HistGB Base,Partially functional,0.40476190476190477,0.4214876033057851,0.38552942452460554
HistGB Base,Partially functional,0.3968253968253968,0.4166666666666667,0.38552942452460554
HistGB Base,Partially functional,0.3888888888888889,0.4117647058823529,0.38552942452460554
HistGB Base,Partially functional,0.3888888888888889,0.4152542372881356,0.38552942452460554
HistGB Base,Partially functional,0.3888888888888889,0.4188034188034188,0.38552942452460554
HistGB Base,Partially functional,0.3888888888888889,0.4224137931034483,0.38552942452460554
HistGB Base,Partially functional,0.3888888888888889,0.4260869565217391,0.38552942452460554
HistGB Base,Partially functional,0.3888888888888889,0.4298245614035088,0.38552942452460554
HistGB Base,Partially functional,0.38095238095238093,0.4247787610619469,0.38552942452460554
HistGB Base,Partially functional,0.373015873015873,0.41964285714285715,0.38552942452460554
HistGB Base,Partially functional,0.373015873015873,0.42342342342342343,0.38552942452460554
HistGB Base,Partially functional,0.373015873015873,0.42727272727272725,0.38552942452460554
HistGB Base,Partially functional,0.36507936507936506,0.42201834862385323,0.38552942452460554
HistGB Base,Partially functional,0.36507936507936506,0.42592592592592593,0.38552942452460554
HistGB Base,Partially functional,0.35714285714285715,0.4205607476635514,0.38552942452460554
HistGB Base,Partially functional,0.35714285714285715,0.42452830188679247,0.38552942452460554
HistGB Base,Partially functional,0.35714285714285715,0.42857142857142855,0.38552942452460554
HistGB Base,Partially functional,0.3492063492063492,0.4230769230769231,0.38552942452460554
HistGB Base,Partially functional,0.3492063492063492,0.42718446601941745,0.38552942452460554
HistGB Base,Partially functional,0.3492063492063492,0.43137254901960786,0.38552942452460554
HistGB Base,Partially functional,0.3492063492063492,0.43564356435643564,0.38552942452460554
HistGB Base,Partially functional,0.3412698412698413,0.43,0.38552942452460554
HistGB Base,Partially functional,0.3412698412698413,0.43434343434343436,0.38552942452460554
HistGB Base,Partially functional,0.3412698412698413,0.4387755102040816,0.38552942452460554
HistGB Base,Partially functional,0.3412698412698413,0.44329896907216493,0.38552942452460554
HistGB Base,Partially functional,0.3412698412698413,0.4479166666666667,0.38552942452460554
HistGB Base,Partially functional,0.3412698412698413,0.45263157894736844,0.38552942452460554
HistGB Base,Partially functional,0.3412698412698413,0.4574468085106383,0.38552942452460554
HistGB Base,Partially functional,0.3333333333333333,0.45161290322580644,0.38552942452460554
HistGB Base,Partially functional,0.3333333333333333,0.45652173913043476,0.38552942452460554
HistGB Base,Partially functional,0.3333333333333333,0.46153846153846156,0.38552942452460554
HistGB Base,Partially functional,0.3333333333333333,0.4666666666666667,0.38552942452460554
HistGB Base,Partially functional,0.3253968253968254,0.4606741573033708,0.38552942452460554
HistGB Base,Partially functional,0.31746031746031744,0.45454545454545453,0.38552942452460554
HistGB Base,Partially functional,0.30952380952380953,0.4482758620689655,0.38552942452460554
HistGB Base,Partially functional,0.30952380952380953,0.45348837209302323,0.38552942452460554
HistGB Base,Partially functional,0.30952380952380953,0.4588235294117647,0.38552942452460554
HistGB Base,Partially functional,0.30952380952380953,0.4642857142857143,0.38552942452460554
HistGB Base,Partially functional,0.30952380952380953,0.46987951807228917,0.38552942452460554
HistGB Base,Partially functional,0.30952380952380953,0.47560975609756095,0.38552942452460554
HistGB Base,Partially functional,0.30158730158730157,0.4691358024691358,0.38552942452460554
HistGB Base,Partially functional,0.30158730158730157,0.475,0.38552942452460554
HistGB Base,Partially functional,0.30158730158730157,0.4810126582278481,0.38552942452460554
HistGB Base,Partially functional,0.30158730158730157,0.48717948717948717,0.38552942452460554
HistGB Base,Partially functional,0.30158730158730157,0.4935064935064935,0.38552942452460554
HistGB Base,Partially functional,0.30158730158730157,0.5,0.38552942452460554
HistGB Base,Partially functional,0.29365079365079366,0.49333333333333335,0.38552942452460554
HistGB Base,Partially functional,0.29365079365079366,0.5,0.38552942452460554
HistGB Base,Partially functional,0.29365079365079366,0.5068493150684932,0.38552942452460554
HistGB Base,Partially functional,0.29365079365079366,0.5138888888888888,0.38552942452460554
HistGB Base,Partially functional,0.2857142857142857,0.5070422535211268,0.38552942452460554
HistGB Base,Partially functional,0.2777777777777778,0.5,0.38552942452460554
HistGB Base,Partially functional,0.2777777777777778,0.5072463768115942,0.38552942452460554
HistGB Base,Partially functional,0.2777777777777778,0.5147058823529411,0.38552942452460554
HistGB Base,Partially functional,0.2777777777777778,0.5223880597014925,0.38552942452460554
HistGB Base,Partially functional,0.2777777777777778,0.5303030303030303,0.38552942452460554
HistGB Base,Partially functional,0.2698412698412698,0.5230769230769231,0.38552942452460554
HistGB Base,Partially functional,0.2698412698412698,0.53125,0.38552942452460554
HistGB Base,Partially functional,0.2619047619047619,0.5238095238095238,0.38552942452460554
HistGB Base,Partially functional,0.2619047619047619,0.532258064516129,0.38552942452460554
HistGB Base,Partially functional,0.2619047619047619,0.5409836065573771,0.38552942452460554
HistGB Base,Partially functional,0.2619047619047619,0.55,0.38552942452460554
HistGB Base,Partially functional,0.25396825396825395,0.5423728813559322,0.38552942452460554
HistGB Base,Partially functional,0.24603174603174602,0.5344827586206896,0.38552942452460554
HistGB Base,Partially functional,0.24603174603174602,0.543859649122807,0.38552942452460554
HistGB Base,Partially functional,0.23809523809523808,0.5357142857142857,0.38552942452460554
HistGB Base,Partially functional,0.23809523809523808,0.5454545454545454,0.38552942452460554
HistGB Base,Partially functional,0.23809523809523808,0.5555555555555556,0.38552942452460554
HistGB Base,Partially functional,0.23809523809523808,0.5660377358490566,0.38552942452460554
HistGB Base,Partially functional,0.23015873015873015,0.5576923076923077,0.38552942452460554
HistGB Base,Partially functional,0.2222222222222222,0.5490196078431373,0.38552942452460554
HistGB Base,Partially functional,0.2222222222222222,0.56,0.38552942452460554
HistGB Base,Partially functional,0.2222222222222222,0.5714285714285714,0.38552942452460554
HistGB Base,Partially functional,0.21428571428571427,0.5625,0.38552942452460554
HistGB Base,Partially functional,0.20634920634920634,0.5531914893617021,0.38552942452460554
HistGB Base,Partially functional,0.20634920634920634,0.5652173913043478,0.38552942452460554
HistGB Base,Partially functional,0.20634920634920634,0.5777777777777777,0.38552942452460554
HistGB Base,Partially functional,0.20634920634920634,0.5909090909090909,0.38552942452460554
HistGB Base,Partially functional,0.20634920634920634,0.6046511627906976,0.38552942452460554
HistGB Base,Partially functional,0.1984126984126984,0.5952380952380952,0.38552942452460554
HistGB Base,Partially functional,0.19047619047619047,0.5853658536585366,0.38552942452460554
HistGB Base,Partially functional,0.18253968253968253,0.575,0.38552942452460554
HistGB Base,Partially functional,0.18253968253968253,0.5897435897435898,0.38552942452460554
HistGB Base,Partially functional,0.18253968253968253,0.6052631578947368,0.38552942452460554
HistGB Base,Partially functional,0.18253968253968253,0.6216216216216216,0.38552942452460554
HistGB Base,Partially functional,0.18253968253968253,0.6388888888888888,0.38552942452460554
HistGB Base,Partially functional,0.18253968253968253,0.6571428571428571,0.38552942452460554
HistGB Base,Partially functional,0.18253968253968253,0.6764705882352942,0.38552942452460554
HistGB Base,Partially functional,0.1746031746031746,0.6666666666666666,0.38552942452460554
HistGB Base,Partially functional,0.1746031746031746,0.6875,0.38552942452460554
HistGB Base,Partially functional,0.16666666666666666,0.6774193548387096,0.38552942452460554
HistGB Base,Partially functional,0.16666666666666666,0.7,0.38552942452460554
HistGB Base,Partially functional,0.16666666666666666,0.7241379310344828,0.38552942452460554
HistGB Base,Partially functional,0.15873015873015872,0.7142857142857143,0.38552942452460554
HistGB Base,Partially functional,0.15079365079365079,0.7037037037037037,0.38552942452460554
HistGB Base,Partially functional,0.14285714285714285,0.6923076923076923,0.38552942452460554
HistGB Base,Partially functional,0.1349206349206349,0.68,0.38552942452460554
HistGB Base,Partially functional,0.12698412698412698,0.6666666666666666,0.38552942452460554
HistGB Base,Partially functional,0.12698412698412698,0.6956521739130435,0.38552942452460554
HistGB Base,Partially functional,0.12698412698412698,0.7272727272727273,0.38552942452460554
HistGB Base,Partially functional,0.12698412698412698,0.7619047619047619,0.38552942452460554
HistGB Base,Partially functional,0.11904761904761904,0.75,0.38552942452460554
HistGB Base,Partially functional,0.1111111111111111,0.7368421052631579,0.38552942452460554
HistGB Base,Partially functional,0.1111111111111111,0.7777777777777778,0.38552942452460554
HistGB Base,Partially functional,0.10317460317460317,0.7647058823529411,0.38552942452460554
HistGB Base,Partially functional,0.09523809523809523,0.75,0.38552942452460554
HistGB Base,Partially functional,0.0873015873015873,0.7333333333333333,0.38552942452460554
HistGB Base,Partially functional,0.07936507936507936,0.7142857142857143,0.38552942452460554
HistGB Base,Partially functional,0.07936507936507936,0.7692307692307693,0.38552942452460554
HistGB Base,Partially functional,0.07142857142857142,0.75,0.38552942452460554
HistGB Base,Partially functional,0.06349206349206349,0.7272727272727273,0.38552942452460554
HistGB Base,Partially functional,0.05555555555555555,0.7,0.38552942452460554
HistGB Base,Partially functional,0.047619047619047616,0.6666666666666666,0.38552942452460554
HistGB Base,Partially functional,0.03968253968253968,0.625,0.38552942452460554
HistGB Base,Partially functional,0.03968253968253968,0.7142857142857143,0.38552942452460554
HistGB Base,Partially functional,0.03968253968253968,0.8333333333333334,0.38552942452460554
HistGB Base,Partially functional,0.03968253968253968,1.0,0.38552942452460554
HistGB Base,Partially functional,0.031746031746031744,1.0,0.38552942452460554
HistGB Base,Partially functional,0.023809523809523808,1.0,0.38552942452460554
HistGB Base,Partially functional,0.015873015873015872,1.0,0.38552942452460554
HistGB Base,Partially functional,0.007936507936507936,1.0,0.38552942452460554
HistGB Base,Partially functional,0.0,1.0,0.38552942452460554
HistGB Base,Abandoned or not functional,1.0,0.16875871687587168,0.8555467978216004
HistGB Base,Abandoned or not functional,1.0,0.1688764829030007,0.8555467978216004
HistGB Base,Abandoned or not functional,1.0,0.16899441340782123,0.8555467978216004
HistGB Base,Abandoned or not functional,1.0,0.16911250873515024,0.8555467978216004
HistGB Base,Abandoned or not functional,1.0,0.16923076923076924,0.8555467978216004
HistGB Base,Abandoned or not functional,1.0,0.16934919524142758,0.8555467978216004
HistGB Base,Abandoned or not functional,1.0,0.16946778711484595,0.8555467978216004
HistGB Base,Abandoned or not functional,1.0,0.1695865451997197,0.8555467978216004
HistGB Base,Abandoned or not functional,1.0,0.1697054698457223,0.8555467978216004
HistGB Base,Abandoned or not functional,1.0,0.16982456140350877,0.8555467978216004
HistGB Base,Abandoned or not functional,1.0,0.1699438202247191,0.8555467978216004
HistGB Base,Abandoned or not functional,1.0,0.17006324666198172,0.8555467978216004
HistGB Base,Abandoned or not functional,1.0,0.170182841068917,0.8555467978216004
HistGB Base,Abandoned or not functional,1.0,0.17030260380014076,0.8555467978216004
HistGB Base,Abandoned or not functional,1.0,0.1704225352112676,0.8555467978216004
HistGB Base,Abandoned or not functional,1.0,0.17054263565891473,0.8555467978216004
HistGB Base,Abandoned or not functional,1.0,0.17066290550070523,0.8555467978216004
HistGB Base,Abandoned or not functional,1.0,0.1707833450952717,0.8555467978216004
HistGB Base,Abandoned or not functional,1.0,0.1709039548022599,0.8555467978216004
HistGB Base,Abandoned or not functional,1.0,0.17102473498233214,0.8555467978216004
HistGB Base,Abandoned or not functional,1.0,0.17114568599717114,0.8555467978216004
HistGB Base,Abandoned or not functional,1.0,0.17126680820948337,0.8555467978216004
HistGB Base,Abandoned or not functional,1.0,0.17138810198300283,0.8555467978216004
HistGB Base,Abandoned or not functional,1.0,0.17150956768249467,0.8555467978216004
HistGB Base,Abandoned or not functional,1.0,0.17163120567375886,0.8555467978216004
HistGB Base,Abandoned or not functional,1.0,0.1717530163236338,0.8555467978216004
HistGB Base,Abandoned or not functional,1.0,0.171875,0.8555467978216004
HistGB Base,Abandoned or not functional,1.0,0.17199715707178392,0.8555467978216004
HistGB Base,Abandoned or not functional,1.0,0.1721194879089616,0.8555467978216004
HistGB Base,Abandoned or not functional,1.0,0.17224199288256228,0.8555467978216004
HistGB Base,Abandoned or not functional,1.0,0.17236467236467237,0.8555467978216004
HistGB Base,Abandoned or not functional,1.0,0.17248752672843906,0.8555467978216004
HistGB Base,Abandoned or not functional,1.0,0.17261055634807418,0.8555467978216004
HistGB Base,Abandoned or not functional,1.0,0.17273376159885795,0.8555467978216004
HistGB Base,Abandoned or not functional,1.0,0.17285714285714285,0.8555467978216004
HistGB Base,Abandoned or not functional,1.0,0.1729807005003574,0.8555467978216004
HistGB Base,Abandoned or not functional,1.0,0.17310443490701002,0.8555467978216004
HistGB Base,Abandoned or not functional,1.0,0.1732283464566929,0.8555467978216004
HistGB Base,Abandoned or not functional,1.0,0.17335243553008595,0.8555467978216004
HistGB Base,Abandoned or not functional,1.0,0.17347670250896058,0.8555467978216004
HistGB Base,Abandoned or not functional,1.0,0.17360114777618366,0.8555467978216004
HistGB Base,Abandoned or not functional,1.0,0.17372577171572146,0.8555467978216004
HistGB Base,Abandoned or not functional,1.0,0.17385057471264367,0.8555467978216004
HistGB Base,Abandoned or not functional,1.0,0.17397555715312724,0.8555467978216004
HistGB Base,Abandoned or not functional,1.0,0.17410071942446043,0.8555467978216004
HistGB Base,Abandoned or not functional,1.0,0.1742260619150468,0.8555467978216004
HistGB Base,Abandoned or not functional,1.0,0.17435158501440923,0.8555467978216004
HistGB Base,Abandoned or not functional,1.0,0.17447728911319393,0.8555467978216004
HistGB Base,Abandoned or not functional,1.0,0.1746031746031746,0.8555467978216004
HistGB Base,Abandoned or not functional,1.0,0.17472924187725633,0.8555467978216004
HistGB Base,Abandoned or not functional,1.0,0.17485549132947978,0.8555467978216004
HistGB Base,Abandoned or not functional,1.0,0.1749819233550253,0.8555467978216004
HistGB Base,Abandoned or not functional,1.0,0.17510853835021709,0.8555467978216004
HistGB Base,Abandoned or not functional,1.0,0.17523533671252717,0.8555467978216004
HistGB Base,Abandoned or not functional,1.0,0.1753623188405797,0.8555467978216004
HistGB Base,Abandoned or not functional,1.0,0.1754894851341552,0.8555467978216004
HistGB Base,Abandoned or not functional,1.0,0.17561683599419448,0.8555467978216004
HistGB Base,Abandoned or not functional,1.0,0.1757443718228032,0.8555467978216004
HistGB Base,Abandoned or not functional,1.0,0.17587209302325582,0.8555467978216004
HistGB Base,Abandoned or not functional,1.0,0.176,0.8555467978216004
HistGB Base,Abandoned or not functional,1.0,0.17612809315866085,0.8555467978216004
HistGB Base,Abandoned or not functional,1.0,0.17625637290604515,0.8555467978216004
HistGB Base,Abandoned or not functional,1.0,0.17638483965014579,0.8555467978216004
HistGB Base,Abandoned or not functional,1.0,0.1765134938001459,0.8555467978216004
HistGB Base,Abandoned or not functional,1.0,0.17664233576642335,0.8555467978216004
HistGB Base,Abandoned or not functional,1.0,0.17677136596055515,0.8555467978216004
HistGB Base,Abandoned or not functional,1.0,0.17690058479532164,0.8555467978216004
HistGB Base,Abandoned or not functional,1.0,0.17702999268471104,0.8555467978216004
HistGB Base,Abandoned or not functional,1.0,0.17715959004392387,0.8555467978216004
HistGB Base,Abandoned or not functional,1.0,0.1772893772893773,0.8555467978216004
HistGB Base,Abandoned or not functional,1.0,0.1774193548387097,0.8555467978216004
HistGB Base,Abandoned or not functional,1.0,0.17754952311078503,0.8555467978216004
HistGB Base,Abandoned or not functional,1.0,0.1776798825256975,0.8555467978216004
HistGB Base,Abandoned or not functional,1.0,0.1778104335047759,0.8555467978216004
HistGB Base,Abandoned or not functional,1.0,0.17794117647058824,0.8555467978216004
HistGB Base,Abandoned or not functional,1.0,0.1780721118469463,0.8555467978216004
HistGB Base,Abandoned or not functional,1.0,0.17820324005891017,0.8555467978216004
HistGB Base,Abandoned or not functional,1.0,0.17833456153279292,0.8555467978216004
HistGB Base,Abandoned or not functional,1.0,0.17846607669616518,0.8555467978216004
HistGB Base,Abandoned or not functional,1.0,0.17859778597785977,0.8555467978216004
HistGB Base,Abandoned or not functional,1.0,0.17872968980797638,0.8555467978216004
HistGB Base,Abandoned or not functional,1.0,0.17886178861788618,0.8555467978216004
HistGB Base,Abandoned or not functional,1.0,0.17899408284023668,0.8555467978216004
HistGB Base,Abandoned or not functional,1.0,0.17912657290895634,0.8555467978216004
HistGB Base,Abandoned or not functional,1.0,0.17925925925925926,0.8555467978216004
HistGB Base,Abandoned or not functional,1.0,0.1793921423276501,0.8555467978216004
HistGB Base,Abandoned or not functional,1.0,0.1795252225519288,0.8555467978216004
HistGB Base,Abandoned or not functional,1.0,0.17965850037119524,0.8555467978216004
HistGB Base,Abandoned or not functional,1.0,0.17979197622585438,0.8555467978216004
HistGB Base,Abandoned or not functional,1.0,0.17992565055762083,0.8555467978216004
HistGB Base,Abandoned or not functional,1.0,0.1800595238095238,0.8555467978216004
HistGB Base,Abandoned or not functional,1.0,0.18019359642591215,0.8555467978216004
HistGB Base,Abandoned or not functional,1.0,0.18032786885245902,0.8555467978216004
HistGB Base,Abandoned or not functional,1.0,0.18046234153616703,0.8555467978216004
HistGB Base,Abandoned or not functional,1.0,0.18059701492537314,0.8555467978216004
HistGB Base,Abandoned or not functional,1.0,0.18073188946975355,0.8555467978216004
HistGB Base,Abandoned or not functional,1.0,0.18086696562032886,0.8555467978216004
HistGB Base,Abandoned or not functional,1.0,0.18100224382946897,0.8555467978216004
HistGB Base,Abandoned or not functional,1.0,0.18113772455089822,0.8555467978216004
HistGB Base,Abandoned or not functional,1.0,0.18127340823970037,0.8555467978216004
HistGB Base,Abandoned or not functional,1.0,0.18140929535232383,0.8555467978216004
HistGB Base,Abandoned or not functional,1.0,0.18154538634658665,0.8555467978216004
HistGB Base,Abandoned or not functional,1.0,0.1816816816816817,0.8555467978216004
HistGB Base,Abandoned or not functional,1.0,0.18181818181818182,0.8555467978216004
HistGB Base,Abandoned or not functional,1.0,0.18195488721804512,0.8555467978216004
HistGB Base,Abandoned or not functional,1.0,0.18209179834462003,0.8555467978216004
HistGB Base,Abandoned or not functional,1.0,0.1822289156626506,0.8555467978216004
HistGB Base,Abandoned or not functional,1.0,0.18236623963828183,0.8555467978216004
HistGB Base,Abandoned or not functional,1.0,0.18250377073906485,0.8555467978216004
HistGB Base,Abandoned or not functional,1.0,0.18264150943396226,0.8555467978216004
HistGB Base,Abandoned or not functional,1.0,0.18277945619335348,0.8555467978216004
HistGB Base,Abandoned or not functional,1.0,0.18291761148904007,0.8555467978216004
HistGB Base,Abandoned or not functional,1.0,0.18305597579425115,0.8555467978216004
HistGB Base,Abandoned or not functional,1.0,0.18319454958364875,0.8555467978216004
HistGB Base,Abandoned or not functional,1.0,0.18333333333333332,0.8555467978216004
HistGB Base,Abandoned or not functional,1.0,0.18347232752084913,0.8555467978216004
HistGB Base,Abandoned or not functional,1.0,0.18361153262518967,0.8555467978216004
HistGB Base,Abandoned or not functional,1.0,0.18375094912680334,0.8555467978216004
HistGB Base,Abandoned or not functional,1.0,0.1838905775075988,0.8555467978216004
HistGB Base,Abandoned or not functional,1.0,0.18403041825095057,0.8555467978216004
HistGB Base,Abandoned or not functional,1.0,0.1841704718417047,0.8555467978216004
HistGB Base,Abandoned or not functional,1.0,0.1843107387661843,0.8555467978216004
HistGB Base,Abandoned or not functional,1.0,0.18445121951219512,0.8555467978216004
HistGB Base,Abandoned or not functional,1.0,0.18459191456903126,0.8555467978216004
HistGB Base,Abandoned or not functional,1.0,0.18473282442748093,0.8555467978216004
HistGB Base,Abandoned or not functional,1.0,0.18487394957983194,0.8555467978216004
HistGB Base,Abandoned or not functional,1.0,0.18501529051987767,0.8555467978216004
HistGB Base,Abandoned or not functional,1.0,0.18515684774292274,0.8555467978216004
HistGB Base,Abandoned or not functional,1.0,0.18529862174578868,0.8555467978216004
HistGB Base,Abandoned or not functional,1.0,0.1854406130268199,0.8555467978216004
HistGB Base,Abandoned or not functional,1.0,0.18558282208588958,0.8555467978216004
HistGB Base,Abandoned or not functional,1.0,0.18572524942440521,0.8555467978216004
HistGB Base,Abandoned or not functional,1.0,0.1858678955453149,0.8555467978216004
HistGB Base,Abandoned or not functional,1.0,0.186010760953113,0.8555467978216004
HistGB Base,Abandoned or not functional,1.0,0.18615384615384614,0.8555467978216004
HistGB Base,Abandoned or not functional,1.0,0.18629715165511931,0.8555467978216004
HistGB Base,Abandoned or not functional,1.0,0.1864406779661017,0.8555467978216004
HistGB Base,Abandoned or not functional,1.0,0.18658442559753277,0.8555467978216004
HistGB Base,Abandoned or not functional,1.0,0.1867283950617284,0.8555467978216004
HistGB Base,Abandoned or not functional,1.0,0.18687258687258687,0.8555467978216004
HistGB Base,Abandoned or not functional,1.0,0.18701700154559506,0.8555467978216004
HistGB Base,Abandoned or not functional,1.0,0.1871616395978345,0.8555467978216004
HistGB Base,Abandoned or not functional,1.0,0.1873065015479876,0.8555467978216004
HistGB Base,Abandoned or not functional,1.0,0.18745158791634392,0.8555467978216004
HistGB Base,Abandoned or not functional,1.0,0.1875968992248062,0.8555467978216004
HistGB Base,Abandoned or not functional,1.0,0.18774243599689683,0.8555467978216004
HistGB Base,Abandoned or not functional,1.0,0.18788819875776397,0.8555467978216004
HistGB Base,Abandoned or not functional,1.0,0.18803418803418803,0.8555467978216004
HistGB Base,Abandoned or not functional,1.0,0.18818040435458788,0.8555467978216004
HistGB Base,Abandoned or not functional,1.0,0.18832684824902723,0.8555467978216004
HistGB Base,Abandoned or not functional,1.0,0.18847352024922118,0.8555467978216004
HistGB Base,Abandoned or not functional,1.0,0.18862042088854247,0.8555467978216004
HistGB Base,Abandoned or not functional,1.0,0.18876755070202808,0.8555467978216004
HistGB Base,Abandoned or not functional,1.0,0.18891491022638562,0.8555467978216004
HistGB Base,Abandoned or not functional,1.0,0.1890625,0.8555467978216004
HistGB Base,Abandoned or not functional,1.0,0.1892103205629398,0.8555467978216004
HistGB Base,Abandoned or not functional,1.0,0.18935837245696402,0.8555467978216004
HistGB Base,Abandoned or not functional,1.0,0.1895066562255286,0.8555467978216004
HistGB Base,Abandoned or not functional,1.0,0.1896551724137931,0.8555467978216004
HistGB Base,Abandoned or not functional,1.0,0.18980392156862744,0.8555467978216004
HistGB Base,Abandoned or not functional,1.0,0.18995290423861852,0.8555467978216004
HistGB Base,Abandoned or not functional,1.0,0.19010212097407697,0.8555467978216004
HistGB Base,Abandoned or not functional,1.0,0.19025157232704404,0.8555467978216004
HistGB Base,Abandoned or not functional,1.0,0.1904012588512982,0.8555467978216004
HistGB Base,Abandoned or not functional,1.0,0.19055118110236222,0.8555467978216004
HistGB Base,Abandoned or not functional,1.0,0.19070133963750985,0.8555467978216004
HistGB Base,Abandoned or not functional,1.0,0.19085173501577288,0.8555467978216004
HistGB Base,Abandoned or not functional,1.0,0.1910023677979479,0.8555467978216004
HistGB Base,Abandoned or not functional,1.0,0.1911532385466035,0.8555467978216004
HistGB Base,Abandoned or not functional,1.0,0.19130434782608696,0.8555467978216004
HistGB Base,Abandoned or not functional,1.0,0.19145569620253164,0.8555467978216004
HistGB Base,Abandoned or not functional,1.0,0.1916072842438638,0.8555467978216004
HistGB Base,Abandoned or not functional,1.0,0.19175911251980982,0.8555467978216004
HistGB Base,Abandoned or not functional,1.0,0.19191118160190326,0.8555467978216004
HistGB Base,Abandoned or not functional,1.0,0.19206349206349208,0.8555467978216004
HistGB Base,Abandoned or not functional,1.0,0.19221604447974583,0.8555467978216004
HistGB Base,Abandoned or not functional,0.9958677685950413,0.1915739268680445,0.8555467978216004
HistGB Base,Abandoned or not functional,0.9958677685950413,0.1917263325377884,0.8555467978216004
HistGB Base,Abandoned or not functional,0.9958677685950413,0.19187898089171976,0.8555467978216004
HistGB Base,Abandoned or not functional,0.9958677685950413,0.19203187250996015,0.8555467978216004
HistGB Base,Abandoned or not functional,0.9958677685950413,0.19218500797448165,0.8555467978216004
HistGB Base,Abandoned or not functional,0.9958677685950413,0.1923383878691141,0.8555467978216004
HistGB Base,Abandoned or not functional,0.9958677685950413,0.19249201277955272,0.8555467978216004
HistGB Base,Abandoned or not functional,0.9958677685950413,0.1926458832933653,0.8555467978216004
HistGB Base,Abandoned or not functional,0.9958677685950413,0.1928,0.8555467978216004
HistGB Base,Abandoned or not functional,0.9958677685950413,0.19295436349079265,0.8555467978216004
HistGB Base,Abandoned or not functional,0.9958677685950413,0.19310897435897437,0.8555467978216004
HistGB Base,Abandoned or not functional,0.9958677685950413,0.19326383319967924,0.8555467978216004
HistGB Base,Abandoned or not functional,0.9958677685950413,0.19341894060995185,0.8555467978216004
HistGB Base,Abandoned or not functional,0.9958677685950413,0.19357429718875502,0.8555467978216004
HistGB Base,Abandoned or not functional,0.9958677685950413,0.1937299035369775,0.8555467978216004
HistGB Base,Abandoned or not functional,0.9958677685950413,0.19388576025744167,0.8555467978216004
HistGB Base,Abandoned or not functional,0.9958677685950413,0.19404186795491143,0.8555467978216004
HistGB Base,Abandoned or not functional,0.9958677685950413,0.19419822723609992,0.8555467978216004
HistGB Base,Abandoned or not functional,0.9958677685950413,0.19435483870967743,0.8555467978216004
HistGB Base,Abandoned or not functional,0.9958677685950413,0.19451170298627926,0.8555467978216004
HistGB Base,Abandoned or not functional,0.9958677685950413,0.19466882067851374,0.8555467978216004
HistGB Base,Abandoned or not functional,0.9958677685950413,0.1948261924009701,0.8555467978216004
HistGB Base,Abandoned or not functional,0.9958677685950413,0.19498381877022652,0.8555467978216004
HistGB Base,Abandoned or not functional,0.9958677685950413,0.1951417004048583,0.8555467978216004
HistGB Base,Abandoned or not functional,0.9958677685950413,0.1952998379254457,0.8555467978216004
HistGB Base,Abandoned or not functional,0.9958677685950413,0.1954582319545823,0.8555467978216004
HistGB Base,Abandoned or not functional,0.9958677685950413,0.1956168831168831,0.8555467978216004
HistGB Base,Abandoned or not functional,0.9958677685950413,0.1957757920389927,0.8555467978216004
HistGB Base,Abandoned or not functional,0.9958677685950413,0.19593495934959348,0.8555467978216004
HistGB Base,Abandoned or not functional,0.9958677685950413,0.19609438567941415,0.8555467978216004
HistGB Base,Abandoned or not functional,0.9958677685950413,0.1962540716612378,0.8555467978216004
HistGB Base,Abandoned or not functional,0.9958677685950413,0.19641401792991034,0.8555467978216004
HistGB Base,Abandoned or not functional,0.9958677685950413,0.1965742251223491,0.8555467978216004
HistGB Base,Abandoned or not functional,0.9958677685950413,0.19673469387755102,0.8555467978216004
HistGB Base,Abandoned or not functional,0.9958677685950413,0.1968954248366013,0.8555467978216004
HistGB Base,Abandoned or not functional,0.9958677685950413,0.19705641864268192,0.8555467978216004
HistGB Base,Abandoned or not functional,0.9958677685950413,0.1972176759410802,0.8555467978216004
HistGB Base,Abandoned or not functional,0.9958677685950413,0.19737919737919737,0.8555467978216004
HistGB Base,Abandoned or not functional,0.9958677685950413,0.19754098360655736,0.8555467978216004
HistGB Base,Abandoned or not functional,0.9958677685950413,0.19770303527481542,0.8555467978216004
HistGB Base,Abandoned or not functional,0.9958677685950413,0.19786535303776684,0.8555467978216004
HistGB Base,Abandoned or not functional,0.9958677685950413,0.19802793755135578,0.8555467978216004
HistGB Base,Abandoned or not functional,0.9958677685950413,0.1981907894736842,0.8555467978216004
HistGB Base,Abandoned or not functional,0.9958677685950413,0.19835390946502057,0.8555467978216004
HistGB Base,Abandoned or not functional,0.9958677685950413,0.1985172981878089,0.8555467978216004
HistGB Base,Abandoned or not functional,0.9958677685950413,0.19868095630667765,0.8555467978216004
HistGB Base,Abandoned or not functional,0.9958677685950413,0.19884488448844884,0.8555467978216004
HistGB Base,Abandoned or not functional,0.9958677685950413,0.19900908340214699,0.8555467978216004
HistGB Base,Abandoned or not functional,0.9958677685950413,0.19917355371900827,0.8555467978216004
HistGB Base,Abandoned or not functional,0.9958677685950413,0.19933829611248965,0.8555467978216004
HistGB Base,Abandoned or not functional,0.9958677685950413,0.19950331125827814,0.8555467978216004
HistGB Base,Abandoned or not functional,0.9958677685950413,0.1996685998342999,0.8555467978216004
HistGB Base,Abandoned or not functional,0.9958677685950413,0.1998341625207297,0.8555467978216004
HistGB Base,Abandoned or not functional,0.9958677685950413,0.2,0.8555467978216004
HistGB Base,Abandoned or not functional,0.9958677685950413,0.20016611295681064,0.8555467978216004
HistGB Base,Abandoned or not functional,0.9958677685950413,0.200332502078138,0.8555467978216004
HistGB Base,Abandoned or not functional,0.9958677685950413,0.20049916805324458,0.8555467978216004
HistGB Base,Abandoned or not functional,0.9958677685950413,0.2006661115736886,0.8555467978216004
HistGB Base,Abandoned or not functional,0.9958677685950413,0.20083333333333334,0.8555467978216004
HistGB Base,Abandoned or not functional,0.9958677685950413,0.20100083402835697,0.8555467978216004
HistGB Base,Abandoned or not functional,0.9958677685950413,0.2011686143572621,0.8555467978216004
HistGB Base,Abandoned or not functional,0.9958677685950413,0.20133667502088554,0.8555467978216004
HistGB Base,Abandoned or not functional,0.9958677685950413,0.20150501672240803,0.8555467978216004
HistGB Base,Abandoned or not functional,0.9958677685950413,0.20167364016736403,0.8555467978216004
HistGB Base,Abandoned or not functional,0.9958677685950413,0.2018425460636516,0.8555467978216004
HistGB Base,Abandoned or not functional,0.9958677685950413,0.20201173512154233,0.8555467978216004
HistGB Base,Abandoned or not functional,0.9958677685950413,0.20218120805369127,0.8555467978216004
HistGB Base,Abandoned or not functional,0.9958677685950413,0.20235096557514692,0.8555467978216004
HistGB Base,Abandoned or not functional,0.9958677685950413,0.20252100840336135,0.8555467978216004
HistGB Base,Abandoned or not functional,0.9958677685950413,0.20269133725820015,0.8555467978216004
HistGB Base,Abandoned or not functional,0.9958677685950413,0.20286195286195285,0.8555467978216004
HistGB Base,Abandoned or not functional,0.9958677685950413,0.2030328559393429,0.8555467978216004
HistGB Base,Abandoned or not functional,0.9958677685950413,0.20320404721753793,0.8555467978216004
HistGB Base,Abandoned or not functional,0.9958677685950413,0.20337552742616033,0.8555467978216004
HistGB Base,Abandoned or not functional,0.9958677685950413,0.20354729729729729,0.8555467978216004
HistGB Base,Abandoned or not functional,0.9958677685950413,0.2037193575655114,0.8555467978216004
HistGB Base,Abandoned or not functional,0.9958677685950413,0.2038917089678511,0.8555467978216004
HistGB Base,Abandoned or not functional,0.9958677685950413,0.20406435224386113,0.8555467978216004
HistGB Base,Abandoned or not functional,0.9958677685950413,0.20423728813559322,0.8555467978216004
HistGB Base,Abandoned or not functional,0.9958677685950413,0.20441051738761662,0.8555467978216004
HistGB Base,Abandoned or not functional,0.9958677685950413,0.20458404074702885,0.8555467978216004
HistGB Base,Abandoned or not functional,0.9958677685950413,0.20475785896346643,0.8555467978216004
HistGB Base,Abandoned or not functional,0.9958677685950413,0.20493197278911565,0.8555467978216004
HistGB Base,Abandoned or not functional,0.9958677685950413,0.2051063829787234,0.8555467978216004
HistGB Base,Abandoned or not functional,0.9958677685950413,0.20528109028960817,0.8555467978216004
HistGB Base,Abandoned or not functional,0.9958677685950413,0.20545609548167093,0.8555467978216004
HistGB Base,Abandoned or not functional,0.9958677685950413,0.20563139931740615,0.8555467978216004
HistGB Base,Abandoned or not functional,0.9958677685950413,0.2058070025619129,0.8555467978216004
HistGB Base,Abandoned or not functional,0.9958677685950413,0.20598290598290597,0.8555467978216004
HistGB Base,Abandoned or not functional,0.9958677685950413,0.20615911035072712,0.8555467978216004
HistGB Base,Abandoned or not functional,0.9958677685950413,0.20633561643835616,0.8555467978216004
HistGB Base,Abandoned or not functional,0.9958677685950413,0.20651242502142245,0.8555467978216004
HistGB Base,Abandoned or not functional,0.9958677685950413,0.20668953687821612,0.8555467978216004
HistGB Base,Abandoned or not functional,0.9958677685950413,0.20686695278969958,0.8555467978216004
HistGB Base,Abandoned or not functional,0.9958677685950413,0.20704467353951891,0.8555467978216004
HistGB Base,Abandoned or not functional,0.9958677685950413,0.20722269991401548,0.8555467978216004
HistGB Base,Abandoned or not functional,0.9958677685950413,0.20740103270223753,0.8555467978216004
HistGB Base,Abandoned or not functional,0.9958677685950413,0.20757967269595176,0.8555467978216004
HistGB Base,Abandoned or not functional,0.9958677685950413,0.20775862068965517,0.8555467978216004
HistGB Base,Abandoned or not functional,0.9958677685950413,0.2079378774805867,0.8555467978216004
HistGB Base,Abandoned or not functional,0.9958677685950413,0.2081174438687392,0.8555467978216004
HistGB Base,Abandoned or not functional,0.9958677685950413,0.20829732065687123,0.8555467978216004
HistGB Base,Abandoned or not functional,0.9958677685950413,0.20847750865051903,0.8555467978216004
HistGB Base,Abandoned or not functional,0.9958677685950413,0.20865800865800865,0.8555467978216004
HistGB Base,Abandoned or not functional,0.9958677685950413,0.20883882149046792,0.8555467978216004
HistGB Base,Abandoned or not functional,0.9958677685950413,0.20901994796183868,0.8555467978216004
HistGB Base,Abandoned or not functional,0.9958677685950413,0.2092013888888889,0.8555467978216004
HistGB Base,Abandoned or not functional,0.9958677685950413,0.20938314509122502,0.8555467978216004
HistGB Base,Abandoned or not functional,0.9958677685950413,0.20956521739130435,0.8555467978216004
HistGB Base,Abandoned or not functional,0.9958677685950413,0.20974760661444736,0.8555467978216004
HistGB Base,Abandoned or not functional,0.9958677685950413,0.20993031358885017,0.8555467978216004
HistGB Base,Abandoned or not functional,0.9958677685950413,0.2101133391455972,0.8555467978216004
HistGB Base,Abandoned or not functional,0.9958677685950413,0.21029668411867364,0.8555467978216004
HistGB Base,Abandoned or not functional,0.9958677685950413,0.21048034934497817,0.8555467978216004
HistGB Base,Abandoned or not functional,0.9958677685950413,0.21066433566433568,0.8555467978216004
HistGB Base,Abandoned or not functional,0.9958677685950413,0.21084864391951005,0.8555467978216004
HistGB Base,Abandoned or not functional,0.9958677685950413,0.21103327495621715,0.8555467978216004
HistGB Base,Abandoned or not functional,0.9958677685950413,0.2112182296231376,0.8555467978216004
HistGB Base,Abandoned or not functional,0.9958677685950413,0.21140350877192982,0.8555467978216004
HistGB Base,Abandoned or not functional,0.9958677685950413,0.2115891132572432,0.8555467978216004
HistGB Base,Abandoned or not functional,0.9958677685950413,0.2117750439367311,0.8555467978216004
HistGB Base,Abandoned or not functional,0.9958677685950413,0.2119613016710642,0.8555467978216004
HistGB Base,Abandoned or not functional,0.9958677685950413,0.21214788732394366,0.8555467978216004
HistGB Base,Abandoned or not functional,0.9958677685950413,0.21233480176211453,0.8555467978216004
HistGB Base,Abandoned or not functional,0.9958677685950413,0.21252204585537918,0.8555467978216004
HistGB Base,Abandoned or not functional,0.9958677685950413,0.21270962047661077,0.8555467978216004
HistGB Base,Abandoned or not functional,0.9958677685950413,0.21289752650176677,0.8555467978216004
HistGB Base,Abandoned or not functional,0.9958677685950413,0.21308576480990274,0.8555467978216004
HistGB Base,Abandoned or not functional,0.9958677685950413,0.21327433628318584,0.8555467978216004
HistGB Base,Abandoned or not functional,0.9958677685950413,0.21346324180690876,0.8555467978216004
HistGB Base,Abandoned or not functional,0.9958677685950413,0.21365248226950354,0.8555467978216004
HistGB Base,Abandoned or not functional,0.9958677685950413,0.21384205856255545,0.8555467978216004
HistGB Base,Abandoned or not functional,0.9958677685950413,0.21403197158081705,0.8555467978216004
HistGB Base,Abandoned or not functional,0.9958677685950413,0.21422222222222223,0.8555467978216004
HistGB Base,Abandoned or not functional,0.9958677685950413,0.21441281138790036,0.8555467978216004
HistGB Base,Abandoned or not functional,0.9958677685950413,0.21460373998219057,0.8555467978216004
HistGB Base,Abandoned or not functional,0.9958677685950413,0.21479500891265596,0.8555467978216004
HistGB Base,Abandoned or not functional,0.9958677685950413,0.2149866190900981,0.8555467978216004
HistGB Base,Abandoned or not functional,0.9958677685950413,0.21517857142857144,0.8555467978216004
HistGB Base,Abandoned or not functional,0.9958677685950413,0.21537086684539766,0.8555467978216004
HistGB Base,Abandoned or not functional,0.9958677685950413,0.21556350626118068,0.8555467978216004
HistGB Base,Abandoned or not functional,0.9958677685950413,0.21575649059982094,0.8555467978216004
HistGB Base,Abandoned or not functional,0.9958677685950413,0.21594982078853048,0.8555467978216004
HistGB Base,Abandoned or not functional,0.9958677685950413,0.21614349775784752,0.8555467978216004
HistGB Base,Abandoned or not functional,0.9958677685950413,0.2163375224416517,0.8555467978216004
HistGB Base,Abandoned or not functional,0.9958677685950413,0.2165318957771788,0.8555467978216004
HistGB Base,Abandoned or not functional,0.9958677685950413,0.21672661870503598,0.8555467978216004
HistGB Base,Abandoned or not functional,0.9958677685950413,0.21692169216921692,0.8555467978216004
HistGB Base,Abandoned or not functional,0.9958677685950413,0.21711711711711712,0.8555467978216004
HistGB Base,Abandoned or not functional,0.9958677685950413,0.21731289449954913,0.8555467978216004
HistGB Base,Abandoned or not functional,0.9958677685950413,0.21750902527075813,0.8555467978216004
HistGB Base,Abandoned or not functional,0.9958677685950413,0.21770551038843722,0.8555467978216004
HistGB Base,Abandoned or not functional,0.9958677685950413,0.2179023508137432,0.8555467978216004
HistGB Base,Abandoned or not functional,0.9958677685950413,0.21809954751131222,0.8555467978216004
HistGB Base,Abandoned or not functional,0.9958677685950413,0.21829710144927536,0.8555467978216004
HistGB Base,Abandoned or not functional,0.9958677685950413,0.2184950135992747,0.8555467978216004
HistGB Base,Abandoned or not functional,0.9958677685950413,0.21869328493647913,0.8555467978216004
HistGB Base,Abandoned or not functional,0.9958677685950413,0.21889191643960038,0.8555467978216004
HistGB Base,Abandoned or not functional,0.9958677685950413,0.2190909090909091,0.8555467978216004
HistGB Base,Abandoned or not functional,0.9958677685950413,0.21929026387625114,0.8555467978216004
HistGB Base,Abandoned or not functional,0.9958677685950413,0.21948998178506376,0.8555467978216004
HistGB Base,Abandoned or not functional,0.9958677685950413,0.21969006381039197,0.8555467978216004
HistGB Base,Abandoned or not functional,0.9958677685950413,0.2198905109489051,0.8555467978216004
HistGB Base,Abandoned or not functional,0.9958677685950413,0.22009132420091324,0.8555467978216004
HistGB Base,Abandoned or not functional,0.9958677685950413,0.2202925045703839,0.8555467978216004
HistGB Base,Abandoned or not functional,0.9958677685950413,0.22049405306495884,0.8555467978216004
HistGB Base,Abandoned or not functional,0.9958677685950413,0.2206959706959707,0.8555467978216004
HistGB Base,Abandoned or not functional,0.9958677685950413,0.22089825847846012,0.8555467978216004
HistGB Base,Abandoned or not functional,0.9958677685950413,0.22110091743119267,0.8555467978216004
HistGB Base,Abandoned or not functional,0.9958677685950413,0.22130394857667585,0.8555467978216004
HistGB Base,Abandoned or not functional,0.9958677685950413,0.22150735294117646,0.8555467978216004
HistGB Base,Abandoned or not functional,0.9958677685950413,0.22171113155473782,0.8555467978216004
HistGB Base,Abandoned or not functional,0.9958677685950413,0.22191528545119704,0.8555467978216004
HistGB Base,Abandoned or not functional,0.9958677685950413,0.22211981566820277,0.8555467978216004
HistGB Base,Abandoned or not functional,0.9958677685950413,0.22232472324723246,0.8555467978216004
HistGB Base,Abandoned or not functional,0.9958677685950413,0.22253000923361035,0.8555467978216004
HistGB Base,Abandoned or not functional,0.9958677685950413,0.22273567467652494,0.8555467978216004
HistGB Base,Abandoned or not functional,0.9958677685950413,0.22294172062904719,0.8555467978216004
HistGB Base,Abandoned or not functional,0.9958677685950413,0.22314814814814815,0.8555467978216004
HistGB Base,Abandoned or not functional,0.9958677685950413,0.22335495829471733,0.8555467978216004
HistGB Base,Abandoned or not functional,0.9958677685950413,0.22356215213358072,0.8555467978216004
HistGB Base,Abandoned or not functional,0.9958677685950413,0.22376973073351902,0.8555467978216004
HistGB Base,Abandoned or not functional,0.9958677685950413,0.22397769516728624,0.8555467978216004
HistGB Base,Abandoned or not functional,0.9958677685950413,0.2241860465116279,0.8555467978216004
HistGB Base,Abandoned or not functional,0.9958677685950413,0.22439478584729983,0.8555467978216004
HistGB Base,Abandoned or not functional,0.9958677685950413,0.22460391425908668,0.8555467978216004
HistGB Base,Abandoned or not functional,0.9958677685950413,0.2248134328358209,0.8555467978216004
HistGB Base,Abandoned or not functional,0.9958677685950413,0.2250233426704015,0.8555467978216004
HistGB Base,Abandoned or not functional,0.9958677685950413,0.2252336448598131,0.8555467978216004
HistGB Base,Abandoned or not functional,0.9958677685950413,0.225444340505145,0.8555467978216004
HistGB Base,Abandoned or not functional,0.9958677685950413,0.22565543071161048,0.8555467978216004
HistGB Base,Abandoned or not functional,0.9958677685950413,0.22586691658856609,0.8555467978216004
HistGB Base,Abandoned or not functional,0.9958677685950413,0.22607879924953095,0.8555467978216004
HistGB Base,Abandoned or not functional,0.9958677685950413,0.22629107981220659,0.8555467978216004
HistGB Base,Abandoned or not functional,0.9958677685950413,0.22650375939849623,0.8555467978216004
HistGB Base,Abandoned or not functional,0.9958677685950413,0.22671683913452492,0.8555467978216004
HistGB Base,Abandoned or not functional,0.9958677685950413,0.22693032015065914,0.8555467978216004
HistGB Base,Abandoned or not functional,0.9958677685950413,0.22714420358152687,0.8555467978216004
HistGB Base,Abandoned or not functional,0.9958677685950413,0.22735849056603774,0.8555467978216004
HistGB Base,Abandoned or not functional,0.9958677685950413,0.22757318224740322,0.8555467978216004
HistGB Base,Abandoned or not functional,0.9958677685950413,0.2277882797731569,0.8555467978216004
HistGB Base,Abandoned or not functional,0.9958677685950413,0.228003784295175,0.8555467978216004
HistGB Base,Abandoned or not functional,0.9958677685950413,0.22821969696969696,0.8555467978216004
HistGB Base,Abandoned or not functional,0.9958677685950413,0.22843601895734597,0.8555467978216004
HistGB Base,Abandoned or not functional,0.9958677685950413,0.2286527514231499,0.8555467978216004
HistGB Base,Abandoned or not functional,0.9958677685950413,0.2288698955365622,0.8555467978216004
HistGB Base,Abandoned or not functional,0.9958677685950413,0.22908745247148288,0.8555467978216004
HistGB Base,Abandoned or not functional,0.9958677685950413,0.22930542340627974,0.8555467978216004
HistGB Base,Abandoned or not functional,0.9958677685950413,0.22952380952380952,0.8555467978216004
HistGB Base,Abandoned or not functional,0.9958677685950413,0.22974261201143947,0.8555467978216004
HistGB Base,Abandoned or not functional,0.9958677685950413,0.2299618320610687,0.8555467978216004
HistGB Base,Abandoned or not functional,0.9958677685950413,0.23018147086914995,0.8555467978216004
HistGB Base,Abandoned or not functional,0.9958677685950413,0.2304015296367113,0.8555467978216004
HistGB Base,Abandoned or not functional,0.9958677685950413,0.23062200956937798,0.8555467978216004
HistGB Base,Abandoned or not functional,0.9958677685950413,0.23084291187739464,0.8555467978216004
HistGB Base,Abandoned or not functional,0.9958677685950413,0.23106423777564716,0.8555467978216004
HistGB Base,Abandoned or not functional,0.9958677685950413,0.23128598848368523,0.8555467978216004
HistGB Base,Abandoned or not functional,0.9958677685950413,0.23150816522574447,0.8555467978216004
HistGB Base,Abandoned or not functional,0.9958677685950413,0.23173076923076924,0.8555467978216004
HistGB Base,Abandoned or not functional,0.9958677685950413,0.23195380173243504,0.8555467978216004
HistGB Base,Abandoned or not functional,0.9958677685950413,0.2321772639691715,0.8555467978216004
HistGB Base,Abandoned or not functional,0.9958677685950413,0.23240115718418514,0.8555467978216004
HistGB Base,Abandoned or not functional,0.9958677685950413,0.23262548262548263,0.8555467978216004
HistGB Base,Abandoned or not functional,0.9958677685950413,0.23285024154589373,0.8555467978216004
HistGB Base,Abandoned or not functional,0.9958677685950413,0.2330754352030948,0.8555467978216004
HistGB Base,Abandoned or not functional,0.9958677685950413,0.23330106485963215,0.8555467978216004
HistGB Base,Abandoned or not functional,0.9958677685950413,0.23352713178294573,0.8555467978216004
HistGB Base,Abandoned or not functional,0.9958677685950413,0.23375363724539283,0.8555467978216004
HistGB Base,Abandoned or not functional,0.9958677685950413,0.23398058252427184,0.8555467978216004
HistGB Base,Abandoned or not functional,0.9958677685950413,0.23420796890184645,0.8555467978216004
HistGB Base,Abandoned or not functional,0.9958677685950413,0.23443579766536965,0.8555467978216004
HistGB Base,Abandoned or not functional,0.9958677685950413,0.23466407010710807,0.8555467978216004
HistGB Base,Abandoned or not functional,0.9958677685950413,0.23489278752436646,0.8555467978216004
HistGB Base,Abandoned or not functional,0.9958677685950413,0.23512195121951218,0.8555467978216004
HistGB Base,Abandoned or not functional,0.9958677685950413,0.2353515625,0.8555467978216004
HistGB Base,Abandoned or not functional,0.9958677685950413,0.23558162267839688,0.8555467978216004
HistGB Base,Abandoned or not functional,0.9958677685950413,0.23581213307240703,0.8555467978216004
HistGB Base,Abandoned or not functional,0.9958677685950413,0.23604309500489715,0.8555467978216004
HistGB Base,Abandoned or not functional,0.9958677685950413,0.23627450980392156,0.8555467978216004
HistGB Base,Abandoned or not functional,0.9958677685950413,0.2365063788027478,0.8555467978216004
HistGB Base,Abandoned or not functional,0.9958677685950413,0.23673870333988212,0.8555467978216004
HistGB Base,Abandoned or not functional,0.9958677685950413,0.23697148475909538,0.8555467978216004
HistGB Base,Abandoned or not functional,0.9958677685950413,0.2372047244094488,0.8555467978216004
HistGB Base,Abandoned or not functional,0.9958677685950413,0.2374384236453202,0.8555467978216004
HistGB Base,Abandoned or not functional,0.9958677685950413,0.23767258382642997,0.8555467978216004
HistGB Base,Abandoned or not functional,0.9958677685950413,0.23790720631786771,0.8555467978216004
HistGB Base,Abandoned or not functional,0.9958677685950413,0.2381422924901186,0.8555467978216004
HistGB Base,Abandoned or not functional,0.9958677685950413,0.23837784371909002,0.8555467978216004
HistGB Base,Abandoned or not functional,0.9958677685950413,0.2386138613861386,0.8555467978216004
HistGB Base,Abandoned or not functional,0.9958677685950413,0.23885034687809711,0.8555467978216004
HistGB Base,Abandoned or not functional,0.9958677685950413,0.2390873015873016,0.8555467978216004
HistGB Base,Abandoned or not functional,0.9958677685950413,0.23932472691161866,0.8555467978216004
HistGB Base,Abandoned or not functional,0.9958677685950413,0.23956262425447317,0.8555467978216004
HistGB Base,Abandoned or not functional,0.9958677685950413,0.23980099502487562,0.8555467978216004
HistGB Base,Abandoned or not functional,0.9958677685950413,0.2400398406374502,0.8555467978216004
HistGB Base,Abandoned or not functional,0.9958677685950413,0.24027916251246262,0.8555467978216004
HistGB Base,Abandoned or not functional,0.9958677685950413,0.2405189620758483,0.8555467978216004
HistGB Base,Abandoned or not functional,0.9958677685950413,0.24075924075924077,0.8555467978216004
HistGB Base,Abandoned or not functional,0.9958677685950413,0.241,0.8555467978216004
HistGB Base,Abandoned or not functional,0.9958677685950413,0.24124124124124124,0.8555467978216004
HistGB Base,Abandoned or not functional,0.9958677685950413,0.24148296593186372,0.8555467978216004
HistGB Base,Abandoned or not functional,0.9958677685950413,0.24172517552657974,0.8555467978216004
HistGB Base,Abandoned or not functional,0.9958677685950413,0.2419678714859438,0.8555467978216004
HistGB Base,Abandoned or not functional,0.9958677685950413,0.2422110552763819,0.8555467978216004
HistGB Base,Abandoned or not functional,0.9958677685950413,0.24245472837022133,0.8555467978216004
HistGB Base,Abandoned or not functional,0.9958677685950413,0.24269889224572003,0.8555467978216004
HistGB Base,Abandoned or not functional,0.9958677685950413,0.24294354838709678,0.8555467978216004
HistGB Base,Abandoned or not functional,0.9958677685950413,0.24318869828456105,0.8555467978216004
HistGB Base,Abandoned or not functional,0.9958677685950413,0.24343434343434345,0.8555467978216004
HistGB Base,Abandoned or not functional,0.9958677685950413,0.243680485338726,0.8555467978216004
HistGB Base,Abandoned or not functional,0.9958677685950413,0.24392712550607287,0.8555467978216004
HistGB Base,Abandoned or not functional,0.9958677685950413,0.24417426545086118,0.8555467978216004
HistGB Base,Abandoned or not functional,0.9958677685950413,0.24442190669371197,0.8555467978216004
HistGB Base,Abandoned or not functional,0.9958677685950413,0.24467005076142131,0.8555467978216004
HistGB Base,Abandoned or not functional,0.9958677685950413,0.24491869918699186,0.8555467978216004
HistGB Base,Abandoned or not functional,0.9958677685950413,0.2451678535096643,0.8555467978216004
HistGB Base,Abandoned or not functional,0.9958677685950413,0.2454175152749491,0.8555467978216004
HistGB Base,Abandoned or not functional,0.9958677685950413,0.24566768603465852,0.8555467978216004
HistGB Base,Abandoned or not functional,0.9958677685950413,0.24591836734693878,0.8555467978216004
HistGB Base,Abandoned or not functional,0.9958677685950413,0.24616956077630234,0.8555467978216004
HistGB Base,Abandoned or not functional,0.9958677685950413,0.24642126789366053,0.8555467978216004
HistGB Base,Abandoned or not functional,0.9958677685950413,0.24667349027635618,0.8555467978216004
HistGB Base,Abandoned or not functional,0.9958677685950413,0.24692622950819673,0.8555467978216004
HistGB Base,Abandoned or not functional,0.9958677685950413,0.24717948717948718,0.8555467978216004
HistGB Base,Abandoned or not functional,0.9958677685950413,0.24743326488706366,0.8555467978216004
HistGB Base,Abandoned or not functional,0.9958677685950413,0.24768756423432683,0.8555467978216004
HistGB Base,Abandoned or not functional,0.9958677685950413,0.24794238683127573,0.8555467978216004
HistGB Base,Abandoned or not functional,0.9958677685950413,0.2481977342945417,0.8555467978216004
HistGB Base,Abandoned or not functional,0.9958677685950413,0.24845360824742269,0.8555467978216004
HistGB Base,Abandoned or not functional,0.9958677685950413,0.24871001031991744,0.8555467978216004
HistGB Base,Abandoned or not functional,0.9958677685950413,0.24896694214876033,0.8555467978216004
HistGB Base,Abandoned or not functional,0.9958677685950413,0.24922440537745605,0.8555467978216004
HistGB Base,Abandoned or not functional,0.9958677685950413,0.2494824016563147,0.8555467978216004
HistGB Base,Abandoned or not functional,0.9958677685950413,0.24974093264248703,0.8555467978216004
HistGB Base,Abandoned or not functional,0.9958677685950413,0.25,0.8555467978216004
HistGB Base,Abandoned or not functional,0.9958677685950413,0.2502596053997923,0.8555467978216004
HistGB Base,Abandoned or not functional,0.9958677685950413,0.2505197505197505,0.8555467978216004
HistGB Base,Abandoned or not functional,0.9958677685950413,0.25078043704474506,0.8555467978216004
HistGB Base,Abandoned or not functional,0.9958677685950413,0.25104166666666666,0.8555467978216004
HistGB Base,Abandoned or not functional,0.9958677685950413,0.251303441084463,0.8555467978216004
HistGB Base,Abandoned or not functional,0.9958677685950413,0.25156576200417535,0.8555467978216004
HistGB Base,Abandoned or not functional,0.9958677685950413,0.25182863113897597,0.8555467978216004
HistGB Base,Abandoned or not functional,0.9958677685950413,0.252092050209205,0.8555467978216004
HistGB Base,Abandoned or not functional,0.9958677685950413,0.2523560209424084,0.8555467978216004
HistGB Base,Abandoned or not functional,0.9958677685950413,0.2526205450733753,0.8555467978216004
HistGB Base,Abandoned or not functional,0.9958677685950413,0.2528856243441763,0.8555467978216004
HistGB Base,Abandoned or not functional,0.9958677685950413,0.25315126050420167,0.8555467978216004
HistGB Base,Abandoned or not functional,0.9958677685950413,0.25341745531019977,0.8555467978216004
HistGB Base,Abandoned or not functional,0.9958677685950413,0.2536842105263158,0.8555467978216004
HistGB Base,Abandoned or not functional,0.9958677685950413,0.25395152792413067,0.8555467978216004
HistGB Base,Abandoned or not functional,0.9958677685950413,0.2542194092827004,0.8555467978216004
HistGB Base,Abandoned or not functional,0.9958677685950413,0.25448785638859556,0.8555467978216004
HistGB Base,Abandoned or not functional,0.9958677685950413,0.2547568710359408,0.8555467978216004
HistGB Base,Abandoned or not functional,0.9958677685950413,0.25502645502645505,0.8555467978216004
HistGB Base,Abandoned or not functional,0.9958677685950413,0.2552966101694915,0.8555467978216004
HistGB Base,Abandoned or not functional,0.9958677685950413,0.25556733828207845,0.8555467978216004
HistGB Base,Abandoned or not functional,0.9958677685950413,0.25583864118895966,0.8555467978216004
HistGB Base,Abandoned or not functional,0.9958677685950413,0.2561105207226355,0.8555467978216004
HistGB Base,Abandoned or not functional,0.9958677685950413,0.25638297872340426,0.8555467978216004
HistGB Base,Abandoned or not functional,0.9958677685950413,0.2566560170394036,0.8555467978216004
HistGB Base,Abandoned or not functional,0.9958677685950413,0.25692963752665243,0.8555467978216004
HistGB Base,Abandoned or not functional,0.9958677685950413,0.25720384204909286,0.8555467978216004
HistGB Base,Abandoned or not functional,0.9958677685950413,0.25747863247863245,0.8555467978216004
HistGB Base,Abandoned or not functional,0.9958677685950413,0.25775401069518716,0.8555467978216004
HistGB Base,Abandoned or not functional,0.9958677685950413,0.2580299785867238,0.8555467978216004
HistGB Base,Abandoned or not functional,0.9958677685950413,0.2583065380493033,0.8555467978216004
HistGB Base,Abandoned or not functional,0.9958677685950413,0.25858369098712447,0.8555467978216004
HistGB Base,Abandoned or not functional,0.9958677685950413,0.2588614393125671,0.8555467978216004
HistGB Base,Abandoned or not functional,0.9958677685950413,0.2591397849462366,0.8555467978216004
HistGB Base,Abandoned or not functional,0.9917355371900827,0.25834230355220666,0.8555467978216004
HistGB Base,Abandoned or not functional,0.9917355371900827,0.25862068965517243,0.8555467978216004
HistGB Base,Abandoned or not functional,0.9917355371900827,0.2588996763754045,0.8555467978216004
HistGB Base,Abandoned or not functional,0.9917355371900827,0.2591792656587473,0.8555467978216004
HistGB Base,Abandoned or not functional,0.9917355371900827,0.2594594594594595,0.8555467978216004
HistGB Base,Abandoned or not functional,0.9917355371900827,0.2597402597402597,0.8555467978216004
HistGB Base,Abandoned or not functional,0.9917355371900827,0.2600216684723727,0.8555467978216004
HistGB Base,Abandoned or not functional,0.9917355371900827,0.2603036876355748,0.8555467978216004
HistGB Base,Abandoned or not functional,0.9917355371900827,0.26058631921824105,0.8555467978216004
HistGB Base,Abandoned or not functional,0.9917355371900827,0.2608695652173913,0.8555467978216004
HistGB Base,Abandoned or not functional,0.9917355371900827,0.2611534276387378,0.8555467978216004
HistGB Base,Abandoned or not functional,0.9917355371900827,0.26143790849673204,0.8555467978216004
HistGB Base,Abandoned or not functional,0.9917355371900827,0.2617230098146129,0.8555467978216004
HistGB Base,Abandoned or not functional,0.9917355371900827,0.26200873362445415,0.8555467978216004
HistGB Base,Abandoned or not functional,0.9917355371900827,0.26229508196721313,0.8555467978216004
HistGB Base,Abandoned or not functional,0.9917355371900827,0.26258205689277897,0.8555467978216004
HistGB Base,Abandoned or not functional,0.9917355371900827,0.2628696604600219,0.8555467978216004
HistGB Base,Abandoned or not functional,0.9917355371900827,0.2631578947368421,0.8555467978216004
HistGB Base,Abandoned or not functional,0.9917355371900827,0.26344676180021953,0.8555467978216004
HistGB Base,Abandoned or not functional,0.9917355371900827,0.26373626373626374,0.8555467978216004
HistGB Base,Abandoned or not functional,0.9917355371900827,0.264026402640264,0.8555467978216004
HistGB Base,Abandoned or not functional,0.9917355371900827,0.2643171806167401,0.8555467978216004
HistGB Base,Abandoned or not functional,0.9917355371900827,0.26460859977949286,0.8555467978216004
HistGB Base,Abandoned or not functional,0.9917355371900827,0.26490066225165565,0.8555467978216004
HistGB Base,Abandoned or not functional,0.9917355371900827,0.26519337016574585,0.8555467978216004
HistGB Base,Abandoned or not functional,0.9917355371900827,0.26548672566371684,0.8555467978216004
HistGB Base,Abandoned or not functional,0.9917355371900827,0.26578073089701,0.8555467978216004
HistGB Base,Abandoned or not functional,0.9917355371900827,0.2660753880266075,0.8555467978216004
HistGB Base,Abandoned or not functional,0.9917355371900827,0.2663706992230855,0.8555467978216004
HistGB Base,Abandoned or not functional,0.9917355371900827,0.26666666666666666,0.8555467978216004
HistGB Base,Abandoned or not functional,0.9917355371900827,0.26696329254727474,0.8555467978216004
HistGB Base,Abandoned or not functional,0.9917355371900827,0.267260579064588,0.8555467978216004
HistGB Base,Abandoned or not functional,0.9917355371900827,0.26755852842809363,0.8555467978216004
HistGB Base,Abandoned or not functional,0.9917355371900827,0.26785714285714285,0.8555467978216004
HistGB Base,Abandoned or not functional,0.9917355371900827,0.2681564245810056,0.8555467978216004
HistGB Base,Abandoned or not functional,0.9917355371900827,0.2684563758389262,0.8555467978216004
HistGB Base,Abandoned or not functional,0.9917355371900827,0.2687569988801792,0.8555467978216004
HistGB Base,Abandoned or not functional,0.9917355371900827,0.26905829596412556,0.8555467978216004
HistGB Base,Abandoned or not functional,0.9917355371900827,0.26936026936026936,0.8555467978216004
HistGB Base,Abandoned or not functional,0.9917355371900827,0.2696629213483146,0.8555467978216004
HistGB Base,Abandoned or not functional,0.9917355371900827,0.26996625421822273,0.8555467978216004
HistGB Base,Abandoned or not functional,0.9917355371900827,0.2702702702702703,0.8555467978216004
HistGB Base,Abandoned or not functional,0.9917355371900827,0.2705749718151071,0.8555467978216004
HistGB Base,Abandoned or not functional,0.9917355371900827,0.2708803611738149,0.8555467978216004
HistGB Base,Abandoned or not functional,0.9917355371900827,0.2711864406779661,0.8555467978216004
HistGB Base,Abandoned or not functional,0.9917355371900827,0.27149321266968324,0.8555467978216004
HistGB Base,Abandoned or not functional,0.9917355371900827,0.2718006795016987,0.8555467978216004
HistGB Base,Abandoned or not functional,0.9917355371900827,0.272108843537415,0.8555467978216004
HistGB Base,Abandoned or not functional,0.9917355371900827,0.2724177071509648,0.8555467978216004
HistGB Base,Abandoned or not functional,0.9917355371900827,0.2727272727272727,0.8555467978216004
HistGB Base,Abandoned or not functional,0.9917355371900827,0.27303754266211605,0.8555467978216004
HistGB Base,Abandoned or not functional,0.9917355371900827,0.2733485193621868,0.8555467978216004
HistGB Base,Abandoned or not functional,0.9917355371900827,0.27366020524515394,0.8555467978216004
HistGB Base,Abandoned or not functional,0.9917355371900827,0.273972602739726,0.8555467978216004
HistGB Base,Abandoned or not functional,0.9917355371900827,0.2742857142857143,0.8555467978216004
HistGB Base,Abandoned or not functional,0.9917355371900827,0.2745995423340961,0.8555467978216004
HistGB Base,Abandoned or not functional,0.9917355371900827,0.27491408934707906,0.8555467978216004
HistGB Base,Abandoned or not functional,0.9917355371900827,0.27522935779816515,0.8555467978216004
HistGB Base,Abandoned or not functional,0.9917355371900827,0.2755453501722158,0.8555467978216004
HistGB Base,Abandoned or not functional,0.9917355371900827,0.27586206896551724,0.8555467978216004
HistGB Base,Abandoned or not functional,0.9917355371900827,0.2761795166858458,0.8555467978216004
HistGB Base,Abandoned or not functional,0.9917355371900827,0.2764976958525346,0.8555467978216004
HistGB Base,Abandoned or not functional,0.9917355371900827,0.2768166089965398,0.8555467978216004
HistGB Base,Abandoned or not functional,0.9917355371900827,0.27713625866050806,0.8555467978216004
HistGB Base,Abandoned or not functional,0.9917355371900827,0.2774566473988439,0.8555467978216004
HistGB Base,Abandoned or not functional,0.9917355371900827,0.2777777777777778,0.8555467978216004
HistGB Base,Abandoned or not functional,0.9917355371900827,0.27809965237543455,0.8555467978216004
HistGB Base,Abandoned or not functional,0.9917355371900827,0.27842227378190254,0.8555467978216004
HistGB Base,Abandoned or not functional,0.9917355371900827,0.2787456445993031,0.8555467978216004
HistGB Base,Abandoned or not functional,0.9917355371900827,0.27906976744186046,0.8555467978216004
HistGB Base,Abandoned or not functional,0.9917355371900827,0.27939464493597205,0.8555467978216004
HistGB Base,Abandoned or not functional,0.9917355371900827,0.27972027972027974,0.8555467978216004
HistGB Base,Abandoned or not functional,0.9917355371900827,0.28004667444574094,0.8555467978216004
HistGB Base,Abandoned or not functional,0.9917355371900827,0.2803738317757009,0.8555467978216004
HistGB Base,Abandoned or not functional,0.9917355371900827,0.2807017543859649,0.8555467978216004
HistGB Base,Abandoned or not functional,0.9917355371900827,0.2810304449648712,0.8555467978216004
HistGB Base,Abandoned or not functional,0.9917355371900827,0.2813599062133646,0.8555467978216004
HistGB Base,Abandoned or not functional,0.9917355371900827,0.28169014084507044,0.8555467978216004
HistGB Base,Abandoned or not functional,0.9917355371900827,0.282021151586369,0.8555467978216004
HistGB Base,Abandoned or not functional,0.9917355371900827,0.2823529411764706,0.8555467978216004
HistGB Base,Abandoned or not functional,0.9917355371900827,0.2826855123674912,0.8555467978216004
HistGB Base,Abandoned or not functional,0.9917355371900827,0.2830188679245283,0.8555467978216004
HistGB Base,Abandoned or not functional,0.9917355371900827,0.2833530106257379,0.8555467978216004
HistGB Base,Abandoned or not functional,0.9917355371900827,0.28368794326241137,0.8555467978216004
HistGB Base,Abandoned or not functional,0.9917355371900827,0.28402366863905326,0.8555467978216004
HistGB Base,Abandoned or not functional,0.9917355371900827,0.2843601895734597,0.8555467978216004
HistGB Base,Abandoned or not functional,0.9917355371900827,0.2846975088967972,0.8555467978216004
HistGB Base,Abandoned or not functional,0.9917355371900827,0.2850356294536817,0.8555467978216004
HistGB Base,Abandoned or not functional,0.9917355371900827,0.2853745541022592,0.8555467978216004
HistGB Base,Abandoned or not functional,0.9917355371900827,0.2857142857142857,0.8555467978216004
HistGB Base,Abandoned or not functional,0.9917355371900827,0.2860548271752086,0.8555467978216004
HistGB Base,Abandoned or not functional,0.9917355371900827,0.2863961813842482,0.8555467978216004
HistGB Base,Abandoned or not functional,0.9917355371900827,0.2867383512544803,0.8555467978216004
HistGB Base,Abandoned or not functional,0.9917355371900827,0.28708133971291866,0.8555467978216004
HistGB Base,Abandoned or not functional,0.9917355371900827,0.2874251497005988,0.8555467978216004
HistGB Base,Abandoned or not functional,0.9917355371900827,0.28776978417266186,0.8555467978216004
HistGB Base,Abandoned or not functional,0.9917355371900827,0.28811524609843936,0.8555467978216004
HistGB Base,Abandoned or not functional,0.9917355371900827,0.28846153846153844,0.8555467978216004
HistGB Base,Abandoned or not functional,0.9917355371900827,0.2888086642599278,0.8555467978216004
HistGB Base,Abandoned or not functional,0.9917355371900827,0.2891566265060241,0.8555467978216004
HistGB Base,Abandoned or not functional,0.9917355371900827,0.28950542822677927,0.8555467978216004
HistGB Base,Abandoned or not functional,0.9917355371900827,0.2898550724637681,0.8555467978216004
HistGB Base,Abandoned or not functional,0.9917355371900827,0.29020556227327693,0.8555467978216004
HistGB Base,Abandoned or not functional,0.9917355371900827,0.29055690072639223,0.8555467978216004
HistGB Base,Abandoned or not functional,0.9917355371900827,0.2909090909090909,0.8555467978216004
HistGB Base,Abandoned or not functional,0.9917355371900827,0.2912621359223301,0.8555467978216004
HistGB Base,Abandoned or not functional,0.9917355371900827,0.2916160388821385,0.8555467978216004
HistGB Base,Abandoned or not functional,0.9917355371900827,0.291970802919708,0.8555467978216004
HistGB Base,Abandoned or not functional,0.9917355371900827,0.292326431181486,0.8555467978216004
HistGB Base,Abandoned or not functional,0.9917355371900827,0.2926829268292683,0.8555467978216004
HistGB Base,Abandoned or not functional,0.9917355371900827,0.29304029304029305,0.8555467978216004
HistGB Base,Abandoned or not functional,0.9917355371900827,0.293398533007335,0.8555467978216004
HistGB Base,Abandoned or not functional,0.9917355371900827,0.2937576499388005,0.8555467978216004
HistGB Base,Abandoned or not functional,0.9917355371900827,0.29411764705882354,0.8555467978216004
HistGB Base,Abandoned or not functional,0.9917355371900827,0.294478527607362,0.8555467978216004
HistGB Base,Abandoned or not functional,0.9917355371900827,0.29484029484029484,0.8555467978216004
HistGB Base,Abandoned or not functional,0.9917355371900827,0.2952029520295203,0.8555467978216004
HistGB Base,Abandoned or not functional,0.9917355371900827,0.2955665024630542,0.8555467978216004
HistGB Base,Abandoned or not functional,0.9917355371900827,0.2959309494451295,0.8555467978216004
HistGB Base,Abandoned or not functional,0.9917355371900827,0.2962962962962963,0.8555467978216004
HistGB Base,Abandoned or not functional,0.9917355371900827,0.29666254635352285,0.8555467978216004
HistGB Base,Abandoned or not functional,0.9917355371900827,0.297029702970297,0.8555467978216004
HistGB Base,Abandoned or not functional,0.9917355371900827,0.29739776951672864,0.8555467978216004
HistGB Base,Abandoned or not functional,0.9917355371900827,0.2977667493796526,0.8555467978216004
HistGB Base,Abandoned or not functional,0.9917355371900827,0.2981366459627329,0.8555467978216004
HistGB Base,Abandoned or not functional,0.9917355371900827,0.29850746268656714,0.8555467978216004
HistGB Base,Abandoned or not functional,0.9917355371900827,0.298879202988792,0.8555467978216004
HistGB Base,Abandoned or not functional,0.9917355371900827,0.29925187032418954,0.8555467978216004
HistGB Base,Abandoned or not functional,0.9917355371900827,0.299625468164794,0.8555467978216004
HistGB Base,Abandoned or not functional,0.9917355371900827,0.3,0.8555467978216004
HistGB Base,Abandoned or not functional,0.9917355371900827,0.30037546933667086,0.8555467978216004
HistGB Base,Abandoned or not functional,0.9917355371900827,0.3007518796992481,0.8555467978216004
HistGB Base,Abandoned or not functional,0.9917355371900827,0.30112923462986196,0.8555467978216004
HistGB Base,Abandoned or not functional,0.9917355371900827,0.3015075376884422,0.8555467978216004
HistGB Base,Abandoned or not functional,0.9917355371900827,0.3018867924528302,0.8555467978216004
HistGB Base,Abandoned or not functional,0.9917355371900827,0.3022670025188917,0.8555467978216004
HistGB Base,Abandoned or not functional,0.9917355371900827,0.3026481715006305,0.8555467978216004
HistGB Base,Abandoned or not functional,0.9917355371900827,0.30303030303030304,0.8555467978216004
HistGB Base,Abandoned or not functional,0.9917355371900827,0.3034134007585335,0.8555467978216004
HistGB Base,Abandoned or not functional,0.9917355371900827,0.3037974683544304,0.8555467978216004
HistGB Base,Abandoned or not functional,0.9917355371900827,0.3041825095057034,0.8555467978216004
HistGB Base,Abandoned or not functional,0.9917355371900827,0.30456852791878175,0.8555467978216004
HistGB Base,Abandoned or not functional,0.9917355371900827,0.30495552731893266,0.8555467978216004
HistGB Base,Abandoned or not functional,0.9917355371900827,0.3053435114503817,0.8555467978216004
HistGB Base,Abandoned or not functional,0.9917355371900827,0.3057324840764331,0.8555467978216004
HistGB Base,Abandoned or not functional,0.9917355371900827,0.30612244897959184,0.8555467978216004
HistGB Base,Abandoned or not functional,0.9917355371900827,0.3065134099616858,0.8555467978216004
HistGB Base,Abandoned or not functional,0.9917355371900827,0.3069053708439898,0.8555467978216004
HistGB Base,Abandoned or not functional,0.9917355371900827,0.3072983354673495,0.8555467978216004
HistGB Base,Abandoned or not functional,0.9917355371900827,0.3076923076923077,0.8555467978216004
HistGB Base,Abandoned or not functional,0.9917355371900827,0.3080872913992298,0.8555467978216004
HistGB Base,Abandoned or not functional,0.9917355371900827,0.30848329048843187,0.8555467978216004
HistGB Base,Abandoned or not functional,0.9917355371900827,0.3088803088803089,0.8555467978216004
HistGB Base,Abandoned or not functional,0.9917355371900827,0.30927835051546393,0.8555467978216004
HistGB Base,Abandoned or not functional,0.9917355371900827,0.3096774193548387,0.8555467978216004
HistGB Base,Abandoned or not functional,0.9917355371900827,0.31007751937984496,0.8555467978216004
HistGB Base,Abandoned or not functional,0.9917355371900827,0.31047865459249674,0.8555467978216004
HistGB Base,Abandoned or not functional,0.9917355371900827,0.31088082901554404,0.8555467978216004
HistGB Base,Abandoned or not functional,0.9917355371900827,0.311284046692607,0.8555467978216004
HistGB Base,Abandoned or not functional,0.9917355371900827,0.3116883116883117,0.8555467978216004
HistGB Base,Abandoned or not functional,0.9917355371900827,0.31209362808842656,0.8555467978216004
HistGB Base,Abandoned or not functional,0.9917355371900827,0.3125,0.8555467978216004
HistGB Base,Abandoned or not functional,0.9917355371900827,0.31290743155149936,0.8555467978216004
HistGB Base,Abandoned or not functional,0.9917355371900827,0.3133159268929504,0.8555467978216004
HistGB Base,Abandoned or not functional,0.9917355371900827,0.3137254901960784,0.8555467978216004
HistGB Base,Abandoned or not functional,0.9917355371900827,0.31413612565445026,0.8555467978216004
HistGB Base,Abandoned or not functional,0.9917355371900827,0.3145478374836173,0.8555467978216004
HistGB Base,Abandoned or not functional,0.9917355371900827,0.31496062992125984,0.8555467978216004
HistGB Base,Abandoned or not functional,0.9917355371900827,0.31537450722733246,0.8555467978216004
HistGB Base,Abandoned or not functional,0.9917355371900827,0.3157894736842105,0.8555467978216004
HistGB Base,Abandoned or not functional,0.9917355371900827,0.31620553359683795,0.8555467978216004
HistGB Base,Abandoned or not functional,0.9917355371900827,0.316622691292876,0.8555467978216004
HistGB Base,Abandoned or not functional,0.9917355371900827,0.31704095112285335,0.8555467978216004
HistGB Base,Abandoned or not functional,0.9917355371900827,0.31746031746031744,0.8555467978216004
HistGB Base,Abandoned or not functional,0.9917355371900827,0.31788079470198677,0.8555467978216004
HistGB Base,Abandoned or not functional,0.9917355371900827,0.3183023872679045,0.8555467978216004
HistGB Base,Abandoned or not functional,0.9917355371900827,0.3187250996015936,0.8555467978216004
HistGB Base,Abandoned or not functional,0.9917355371900827,0.3191489361702128,0.8555467978216004
HistGB Base,Abandoned or not functional,0.9917355371900827,0.3195739014647137,0.8555467978216004
HistGB Base,Abandoned or not functional,0.9917355371900827,0.32,0.8555467978216004
HistGB Base,Abandoned or not functional,0.9917355371900827,0.3204272363150868,0.8555467978216004
HistGB Base,Abandoned or not functional,0.9917355371900827,0.32085561497326204,0.8555467978216004
HistGB Base,Abandoned or not functional,0.9917355371900827,0.321285140562249,0.8555467978216004
HistGB Base,Abandoned or not functional,0.987603305785124,0.3203753351206434,0.8555467978216004
HistGB Base,Abandoned or not functional,0.987603305785124,0.3208053691275168,0.8555467978216004
HistGB Base,Abandoned or not functional,0.987603305785124,0.32123655913978494,0.8555467978216004
HistGB Base,Abandoned or not functional,0.987603305785124,0.32166890982503366,0.8555467978216004
HistGB Base,Abandoned or not functional,0.987603305785124,0.3221024258760108,0.8555467978216004
HistGB Base,Abandoned or not functional,0.987603305785124,0.3225371120107962,0.8555467978216004
HistGB Base,Abandoned or not functional,0.987603305785124,0.32297297297297295,0.8555467978216004
HistGB Base,Abandoned or not functional,0.987603305785124,0.3234100135317997,0.8555467978216004
HistGB Base,Abandoned or not functional,0.987603305785124,0.3238482384823848,0.8555467978216004
HistGB Base,Abandoned or not functional,0.987603305785124,0.3242876526458616,0.8555467978216004
HistGB Base,Abandoned or not functional,0.987603305785124,0.32472826086956524,0.8555467978216004
HistGB Base,Abandoned or not functional,0.987603305785124,0.3251700680272109,0.8555467978216004
HistGB Base,Abandoned or not functional,0.987603305785124,0.32561307901907355,0.8555467978216004
HistGB Base,Abandoned or not functional,0.987603305785124,0.32605729877216916,0.8555467978216004
HistGB Base,Abandoned or not functional,0.987603305785124,0.32650273224043713,0.8555467978216004
HistGB Base,Abandoned or not functional,0.987603305785124,0.32694938440492477,0.8555467978216004
HistGB Base,Abandoned or not functional,0.987603305785124,0.3273972602739726,0.8555467978216004
HistGB Base,Abandoned or not functional,0.987603305785124,0.3278463648834019,0.8555467978216004
HistGB Base,Abandoned or not functional,0.987603305785124,0.3282967032967033,0.8555467978216004
HistGB Base,Abandoned or not functional,0.987603305785124,0.328748280605227,0.8555467978216004
HistGB Base,Abandoned or not functional,0.987603305785124,0.32920110192837465,0.8555467978216004
HistGB Base,Abandoned or not functional,0.987603305785124,0.3296551724137931,0.8555467978216004
HistGB Base,Abandoned or not functional,0.987603305785124,0.3301104972375691,0.8555467978216004
HistGB Base,Abandoned or not functional,0.987603305785124,0.330567081604426,0.8555467978216004
HistGB Base,Abandoned or not functional,0.987603305785124,0.33102493074792244,0.8555467978216004
HistGB Base,Abandoned or not functional,0.987603305785124,0.3314840499306519,0.8555467978216004
HistGB Base,Abandoned or not functional,0.987603305785124,0.33194444444444443,0.8555467978216004
HistGB Base,Abandoned or not functional,0.987603305785124,0.33240611961057026,0.8555467978216004
HistGB Base,Abandoned or not functional,0.987603305785124,0.3328690807799443,0.8555467978216004
HistGB Base,Abandoned or not functional,0.987603305785124,0.3333333333333333,0.8555467978216004
HistGB Base,Abandoned or not functional,0.987603305785124,0.33379888268156427,0.8555467978216004
HistGB Base,Abandoned or not functional,0.987603305785124,0.33426573426573425,0.8555467978216004
HistGB Base,Abandoned or not functional,0.987603305785124,0.33473389355742295,0.8555467978216004
HistGB Base,Abandoned or not functional,0.987603305785124,0.33520336605890605,0.8555467978216004
HistGB Base,Abandoned or not functional,0.987603305785124,0.3356741573033708,0.8555467978216004
HistGB Base,Abandoned or not functional,0.987603305785124,0.3361462728551336,0.8555467978216004
HistGB Base,Abandoned or not functional,0.987603305785124,0.33661971830985915,0.8555467978216004
HistGB Base,Abandoned or not functional,0.987603305785124,0.33709449929478136,0.8555467978216004
HistGB Base,Abandoned or not functional,0.987603305785124,0.3375706214689266,0.8555467978216004
HistGB Base,Abandoned or not functional,0.987603305785124,0.33804809052333806,0.8555467978216004
HistGB Base,Abandoned or not functional,0.987603305785124,0.3385269121813031,0.8555467978216004
HistGB Base,Abandoned or not functional,0.987603305785124,0.33900709219858155,0.8555467978216004
HistGB Base,Abandoned or not functional,0.9834710743801653,0.3380681818181818,0.8555467978216004
HistGB Base,Abandoned or not functional,0.9834710743801653,0.3385490753911807,0.8555467978216004
HistGB Base,Abandoned or not functional,0.9834710743801653,0.33903133903133903,0.8555467978216004
HistGB Base,Abandoned or not functional,0.9834710743801653,0.33951497860199714,0.8555467978216004
HistGB Base,Abandoned or not functional,0.9834710743801653,0.34,0.8555467978216004
HistGB Base,Abandoned or not functional,0.9793388429752066,0.33905579399141633,0.8555467978216004
HistGB Base,Abandoned or not functional,0.9793388429752066,0.33954154727793695,0.8555467978216004
HistGB Base,Abandoned or not functional,0.9793388429752066,0.3400286944045911,0.8555467978216004
HistGB Base,Abandoned or not functional,0.9793388429752066,0.34051724137931033,0.8555467978216004
HistGB Base,Abandoned or not functional,0.9793388429752066,0.3410071942446043,0.8555467978216004
HistGB Base,Abandoned or not functional,0.9793388429752066,0.3414985590778098,0.8555467978216004
HistGB Base,Abandoned or not functional,0.9793388429752066,0.341991341991342,0.8555467978216004
HistGB Base,Abandoned or not functional,0.9793388429752066,0.342485549132948,0.8555467978216004
HistGB Base,Abandoned or not functional,0.9793388429752066,0.3429811866859624,0.8555467978216004
HistGB Base,Abandoned or not functional,0.9793388429752066,0.34347826086956523,0.8555467978216004
HistGB Base,Abandoned or not functional,0.9793388429752066,0.3439767779390421,0.8555467978216004
HistGB Base,Abandoned or not functional,0.9793388429752066,0.3444767441860465,0.8555467978216004
HistGB Base,Abandoned or not functional,0.9793388429752066,0.34497816593886466,0.8555467978216004
HistGB Base,Abandoned or not functional,0.9793388429752066,0.3454810495626822,0.8555467978216004
HistGB Base,Abandoned or not functional,0.9793388429752066,0.345985401459854,0.8555467978216004
HistGB Base,Abandoned or not functional,0.9793388429752066,0.34649122807017546,0.8555467978216004
HistGB Base,Abandoned or not functional,0.9793388429752066,0.34699853587115664,0.8555467978216004
HistGB Base,Abandoned or not functional,0.9793388429752066,0.34750733137829914,0.8555467978216004
HistGB Base,Abandoned or not functional,0.9793388429752066,0.34801762114537443,0.8555467978216004
HistGB Base,Abandoned or not functional,0.9793388429752066,0.34852941176470587,0.8555467978216004
HistGB Base,Abandoned or not functional,0.9793388429752066,0.3490427098674521,0.8555467978216004
HistGB Base,Abandoned or not functional,0.9793388429752066,0.3495575221238938,0.8555467978216004
HistGB Base,Abandoned or not functional,0.9793388429752066,0.3500738552437223,0.8555467978216004
HistGB Base,Abandoned or not functional,0.9793388429752066,0.3505917159763314,0.8555467978216004
HistGB Base,Abandoned or not functional,0.9793388429752066,0.3511111111111111,0.8555467978216004
HistGB Base,Abandoned or not functional,0.9793388429752066,0.3516320474777448,0.8555467978216004
HistGB Base,Abandoned or not functional,0.9793388429752066,0.3521545319465082,0.8555467978216004
HistGB Base,Abandoned or not functional,0.9793388429752066,0.35267857142857145,0.8555467978216004
HistGB Base,Abandoned or not functional,0.9793388429752066,0.353204172876304,0.8555467978216004
HistGB Base,Abandoned or not functional,0.9793388429752066,0.3537313432835821,0.8555467978216004
HistGB Base,Abandoned or not functional,0.9793388429752066,0.3542600896860987,0.8555467978216004
HistGB Base,Abandoned or not functional,0.9793388429752066,0.35479041916167664,0.8555467978216004
HistGB Base,Abandoned or not functional,0.9793388429752066,0.3553223388305847,0.8555467978216004
HistGB Base,Abandoned or not functional,0.9793388429752066,0.35585585585585583,0.8555467978216004
HistGB Base,Abandoned or not functional,0.9793388429752066,0.35639097744360904,0.8555467978216004
HistGB Base,Abandoned or not functional,0.9793388429752066,0.3569277108433735,0.8555467978216004
HistGB Base,Abandoned or not functional,0.9793388429752066,0.3574660633484163,0.8555467978216004
HistGB Base,Abandoned or not functional,0.9793388429752066,0.3580060422960725,0.8555467978216004
HistGB Base,Abandoned or not functional,0.9793388429752066,0.3585476550680787,0.8555467978216004
HistGB Base,Abandoned or not functional,0.9793388429752066,0.35909090909090907,0.8555467978216004
HistGB Base,Abandoned or not functional,0.9793388429752066,0.3596358118361153,0.8555467978216004
HistGB Base,Abandoned or not functional,0.9793388429752066,0.3601823708206687,0.8555467978216004
HistGB Base,Abandoned or not functional,0.9793388429752066,0.3607305936073059,0.8555467978216004
HistGB Base,Abandoned or not functional,0.9793388429752066,0.36128048780487804,0.8555467978216004
HistGB Base,Abandoned or not functional,0.9793388429752066,0.3618320610687023,0.8555467978216004
HistGB Base,Abandoned or not functional,0.9793388429752066,0.3623853211009174,0.8555467978216004
HistGB Base,Abandoned or not functional,0.9793388429752066,0.36294027565084225,0.8555467978216004
HistGB Base,Abandoned or not functional,0.9793388429752066,0.36349693251533743,0.8555467978216004
HistGB Base,Abandoned or not functional,0.9793388429752066,0.3640552995391705,0.8555467978216004
HistGB Base,Abandoned or not functional,0.9793388429752066,0.3646153846153846,0.8555467978216004
HistGB Base,Abandoned or not functional,0.9793388429752066,0.36517719568567025,0.8555467978216004
HistGB Base,Abandoned or not functional,0.9793388429752066,0.36574074074074076,0.8555467978216004
HistGB Base,Abandoned or not functional,0.9793388429752066,0.366306027820711,0.8555467978216004
HistGB Base,Abandoned or not functional,0.9793388429752066,0.3668730650154799,0.8555467978216004
HistGB Base,Abandoned or not functional,0.9793388429752066,0.3674418604651163,0.8555467978216004
HistGB Base,Abandoned or not functional,0.9793388429752066,0.36801242236024845,0.8555467978216004
HistGB Base,Abandoned or not functional,0.9793388429752066,0.36858475894245724,0.8555467978216004
HistGB Base,Abandoned or not functional,0.9793388429752066,0.3691588785046729,0.8555467978216004
HistGB Base,Abandoned or not functional,0.9793388429752066,0.36973478939157567,0.8555467978216004
HistGB Base,Abandoned or not functional,0.9793388429752066,0.3703125,0.8555467978216004
HistGB Base,Abandoned or not functional,0.9793388429752066,0.37089201877934275,0.8555467978216004
HistGB Base,Abandoned or not functional,0.9793388429752066,0.3714733542319749,0.8555467978216004
HistGB Base,Abandoned or not functional,0.9793388429752066,0.37205651491365777,0.8555467978216004
HistGB Base,Abandoned or not functional,0.9793388429752066,0.37264150943396224,0.8555467978216004
HistGB Base,Abandoned or not functional,0.9793388429752066,0.3732283464566929,0.8555467978216004
HistGB Base,Abandoned or not functional,0.9793388429752066,0.37381703470031546,0.8555467978216004
HistGB Base,Abandoned or not functional,0.9793388429752066,0.3744075829383886,0.8555467978216004
HistGB Base,Abandoned or not functional,0.9793388429752066,0.375,0.8555467978216004
HistGB Base,Abandoned or not functional,0.9793388429752066,0.375594294770206,0.8555467978216004
HistGB Base,Abandoned or not functional,0.9793388429752066,0.3761904761904762,0.8555467978216004
HistGB Base,Abandoned or not functional,0.9793388429752066,0.3767885532591415,0.8555467978216004
HistGB Base,Abandoned or not functional,0.9793388429752066,0.37738853503184716,0.8555467978216004
HistGB Base,Abandoned or not functional,0.9793388429752066,0.37799043062200954,0.8555467978216004
HistGB Base,Abandoned or not functional,0.9793388429752066,0.37859424920127793,0.8555467978216004
HistGB Base,Abandoned or not functional,0.9793388429752066,0.3792,0.8555467978216004
HistGB Base,Abandoned or not functional,0.9793388429752066,0.3798076923076923,0.8555467978216004
HistGB Base,Abandoned or not functional,0.9793388429752066,0.38041733547351525,0.8555467978216004
HistGB Base,Abandoned or not functional,0.9793388429752066,0.38102893890675243,0.8555467978216004
HistGB Base,Abandoned or not functional,0.9793388429752066,0.38164251207729466,0.8555467978216004
HistGB Base,Abandoned or not functional,0.9793388429752066,0.38225806451612904,0.8555467978216004
HistGB Base,Abandoned or not functional,0.9793388429752066,0.38287560581583197,0.8555467978216004
HistGB Base,Abandoned or not functional,0.9793388429752066,0.38349514563106796,0.8555467978216004
HistGB Base,Abandoned or not functional,0.9793388429752066,0.3841166936790924,0.8555467978216004
HistGB Base,Abandoned or not functional,0.9793388429752066,0.3847402597402597,0.8555467978216004
HistGB Base,Abandoned or not functional,0.9793388429752066,0.3853658536585366,0.8555467978216004
HistGB Base,Abandoned or not functional,0.9793388429752066,0.38599348534201955,0.8555467978216004
HistGB Base,Abandoned or not functional,0.9793388429752066,0.3866231647634584,0.8555467978216004
HistGB Base,Abandoned or not functional,0.9793388429752066,0.3872549019607843,0.8555467978216004
HistGB Base,Abandoned or not functional,0.9793388429752066,0.3878887070376432,0.8555467978216004
HistGB Base,Abandoned or not functional,0.9793388429752066,0.3885245901639344,0.8555467978216004
HistGB Base,Abandoned or not functional,0.9793388429752066,0.3891625615763547,0.8555467978216004
HistGB Base,Abandoned or not functional,0.9793388429752066,0.38980263157894735,0.8555467978216004
HistGB Base,Abandoned or not functional,0.9793388429752066,0.3904448105436573,0.8555467978216004
HistGB Base,Abandoned or not functional,0.9793388429752066,0.3910891089108911,0.8555467978216004
HistGB Base,Abandoned or not functional,0.9793388429752066,0.39173553719008264,0.8555467978216004
HistGB Base,Abandoned or not functional,0.9793388429752066,0.3923841059602649,0.8555467978216004
HistGB Base,Abandoned or not functional,0.9793388429752066,0.39303482587064675,0.8555467978216004
HistGB Base,Abandoned or not functional,0.9793388429752066,0.39368770764119604,0.8555467978216004
HistGB Base,Abandoned or not functional,0.9793388429752066,0.39434276206322794,0.8555467978216004
HistGB Base,Abandoned or not functional,0.9793388429752066,0.395,0.8555467978216004
HistGB Base,Abandoned or not functional,0.9793388429752066,0.39565943238731216,0.8555467978216004
HistGB Base,Abandoned or not functional,0.9793388429752066,0.3963210702341137,0.8555467978216004
HistGB Base,Abandoned or not functional,0.9793388429752066,0.3969849246231156,0.8555467978216004
HistGB Base,Abandoned or not functional,0.9793388429752066,0.3976510067114094,0.8555467978216004
HistGB Base,Abandoned or not functional,0.9752066115702479,0.39663865546218485,0.8555467978216004
HistGB Base,Abandoned or not functional,0.9752066115702479,0.39730639730639733,0.8555467978216004
HistGB Base,Abandoned or not functional,0.9752066115702479,0.3979763912310287,0.8555467978216004
HistGB Base,Abandoned or not functional,0.9752066115702479,0.39864864864864863,0.8555467978216004
HistGB Base,Abandoned or not functional,0.9752066115702479,0.3993231810490694,0.8555467978216004
HistGB Base,Abandoned or not functional,0.9752066115702479,0.4,0.8555467978216004
HistGB Base,Abandoned or not functional,0.9752066115702479,0.400679117147708,0.8555467978216004
HistGB Base,Abandoned or not functional,0.9710743801652892,0.39965986394557823,0.8555467978216004
HistGB Base,Abandoned or not functional,0.9710743801652892,0.40034071550255534,0.8555467978216004
HistGB Base,Abandoned or not functional,0.9710743801652892,0.40102389078498296,0.8555467978216004
HistGB Base,Abandoned or not functional,0.9710743801652892,0.4017094017094017,0.8555467978216004
HistGB Base,Abandoned or not functional,0.9710743801652892,0.4023972602739726,0.8555467978216004
HistGB Base,Abandoned or not functional,0.9710743801652892,0.40308747855917665,0.8555467978216004
HistGB Base,Abandoned or not functional,0.9710743801652892,0.40378006872852235,0.8555467978216004
HistGB Base,Abandoned or not functional,0.9710743801652892,0.4044750430292599,0.8555467978216004
HistGB Base,Abandoned or not functional,0.9710743801652892,0.4051724137931034,0.8555467978216004
HistGB Base,Abandoned or not functional,0.9710743801652892,0.4058721934369603,0.8555467978216004
HistGB Base,Abandoned or not functional,0.9669421487603306,0.40484429065743943,0.8555467978216004
HistGB Base,Abandoned or not functional,0.9669421487603306,0.4055459272097054,0.8555467978216004
HistGB Base,Abandoned or not functional,0.9669421487603306,0.40625,0.8555467978216004
HistGB Base,Abandoned or not functional,0.9669421487603306,0.40695652173913044,0.8555467978216004
HistGB Base,Abandoned or not functional,0.9669421487603306,0.4076655052264808,0.8555467978216004
HistGB Base,Abandoned or not functional,0.9669421487603306,0.4083769633507853,0.8555467978216004
HistGB Base,Abandoned or not functional,0.9669421487603306,0.4090909090909091,0.8555467978216004
HistGB Base,Abandoned or not functional,0.9669421487603306,0.4098073555166375,0.8555467978216004
HistGB Base,Abandoned or not functional,0.9669421487603306,0.4105263157894737,0.8555467978216004
HistGB Base,Abandoned or not functional,0.9628099173553719,0.4094903339191564,0.8555467978216004
HistGB Base,Abandoned or not functional,0.9628099173553719,0.4102112676056338,0.8555467978216004
HistGB Base,Abandoned or not functional,0.9628099173553719,0.4109347442680776,0.8555467978216004
HistGB Base,Abandoned or not functional,0.9628099173553719,0.411660777385159,0.8555467978216004
HistGB Base,Abandoned or not functional,0.9628099173553719,0.41238938053097346,0.8555467978216004
HistGB Base,Abandoned or not functional,0.9628099173553719,0.41312056737588654,0.8555467978216004
HistGB Base,Abandoned or not functional,0.9628099173553719,0.413854351687389,0.8555467978216004
HistGB Base,Abandoned or not functional,0.9628099173553719,0.41459074733096085,0.8555467978216004
HistGB Base,Abandoned or not functional,0.9628099173553719,0.41532976827094475,0.8555467978216004
HistGB Base,Abandoned or not functional,0.9628099173553719,0.4160714285714286,0.8555467978216004
HistGB Base,Abandoned or not functional,0.9586776859504132,0.4150268336314848,0.8555467978216004
HistGB Base,Abandoned or not functional,0.9586776859504132,0.4157706093189964,0.8555467978216004
HistGB Base,Abandoned or not functional,0.9586776859504132,0.41651705565529623,0.8555467978216004
HistGB Base,Abandoned or not functional,0.9586776859504132,0.4172661870503597,0.8555467978216004
HistGB Base,Abandoned or not functional,0.9586776859504132,0.418018018018018,0.8555467978216004
HistGB Base,Abandoned or not functional,0.9586776859504132,0.4187725631768953,0.8555467978216004
HistGB Base,Abandoned or not functional,0.9586776859504132,0.41952983725135623,0.8555467978216004
HistGB Base,Abandoned or not functional,0.9545454545454546,0.41847826086956524,0.8555467978216004
HistGB Base,Abandoned or not functional,0.9545454545454546,0.4192377495462795,0.8555467978216004
HistGB Base,Abandoned or not functional,0.9545454545454546,0.42,0.8555467978216004
HistGB Base,Abandoned or not functional,0.9545454545454546,0.4207650273224044,0.8555467978216004
HistGB Base,Abandoned or not functional,0.9545454545454546,0.4215328467153285,0.8555467978216004
HistGB Base,Abandoned or not functional,0.9504132231404959,0.42047531992687387,0.8555467978216004
HistGB Base,Abandoned or not functional,0.9504132231404959,0.42124542124542125,0.8555467978216004
HistGB Base,Abandoned or not functional,0.9504132231404959,0.42201834862385323,0.8555467978216004
HistGB Base,Abandoned or not functional,0.9504132231404959,0.4227941176470588,0.8555467978216004
HistGB Base,Abandoned or not functional,0.9504132231404959,0.42357274401473294,0.8555467978216004
HistGB Base,Abandoned or not functional,0.9504132231404959,0.42435424354243545,0.8555467978216004
HistGB Base,Abandoned or not functional,0.9504132231404959,0.42513863216266173,0.8555467978216004
HistGB Base,Abandoned or not functional,0.9504132231404959,0.42592592592592593,0.8555467978216004
HistGB Base,Abandoned or not functional,0.9504132231404959,0.4267161410018553,0.8555467978216004
HistGB Base,Abandoned or not functional,0.9504132231404959,0.4275092936802974,0.8555467978216004
HistGB Base,Abandoned or not functional,0.9462809917355371,0.4264432029795158,0.8555467978216004
HistGB Base,Abandoned or not functional,0.9462809917355371,0.42723880597014924,0.8555467978216004
HistGB Base,Abandoned or not functional,0.9462809917355371,0.4280373831775701,0.8555467978216004
HistGB Base,Abandoned or not functional,0.9421487603305785,0.42696629213483145,0.8555467978216004
HistGB Base,Abandoned or not functional,0.9421487603305785,0.4277673545966229,0.8555467978216004
HistGB Base,Abandoned or not functional,0.9421487603305785,0.42857142857142855,0.8555467978216004
HistGB Base,Abandoned or not functional,0.9421487603305785,0.4293785310734463,0.8555467978216004
HistGB Base,Abandoned or not functional,0.9380165289256198,0.42830188679245285,0.8555467978216004
HistGB Base,Abandoned or not functional,0.9380165289256198,0.42911153119092627,0.8555467978216004
HistGB Base,Abandoned or not functional,0.9380165289256198,0.42992424242424243,0.8555467978216004
HistGB Base,Abandoned or not functional,0.9380165289256198,0.4307400379506641,0.8555467978216004
HistGB Base,Abandoned or not functional,0.9380165289256198,0.43155893536121676,0.8555467978216004
HistGB Base,Abandoned or not functional,0.9380165289256198,0.43238095238095237,0.8555467978216004
HistGB Base,Abandoned or not functional,0.9380165289256198,0.43320610687022904,0.8555467978216004
HistGB Base,Abandoned or not functional,0.9380165289256198,0.4340344168260038,0.8555467978216004
HistGB Base,Abandoned or not functional,0.9380165289256198,0.43486590038314177,0.8555467978216004
HistGB Base,Abandoned or not functional,0.9380165289256198,0.43570057581573896,0.8555467978216004
HistGB Base,Abandoned or not functional,0.9380165289256198,0.43653846153846154,0.8555467978216004
HistGB Base,Abandoned or not functional,0.9338842975206612,0.43545279383429675,0.8555467978216004
HistGB Base,Abandoned or not functional,0.9338842975206612,0.4362934362934363,0.8555467978216004
HistGB Base,Abandoned or not functional,0.9338842975206612,0.437137330754352,0.8555467978216004
HistGB Base,Abandoned or not functional,0.9338842975206612,0.437984496124031,0.8555467978216004
HistGB Base,Abandoned or not functional,0.9338842975206612,0.4388349514563107,0.8555467978216004
HistGB Base,Abandoned or not functional,0.9338842975206612,0.4396887159533074,0.8555467978216004
HistGB Base,Abandoned or not functional,0.9338842975206612,0.4405458089668616,0.8555467978216004
HistGB Base,Abandoned or not functional,0.9338842975206612,0.44140625,0.8555467978216004
HistGB Base,Abandoned or not functional,0.9338842975206612,0.44227005870841485,0.8555467978216004
HistGB Base,Abandoned or not functional,0.9338842975206612,0.44313725490196076,0.8555467978216004
HistGB Base,Abandoned or not functional,0.9338842975206612,0.444007858546169,0.8555467978216004
HistGB Base,Abandoned or not functional,0.9297520661157025,0.44291338582677164,0.8555467978216004
HistGB Base,Abandoned or not functional,0.9297520661157025,0.4437869822485207,0.8555467978216004
HistGB Base,Abandoned or not functional,0.9297520661157025,0.44466403162055335,0.8555467978216004
HistGB Base,Abandoned or not functional,0.9256198347107438,0.44356435643564357,0.8555467978216004
HistGB Base,Abandoned or not functional,0.9256198347107438,0.4444444444444444,0.8555467978216004
HistGB Base,Abandoned or not functional,0.9256198347107438,0.44532803180914515,0.8555467978216004
HistGB Base,Abandoned or not functional,0.9256198347107438,0.44621513944223107,0.8555467978216004
HistGB Base,Abandoned or not functional,0.9256198347107438,0.4471057884231537,0.8555467978216004
HistGB Base,Abandoned or not functional,0.9256198347107438,0.448,0.8555467978216004
HistGB Base,Abandoned or not functional,0.9256198347107438,0.44889779559118237,0.8555467978216004
HistGB Base,Abandoned or not functional,0.9256198347107438,0.4497991967871486,0.8555467978216004
HistGB Base,Abandoned or not functional,0.9256198347107438,0.4507042253521127,0.8555467978216004
HistGB Base,Abandoned or not functional,0.9256198347107438,0.45161290322580644,0.8555467978216004
HistGB Base,Abandoned or not functional,0.9256198347107438,0.45252525252525255,0.8555467978216004
HistGB Base,Abandoned or not functional,0.9256198347107438,0.4534412955465587,0.8555467978216004
HistGB Base,Abandoned or not functional,0.9256198347107438,0.4543610547667343,0.8555467978216004
HistGB Base,Abandoned or not functional,0.9256198347107438,0.45528455284552843,0.8555467978216004
HistGB Base,Abandoned or not functional,0.9256198347107438,0.45621181262729127,0.8555467978216004
HistGB Base,Abandoned or not functional,0.9214876033057852,0.45510204081632655,0.8555467978216004
HistGB Base,Abandoned or not functional,0.9214876033057852,0.4560327198364008,0.8555467978216004
HistGB Base,Abandoned or not functional,0.9214876033057852,0.4569672131147541,0.8555467978216004
HistGB Base,Abandoned or not functional,0.9214876033057852,0.45790554414784396,0.8555467978216004
HistGB Base,Abandoned or not functional,0.9214876033057852,0.4588477366255144,0.8555467978216004
HistGB Base,Abandoned or not functional,0.9214876033057852,0.45979381443298967,0.8555467978216004
HistGB Base,Abandoned or not functional,0.9214876033057852,0.4607438016528926,0.8555467978216004
HistGB Base,Abandoned or not functional,0.9214876033057852,0.4616977225672878,0.8555467978216004
HistGB Base,Abandoned or not functional,0.9214876033057852,0.46265560165975106,0.8555467978216004
HistGB Base,Abandoned or not functional,0.9214876033057852,0.46361746361746364,0.8555467978216004
HistGB Base,Abandoned or not functional,0.9214876033057852,0.46458333333333335,0.8555467978216004
HistGB Base,Abandoned or not functional,0.9173553719008265,0.46346555323590816,0.8555467978216004
HistGB Base,Abandoned or not functional,0.9173553719008265,0.46443514644351463,0.8555467978216004
HistGB Base,Abandoned or not functional,0.9173553719008265,0.46540880503144655,0.8555467978216004
HistGB Base,Abandoned or not functional,0.9173553719008265,0.46638655462184875,0.8555467978216004
HistGB Base,Abandoned or not functional,0.9173553719008265,0.4673684210526316,0.8555467978216004
HistGB Base,Abandoned or not functional,0.9173553719008265,0.46835443037974683,0.8555467978216004
HistGB Base,Abandoned or not functional,0.9173553719008265,0.4693446088794926,0.8555467978216004
HistGB Base,Abandoned or not functional,0.9173553719008265,0.4703389830508475,0.8555467978216004
HistGB Base,Abandoned or not functional,0.9173553719008265,0.4713375796178344,0.8555467978216004
HistGB Base,Abandoned or not functional,0.9173553719008265,0.4723404255319149,0.8555467978216004
HistGB Base,Abandoned or not functional,0.9173553719008265,0.47334754797441364,0.8555467978216004
HistGB Base,Abandoned or not functional,0.9173553719008265,0.47435897435897434,0.8555467978216004
HistGB Base,Abandoned or not functional,0.9173553719008265,0.4753747323340471,0.8555467978216004
HistGB Base,Abandoned or not functional,0.9173553719008265,0.47639484978540775,0.8555467978216004
HistGB Base,Abandoned or not functional,0.9173553719008265,0.4774193548387097,0.8555467978216004
HistGB Base,Abandoned or not functional,0.9173553719008265,0.47844827586206895,0.8555467978216004
HistGB Base,Abandoned or not functional,0.9173553719008265,0.4794816414686825,0.8555467978216004
HistGB Base,Abandoned or not functional,0.9132231404958677,0.47835497835497837,0.8555467978216004
HistGB Base,Abandoned or not functional,0.9132231404958677,0.4793926247288503,0.8555467978216004
HistGB Base,Abandoned or not functional,0.9090909090909091,0.4782608695652174,0.8555467978216004
HistGB Base,Abandoned or not functional,0.9090909090909091,0.4793028322440087,0.8555467978216004
HistGB Base,Abandoned or not functional,0.9090909090909091,0.48034934497816595,0.8555467978216004
HistGB Base,Abandoned or not functional,0.9090909090909091,0.4814004376367615,0.8555467978216004
HistGB Base,Abandoned or not functional,0.9090909090909091,0.4824561403508772,0.8555467978216004
HistGB Base,Abandoned or not functional,0.9090909090909091,0.4835164835164835,0.8555467978216004
HistGB Base,Abandoned or not functional,0.9090909090909091,0.4845814977973568,0.8555467978216004
HistGB Base,Abandoned or not functional,0.9090909090909091,0.4856512141280353,0.8555467978216004
HistGB Base,Abandoned or not functional,0.9090909090909091,0.48672566371681414,0.8555467978216004
HistGB Base,Abandoned or not functional,0.9090909090909091,0.4878048780487805,0.8555467978216004
HistGB Base,Abandoned or not functional,0.9090909090909091,0.4888888888888889,0.8555467978216004
HistGB Base,Abandoned or not functional,0.9090909090909091,0.48997772828507796,0.8555467978216004
HistGB Base,Abandoned or not functional,0.9090909090909091,0.49107142857142855,0.8555467978216004
HistGB Base,Abandoned or not functional,0.9090909090909091,0.49217002237136465,0.8555467978216004
HistGB Base,Abandoned or not functional,0.9090909090909091,0.49327354260089684,0.8555467978216004
HistGB Base,Abandoned or not functional,0.9090909090909091,0.4943820224719101,0.8555467978216004
HistGB Base,Abandoned or not functional,0.9090909090909091,0.4954954954954955,0.8555467978216004
HistGB Base,Abandoned or not functional,0.9090909090909091,0.4966139954853273,0.8555467978216004
HistGB Base,Abandoned or not functional,0.9090909090909091,0.497737556561086,0.8555467978216004
HistGB Base,Abandoned or not functional,0.9090909090909091,0.4988662131519274,0.8555467978216004
HistGB Base,Abandoned or not functional,0.9090909090909091,0.5,0.8555467978216004
HistGB Base,Abandoned or not functional,0.9090909090909091,0.5011389521640092,0.8555467978216004
HistGB Base,Abandoned or not functional,0.9090909090909091,0.502283105022831,0.8555467978216004
HistGB Base,Abandoned or not functional,0.9090909090909091,0.5034324942791762,0.8555467978216004
HistGB Base,Abandoned or not functional,0.9090909090909091,0.5045871559633027,0.8555467978216004
HistGB Base,Abandoned or not functional,0.9090909090909091,0.5057471264367817,0.8555467978216004
HistGB Base,Abandoned or not functional,0.9090909090909091,0.5069124423963134,0.8555467978216004
HistGB Base,Abandoned or not functional,0.9090909090909091,0.5080831408775982,0.8555467978216004
HistGB Base,Abandoned or not functional,0.9090909090909091,0.5092592592592593,0.8555467978216004
HistGB Base,Abandoned or not functional,0.9090909090909091,0.5104408352668214,0.8555467978216004
HistGB Base,Abandoned or not functional,0.9090909090909091,0.5116279069767442,0.8555467978216004
HistGB Base,Abandoned or not functional,0.9090909090909091,0.5128205128205128,0.8555467978216004
HistGB Base,Abandoned or not functional,0.9090909090909091,0.514018691588785,0.8555467978216004
HistGB Base,Abandoned or not functional,0.9090909090909091,0.5152224824355972,0.8555467978216004
HistGB Base,Abandoned or not functional,0.9090909090909091,0.5164319248826291,0.8555467978216004
HistGB Base,Abandoned or not functional,0.9090909090909091,0.5176470588235295,0.8555467978216004
HistGB Base,Abandoned or not functional,0.9090909090909091,0.5188679245283019,0.8555467978216004
HistGB Base,Abandoned or not functional,0.9090909090909091,0.5200945626477541,0.8555467978216004
HistGB Base,Abandoned or not functional,0.9090909090909091,0.5213270142180095,0.8555467978216004
HistGB Base,Abandoned or not functional,0.9090909090909091,0.5225653206650831,0.8555467978216004
HistGB Base,Abandoned or not functional,0.9090909090909091,0.5238095238095238,0.8555467978216004
HistGB Base,Abandoned or not functional,0.9090909090909091,0.5250596658711217,0.8555467978216004
HistGB Base,Abandoned or not functional,0.9090909090909091,0.5263157894736842,0.8555467978216004
HistGB Base,Abandoned or not functional,0.9090909090909091,0.5275779376498801,0.8555467978216004
HistGB Base,Abandoned or not functional,0.9049586776859504,0.5264423076923077,0.8555467978216004
HistGB Base,Abandoned or not functional,0.9049586776859504,0.5277108433734939,0.8555467978216004
HistGB Base,Abandoned or not functional,0.9049586776859504,0.5289855072463768,0.8555467978216004
HistGB Base,Abandoned or not functional,0.9049586776859504,0.5302663438256658,0.8555467978216004
HistGB Base,Abandoned or not functional,0.9049586776859504,0.5315533980582524,0.8555467978216004
HistGB Base,Abandoned or not functional,0.9049586776859504,0.5328467153284672,0.8555467978216004
HistGB Base,Abandoned or not functional,0.9049586776859504,0.5341463414634147,0.8555467978216004
HistGB Base,Abandoned or not functional,0.9049586776859504,0.5354523227383863,0.8555467978216004
HistGB Base,Abandoned or not functional,0.9049586776859504,0.5367647058823529,0.8555467978216004
HistGB Base,Abandoned or not functional,0.9008264462809917,0.5356265356265356,0.8555467978216004
HistGB Base,Abandoned or not functional,0.9008264462809917,0.5369458128078818,0.8555467978216004
HistGB Base,Abandoned or not functional,0.9008264462809917,0.5382716049382716,0.8555467978216004
HistGB Base,Abandoned or not functional,0.9008264462809917,0.5396039603960396,0.8555467978216004
HistGB Base,Abandoned or not functional,0.9008264462809917,0.5409429280397022,0.8555467978216004
HistGB Base,Abandoned or not functional,0.9008264462809917,0.5422885572139303,0.8555467978216004
HistGB Base,Abandoned or not functional,0.9008264462809917,0.543640897755611,0.8555467978216004
HistGB Base,Abandoned or not functional,0.9008264462809917,0.545,0.8555467978216004
HistGB Base,Abandoned or not functional,0.9008264462809917,0.5463659147869674,0.8555467978216004
HistGB Base,Abandoned or not functional,0.9008264462809917,0.5477386934673367,0.8555467978216004
HistGB Base,Abandoned or not functional,0.9008264462809917,0.5491183879093199,0.8555467978216004
HistGB Base,Abandoned or not functional,0.9008264462809917,0.5505050505050505,0.8555467978216004
HistGB Base,Abandoned or not functional,0.9008264462809917,0.5518987341772152,0.8555467978216004
HistGB Base,Abandoned or not functional,0.9008264462809917,0.5532994923857868,0.8555467978216004
HistGB Base,Abandoned or not functional,0.9008264462809917,0.55470737913486,0.8555467978216004
HistGB Base,Abandoned or not functional,0.9008264462809917,0.5561224489795918,0.8555467978216004
HistGB Base,Abandoned or not functional,0.9008264462809917,0.5575447570332481,0.8555467978216004
HistGB Base,Abandoned or not functional,0.9008264462809917,0.558974358974359,0.8555467978216004
HistGB Base,Abandoned or not functional,0.9008264462809917,0.5604113110539846,0.8555467978216004
HistGB Base,Abandoned or not functional,0.9008264462809917,0.5618556701030928,0.8555467978216004
HistGB Base,Abandoned or not functional,0.9008264462809917,0.5633074935400517,0.8555467978216004
HistGB Base,Abandoned or not functional,0.8966942148760331,0.5621761658031088,0.8555467978216004
HistGB Base,Abandoned or not functional,0.8966942148760331,0.5636363636363636,0.8555467978216004
HistGB Base,Abandoned or not functional,0.8966942148760331,0.5651041666666666,0.8555467978216004
HistGB Base,Abandoned or not functional,0.8966942148760331,0.566579634464752,0.8555467978216004
HistGB Base,Abandoned or not functional,0.8966942148760331,0.5680628272251309,0.8555467978216004
HistGB Base,Abandoned or not functional,0.8966942148760331,0.5695538057742782,0.8555467978216004
HistGB Base,Abandoned or not functional,0.8966942148760331,0.5710526315789474,0.8555467978216004
HistGB Base,Abandoned or not functional,0.8925619834710744,0.5699208443271768,0.8555467978216004
HistGB Base,Abandoned or not functional,0.8925619834710744,0.5714285714285714,0.8555467978216004
HistGB Base,Abandoned or not functional,0.8925619834710744,0.5729442970822282,0.8555467978216004
HistGB Base,Abandoned or not functional,0.8925619834710744,0.574468085106383,0.8555467978216004
HistGB Base,Abandoned or not functional,0.8925619834710744,0.576,0.8555467978216004
HistGB Base,Abandoned or not functional,0.8925619834710744,0.5775401069518716,0.8555467978216004
HistGB Base,Abandoned or not functional,0.8925619834710744,0.579088471849866,0.8555467978216004
HistGB Base,Abandoned or not functional,0.8925619834710744,0.5806451612903226,0.8555467978216004
HistGB Base,Abandoned or not functional,0.8884297520661157,0.5795148247978437,0.8555467978216004
HistGB Base,Abandoned or not functional,0.8884297520661157,0.581081081081081,0.8555467978216004
HistGB Base,Abandoned or not functional,0.8884297520661157,0.5826558265582655,0.8555467978216004
HistGB Base,Abandoned or not functional,0.8884297520661157,0.5842391304347826,0.8555467978216004
HistGB Base,Abandoned or not functional,0.8884297520661157,0.5858310626702997,0.8555467978216004
HistGB Base,Abandoned or not functional,0.8884297520661157,0.587431693989071,0.8555467978216004
HistGB Base,Abandoned or not functional,0.8884297520661157,0.589041095890411,0.8555467978216004
HistGB Base,Abandoned or not functional,0.8884297520661157,0.5906593406593407,0.8555467978216004
HistGB Base,Abandoned or not functional,0.8884297520661157,0.5922865013774105,0.8555467978216004
HistGB Base,Abandoned or not functional,0.8884297520661157,0.5939226519337016,0.8555467978216004
HistGB Base,Abandoned or not functional,0.8884297520661157,0.5955678670360111,0.8555467978216004
HistGB Base,Abandoned or not functional,0.8842975206611571,0.5944444444444444,0.8555467978216004
HistGB Base,Abandoned or not functional,0.8842975206611571,0.596100278551532,0.8555467978216004
HistGB Base,Abandoned or not functional,0.8842975206611571,0.5977653631284916,0.8555467978216004
HistGB Base,Abandoned or not functional,0.8801652892561983,0.5966386554621849,0.8555467978216004
HistGB Base,Abandoned or not functional,0.8760330578512396,0.5955056179775281,0.8555467978216004
HistGB Base,Abandoned or not functional,0.8760330578512396,0.5971830985915493,0.8555467978216004
HistGB Base,Abandoned or not functional,0.8760330578512396,0.5988700564971752,0.8555467978216004
HistGB Base,Abandoned or not functional,0.8760330578512396,0.6005665722379604,0.8555467978216004
HistGB Base,Abandoned or not functional,0.8760330578512396,0.6022727272727273,0.8555467978216004
HistGB Base,Abandoned or not functional,0.8760330578512396,0.603988603988604,0.8555467978216004
HistGB Base,Abandoned or not functional,0.871900826446281,0.6028571428571429,0.8555467978216004
HistGB Base,Abandoned or not functional,0.871900826446281,0.6045845272206304,0.8555467978216004
HistGB Base,Abandoned or not functional,0.871900826446281,0.6063218390804598,0.8555467978216004
HistGB Base,Abandoned or not functional,0.871900826446281,0.6080691642651297,0.8555467978216004
HistGB Base,Abandoned or not functional,0.871900826446281,0.6098265895953757,0.8555467978216004
HistGB Base,Abandoned or not functional,0.871900826446281,0.6115942028985507,0.8555467978216004
HistGB Base,Abandoned or not functional,0.871900826446281,0.6133720930232558,0.8555467978216004
HistGB Base,Abandoned or not functional,0.871900826446281,0.6151603498542274,0.8555467978216004
HistGB Base,Abandoned or not functional,0.8677685950413223,0.6140350877192983,0.8555467978216004
HistGB Base,Abandoned or not functional,0.8677685950413223,0.6158357771260997,0.8555467978216004
HistGB Base,Abandoned or not functional,0.8636363636363636,0.6147058823529412,0.8555467978216004
HistGB Base,Abandoned or not functional,0.8636363636363636,0.616519174041298,0.8555467978216004
HistGB Base,Abandoned or not functional,0.8636363636363636,0.6183431952662722,0.8555467978216004
HistGB Base,Abandoned or not functional,0.8636363636363636,0.6201780415430267,0.8555467978216004
HistGB Base,Abandoned or not functional,0.8636363636363636,0.6220238095238095,0.8555467978216004
HistGB Base,Abandoned or not functional,0.8636363636363636,0.6238805970149254,0.8555467978216004
HistGB Base,Abandoned or not functional,0.8636363636363636,0.625748502994012,0.8555467978216004
HistGB Base,Abandoned or not functional,0.8636363636363636,0.6276276276276276,0.8555467978216004
HistGB Base,Abandoned or not functional,0.8636363636363636,0.6295180722891566,0.8555467978216004
HistGB Base,Abandoned or not functional,0.859504132231405,0.6283987915407855,0.8555467978216004
HistGB Base,Abandoned or not functional,0.859504132231405,0.6303030303030303,0.8555467978216004
HistGB Base,Abandoned or not functional,0.859504132231405,0.6322188449848024,0.8555467978216004
HistGB Base,Abandoned or not functional,0.859504132231405,0.6341463414634146,0.8555467978216004
HistGB Base,Abandoned or not functional,0.859504132231405,0.636085626911315,0.8555467978216004
HistGB Base,Abandoned or not functional,0.859504132231405,0.6380368098159509,0.8555467978216004
HistGB Base,Abandoned or not functional,0.859504132231405,0.64,0.8555467978216004
HistGB Base,Abandoned or not functional,0.859504132231405,0.6419753086419753,0.8555467978216004
HistGB Base,Abandoned or not functional,0.859504132231405,0.6439628482972136,0.8555467978216004
HistGB Base,Abandoned or not functional,0.859504132231405,0.6459627329192547,0.8555467978216004
HistGB Base,Abandoned or not functional,0.859504132231405,0.6479750778816199,0.8555467978216004
HistGB Base,Abandoned or not functional,0.859504132231405,0.65,0.8555467978216004
HistGB Base,Abandoned or not functional,0.859504132231405,0.6520376175548589,0.8555467978216004
HistGB Base,Abandoned or not functional,0.859504132231405,0.6540880503144654,0.8555467978216004
HistGB Base,Abandoned or not functional,0.859504132231405,0.6561514195583596,0.8555467978216004
HistGB Base,Abandoned or not functional,0.8553719008264463,0.6550632911392406,0.8555467978216004
HistGB Base,Abandoned or not functional,0.8553719008264463,0.6571428571428571,0.8555467978216004
HistGB Base,Abandoned or not functional,0.8553719008264463,0.6592356687898089,0.8555467978216004
HistGB Base,Abandoned or not functional,0.8553719008264463,0.6613418530351438,0.8555467978216004
HistGB Base,Abandoned or not functional,0.8553719008264463,0.6634615384615384,0.8555467978216004
HistGB Base,Abandoned or not functional,0.8553719008264463,0.6655948553054662,0.8555467978216004
HistGB Base,Abandoned or not functional,0.8553719008264463,0.667741935483871,0.8555467978216004
HistGB Base,Abandoned or not functional,0.8553719008264463,0.6699029126213593,0.8555467978216004
HistGB Base,Abandoned or not functional,0.8512396694214877,0.6688311688311688,0.8555467978216004
HistGB Base,Abandoned or not functional,0.8512396694214877,0.6710097719869706,0.8555467978216004
HistGB Base,Abandoned or not functional,0.8471074380165289,0.6699346405228758,0.8555467978216004
HistGB Base,Abandoned or not functional,0.8471074380165289,0.6721311475409836,0.8555467978216004
HistGB Base,Abandoned or not functional,0.8471074380165289,0.6743421052631579,0.8555467978216004
HistGB Base,Abandoned or not functional,0.8471074380165289,0.6765676567656765,0.8555467978216004
HistGB Base,Abandoned or not functional,0.8471074380165289,0.6788079470198676,0.8555467978216004
HistGB Base,Abandoned or not functional,0.8471074380165289,0.6810631229235881,0.8555467978216004
HistGB Base,Abandoned or not functional,0.8471074380165289,0.6833333333333333,0.8555467978216004
HistGB Base,Abandoned or not functional,0.8471074380165289,0.68561872909699,0.8555467978216004
HistGB Base,Abandoned or not functional,0.8471074380165289,0.6879194630872483,0.8555467978216004
HistGB Base,Abandoned or not functional,0.8471074380165289,0.6902356902356902,0.8555467978216004
HistGB Base,Abandoned or not functional,0.8471074380165289,0.6925675675675675,0.8555467978216004
HistGB Base,Abandoned or not functional,0.8471074380165289,0.6949152542372882,0.8555467978216004
HistGB Base,Abandoned or not functional,0.8471074380165289,0.6972789115646258,0.8555467978216004
HistGB Base,Abandoned or not functional,0.8471074380165289,0.6996587030716723,0.8555467978216004
HistGB Base,Abandoned or not functional,0.8471074380165289,0.702054794520548,0.8555467978216004
HistGB Base,Abandoned or not functional,0.8429752066115702,0.7010309278350515,0.8555467978216004
HistGB Base,Abandoned or not functional,0.8429752066115702,0.7034482758620689,0.8555467978216004
HistGB Base,Abandoned or not functional,0.8429752066115702,0.7058823529411765,0.8555467978216004
HistGB Base,Abandoned or not functional,0.8429752066115702,0.7083333333333334,0.8555467978216004
HistGB Base,Abandoned or not functional,0.8429752066115702,0.710801393728223,0.8555467978216004
HistGB Base,Abandoned or not functional,0.8429752066115702,0.7132867132867133,0.8555467978216004
HistGB Base,Abandoned or not functional,0.8429752066115702,0.7157894736842105,0.8555467978216004
HistGB Base,Abandoned or not functional,0.8429752066115702,0.7183098591549296,0.8555467978216004
HistGB Base,Abandoned or not functional,0.8429752066115702,0.7208480565371025,0.8555467978216004
HistGB Base,Abandoned or not functional,0.8429752066115702,0.723404255319149,0.8555467978216004
HistGB Base,Abandoned or not functional,0.8388429752066116,0.7224199288256228,0.8555467978216004
HistGB Base,Abandoned or not functional,0.8347107438016529,0.7214285714285714,0.8555467978216004
HistGB Base,Abandoned or not functional,0.8347107438016529,0.7240143369175627,0.8555467978216004
HistGB Base,Abandoned or not functional,0.8305785123966942,0.7230215827338129,0.8555467978216004
HistGB Base,Abandoned or not functional,0.8305785123966942,0.7256317689530686,0.8555467978216004
HistGB Base,Abandoned or not functional,0.8305785123966942,0.7282608695652174,0.8555467978216004
HistGB Base,Abandoned or not functional,0.8264462809917356,0.7272727272727273,0.8555467978216004
HistGB Base,Abandoned or not functional,0.8264462809917356,0.7299270072992701,0.8555467978216004
HistGB Base,Abandoned or not functional,0.8264462809917356,0.7326007326007326,0.8555467978216004
HistGB Base,Abandoned or not functional,0.8264462809917356,0.7352941176470589,0.8555467978216004
HistGB Base,Abandoned or not functional,0.8264462809917356,0.7380073800738007,0.8555467978216004
HistGB Base,Abandoned or not functional,0.8264462809917356,0.7407407407407407,0.8555467978216004
HistGB Base,Abandoned or not functional,0.8264462809917356,0.7434944237918215,0.8555467978216004
HistGB Base,Abandoned or not functional,0.8223140495867769,0.7425373134328358,0.8555467978216004
HistGB Base,Abandoned or not functional,0.8223140495867769,0.7453183520599251,0.8555467978216004
HistGB Base,Abandoned or not functional,0.8223140495867769,0.7481203007518797,0.8555467978216004
HistGB Base,Abandoned or not functional,0.8223140495867769,0.7509433962264151,0.8555467978216004
HistGB Base,Abandoned or not functional,0.8223140495867769,0.7537878787878788,0.8555467978216004
HistGB Base,Abandoned or not functional,0.8181818181818182,0.752851711026616,0.8555467978216004
HistGB Base,Abandoned or not functional,0.8181818181818182,0.7557251908396947,0.8555467978216004
HistGB Base,Abandoned or not functional,0.8181818181818182,0.7586206896551724,0.8555467978216004
HistGB Base,Abandoned or not functional,0.8181818181818182,0.7615384615384615,0.8555467978216004
HistGB Base,Abandoned or not functional,0.8181818181818182,0.7644787644787645,0.8555467978216004
HistGB Base,Abandoned or not functional,0.8181818181818182,0.7674418604651163,0.8555467978216004
HistGB Base,Abandoned or not functional,0.8181818181818182,0.7704280155642024,0.8555467978216004
HistGB Base,Abandoned or not functional,0.8181818181818182,0.7734375,0.8555467978216004
HistGB Base,Abandoned or not functional,0.8140495867768595,0.7725490196078432,0.8555467978216004
HistGB Base,Abandoned or not functional,0.8099173553719008,0.7716535433070866,0.8555467978216004
HistGB Base,Abandoned or not functional,0.8099173553719008,0.7747035573122529,0.8555467978216004
HistGB Base,Abandoned or not functional,0.8057851239669421,0.7738095238095238,0.8555467978216004
HistGB Base,Abandoned or not functional,0.8016528925619835,0.7729083665338645,0.8555467978216004
HistGB Base,Abandoned or not functional,0.8016528925619835,0.776,0.8555467978216004
HistGB Base,Abandoned or not functional,0.7975206611570248,0.7751004016064257,0.8555467978216004
HistGB Base,Abandoned or not functional,0.7933884297520661,0.7741935483870968,0.8555467978216004
HistGB Base,Abandoned or not functional,0.7892561983471075,0.7732793522267206,0.8555467978216004
HistGB Base,Abandoned or not functional,0.7892561983471075,0.7764227642276422,0.8555467978216004
HistGB Base,Abandoned or not functional,0.7892561983471075,0.7795918367346939,0.8555467978216004
HistGB Base,Abandoned or not functional,0.7892561983471075,0.7827868852459017,0.8555467978216004
HistGB Base,Abandoned or not functional,0.7892561983471075,0.7860082304526749,0.8555467978216004
HistGB Base,Abandoned or not functional,0.7851239669421488,0.7851239669421488,0.8555467978216004
HistGB Base,Abandoned or not functional,0.78099173553719,0.7842323651452282,0.8555467978216004
HistGB Base,Abandoned or not functional,0.78099173553719,0.7875,0.8555467978216004
HistGB Base,Abandoned or not functional,0.7768595041322314,0.7866108786610879,0.8555467978216004
HistGB Base,Abandoned or not functional,0.7727272727272727,0.7857142857142857,0.8555467978216004
HistGB Base,Abandoned or not functional,0.7727272727272727,0.7890295358649789,0.8555467978216004
HistGB Base,Abandoned or not functional,0.768595041322314,0.788135593220339,0.8555467978216004
HistGB Base,Abandoned or not functional,0.7644628099173554,0.7872340425531915,0.8555467978216004
HistGB Base,Abandoned or not functional,0.7644628099173554,0.7905982905982906,0.8555467978216004
HistGB Base,Abandoned or not functional,0.7644628099173554,0.7939914163090128,0.8555467978216004
HistGB Base,Abandoned or not functional,0.7603305785123967,0.7931034482758621,0.8555467978216004
HistGB Base,Abandoned or not functional,0.7603305785123967,0.7965367965367965,0.8555467978216004
HistGB Base,Abandoned or not functional,0.7603305785123967,0.8,0.8555467978216004
HistGB Base,Abandoned or not functional,0.7603305785123967,0.8034934497816594,0.8555467978216004
HistGB Base,Abandoned or not functional,0.756198347107438,0.8026315789473685,0.8555467978216004
HistGB Base,Abandoned or not functional,0.756198347107438,0.8061674008810573,0.8555467978216004
HistGB Base,Abandoned or not functional,0.7520661157024794,0.8053097345132744,0.8555467978216004
HistGB Base,Abandoned or not functional,0.7479338842975206,0.8044444444444444,0.8555467978216004
HistGB Base,Abandoned or not functional,0.743801652892562,0.8035714285714286,0.8555467978216004
HistGB Base,Abandoned or not functional,0.743801652892562,0.8071748878923767,0.8555467978216004
HistGB Base,Abandoned or not functional,0.743801652892562,0.8108108108108109,0.8555467978216004
HistGB Base,Abandoned or not functional,0.7396694214876033,0.8099547511312217,0.8555467978216004
HistGB Base,Abandoned or not functional,0.7355371900826446,0.8090909090909091,0.8555467978216004
HistGB Base,Abandoned or not functional,0.7355371900826446,0.8127853881278538,0.8555467978216004
HistGB Base,Abandoned or not functional,0.731404958677686,0.8119266055045872,0.8555467978216004
HistGB Base,Abandoned or not functional,0.731404958677686,0.815668202764977,0.8555467978216004
HistGB Base,Abandoned or not functional,0.731404958677686,0.8194444444444444,0.8555467978216004
HistGB Base,Abandoned or not functional,0.7272727272727273,0.8186046511627907,0.8555467978216004
HistGB Base,Abandoned or not functional,0.7272727272727273,0.822429906542056,0.8555467978216004
HistGB Base,Abandoned or not functional,0.7272727272727273,0.8262910798122066,0.8555467978216004
HistGB Base,Abandoned or not functional,0.7231404958677686,0.8254716981132075,0.8555467978216004
HistGB Base,Abandoned or not functional,0.7231404958677686,0.8293838862559242,0.8555467978216004
HistGB Base,Abandoned or not functional,0.71900826446281,0.8285714285714286,0.8555467978216004
HistGB Base,Abandoned or not functional,0.71900826446281,0.8325358851674641,0.8555467978216004
HistGB Base,Abandoned or not functional,0.71900826446281,0.8365384615384616,0.8555467978216004
HistGB Base,Abandoned or not functional,0.7148760330578512,0.8357487922705314,0.8555467978216004
HistGB Base,Abandoned or not functional,0.7148760330578512,0.8398058252427184,0.8555467978216004
HistGB Base,Abandoned or not functional,0.7107438016528925,0.8390243902439024,0.8555467978216004
HistGB Base,Abandoned or not functional,0.7107438016528925,0.8431372549019608,0.8555467978216004
HistGB Base,Abandoned or not functional,0.7066115702479339,0.8423645320197044,0.8555467978216004
HistGB Base,Abandoned or not functional,0.7024793388429752,0.8415841584158416,0.8555467978216004
HistGB Base,Abandoned or not functional,0.6983471074380165,0.8407960199004975,0.8555467978216004
HistGB Base,Abandoned or not functional,0.6983471074380165,0.845,0.8555467978216004
HistGB Base,Abandoned or not functional,0.6983471074380165,0.8492462311557789,0.8555467978216004
HistGB Base,Abandoned or not functional,0.6983471074380165,0.8535353535353535,0.8555467978216004
HistGB Base,Abandoned or not functional,0.6983471074380165,0.8578680203045685,0.8555467978216004
HistGB Base,Abandoned or not functional,0.6983471074380165,0.8622448979591837,0.8555467978216004
HistGB Base,Abandoned or not functional,0.6942148760330579,0.8615384615384616,0.8555467978216004
HistGB Base,Abandoned or not functional,0.6900826446280992,0.8608247422680413,0.8555467978216004
HistGB Base,Abandoned or not functional,0.6900826446280992,0.8652849740932642,0.8555467978216004
HistGB Base,Abandoned or not functional,0.6859504132231405,0.8645833333333334,0.8555467978216004
HistGB Base,Abandoned or not functional,0.6818181818181818,0.8638743455497382,0.8555467978216004
HistGB Base,Abandoned or not functional,0.6776859504132231,0.8631578947368421,0.8555467978216004
HistGB Base,Abandoned or not functional,0.6735537190082644,0.8624338624338624,0.8555467978216004
HistGB Base,Abandoned or not functional,0.6735537190082644,0.8670212765957447,0.8555467978216004
HistGB Base,Abandoned or not functional,0.6694214876033058,0.8663101604278075,0.8555467978216004
HistGB Base,Abandoned or not functional,0.6694214876033058,0.8709677419354839,0.8555467978216004
HistGB Base,Abandoned or not functional,0.6652892561983471,0.8702702702702703,0.8555467978216004
HistGB Base,Abandoned or not functional,0.6611570247933884,0.8695652173913043,0.8555467978216004
HistGB Base,Abandoned or not functional,0.6570247933884298,0.8688524590163934,0.8555467978216004
HistGB Base,Abandoned or not functional,0.6528925619834711,0.8681318681318682,0.8555467978216004
HistGB Base,Abandoned or not functional,0.6528925619834711,0.8729281767955801,0.8555467978216004
HistGB Base,Abandoned or not functional,0.6487603305785123,0.8722222222222222,0.8555467978216004
HistGB Base,Abandoned or not functional,0.6487603305785123,0.8770949720670391,0.8555467978216004
HistGB Base,Abandoned or not functional,0.6487603305785123,0.8820224719101124,0.8555467978216004
HistGB Base,Abandoned or not functional,0.6487603305785123,0.8870056497175142,0.8555467978216004
HistGB Base,Abandoned or not functional,0.6487603305785123,0.8920454545454546,0.8555467978216004
HistGB Base,Abandoned or not functional,0.6487603305785123,0.8971428571428571,0.8555467978216004
HistGB Base,Abandoned or not functional,0.6446280991735537,0.896551724137931,0.8555467978216004
HistGB Base,Abandoned or not functional,0.640495867768595,0.8959537572254336,0.8555467978216004
HistGB Base,Abandoned or not functional,0.640495867768595,0.9011627906976745,0.8555467978216004
HistGB Base,Abandoned or not functional,0.6363636363636364,0.9005847953216374,0.8555467978216004
HistGB Base,Abandoned or not functional,0.6363636363636364,0.9058823529411765,0.8555467978216004
HistGB Base,Abandoned or not functional,0.6322314049586777,0.9053254437869822,0.8555467978216004
HistGB Base,Abandoned or not functional,0.628099173553719,0.9047619047619048,0.8555467978216004
HistGB Base,Abandoned or not functional,0.6239669421487604,0.9041916167664671,0.8555467978216004
HistGB Base,Abandoned or not functional,0.6198347107438017,0.9036144578313253,0.8555467978216004
HistGB Base,Abandoned or not functional,0.6157024793388429,0.9030303030303031,0.8555467978216004
HistGB Base,Abandoned or not functional,0.6115702479338843,0.9024390243902439,0.8555467978216004
HistGB Base,Abandoned or not functional,0.6074380165289256,0.901840490797546,0.8555467978216004
HistGB Base,Abandoned or not functional,0.6033057851239669,0.9012345679012346,0.8555467978216004
HistGB Base,Abandoned or not functional,0.6033057851239669,0.906832298136646,0.8555467978216004
HistGB Base,Abandoned or not functional,0.5991735537190083,0.90625,0.8555467978216004
HistGB Base,Abandoned or not functional,0.5950413223140496,0.9056603773584906,0.8555467978216004
HistGB Base,Abandoned or not functional,0.5909090909090909,0.9050632911392406,0.8555467978216004
HistGB Base,Abandoned or not functional,0.5909090909090909,0.910828025477707,0.8555467978216004
HistGB Base,Abandoned or not functional,0.5867768595041323,0.9102564102564102,0.8555467978216004
HistGB Base,Abandoned or not functional,0.5826446280991735,0.9096774193548387,0.8555467978216004
HistGB Base,Abandoned or not functional,0.5785123966942148,0.9090909090909091,0.8555467978216004
HistGB Base,Abandoned or not functional,0.5743801652892562,0.9084967320261438,0.8555467978216004
HistGB Base,Abandoned or not functional,0.5702479338842975,0.9078947368421053,0.8555467978216004
HistGB Base,Abandoned or not functional,0.5702479338842975,0.9139072847682119,0.8555467978216004
HistGB Base,Abandoned or not functional,0.5661157024793388,0.9133333333333333,0.8555467978216004
HistGB Base,Abandoned or not functional,0.5619834710743802,0.912751677852349,0.8555467978216004
HistGB Base,Abandoned or not functional,0.5578512396694215,0.9121621621621622,0.8555467978216004
HistGB Base,Abandoned or not functional,0.5537190082644629,0.9115646258503401,0.8555467978216004
HistGB Base,Abandoned or not functional,0.5495867768595041,0.910958904109589,0.8555467978216004
HistGB Base,Abandoned or not functional,0.5454545454545454,0.9103448275862069,0.8555467978216004
HistGB Base,Abandoned or not functional,0.5413223140495868,0.9097222222222222,0.8555467978216004
HistGB Base,Abandoned or not functional,0.5371900826446281,0.9090909090909091,0.8555467978216004
HistGB Base,Abandoned or not functional,0.5371900826446281,0.9154929577464789,0.8555467978216004
HistGB Base,Abandoned or not functional,0.5330578512396694,0.9148936170212766,0.8555467978216004
HistGB Base,Abandoned or not functional,0.5289256198347108,0.9142857142857143,0.8555467978216004
HistGB Base,Abandoned or not functional,0.5247933884297521,0.9136690647482014,0.8555467978216004
HistGB Base,Abandoned or not functional,0.5206611570247934,0.9130434782608695,0.8555467978216004
HistGB Base,Abandoned or not functional,0.5206611570247934,0.9197080291970803,0.8555467978216004
HistGB Base,Abandoned or not functional,0.5165289256198347,0.9191176470588235,0.8555467978216004
HistGB Base,Abandoned or not functional,0.512396694214876,0.9185185185185185,0.8555467978216004
HistGB Base,Abandoned or not functional,0.5082644628099173,0.917910447761194,0.8555467978216004
HistGB Base,Abandoned or not functional,0.5041322314049587,0.9172932330827067,0.8555467978216004
HistGB Base,Abandoned or not functional,0.5,0.9166666666666666,0.8555467978216004
HistGB Base,Abandoned or not functional,0.5,0.9236641221374046,0.8555467978216004
HistGB Base,Abandoned or not functional,0.49586776859504134,0.9230769230769231,0.8555467978216004
HistGB Base,Abandoned or not functional,0.49173553719008267,0.9224806201550387,0.8555467978216004
HistGB Base,Abandoned or not functional,0.48760330578512395,0.921875,0.8555467978216004
HistGB Base,Abandoned or not functional,0.4834710743801653,0.9212598425196851,0.8555467978216004
HistGB Base,Abandoned or not functional,0.4793388429752066,0.9206349206349206,0.8555467978216004
HistGB Base,Abandoned or not functional,0.47520661157024796,0.92,0.8555467978216004
HistGB Base,Abandoned or not functional,0.47107438016528924,0.9193548387096774,0.8555467978216004
HistGB Base,Abandoned or not functional,0.4669421487603306,0.9186991869918699,0.8555467978216004
HistGB Base,Abandoned or not functional,0.4669421487603306,0.9262295081967213,0.8555467978216004
HistGB Base,Abandoned or not functional,0.4628099173553719,0.9256198347107438,0.8555467978216004
HistGB Base,Abandoned or not functional,0.45867768595041325,0.925,0.8555467978216004
HistGB Base,Abandoned or not functional,0.45454545454545453,0.9243697478991597,0.8555467978216004
HistGB Base,Abandoned or not functional,0.45041322314049587,0.923728813559322,0.8555467978216004
HistGB Base,Abandoned or not functional,0.4462809917355372,0.9230769230769231,0.8555467978216004
HistGB Base,Abandoned or not functional,0.44214876033057854,0.9224137931034483,0.8555467978216004
HistGB Base,Abandoned or not functional,0.4380165289256198,0.9217391304347826,0.8555467978216004
HistGB Base,Abandoned or not functional,0.43388429752066116,0.9210526315789473,0.8555467978216004
HistGB Base,Abandoned or not functional,0.4297520661157025,0.9203539823008849,0.8555467978216004
HistGB Base,Abandoned or not functional,0.4256198347107438,0.9196428571428571,0.8555467978216004
HistGB Base,Abandoned or not functional,0.4256198347107438,0.9279279279279279,0.8555467978216004
HistGB Base,Abandoned or not functional,0.4214876033057851,0.9272727272727272,0.8555467978216004
HistGB Base,Abandoned or not functional,0.4214876033057851,0.9357798165137615,0.8555467978216004
HistGB Base,Abandoned or not functional,0.41735537190082644,0.9351851851851852,0.8555467978216004
HistGB Base,Abandoned or not functional,0.4132231404958678,0.9345794392523364,0.8555467978216004
HistGB Base,Abandoned or not functional,0.4090909090909091,0.9339622641509434,0.8555467978216004
HistGB Base,Abandoned or not functional,0.4049586776859504,0.9333333333333333,0.8555467978216004
HistGB Base,Abandoned or not functional,0.40082644628099173,0.9326923076923077,0.8555467978216004
HistGB Base,Abandoned or not functional,0.39669421487603307,0.9320388349514563,0.8555467978216004
HistGB Base,Abandoned or not functional,0.39669421487603307,0.9411764705882353,0.8555467978216004
HistGB Base,Abandoned or not functional,0.39669421487603307,0.9504950495049505,0.8555467978216004
HistGB Base,Abandoned or not functional,0.3925619834710744,0.95,0.8555467978216004
HistGB Base,Abandoned or not functional,0.3884297520661157,0.9494949494949495,0.8555467978216004
HistGB Base,Abandoned or not functional,0.384297520661157,0.9489795918367347,0.8555467978216004
HistGB Base,Abandoned or not functional,0.38016528925619836,0.9484536082474226,0.8555467978216004
HistGB Base,Abandoned or not functional,0.3760330578512397,0.9479166666666666,0.8555467978216004
HistGB Base,Abandoned or not functional,0.371900826446281,0.9473684210526315,0.8555467978216004
HistGB Base,Abandoned or not functional,0.3677685950413223,0.9468085106382979,0.8555467978216004
HistGB Base,Abandoned or not functional,0.3677685950413223,0.956989247311828,0.8555467978216004
HistGB Base,Abandoned or not functional,0.36363636363636365,0.9565217391304348,0.8555467978216004
HistGB Base,Abandoned or not functional,0.36363636363636365,0.967032967032967,0.8555467978216004
HistGB Base,Abandoned or not functional,0.359504132231405,0.9666666666666667,0.8555467978216004
HistGB Base,Abandoned or not functional,0.35537190082644626,0.9662921348314607,0.8555467978216004
HistGB Base,Abandoned or not functional,0.3512396694214876,0.9659090909090909,0.8555467978216004
HistGB Base,Abandoned or not functional,0.34710743801652894,0.9655172413793104,0.8555467978216004
HistGB Base,Abandoned or not functional,0.34297520661157027,0.9651162790697675,0.8555467978216004
HistGB Base,Abandoned or not functional,0.33884297520661155,0.9647058823529412,0.8555467978216004
HistGB Base,Abandoned or not functional,0.3347107438016529,0.9642857142857143,0.8555467978216004
HistGB Base,Abandoned or not functional,0.3305785123966942,0.963855421686747,0.8555467978216004
HistGB Base,Abandoned or not functional,0.32644628099173556,0.9634146341463414,0.8555467978216004
HistGB Base,Abandoned or not functional,0.32231404958677684,0.9629629629629629,0.8555467978216004
HistGB Base,Abandoned or not functional,0.3181818181818182,0.9625,0.8555467978216004
HistGB Base,Abandoned or not functional,0.3140495867768595,0.9620253164556962,0.8555467978216004
HistGB Base,Abandoned or not functional,0.30991735537190085,0.9615384615384616,0.8555467978216004
HistGB Base,Abandoned or not functional,0.30991735537190085,0.974025974025974,0.8555467978216004
HistGB Base,Abandoned or not functional,0.30578512396694213,0.9736842105263158,0.8555467978216004
HistGB Base,Abandoned or not functional,0.30165289256198347,0.9733333333333334,0.8555467978216004
HistGB Base,Abandoned or not functional,0.2975206611570248,0.972972972972973,0.8555467978216004
HistGB Base,Abandoned or not functional,0.29338842975206614,0.9726027397260274,0.8555467978216004
HistGB Base,Abandoned or not functional,0.2892561983471074,0.9722222222222222,0.8555467978216004
HistGB Base,Abandoned or not functional,0.2892561983471074,0.9859154929577465,0.8555467978216004
HistGB Base,Abandoned or not functional,0.28512396694214875,0.9857142857142858,0.8555467978216004
HistGB Base,Abandoned or not functional,0.2809917355371901,0.9855072463768116,0.8555467978216004
HistGB Base,Abandoned or not functional,0.2768595041322314,0.9852941176470589,0.8555467978216004
HistGB Base,Abandoned or not functional,0.2727272727272727,0.9850746268656716,0.8555467978216004
HistGB Base,Abandoned or not functional,0.26859504132231404,0.9848484848484849,0.8555467978216004
HistGB Base,Abandoned or not functional,0.2644628099173554,0.9846153846153847,0.8555467978216004
HistGB Base,Abandoned or not functional,0.2603305785123967,0.984375,0.8555467978216004
HistGB Base,Abandoned or not functional,0.256198347107438,0.9841269841269841,0.8555467978216004
HistGB Base,Abandoned or not functional,0.25206611570247933,0.9838709677419355,0.8555467978216004
HistGB Base,Abandoned or not functional,0.24793388429752067,0.9836065573770492,0.8555467978216004
HistGB Base,Abandoned or not functional,0.24380165289256198,0.9833333333333333,0.8555467978216004
HistGB Base,Abandoned or not functional,0.2396694214876033,0.9830508474576272,0.8555467978216004
HistGB Base,Abandoned or not functional,0.23553719008264462,0.9827586206896551,0.8555467978216004
HistGB Base,Abandoned or not functional,0.23140495867768596,0.9824561403508771,0.8555467978216004
HistGB Base,Abandoned or not functional,0.22727272727272727,0.9821428571428571,0.8555467978216004
HistGB Base,Abandoned or not functional,0.2231404958677686,0.9818181818181818,0.8555467978216004
HistGB Base,Abandoned or not functional,0.2190082644628099,0.9814814814814815,0.8555467978216004
HistGB Base,Abandoned or not functional,0.21487603305785125,0.9811320754716981,0.8555467978216004
HistGB Base,Abandoned or not functional,0.21074380165289255,0.9807692307692307,0.8555467978216004
HistGB Base,Abandoned or not functional,0.2066115702479339,0.9803921568627451,0.8555467978216004
HistGB Base,Abandoned or not functional,0.2024793388429752,0.98,0.8555467978216004
HistGB Base,Abandoned or not functional,0.19834710743801653,0.9795918367346939,0.8555467978216004
HistGB Base,Abandoned or not functional,0.19421487603305784,0.9791666666666666,0.8555467978216004
HistGB Base,Abandoned or not functional,0.19008264462809918,0.9787234042553191,0.8555467978216004
HistGB Base,Abandoned or not functional,0.1859504132231405,0.9782608695652174,0.8555467978216004
HistGB Base,Abandoned or not functional,0.18181818181818182,0.9777777777777777,0.8555467978216004
HistGB Base,Abandoned or not functional,0.18181818181818182,1.0,0.8555467978216004
HistGB Base,Abandoned or not functional,0.17768595041322313,1.0,0.8555467978216004
HistGB Base,Abandoned or not functional,0.17355371900826447,1.0,0.8555467978216004
HistGB Base,Abandoned or not functional,0.16942148760330578,1.0,0.8555467978216004
HistGB Base,Abandoned or not functional,0.1652892561983471,1.0,0.8555467978216004
HistGB Base,Abandoned or not functional,0.16115702479338842,1.0,0.8555467978216004
HistGB Base,Abandoned or not functional,0.15702479338842976,1.0,0.8555467978216004
HistGB Base,Abandoned or not functional,0.15289256198347106,1.0,0.8555467978216004
HistGB Base,Abandoned or not functional,0.1487603305785124,1.0,0.8555467978216004
HistGB Base,Abandoned or not functional,0.1446280991735537,1.0,0.8555467978216004
HistGB Base,Abandoned or not functional,0.14049586776859505,1.0,0.8555467978216004
HistGB Base,Abandoned or not functional,0.13636363636363635,1.0,0.8555467978216004
HistGB Base,Abandoned or not functional,0.1322314049586777,1.0,0.8555467978216004
HistGB Base,Abandoned or not functional,0.128099173553719,1.0,0.8555467978216004
HistGB Base,Abandoned or not functional,0.12396694214876033,1.0,0.8555467978216004
HistGB Base,Abandoned or not functional,0.11983471074380166,1.0,0.8555467978216004
HistGB Base,Abandoned or not functional,0.11570247933884298,1.0,0.8555467978216004
HistGB Base,Abandoned or not functional,0.1115702479338843,1.0,0.8555467978216004
HistGB Base,Abandoned or not functional,0.10743801652892562,1.0,0.8555467978216004
HistGB Base,Abandoned or not functional,0.10330578512396695,1.0,0.8555467978216004
HistGB Base,Abandoned or not functional,0.09917355371900827,1.0,0.8555467978216004
HistGB Base,Abandoned or not functional,0.09504132231404959,1.0,0.8555467978216004
HistGB Base,Abandoned or not functional,0.09090909090909091,1.0,0.8555467978216004
HistGB Base,Abandoned or not functional,0.08677685950413223,1.0,0.8555467978216004
HistGB Base,Abandoned or not functional,0.08264462809917356,1.0,0.8555467978216004
HistGB Base,Abandoned or not functional,0.07851239669421488,1.0,0.8555467978216004
HistGB Base,Abandoned or not functional,0.0743801652892562,1.0,0.8555467978216004
HistGB Base,Abandoned or not functional,0.07024793388429752,1.0,0.8555467978216004
HistGB Base,Abandoned or not functional,0.06611570247933884,1.0,0.8555467978216004
HistGB Base,Abandoned or not functional,0.06198347107438017,1.0,0.8555467978216004
HistGB Base,Abandoned or not functional,0.05785123966942149,1.0,0.8555467978216004
HistGB Base,Abandoned or not functional,0.05371900826446281,1.0,0.8555467978216004
HistGB Base,Abandoned or not functional,0.049586776859504134,1.0,0.8555467978216004
HistGB Base,Abandoned or not functional,0.045454545454545456,1.0,0.8555467978216004
HistGB Base,Abandoned or not functional,0.04132231404958678,1.0,0.8555467978216004
HistGB Base,Abandoned or not functional,0.0371900826446281,1.0,0.8555467978216004
HistGB Base,Abandoned or not functional,0.03305785123966942,1.0,0.8555467978216004
HistGB Base,Abandoned or not functional,0.028925619834710745,1.0,0.8555467978216004
HistGB Base,Abandoned or not functional,0.024793388429752067,1.0,0.8555467978216004
HistGB Base,Abandoned or not functional,0.02066115702479339,1.0,0.8555467978216004
HistGB Base,Abandoned or not functional,0.01652892561983471,1.0,0.8555467978216004
HistGB Base,Abandoned or not functional,0.012396694214876033,1.0,0.8555467978216004
HistGB Base,Abandoned or not functional,0.008264462809917356,1.0,0.8555467978216004
HistGB Base,Abandoned or not functional,0.004132231404958678,1.0,0.8555467978216004
HistGB Base,Abandoned or not functional,0.0,1.0,0.8555467978216004
XGBoost Base,Partially functional,1.0,0.08786610878661087,0.3799365022514949
XGBoost Base,Partially functional,1.0,0.08792742498255408,0.3799365022514949
XGBoost Base,Partially functional,1.0,0.08798882681564246,0.3799365022514949
XGBoost Base,Partially functional,1.0,0.0880503144654088,0.3799365022514949
XGBoost Base,Partially functional,1.0,0.08811188811188811,0.3799365022514949
XGBoost Base,Partially functional,1.0,0.08817354793561931,0.3799365022514949
XGBoost Base,Partially functional,1.0,0.08823529411764706,0.3799365022514949
XGBoost Base,Partially functional,1.0,0.08829712683952348,0.3799365022514949
XGBoost Base,Partially functional,1.0,0.08835904628330996,0.3799365022514949
XGBoost Base,Partially functional,1.0,0.08842105263157894,0.3799365022514949
XGBoost Base,Partially functional,1.0,0.08848314606741572,0.3799365022514949
XGBoost Base,Partially functional,1.0,0.08854532677442024,0.3799365022514949
XGBoost Base,Partially functional,1.0,0.08860759493670886,0.3799365022514949
XGBoost Base,Partially functional,1.0,0.08866995073891626,0.3799365022514949
XGBoost Base,Partially functional,1.0,0.08873239436619719,0.3799365022514949
XGBoost Base,Partially functional,1.0,0.08879492600422834,0.3799365022514949
XGBoost Base,Partially functional,1.0,0.08885754583921016,0.3799365022514949
XGBoost Base,Partially functional,1.0,0.08892025405786874,0.3799365022514949
XGBoost Base,Partially functional,1.0,0.08898305084745763,0.3799365022514949
XGBoost Base,Partially functional,1.0,0.08904593639575972,0.3799365022514949
XGBoost Base,Partially functional,1.0,0.0891089108910891,0.3799365022514949
XGBoost Base,Partially functional,1.0,0.08917197452229299,0.3799365022514949
XGBoost Base,Partially functional,1.0,0.08923512747875353,0.3799365022514949
XGBoost Base,Partially functional,1.0,0.0892983699503898,0.3799365022514949
XGBoost Base,Partially functional,1.0,0.08936170212765958,0.3799365022514949
XGBoost Base,Partially functional,1.0,0.08942512420156139,0.3799365022514949
XGBoost Base,Partially functional,1.0,0.08948863636363637,0.3799365022514949
XGBoost Base,Partially functional,1.0,0.08955223880597014,0.3799365022514949
XGBoost Base,Partially functional,1.0,0.08961593172119488,0.3799365022514949
XGBoost Base,Partially functional,1.0,0.08967971530249111,0.3799365022514949
XGBoost Base,Partially functional,1.0,0.08974358974358974,0.3799365022514949
XGBoost Base,Partially functional,1.0,0.08980755523877405,0.3799365022514949
XGBoost Base,Partially functional,1.0,0.0898716119828816,0.3799365022514949
XGBoost Base,Partially functional,1.0,0.08993576017130621,0.3799365022514949
XGBoost Base,Partially functional,1.0,0.09,0.3799365022514949
XGBoost Base,Partially functional,1.0,0.09006433166547534,0.3799365022514949
XGBoost Base,Partially functional,1.0,0.09012875536480687,0.3799365022514949
XGBoost Base,Partially functional,1.0,0.0901932712956335,0.3799365022514949
XGBoost Base,Partially functional,1.0,0.09025787965616046,0.3799365022514949
XGBoost Base,Partially functional,1.0,0.09032258064516129,0.3799365022514949
XGBoost Base,Partially functional,1.0,0.09038737446197992,0.3799365022514949
XGBoost Base,Partially functional,1.0,0.09045226130653267,0.3799365022514949
XGBoost Base,Partially functional,1.0,0.09051724137931035,0.3799365022514949
XGBoost Base,Partially functional,1.0,0.0905823148813803,0.3799365022514949
XGBoost Base,Partially functional,1.0,0.09064748201438849,0.3799365022514949
XGBoost Base,Partially functional,1.0,0.09071274298056156,0.3799365022514949
XGBoost Base,Partially functional,0.9920634920634921,0.09005763688760807,0.3799365022514949
XGBoost Base,Partially functional,0.9920634920634921,0.09012256669069935,0.3799365022514949
XGBoost Base,Partially functional,0.9920634920634921,0.09018759018759019,0.3799365022514949
XGBoost Base,Partially functional,0.9920634920634921,0.09025270758122744,0.3799365022514949
XGBoost Base,Partially functional,0.9920634920634921,0.09031791907514451,0.3799365022514949
XGBoost Base,Partially functional,0.9920634920634921,0.09038322487346348,0.3799365022514949
XGBoost Base,Partially functional,0.9920634920634921,0.09044862518089725,0.3799365022514949
XGBoost Base,Partially functional,0.9920634920634921,0.09051412020275162,0.3799365022514949
XGBoost Base,Partially functional,0.9920634920634921,0.09057971014492754,0.3799365022514949
XGBoost Base,Partially functional,0.9920634920634921,0.09064539521392313,0.3799365022514949
XGBoost Base,Partially functional,0.9920634920634921,0.09071117561683599,0.3799365022514949
XGBoost Base,Partially functional,0.9920634920634921,0.09077705156136529,0.3799365022514949
XGBoost Base,Partially functional,0.9920634920634921,0.09084302325581395,0.3799365022514949
XGBoost Base,Partially functional,0.9920634920634921,0.09090909090909091,0.3799365022514949
XGBoost Base,Partially functional,0.9920634920634921,0.09097525473071325,0.3799365022514949
XGBoost Base,Partially functional,0.9920634920634921,0.09104151493080845,0.3799365022514949
XGBoost Base,Partially functional,0.9920634920634921,0.09110787172011661,0.3799365022514949
XGBoost Base,Partially functional,0.9920634920634921,0.09117432530999271,0.3799365022514949
XGBoost Base,Partially functional,0.9920634920634921,0.09124087591240876,0.3799365022514949
XGBoost Base,Partially functional,0.9920634920634921,0.09130752373995617,0.3799365022514949
XGBoost Base,Partially functional,0.9920634920634921,0.09137426900584796,0.3799365022514949
XGBoost Base,Partially functional,0.9920634920634921,0.091441111923921,0.3799365022514949
XGBoost Base,Partially functional,0.9920634920634921,0.09150805270863836,0.3799365022514949
XGBoost Base,Partially functional,0.9920634920634921,0.09157509157509157,0.3799365022514949
XGBoost Base,Partially functional,0.9920634920634921,0.09164222873900293,0.3799365022514949
XGBoost Base,Partially functional,0.9920634920634921,0.09170946441672781,0.3799365022514949
XGBoost Base,Partially functional,0.9920634920634921,0.09177679882525698,0.3799365022514949
XGBoost Base,Partially functional,0.9920634920634921,0.09184423218221896,0.3799365022514949
XGBoost Base,Partially functional,0.9920634920634921,0.09191176470588236,0.3799365022514949
XGBoost Base,Partially functional,0.9920634920634921,0.09197939661515821,0.3799365022514949
XGBoost Base,Partially functional,0.9920634920634921,0.09204712812960236,0.3799365022514949
XGBoost Base,Partially functional,0.9920634920634921,0.09211495946941783,0.3799365022514949
XGBoost Base,Partially functional,0.9920634920634921,0.09218289085545722,0.3799365022514949
XGBoost Base,Partially functional,0.9920634920634921,0.09225092250922509,0.3799365022514949
XGBoost Base,Partially functional,0.9920634920634921,0.09231905465288036,0.3799365022514949
XGBoost Base,Partially functional,0.9920634920634921,0.09238728750923873,0.3799365022514949
XGBoost Base,Partially functional,0.9920634920634921,0.09245562130177515,0.3799365022514949
XGBoost Base,Partially functional,0.9920634920634921,0.0925240562546262,0.3799365022514949
XGBoost Base,Partially functional,0.9920634920634921,0.09259259259259259,0.3799365022514949
XGBoost Base,Partially functional,0.9920634920634921,0.09266123054114159,0.3799365022514949
XGBoost Base,Partially functional,0.9920634920634921,0.09272997032640949,0.3799365022514949
XGBoost Base,Partially functional,0.9920634920634921,0.09279881217520415,0.3799365022514949
XGBoost Base,Partially functional,0.9920634920634921,0.09286775631500743,0.3799365022514949
XGBoost Base,Partially functional,0.9920634920634921,0.09293680297397769,0.3799365022514949
XGBoost Base,Partially functional,0.9920634920634921,0.09300595238095238,0.3799365022514949
XGBoost Base,Partially functional,0.9920634920634921,0.09307520476545049,0.3799365022514949
XGBoost Base,Partially functional,0.9920634920634921,0.09314456035767511,0.3799365022514949
XGBoost Base,Partially functional,0.9920634920634921,0.09321401938851603,0.3799365022514949
XGBoost Base,Partially functional,0.9841269841269841,0.09253731343283582,0.3799365022514949
XGBoost Base,Partially functional,0.9841269841269841,0.09260642270351008,0.3799365022514949
XGBoost Base,Partially functional,0.9841269841269841,0.09267563527653214,0.3799365022514949
XGBoost Base,Partially functional,0.9841269841269841,0.09274495138369485,0.3799365022514949
XGBoost Base,Partially functional,0.9841269841269841,0.09281437125748503,0.3799365022514949
XGBoost Base,Partially functional,0.9841269841269841,0.09288389513108614,0.3799365022514949
XGBoost Base,Partially functional,0.9841269841269841,0.09295352323838081,0.3799365022514949
XGBoost Base,Partially functional,0.9841269841269841,0.09302325581395349,0.3799365022514949
XGBoost Base,Partially functional,0.9841269841269841,0.09309309309309309,0.3799365022514949
XGBoost Base,Partially functional,0.9841269841269841,0.09316303531179564,0.3799365022514949
XGBoost Base,Partially functional,0.9841269841269841,0.09323308270676692,0.3799365022514949
XGBoost Base,Partially functional,0.9841269841269841,0.09330323551542513,0.3799365022514949
XGBoost Base,Partially functional,0.9841269841269841,0.09337349397590361,0.3799365022514949
XGBoost Base,Partially functional,0.9841269841269841,0.0934438583270535,0.3799365022514949
XGBoost Base,Partially functional,0.9761904761904762,0.09276018099547512,0.3799365022514949
XGBoost Base,Partially functional,0.9761904761904762,0.09283018867924528,0.3799365022514949
XGBoost Base,Partially functional,0.9761904761904762,0.09290030211480363,0.3799365022514949
XGBoost Base,Partially functional,0.9761904761904762,0.09297052154195011,0.3799365022514949
XGBoost Base,Partially functional,0.9761904761904762,0.09304084720121028,0.3799365022514949
XGBoost Base,Partially functional,0.9761904761904762,0.093111279333838,0.3799365022514949
XGBoost Base,Partially functional,0.9761904761904762,0.09318181818181819,0.3799365022514949
XGBoost Base,Partially functional,0.9761904761904762,0.0932524639878696,0.3799365022514949
XGBoost Base,Partially functional,0.9761904761904762,0.09332321699544764,0.3799365022514949
XGBoost Base,Partially functional,0.9761904761904762,0.09339407744874716,0.3799365022514949
XGBoost Base,Partially functional,0.9761904761904762,0.09346504559270517,0.3799365022514949
XGBoost Base,Partially functional,0.9761904761904762,0.0935361216730038,0.3799365022514949
XGBoost Base,Partially functional,0.9761904761904762,0.09360730593607305,0.3799365022514949
XGBoost Base,Partially functional,0.9761904761904762,0.09367859862909368,0.3799365022514949
XGBoost Base,Partially functional,0.9761904761904762,0.09375,0.3799365022514949
XGBoost Base,Partially functional,0.9761904761904762,0.09382151029748284,0.3799365022514949
XGBoost Base,Partially functional,0.9761904761904762,0.09389312977099237,0.3799365022514949
XGBoost Base,Partially functional,0.9761904761904762,0.09396485867074103,0.3799365022514949
XGBoost Base,Partially functional,0.9761904761904762,0.09403669724770643,0.3799365022514949
XGBoost Base,Partially functional,0.9761904761904762,0.09410864575363427,0.3799365022514949
XGBoost Base,Partially functional,0.9761904761904762,0.09418070444104135,0.3799365022514949
XGBoost Base,Partially functional,0.9761904761904762,0.09425287356321839,0.3799365022514949
XGBoost Base,Partially functional,0.9761904761904762,0.09432515337423313,0.3799365022514949
XGBoost Base,Partially functional,0.9761904761904762,0.09439754412893323,0.3799365022514949
XGBoost Base,Partially functional,0.9761904761904762,0.0944700460829493,0.3799365022514949
XGBoost Base,Partially functional,0.9761904761904762,0.09454265949269793,0.3799365022514949
XGBoost Base,Partially functional,0.9761904761904762,0.09461538461538462,0.3799365022514949
XGBoost Base,Partially functional,0.9761904761904762,0.09468822170900693,0.3799365022514949
XGBoost Base,Partially functional,0.9761904761904762,0.09476117103235747,0.3799365022514949
XGBoost Base,Partially functional,0.9761904761904762,0.09483423284502698,0.3799365022514949
XGBoost Base,Partially functional,0.9761904761904762,0.09490740740740741,0.3799365022514949
XGBoost Base,Partially functional,0.9761904761904762,0.09498069498069497,0.3799365022514949
XGBoost Base,Partially functional,0.9761904761904762,0.09505409582689335,0.3799365022514949
XGBoost Base,Partially functional,0.9761904761904762,0.0951276102088167,0.3799365022514949
XGBoost Base,Partially functional,0.9761904761904762,0.09520123839009288,0.3799365022514949
XGBoost Base,Partially functional,0.9761904761904762,0.09527498063516654,0.3799365022514949
XGBoost Base,Partially functional,0.9761904761904762,0.09534883720930233,0.3799365022514949
XGBoost Base,Partially functional,0.9761904761904762,0.09542280837858805,0.3799365022514949
XGBoost Base,Partially functional,0.9761904761904762,0.09549689440993789,0.3799365022514949
XGBoost Base,Partially functional,0.9761904761904762,0.09557109557109557,0.3799365022514949
XGBoost Base,Partially functional,0.9761904761904762,0.09564541213063764,0.3799365022514949
XGBoost Base,Partially functional,0.9761904761904762,0.09571984435797666,0.3799365022514949
XGBoost Base,Partially functional,0.9761904761904762,0.09579439252336448,0.3799365022514949
XGBoost Base,Partially functional,0.9761904761904762,0.09586905689789556,0.3799365022514949
XGBoost Base,Partially functional,0.9761904761904762,0.09594383775351015,0.3799365022514949
XGBoost Base,Partially functional,0.9761904761904762,0.09601873536299765,0.3799365022514949
XGBoost Base,Partially functional,0.9761904761904762,0.09609375,0.3799365022514949
XGBoost Base,Partially functional,0.9761904761904762,0.09616888193901485,0.3799365022514949
XGBoost Base,Partially functional,0.9761904761904762,0.09624413145539906,0.3799365022514949
XGBoost Base,Partially functional,0.9761904761904762,0.09631949882537197,0.3799365022514949
XGBoost Base,Partially functional,0.9761904761904762,0.09639498432601881,0.3799365022514949
XGBoost Base,Partially functional,0.9761904761904762,0.09647058823529411,0.3799365022514949
XGBoost Base,Partially functional,0.9761904761904762,0.09654631083202511,0.3799365022514949
XGBoost Base,Partially functional,0.9761904761904762,0.09662215239591516,0.3799365022514949
XGBoost Base,Partially functional,0.9761904761904762,0.09669811320754718,0.3799365022514949
XGBoost Base,Partially functional,0.9761904761904762,0.0967741935483871,0.3799365022514949
XGBoost Base,Partially functional,0.9761904761904762,0.09685039370078741,0.3799365022514949
XGBoost Base,Partially functional,0.9761904761904762,0.09692671394799054,0.3799365022514949
XGBoost Base,Partially functional,0.9761904761904762,0.09700315457413249,0.3799365022514949
XGBoost Base,Partially functional,0.9761904761904762,0.09707971586424625,0.3799365022514949
XGBoost Base,Partially functional,0.9761904761904762,0.0971563981042654,0.3799365022514949
XGBoost Base,Partially functional,0.9761904761904762,0.09723320158102766,0.3799365022514949
XGBoost Base,Partially functional,0.9761904761904762,0.09731012658227849,0.3799365022514949
XGBoost Base,Partially functional,0.9761904761904762,0.09738717339667459,0.3799365022514949
XGBoost Base,Partially functional,0.9761904761904762,0.09746434231378764,0.3799365022514949
XGBoost Base,Partially functional,0.9761904761904762,0.09754163362410785,0.3799365022514949
XGBoost Base,Partially functional,0.9761904761904762,0.09761904761904762,0.3799365022514949
XGBoost Base,Partially functional,0.9761904761904762,0.0976965845909452,0.3799365022514949
XGBoost Base,Partially functional,0.9761904761904762,0.09777424483306836,0.3799365022514949
XGBoost Base,Partially functional,0.9761904761904762,0.09785202863961814,0.3799365022514949
XGBoost Base,Partially functional,0.9761904761904762,0.09792993630573249,0.3799365022514949
XGBoost Base,Partially functional,0.9761904761904762,0.09800796812749003,0.3799365022514949
XGBoost Base,Partially functional,0.9761904761904762,0.09808612440191387,0.3799365022514949
XGBoost Base,Partially functional,0.9761904761904762,0.09816440542697526,0.3799365022514949
XGBoost Base,Partially functional,0.9761904761904762,0.09824281150159744,0.3799365022514949
XGBoost Base,Partially functional,0.9761904761904762,0.09832134292565947,0.3799365022514949
XGBoost Base,Partially functional,0.9761904761904762,0.0984,0.3799365022514949
XGBoost Base,Partially functional,0.9761904761904762,0.09847878302642114,0.3799365022514949
XGBoost Base,Partially functional,0.9761904761904762,0.0985576923076923,0.3799365022514949
XGBoost Base,Partially functional,0.9761904761904762,0.09863672814755413,0.3799365022514949
XGBoost Base,Partially functional,0.9761904761904762,0.09871589085072231,0.3799365022514949
XGBoost Base,Partially functional,0.9761904761904762,0.09879518072289156,0.3799365022514949
XGBoost Base,Partially functional,0.9761904761904762,0.09887459807073955,0.3799365022514949
XGBoost Base,Partially functional,0.9761904761904762,0.09895414320193081,0.3799365022514949
XGBoost Base,Partially functional,0.9761904761904762,0.09903381642512077,0.3799365022514949
XGBoost Base,Partially functional,0.9761904761904762,0.0991136180499597,0.3799365022514949
XGBoost Base,Partially functional,0.9761904761904762,0.09919354838709678,0.3799365022514949
XGBoost Base,Partially functional,0.9761904761904762,0.09927360774818401,0.3799365022514949
XGBoost Base,Partially functional,0.9761904761904762,0.09935379644588045,0.3799365022514949
XGBoost Base,Partially functional,0.9761904761904762,0.09943411479385611,0.3799365022514949
XGBoost Base,Partially functional,0.9761904761904762,0.09951456310679611,0.3799365022514949
XGBoost Base,Partially functional,0.9761904761904762,0.09959514170040486,0.3799365022514949
XGBoost Base,Partially functional,0.9761904761904762,0.09967585089141005,0.3799365022514949
XGBoost Base,Partially functional,0.9761904761904762,0.09975669099756691,0.3799365022514949
XGBoost Base,Partially functional,0.9761904761904762,0.09983766233766234,0.3799365022514949
XGBoost Base,Partially functional,0.9761904761904762,0.09991876523151909,0.3799365022514949
XGBoost Base,Partially functional,0.9761904761904762,0.1,0.3799365022514949
XGBoost Base,Partially functional,0.9761904761904762,0.1000813669650122,0.3799365022514949
XGBoost Base,Partially functional,0.9761904761904762,0.1001628664495114,0.3799365022514949
XGBoost Base,Partially functional,0.9761904761904762,0.10024449877750612,0.3799365022514949
XGBoost Base,Partially functional,0.9761904761904762,0.100326264274062,0.3799365022514949
XGBoost Base,Partially functional,0.9761904761904762,0.10040816326530612,0.3799365022514949
XGBoost Base,Partially functional,0.9761904761904762,0.10049019607843138,0.3799365022514949
XGBoost Base,Partially functional,0.9761904761904762,0.10057236304170074,0.3799365022514949
XGBoost Base,Partially functional,0.9761904761904762,0.10065466448445172,0.3799365022514949
XGBoost Base,Partially functional,0.9761904761904762,0.10073710073710074,0.3799365022514949
XGBoost Base,Partially functional,0.9761904761904762,0.10081967213114754,0.3799365022514949
XGBoost Base,Partially functional,0.9761904761904762,0.10090237899917966,0.3799365022514949
XGBoost Base,Partially functional,0.9761904761904762,0.10098522167487685,0.3799365022514949
XGBoost Base,Partially functional,0.9761904761904762,0.10106820049301561,0.3799365022514949
XGBoost Base,Partially functional,0.9761904761904762,0.10115131578947369,0.3799365022514949
XGBoost Base,Partially functional,0.9761904761904762,0.10123456790123457,0.3799365022514949
XGBoost Base,Partially functional,0.9761904761904762,0.1013179571663921,0.3799365022514949
XGBoost Base,Partially functional,0.9761904761904762,0.10140148392415499,0.3799365022514949
XGBoost Base,Partially functional,0.9761904761904762,0.10148514851485149,0.3799365022514949
XGBoost Base,Partially functional,0.9761904761904762,0.10156895127993394,0.3799365022514949
XGBoost Base,Partially functional,0.9761904761904762,0.10165289256198347,0.3799365022514949
XGBoost Base,Partially functional,0.9761904761904762,0.10173697270471464,0.3799365022514949
XGBoost Base,Partially functional,0.9761904761904762,0.10182119205298014,0.3799365022514949
XGBoost Base,Partially functional,0.9761904761904762,0.10190555095277548,0.3799365022514949
XGBoost Base,Partially functional,0.9761904761904762,0.10199004975124377,0.3799365022514949
XGBoost Base,Partially functional,0.9761904761904762,0.1020746887966805,0.3799365022514949
XGBoost Base,Partially functional,0.9761904761904762,0.10215946843853821,0.3799365022514949
XGBoost Base,Partially functional,0.9761904761904762,0.10224438902743142,0.3799365022514949
XGBoost Base,Partially functional,0.9761904761904762,0.10232945091514144,0.3799365022514949
XGBoost Base,Partially functional,0.9761904761904762,0.10241465445462115,0.3799365022514949
XGBoost Base,Partially functional,0.9761904761904762,0.1025,0.3799365022514949
XGBoost Base,Partially functional,0.9761904761904762,0.10258548790658882,0.3799365022514949
XGBoost Base,Partially functional,0.9761904761904762,0.10267111853088481,0.3799365022514949
XGBoost Base,Partially functional,0.9761904761904762,0.10275689223057644,0.3799365022514949
XGBoost Base,Partially functional,0.9761904761904762,0.1028428093645485,0.3799365022514949
XGBoost Base,Partially functional,0.9761904761904762,0.10292887029288703,0.3799365022514949
XGBoost Base,Partially functional,0.9761904761904762,0.10301507537688442,0.3799365022514949
XGBoost Base,Partially functional,0.9761904761904762,0.10310142497904443,0.3799365022514949
XGBoost Base,Partially functional,0.9682539682539683,0.10234899328859061,0.3799365022514949
XGBoost Base,Partially functional,0.9682539682539683,0.10243492863140219,0.3799365022514949
XGBoost Base,Partially functional,0.9682539682539683,0.10252100840336134,0.3799365022514949
XGBoost Base,Partially functional,0.9682539682539683,0.10260723296888141,0.3799365022514949
XGBoost Base,Partially functional,0.9682539682539683,0.1026936026936027,0.3799365022514949
XGBoost Base,Partially functional,0.9682539682539683,0.10278011794439765,0.3799365022514949
XGBoost Base,Partially functional,0.9682539682539683,0.10286677908937605,0.3799365022514949
XGBoost Base,Partially functional,0.9603174603174603,0.1021097046413502,0.3799365022514949
XGBoost Base,Partially functional,0.9603174603174603,0.10219594594594594,0.3799365022514949
XGBoost Base,Partially functional,0.9603174603174603,0.10228233305156383,0.3799365022514949
XGBoost Base,Partially functional,0.9603174603174603,0.10236886632825719,0.3799365022514949
XGBoost Base,Partially functional,0.9603174603174603,0.10245554614733277,0.3799365022514949
XGBoost Base,Partially functional,0.9603174603174603,0.10254237288135593,0.3799365022514949
XGBoost Base,Partially functional,0.9603174603174603,0.10262934690415607,0.3799365022514949
XGBoost Base,Partially functional,0.9603174603174603,0.10271646859083192,0.3799365022514949
XGBoost Base,Partially functional,0.9603174603174603,0.102803738317757,0.3799365022514949
XGBoost Base,Partially functional,0.9603174603174603,0.10289115646258504,0.3799365022514949
XGBoost Base,Partially functional,0.9603174603174603,0.10297872340425532,0.3799365022514949
XGBoost Base,Partially functional,0.9603174603174603,0.1030664395229983,0.3799365022514949
XGBoost Base,Partially functional,0.9603174603174603,0.10315430520034101,0.3799365022514949
XGBoost Base,Partially functional,0.9523809523809523,0.10238907849829351,0.3799365022514949
XGBoost Base,Partially functional,0.9523809523809523,0.10247651579846286,0.3799365022514949
XGBoost Base,Partially functional,0.9523809523809523,0.10256410256410256,0.3799365022514949
XGBoost Base,Partially functional,0.9523809523809523,0.10265183917878529,0.3799365022514949
XGBoost Base,Partially functional,0.9523809523809523,0.10273972602739725,0.3799365022514949
XGBoost Base,Partially functional,0.9523809523809523,0.10282776349614396,0.3799365022514949
XGBoost Base,Partially functional,0.9523809523809523,0.10291595197255575,0.3799365022514949
XGBoost Base,Partially functional,0.9523809523809523,0.10300429184549356,0.3799365022514949
XGBoost Base,Partially functional,0.9523809523809523,0.10309278350515463,0.3799365022514949
XGBoost Base,Partially functional,0.9523809523809523,0.10318142734307825,0.3799365022514949
XGBoost Base,Partially functional,0.9523809523809523,0.10327022375215146,0.3799365022514949
XGBoost Base,Partially functional,0.9523809523809523,0.10335917312661498,0.3799365022514949
XGBoost Base,Partially functional,0.9523809523809523,0.10344827586206896,0.3799365022514949
XGBoost Base,Partially functional,0.9523809523809523,0.10353753235547886,0.3799365022514949
XGBoost Base,Partially functional,0.9523809523809523,0.10362694300518134,0.3799365022514949
XGBoost Base,Partially functional,0.9523809523809523,0.10371650821089023,0.3799365022514949
XGBoost Base,Partially functional,0.9523809523809523,0.10380622837370242,0.3799365022514949
XGBoost Base,Partially functional,0.9523809523809523,0.1038961038961039,0.3799365022514949
XGBoost Base,Partially functional,0.9523809523809523,0.10398613518197573,0.3799365022514949
XGBoost Base,Partially functional,0.9523809523809523,0.10407632263660017,0.3799365022514949
XGBoost Base,Partially functional,0.9523809523809523,0.10416666666666667,0.3799365022514949
XGBoost Base,Partially functional,0.9523809523809523,0.10425716768027801,0.3799365022514949
XGBoost Base,Partially functional,0.9523809523809523,0.10434782608695652,0.3799365022514949
XGBoost Base,Partially functional,0.9523809523809523,0.10443864229765012,0.3799365022514949
XGBoost Base,Partially functional,0.9523809523809523,0.10452961672473868,0.3799365022514949
XGBoost Base,Partially functional,0.9523809523809523,0.1046207497820401,0.3799365022514949
XGBoost Base,Partially functional,0.9523809523809523,0.10471204188481675,0.3799365022514949
XGBoost Base,Partially functional,0.9523809523809523,0.10480349344978165,0.3799365022514949
XGBoost Base,Partially functional,0.9523809523809523,0.1048951048951049,0.3799365022514949
XGBoost Base,Partially functional,0.9523809523809523,0.10498687664041995,0.3799365022514949
XGBoost Base,Partially functional,0.9523809523809523,0.10507880910683012,0.3799365022514949
XGBoost Base,Partially functional,0.9523809523809523,0.10517090271691498,0.3799365022514949
XGBoost Base,Partially functional,0.9523809523809523,0.10526315789473684,0.3799365022514949
XGBoost Base,Partially functional,0.9523809523809523,0.10535557506584724,0.3799365022514949
XGBoost Base,Partially functional,0.9523809523809523,0.1054481546572935,0.3799365022514949
XGBoost Base,Partially functional,0.9523809523809523,0.10554089709762533,0.3799365022514949
XGBoost Base,Partially functional,0.9523809523809523,0.1056338028169014,0.3799365022514949
XGBoost Base,Partially functional,0.9523809523809523,0.10572687224669604,0.3799365022514949
XGBoost Base,Partially functional,0.9523809523809523,0.10582010582010581,0.3799365022514949
XGBoost Base,Partially functional,0.9523809523809523,0.1059135039717564,0.3799365022514949
XGBoost Base,Partially functional,0.9523809523809523,0.10600706713780919,0.3799365022514949
XGBoost Base,Partially functional,0.9523809523809523,0.10619469026548672,0.3799365022514949
XGBoost Base,Partially functional,0.9523809523809523,0.10628875110717449,0.3799365022514949
XGBoost Base,Partially functional,0.9523809523809523,0.10638297872340426,0.3799365022514949
XGBoost Base,Partially functional,0.9523809523809523,0.1064773735581189,0.3799365022514949
XGBoost Base,Partially functional,0.9523809523809523,0.10657193605683836,0.3799365022514949
XGBoost Base,Partially functional,0.9444444444444444,0.10577777777777778,0.3799365022514949
XGBoost Base,Partially functional,0.9444444444444444,0.10587188612099645,0.3799365022514949
XGBoost Base,Partially functional,0.9444444444444444,0.10596616206589493,0.3799365022514949
XGBoost Base,Partially functional,0.9444444444444444,0.10606060606060606,0.3799365022514949
XGBoost Base,Partially functional,0.9444444444444444,0.10615521855486174,0.3799365022514949
XGBoost Base,Partially functional,0.9365079365079365,0.10535714285714286,0.3799365022514949
XGBoost Base,Partially functional,0.9365079365079365,0.10545129579982127,0.3799365022514949
XGBoost Base,Partially functional,0.9365079365079365,0.10554561717352415,0.3799365022514949
XGBoost Base,Partially functional,0.9285714285714286,0.10474485228290063,0.3799365022514949
XGBoost Base,Partially functional,0.9285714285714286,0.10483870967741936,0.3799365022514949
XGBoost Base,Partially functional,0.9285714285714286,0.10493273542600896,0.3799365022514949
XGBoost Base,Partially functional,0.9285714285714286,0.10502692998204669,0.3799365022514949
XGBoost Base,Partially functional,0.9285714285714286,0.10512129380053908,0.3799365022514949
XGBoost Base,Partially functional,0.9285714285714286,0.1052158273381295,0.3799365022514949
XGBoost Base,Partially functional,0.9285714285714286,0.10531053105310531,0.3799365022514949
XGBoost Base,Partially functional,0.9285714285714286,0.10540540540540541,0.3799365022514949
XGBoost Base,Partially functional,0.9285714285714286,0.1055004508566276,0.3799365022514949
XGBoost Base,Partially functional,0.9285714285714286,0.1055956678700361,0.3799365022514949
XGBoost Base,Partially functional,0.9285714285714286,0.10569105691056911,0.3799365022514949
XGBoost Base,Partially functional,0.9285714285714286,0.1057866184448463,0.3799365022514949
XGBoost Base,Partially functional,0.9285714285714286,0.10588235294117647,0.3799365022514949
XGBoost Base,Partially functional,0.9285714285714286,0.10597826086956522,0.3799365022514949
XGBoost Base,Partially functional,0.9285714285714286,0.10607434270172257,0.3799365022514949
XGBoost Base,Partially functional,0.9285714285714286,0.10617059891107078,0.3799365022514949
XGBoost Base,Partially functional,0.9285714285714286,0.10626702997275204,0.3799365022514949
XGBoost Base,Partially functional,0.9285714285714286,0.10636363636363637,0.3799365022514949
XGBoost Base,Partially functional,0.9285714285714286,0.10646041856232939,0.3799365022514949
XGBoost Base,Partially functional,0.9285714285714286,0.10655737704918032,0.3799365022514949
XGBoost Base,Partially functional,0.9285714285714286,0.10665451230628988,0.3799365022514949
XGBoost Base,Partially functional,0.9285714285714286,0.10675182481751824,0.3799365022514949
XGBoost Base,Partially functional,0.9285714285714286,0.10684931506849316,0.3799365022514949
XGBoost Base,Partially functional,0.9285714285714286,0.10694698354661791,0.3799365022514949
XGBoost Base,Partially functional,0.9285714285714286,0.1070448307410796,0.3799365022514949
XGBoost Base,Partially functional,0.9285714285714286,0.10714285714285714,0.3799365022514949
XGBoost Base,Partially functional,0.9285714285714286,0.10753676470588236,0.3799365022514949
XGBoost Base,Partially functional,0.9285714285714286,0.10763569457221711,0.3799365022514949
XGBoost Base,Partially functional,0.9285714285714286,0.10773480662983426,0.3799365022514949
XGBoost Base,Partially functional,0.9285714285714286,0.10783410138248847,0.3799365022514949
XGBoost Base,Partially functional,0.9285714285714286,0.10793357933579335,0.3799365022514949
XGBoost Base,Partially functional,0.9285714285714286,0.10803324099722991,0.3799365022514949
XGBoost Base,Partially functional,0.9285714285714286,0.10813308687615526,0.3799365022514949
XGBoost Base,Partially functional,0.9285714285714286,0.10823311748381129,0.3799365022514949
XGBoost Base,Partially functional,0.9285714285714286,0.10833333333333334,0.3799365022514949
XGBoost Base,Partially functional,0.9285714285714286,0.10843373493975904,0.3799365022514949
XGBoost Base,Partially functional,0.9285714285714286,0.10853432282003711,0.3799365022514949
XGBoost Base,Partially functional,0.9285714285714286,0.10863509749303621,0.3799365022514949
XGBoost Base,Partially functional,0.9285714285714286,0.1087360594795539,0.3799365022514949
XGBoost Base,Partially functional,0.9285714285714286,0.10883720930232559,0.3799365022514949
XGBoost Base,Partially functional,0.9285714285714286,0.10893854748603352,0.3799365022514949
XGBoost Base,Partially functional,0.9285714285714286,0.10904007455731593,0.3799365022514949
XGBoost Base,Partially functional,0.9285714285714286,0.10914179104477612,0.3799365022514949
XGBoost Base,Partially functional,0.9285714285714286,0.1092436974789916,0.3799365022514949
XGBoost Base,Partially functional,0.9285714285714286,0.10934579439252337,0.3799365022514949
XGBoost Base,Partially functional,0.9285714285714286,0.10944808231992516,0.3799365022514949
XGBoost Base,Partially functional,0.9285714285714286,0.10955056179775281,0.3799365022514949
XGBoost Base,Partially functional,0.9285714285714286,0.10965323336457357,0.3799365022514949
XGBoost Base,Partially functional,0.9285714285714286,0.10975609756097561,0.3799365022514949
XGBoost Base,Partially functional,0.9285714285714286,0.10985915492957747,0.3799365022514949
XGBoost Base,Partially functional,0.9285714285714286,0.1099624060150376,0.3799365022514949
XGBoost Base,Partially functional,0.9285714285714286,0.11006585136406397,0.3799365022514949
XGBoost Base,Partially functional,0.9285714285714286,0.11016949152542373,0.3799365022514949
XGBoost Base,Partially functional,0.9285714285714286,0.11027332704995288,0.3799365022514949
XGBoost Base,Partially functional,0.9285714285714286,0.11037735849056604,0.3799365022514949
XGBoost Base,Partially functional,0.9285714285714286,0.11048158640226628,0.3799365022514949
XGBoost Base,Partially functional,0.9285714285714286,0.11058601134215501,0.3799365022514949
XGBoost Base,Partially functional,0.9285714285714286,0.11069063386944182,0.3799365022514949
XGBoost Base,Partially functional,0.9285714285714286,0.11079545454545454,0.3799365022514949
XGBoost Base,Partially functional,0.9285714285714286,0.11090047393364928,0.3799365022514949
XGBoost Base,Partially functional,0.9285714285714286,0.1110056925996205,0.3799365022514949
XGBoost Base,Partially functional,0.9285714285714286,0.1111111111111111,0.3799365022514949
XGBoost Base,Partially functional,0.9285714285714286,0.1112167300380228,0.3799365022514949
XGBoost Base,Partially functional,0.9285714285714286,0.11132254995242626,0.3799365022514949
XGBoost Base,Partially functional,0.9285714285714286,0.11142857142857143,0.3799365022514949
XGBoost Base,Partially functional,0.9285714285714286,0.111534795042898,0.3799365022514949
XGBoost Base,Partially functional,0.9285714285714286,0.11164122137404581,0.3799365022514949
XGBoost Base,Partially functional,0.9285714285714286,0.11174785100286533,0.3799365022514949
XGBoost Base,Partially functional,0.9285714285714286,0.1118546845124283,0.3799365022514949
XGBoost Base,Partially functional,0.9285714285714286,0.11196172248803828,0.3799365022514949
XGBoost Base,Partially functional,0.9285714285714286,0.11206896551724138,0.3799365022514949
XGBoost Base,Partially functional,0.9285714285714286,0.11217641418983701,0.3799365022514949
XGBoost Base,Partially functional,0.9285714285714286,0.11228406909788867,0.3799365022514949
XGBoost Base,Partially functional,0.9285714285714286,0.11239193083573487,0.3799365022514949
XGBoost Base,Partially functional,0.9285714285714286,0.1125,0.3799365022514949
XGBoost Base,Partially functional,0.9285714285714286,0.1126082771896054,0.3799365022514949
XGBoost Base,Partially functional,0.9285714285714286,0.11271676300578035,0.3799365022514949
XGBoost Base,Partially functional,0.9285714285714286,0.1128254580520733,0.3799365022514949
XGBoost Base,Partially functional,0.9285714285714286,0.11293436293436293,0.3799365022514949
XGBoost Base,Partially functional,0.9285714285714286,0.11304347826086956,0.3799365022514949
XGBoost Base,Partially functional,0.9285714285714286,0.11315280464216634,0.3799365022514949
XGBoost Base,Partially functional,0.9285714285714286,0.1132623426911907,0.3799365022514949
XGBoost Base,Partially functional,0.9285714285714286,0.11337209302325581,0.3799365022514949
XGBoost Base,Partially functional,0.9285714285714286,0.11348205625606207,0.3799365022514949
XGBoost Base,Partially functional,0.9285714285714286,0.11359223300970873,0.3799365022514949
XGBoost Base,Partially functional,0.9285714285714286,0.11370262390670553,0.3799365022514949
XGBoost Base,Partially functional,0.9285714285714286,0.11381322957198443,0.3799365022514949
XGBoost Base,Partially functional,0.9285714285714286,0.11392405063291139,0.3799365022514949
XGBoost Base,Partially functional,0.9285714285714286,0.11403508771929824,0.3799365022514949
XGBoost Base,Partially functional,0.9285714285714286,0.11414634146341464,0.3799365022514949
XGBoost Base,Partially functional,0.9285714285714286,0.1142578125,0.3799365022514949
XGBoost Base,Partially functional,0.9285714285714286,0.11436950146627566,0.3799365022514949
XGBoost Base,Partially functional,0.9285714285714286,0.11448140900195694,0.3799365022514949
XGBoost Base,Partially functional,0.9285714285714286,0.11459353574926542,0.3799365022514949
XGBoost Base,Partially functional,0.9285714285714286,0.11470588235294117,0.3799365022514949
XGBoost Base,Partially functional,0.9285714285714286,0.11481844946025516,0.3799365022514949
XGBoost Base,Partially functional,0.9285714285714286,0.11493123772102161,0.3799365022514949
XGBoost Base,Partially functional,0.9285714285714286,0.11504424778761062,0.3799365022514949
XGBoost Base,Partially functional,0.9285714285714286,0.11515748031496063,0.3799365022514949
XGBoost Base,Partially functional,0.9285714285714286,0.11527093596059114,0.3799365022514949
XGBoost Base,Partially functional,0.9285714285714286,0.11538461538461539,0.3799365022514949
XGBoost Base,Partially functional,0.9285714285714286,0.11549851924975321,0.3799365022514949
XGBoost Base,Partially functional,0.9285714285714286,0.11561264822134387,0.3799365022514949
XGBoost Base,Partially functional,0.9285714285714286,0.11572700296735905,0.3799365022514949
XGBoost Base,Partially functional,0.9285714285714286,0.11584158415841585,0.3799365022514949
XGBoost Base,Partially functional,0.9285714285714286,0.1159563924677899,0.3799365022514949
XGBoost Base,Partially functional,0.9285714285714286,0.11607142857142858,0.3799365022514949
XGBoost Base,Partially functional,0.9285714285714286,0.11618669314796425,0.3799365022514949
XGBoost Base,Partially functional,0.9285714285714286,0.11630218687872763,0.3799365022514949
XGBoost Base,Partially functional,0.9285714285714286,0.11641791044776119,0.3799365022514949
XGBoost Base,Partially functional,0.9285714285714286,0.11653386454183266,0.3799365022514949
XGBoost Base,Partially functional,0.9285714285714286,0.11665004985044865,0.3799365022514949
XGBoost Base,Partially functional,0.9285714285714286,0.11676646706586827,0.3799365022514949
XGBoost Base,Partially functional,0.9285714285714286,0.11688311688311688,0.3799365022514949
XGBoost Base,Partially functional,0.9285714285714286,0.117,0.3799365022514949
XGBoost Base,Partially functional,0.9285714285714286,0.11711711711711711,0.3799365022514949
XGBoost Base,Partially functional,0.9285714285714286,0.11723446893787576,0.3799365022514949
XGBoost Base,Partially functional,0.9285714285714286,0.11735205616850551,0.3799365022514949
XGBoost Base,Partially functional,0.9285714285714286,0.11746987951807229,0.3799365022514949
XGBoost Base,Partially functional,0.9285714285714286,0.11758793969849246,0.3799365022514949
XGBoost Base,Partially functional,0.9285714285714286,0.11770623742454728,0.3799365022514949
XGBoost Base,Partially functional,0.9285714285714286,0.11782477341389729,0.3799365022514949
XGBoost Base,Partially functional,0.9285714285714286,0.11794354838709678,0.3799365022514949
XGBoost Base,Partially functional,0.9285714285714286,0.11806256306760847,0.3799365022514949
XGBoost Base,Partially functional,0.9285714285714286,0.11818181818181818,0.3799365022514949
XGBoost Base,Partially functional,0.9285714285714286,0.11830131445904954,0.3799365022514949
XGBoost Base,Partially functional,0.9285714285714286,0.11854103343465046,0.3799365022514949
XGBoost Base,Partially functional,0.9285714285714286,0.11866125760649088,0.3799365022514949
XGBoost Base,Partially functional,0.9285714285714286,0.11878172588832488,0.3799365022514949
XGBoost Base,Partially functional,0.9285714285714286,0.11890243902439024,0.3799365022514949
XGBoost Base,Partially functional,0.9285714285714286,0.1190233977619532,0.3799365022514949
XGBoost Base,Partially functional,0.9285714285714286,0.11914460285132383,0.3799365022514949
XGBoost Base,Partially functional,0.9285714285714286,0.11926605504587157,0.3799365022514949
XGBoost Base,Partially functional,0.9285714285714286,0.11938775510204082,0.3799365022514949
XGBoost Base,Partially functional,0.9285714285714286,0.1195097037793667,0.3799365022514949
XGBoost Base,Partially functional,0.9285714285714286,0.1196319018404908,0.3799365022514949
XGBoost Base,Partially functional,0.9285714285714286,0.11975435005117707,0.3799365022514949
XGBoost Base,Partially functional,0.9285714285714286,0.11987704918032786,0.3799365022514949
XGBoost Base,Partially functional,0.9285714285714286,0.12,0.3799365022514949
XGBoost Base,Partially functional,0.9206349206349206,0.11909650924024641,0.3799365022514949
XGBoost Base,Partially functional,0.9206349206349206,0.11921891058581706,0.3799365022514949
XGBoost Base,Partially functional,0.9206349206349206,0.11934156378600823,0.3799365022514949
XGBoost Base,Partially functional,0.9206349206349206,0.11946446961894953,0.3799365022514949
XGBoost Base,Partially functional,0.9206349206349206,0.11958762886597939,0.3799365022514949
XGBoost Base,Partially functional,0.9126984126984127,0.11867905056759546,0.3799365022514949
XGBoost Base,Partially functional,0.9126984126984127,0.11880165289256199,0.3799365022514949
XGBoost Base,Partially functional,0.9126984126984127,0.1189245087900724,0.3799365022514949
XGBoost Base,Partially functional,0.9126984126984127,0.11904761904761904,0.3799365022514949
XGBoost Base,Partially functional,0.9126984126984127,0.11917098445595854,0.3799365022514949
XGBoost Base,Partially functional,0.9126984126984127,0.11929460580912864,0.3799365022514949
XGBoost Base,Partially functional,0.9126984126984127,0.11941848390446522,0.3799365022514949
XGBoost Base,Partially functional,0.9126984126984127,0.11954261954261955,0.3799365022514949
XGBoost Base,Partially functional,0.9047619047619048,0.1186264308012487,0.3799365022514949
XGBoost Base,Partially functional,0.9047619047619048,0.11875,0.3799365022514949
XGBoost Base,Partially functional,0.9047619047619048,0.11887382690302398,0.3799365022514949
XGBoost Base,Partially functional,0.9047619047619048,0.11899791231732777,0.3799365022514949
XGBoost Base,Partially functional,0.9047619047619048,0.11912225705329153,0.3799365022514949
XGBoost Base,Partially functional,0.9047619047619048,0.1192468619246862,0.3799365022514949
XGBoost Base,Partially functional,0.9047619047619048,0.1193717277486911,0.3799365022514949
XGBoost Base,Partially functional,0.9047619047619048,0.11949685534591195,0.3799365022514949
XGBoost Base,Partially functional,0.9047619047619048,0.11962224554039874,0.3799365022514949
XGBoost Base,Partially functional,0.8968253968253969,0.11869747899159663,0.3799365022514949
XGBoost Base,Partially functional,0.8968253968253969,0.11882229232386961,0.3799365022514949
XGBoost Base,Partially functional,0.8888888888888888,0.11789473684210526,0.3799365022514949
XGBoost Base,Partially functional,0.8888888888888888,0.11801896733403583,0.3799365022514949
XGBoost Base,Partially functional,0.8888888888888888,0.11814345991561181,0.3799365022514949
XGBoost Base,Partially functional,0.8888888888888888,0.11826821541710665,0.3799365022514949
XGBoost Base,Partially functional,0.8888888888888888,0.11839323467230443,0.3799365022514949
XGBoost Base,Partially functional,0.8888888888888888,0.11851851851851852,0.3799365022514949
XGBoost Base,Partially functional,0.8888888888888888,0.11864406779661017,0.3799365022514949
XGBoost Base,Partially functional,0.8888888888888888,0.11876988335100742,0.3799365022514949
XGBoost Base,Partially functional,0.8888888888888888,0.11889596602972399,0.3799365022514949
XGBoost Base,Partially functional,0.8888888888888888,0.11902231668437832,0.3799365022514949
XGBoost Base,Partially functional,0.8888888888888888,0.11914893617021277,0.3799365022514949
XGBoost Base,Partially functional,0.8888888888888888,0.11927582534611289,0.3799365022514949
XGBoost Base,Partially functional,0.8888888888888888,0.11940298507462686,0.3799365022514949
XGBoost Base,Partially functional,0.8888888888888888,0.11953041622198506,0.3799365022514949
XGBoost Base,Partially functional,0.8888888888888888,0.11965811965811966,0.3799365022514949
XGBoost Base,Partially functional,0.8888888888888888,0.11978609625668449,0.3799365022514949
XGBoost Base,Partially functional,0.8888888888888888,0.11991434689507495,0.3799365022514949
XGBoost Base,Partially functional,0.8888888888888888,0.12004287245444802,0.3799365022514949
XGBoost Base,Partially functional,0.8888888888888888,0.12017167381974249,0.3799365022514949
XGBoost Base,Partially functional,0.8888888888888888,0.12043010752688173,0.3799365022514949
XGBoost Base,Partially functional,0.8888888888888888,0.12055974165769645,0.3799365022514949
XGBoost Base,Partially functional,0.8888888888888888,0.1206896551724138,0.3799365022514949
XGBoost Base,Partially functional,0.8888888888888888,0.12081984897518878,0.3799365022514949
XGBoost Base,Partially functional,0.8888888888888888,0.12095032397408208,0.3799365022514949
XGBoost Base,Partially functional,0.8888888888888888,0.12108108108108108,0.3799365022514949
XGBoost Base,Partially functional,0.8888888888888888,0.12121212121212122,0.3799365022514949
XGBoost Base,Partially functional,0.8888888888888888,0.12134344528710726,0.3799365022514949
XGBoost Base,Partially functional,0.8888888888888888,0.12147505422993492,0.3799365022514949
XGBoost Base,Partially functional,0.8888888888888888,0.12160694896851248,0.3799365022514949
XGBoost Base,Partially functional,0.8888888888888888,0.12173913043478261,0.3799365022514949
XGBoost Base,Partially functional,0.8888888888888888,0.12187159956474429,0.3799365022514949
XGBoost Base,Partially functional,0.8888888888888888,0.12200435729847495,0.3799365022514949
XGBoost Base,Partially functional,0.8888888888888888,0.12213740458015267,0.3799365022514949
XGBoost Base,Partially functional,0.8888888888888888,0.1222707423580786,0.3799365022514949
XGBoost Base,Partially functional,0.8888888888888888,0.12240437158469945,0.3799365022514949
XGBoost Base,Partially functional,0.8888888888888888,0.12253829321663019,0.3799365022514949
XGBoost Base,Partially functional,0.8888888888888888,0.12267250821467689,0.3799365022514949
XGBoost Base,Partially functional,0.8888888888888888,0.12280701754385964,0.3799365022514949
XGBoost Base,Partially functional,0.8888888888888888,0.12294182217343579,0.3799365022514949
XGBoost Base,Partially functional,0.8888888888888888,0.12307692307692308,0.3799365022514949
XGBoost Base,Partially functional,0.8888888888888888,0.12321232123212321,0.3799365022514949
XGBoost Base,Partially functional,0.8888888888888888,0.12334801762114538,0.3799365022514949
XGBoost Base,Partially functional,0.8888888888888888,0.12348401323042998,0.3799365022514949
XGBoost Base,Partially functional,0.8888888888888888,0.12362030905077263,0.3799365022514949
XGBoost Base,Partially functional,0.8888888888888888,0.12375690607734807,0.3799365022514949
XGBoost Base,Partially functional,0.8888888888888888,0.12389380530973451,0.3799365022514949
XGBoost Base,Partially functional,0.8888888888888888,0.12403100775193798,0.3799365022514949
XGBoost Base,Partially functional,0.8888888888888888,0.12416851441241686,0.3799365022514949
XGBoost Base,Partially functional,0.8888888888888888,0.12430632630410655,0.3799365022514949
XGBoost Base,Partially functional,0.8888888888888888,0.12444444444444444,0.3799365022514949
XGBoost Base,Partially functional,0.8888888888888888,0.12458286985539488,0.3799365022514949
XGBoost Base,Partially functional,0.8888888888888888,0.12472160356347439,0.3799365022514949
XGBoost Base,Partially functional,0.8888888888888888,0.12486064659977704,0.3799365022514949
XGBoost Base,Partially functional,0.8888888888888888,0.125,0.3799365022514949
XGBoost Base,Partially functional,0.8888888888888888,0.12513966480446928,0.3799365022514949
XGBoost Base,Partially functional,0.8888888888888888,0.12527964205816555,0.3799365022514949
XGBoost Base,Partially functional,0.8888888888888888,0.12541993281075028,0.3799365022514949
XGBoost Base,Partially functional,0.8888888888888888,0.12556053811659193,0.3799365022514949
XGBoost Base,Partially functional,0.8888888888888888,0.12570145903479238,0.3799365022514949
XGBoost Base,Partially functional,0.8888888888888888,0.1258426966292135,0.3799365022514949
XGBoost Base,Partially functional,0.8809523809523809,0.12485939257592801,0.3799365022514949
XGBoost Base,Partially functional,0.8809523809523809,0.125,0.3799365022514949
XGBoost Base,Partially functional,0.8809523809523809,0.12514092446448705,0.3799365022514949
XGBoost Base,Partially functional,0.873015873015873,0.12415349887133183,0.3799365022514949
XGBoost Base,Partially functional,0.873015873015873,0.12429378531073447,0.3799365022514949
XGBoost Base,Partially functional,0.873015873015873,0.1244343891402715,0.3799365022514949
XGBoost Base,Partially functional,0.873015873015873,0.1245753114382786,0.3799365022514949
XGBoost Base,Partially functional,0.873015873015873,0.12471655328798185,0.3799365022514949
XGBoost Base,Partially functional,0.873015873015873,0.12485811577752554,0.3799365022514949
XGBoost Base,Partially functional,0.873015873015873,0.125,0.3799365022514949
XGBoost Base,Partially functional,0.873015873015873,0.12514220705346984,0.3799365022514949
XGBoost Base,Partially functional,0.873015873015873,0.1252847380410023,0.3799365022514949
XGBoost Base,Partially functional,0.873015873015873,0.12542759407069556,0.3799365022514949
XGBoost Base,Partially functional,0.873015873015873,0.12557077625570776,0.3799365022514949
XGBoost Base,Partially functional,0.873015873015873,0.12571428571428572,0.3799365022514949
XGBoost Base,Partially functional,0.873015873015873,0.12585812356979406,0.3799365022514949
XGBoost Base,Partially functional,0.873015873015873,0.12600229095074456,0.3799365022514949
XGBoost Base,Partially functional,0.873015873015873,0.12614678899082568,0.3799365022514949
XGBoost Base,Partially functional,0.873015873015873,0.12629161882893225,0.3799365022514949
XGBoost Base,Partially functional,0.873015873015873,0.12643678160919541,0.3799365022514949
XGBoost Base,Partially functional,0.873015873015873,0.12658227848101267,0.3799365022514949
XGBoost Base,Partially functional,0.873015873015873,0.12672811059907835,0.3799365022514949
XGBoost Base,Partially functional,0.873015873015873,0.12687427912341406,0.3799365022514949
XGBoost Base,Partially functional,0.873015873015873,0.12702078521939955,0.3799365022514949
XGBoost Base,Partially functional,0.873015873015873,0.12716763005780346,0.3799365022514949
XGBoost Base,Partially functional,0.873015873015873,0.12731481481481483,0.3799365022514949
XGBoost Base,Partially functional,0.873015873015873,0.12746234067207415,0.3799365022514949
XGBoost Base,Partially functional,0.8650793650793651,0.12645011600928074,0.3799365022514949
XGBoost Base,Partially functional,0.8650793650793651,0.12659698025551683,0.3799365022514949
XGBoost Base,Partially functional,0.8650793650793651,0.12674418604651164,0.3799365022514949
XGBoost Base,Partially functional,0.8650793650793651,0.12689173457508732,0.3799365022514949
XGBoost Base,Partially functional,0.8650793650793651,0.12703962703962704,0.3799365022514949
XGBoost Base,Partially functional,0.8650793650793651,0.12718786464410736,0.3799365022514949
XGBoost Base,Partially functional,0.8650793650793651,0.12733644859813084,0.3799365022514949
XGBoost Base,Partially functional,0.8650793650793651,0.12748538011695906,0.3799365022514949
XGBoost Base,Partially functional,0.8650793650793651,0.12763466042154567,0.3799365022514949
XGBoost Base,Partially functional,0.8650793650793651,0.12778429073856976,0.3799365022514949
XGBoost Base,Partially functional,0.8650793650793651,0.12793427230046947,0.3799365022514949
XGBoost Base,Partially functional,0.8650793650793651,0.12808460634547592,0.3799365022514949
XGBoost Base,Partially functional,0.8650793650793651,0.12823529411764706,0.3799365022514949
XGBoost Base,Partially functional,0.8650793650793651,0.12838633686690223,0.3799365022514949
XGBoost Base,Partially functional,0.8650793650793651,0.12853773584905662,0.3799365022514949
XGBoost Base,Partially functional,0.8650793650793651,0.12868949232585597,0.3799365022514949
XGBoost Base,Partially functional,0.8650793650793651,0.1288416075650118,0.3799365022514949
XGBoost Base,Partially functional,0.8650793650793651,0.1289940828402367,0.3799365022514949
XGBoost Base,Partially functional,0.8650793650793651,0.12914691943127962,0.3799365022514949
XGBoost Base,Partially functional,0.8650793650793651,0.12930011862396204,0.3799365022514949
XGBoost Base,Partially functional,0.8650793650793651,0.12945368171021376,0.3799365022514949
XGBoost Base,Partially functional,0.8650793650793651,0.12960760998810938,0.3799365022514949
XGBoost Base,Partially functional,0.8650793650793651,0.12976190476190477,0.3799365022514949
XGBoost Base,Partially functional,0.8650793650793651,0.1299165673420739,0.3799365022514949
XGBoost Base,Partially functional,0.8650793650793651,0.13007159904534607,0.3799365022514949
XGBoost Base,Partially functional,0.8650793650793651,0.13022700119474312,0.3799365022514949
XGBoost Base,Partially functional,0.8650793650793651,0.1303827751196172,0.3799365022514949
XGBoost Base,Partially functional,0.8650793650793651,0.13053892215568863,0.3799365022514949
XGBoost Base,Partially functional,0.8650793650793651,0.13069544364508393,0.3799365022514949
XGBoost Base,Partially functional,0.8650793650793651,0.13085234093637454,0.3799365022514949
XGBoost Base,Partially functional,0.8650793650793651,0.1310096153846154,0.3799365022514949
XGBoost Base,Partially functional,0.8650793650793651,0.13116726835138387,0.3799365022514949
XGBoost Base,Partially functional,0.8650793650793651,0.13132530120481928,0.3799365022514949
XGBoost Base,Partially functional,0.8650793650793651,0.13148371531966224,0.3799365022514949
XGBoost Base,Partially functional,0.8650793650793651,0.1316425120772947,0.3799365022514949
XGBoost Base,Partially functional,0.8650793650793651,0.13180169286577992,0.3799365022514949
XGBoost Base,Partially functional,0.8650793650793651,0.13196125907990314,0.3799365022514949
XGBoost Base,Partially functional,0.8650793650793651,0.1321212121212121,0.3799365022514949
XGBoost Base,Partially functional,0.8650793650793651,0.13228155339805825,0.3799365022514949
XGBoost Base,Partially functional,0.8650793650793651,0.1324422843256379,0.3799365022514949
XGBoost Base,Partially functional,0.8650793650793651,0.13260340632603407,0.3799365022514949
XGBoost Base,Partially functional,0.8650793650793651,0.13276492082825822,0.3799365022514949
XGBoost Base,Partially functional,0.8650793650793651,0.1329268292682927,0.3799365022514949
XGBoost Base,Partially functional,0.8650793650793651,0.1330891330891331,0.3799365022514949
XGBoost Base,Partially functional,0.8650793650793651,0.1332518337408313,0.3799365022514949
XGBoost Base,Partially functional,0.8650793650793651,0.13341493268053856,0.3799365022514949
XGBoost Base,Partially functional,0.8650793650793651,0.13357843137254902,0.3799365022514949
XGBoost Base,Partially functional,0.8650793650793651,0.13374233128834356,0.3799365022514949
XGBoost Base,Partially functional,0.8650793650793651,0.1339066339066339,0.3799365022514949
XGBoost Base,Partially functional,0.8650793650793651,0.13407134071340712,0.3799365022514949
XGBoost Base,Partially functional,0.8571428571428571,0.1330049261083744,0.3799365022514949
XGBoost Base,Partially functional,0.8571428571428571,0.13316892725030827,0.3799365022514949
XGBoost Base,Partially functional,0.8571428571428571,0.13333333333333333,0.3799365022514949
XGBoost Base,Partially functional,0.8571428571428571,0.1334981458590853,0.3799365022514949
XGBoost Base,Partially functional,0.8492063492063492,0.13242574257425743,0.3799365022514949
XGBoost Base,Partially functional,0.8492063492063492,0.1325898389095415,0.3799365022514949
XGBoost Base,Partially functional,0.8492063492063492,0.1327543424317618,0.3799365022514949
XGBoost Base,Partially functional,0.8492063492063492,0.13291925465838508,0.3799365022514949
XGBoost Base,Partially functional,0.8492063492063492,0.13308457711442787,0.3799365022514949
XGBoost Base,Partially functional,0.8492063492063492,0.13325031133250312,0.3799365022514949
XGBoost Base,Partially functional,0.8492063492063492,0.13341645885286782,0.3799365022514949
XGBoost Base,Partially functional,0.8492063492063492,0.13358302122347065,0.3799365022514949
XGBoost Base,Partially functional,0.8492063492063492,0.13375,0.3799365022514949
XGBoost Base,Partially functional,0.8492063492063492,0.13391739674593242,0.3799365022514949
XGBoost Base,Partially functional,0.8492063492063492,0.13408521303258145,0.3799365022514949
XGBoost Base,Partially functional,0.8492063492063492,0.1342534504391468,0.3799365022514949
XGBoost Base,Partially functional,0.8492063492063492,0.13442211055276382,0.3799365022514949
XGBoost Base,Partially functional,0.8492063492063492,0.13459119496855346,0.3799365022514949
XGBoost Base,Partially functional,0.8492063492063492,0.13476070528967254,0.3799365022514949
XGBoost Base,Partially functional,0.8492063492063492,0.13493064312736444,0.3799365022514949
XGBoost Base,Partially functional,0.8492063492063492,0.1351010101010101,0.3799365022514949
XGBoost Base,Partially functional,0.8492063492063492,0.13527180783817952,0.3799365022514949
XGBoost Base,Partially functional,0.8492063492063492,0.13544303797468354,0.3799365022514949
XGBoost Base,Partially functional,0.8492063492063492,0.13561470215462612,0.3799365022514949
XGBoost Base,Partially functional,0.8492063492063492,0.13578680203045684,0.3799365022514949
XGBoost Base,Partially functional,0.8492063492063492,0.13595933926302414,0.3799365022514949
XGBoost Base,Partially functional,0.8492063492063492,0.1361323155216285,0.3799365022514949
XGBoost Base,Partially functional,0.8492063492063492,0.13630573248407643,0.3799365022514949
XGBoost Base,Partially functional,0.8492063492063492,0.1364795918367347,0.3799365022514949
XGBoost Base,Partially functional,0.8492063492063492,0.13665389527458494,0.3799365022514949
XGBoost Base,Partially functional,0.8492063492063492,0.13682864450127877,0.3799365022514949
XGBoost Base,Partially functional,0.8492063492063492,0.13700384122919335,0.3799365022514949
XGBoost Base,Partially functional,0.8492063492063492,0.1371794871794872,0.3799365022514949
XGBoost Base,Partially functional,0.8492063492063492,0.13735558408215662,0.3799365022514949
XGBoost Base,Partially functional,0.8492063492063492,0.13753213367609254,0.3799365022514949
XGBoost Base,Partially functional,0.8492063492063492,0.1377091377091377,0.3799365022514949
XGBoost Base,Partially functional,0.8492063492063492,0.13788659793814434,0.3799365022514949
XGBoost Base,Partially functional,0.8492063492063492,0.13806451612903226,0.3799365022514949
XGBoost Base,Partially functional,0.8492063492063492,0.13824289405684753,0.3799365022514949
XGBoost Base,Partially functional,0.8492063492063492,0.1384217335058215,0.3799365022514949
XGBoost Base,Partially functional,0.8492063492063492,0.13860103626943004,0.3799365022514949
XGBoost Base,Partially functional,0.8492063492063492,0.13878080415045396,0.3799365022514949
XGBoost Base,Partially functional,0.8492063492063492,0.13896103896103895,0.3799365022514949
XGBoost Base,Partially functional,0.8492063492063492,0.13914174252275682,0.3799365022514949
XGBoost Base,Partially functional,0.8492063492063492,0.13932291666666666,0.3799365022514949
XGBoost Base,Partially functional,0.8492063492063492,0.1395045632333768,0.3799365022514949
XGBoost Base,Partially functional,0.8492063492063492,0.13968668407310705,0.3799365022514949
XGBoost Base,Partially functional,0.8492063492063492,0.13986928104575164,0.3799365022514949
XGBoost Base,Partially functional,0.8492063492063492,0.1400523560209424,0.3799365022514949
XGBoost Base,Partially functional,0.8492063492063492,0.1402359108781127,0.3799365022514949
XGBoost Base,Partially functional,0.8492063492063492,0.14041994750656167,0.3799365022514949
XGBoost Base,Partially functional,0.8492063492063492,0.14060446780551905,0.3799365022514949
XGBoost Base,Partially functional,0.8492063492063492,0.14078947368421052,0.3799365022514949
XGBoost Base,Partially functional,0.8492063492063492,0.14097496706192358,0.3799365022514949
XGBoost Base,Partially functional,0.8412698412698413,0.13984168865435356,0.3799365022514949
XGBoost Base,Partially functional,0.8412698412698413,0.14002642007926025,0.3799365022514949
XGBoost Base,Partially functional,0.8412698412698413,0.1402116402116402,0.3799365022514949
XGBoost Base,Partially functional,0.8412698412698413,0.1403973509933775,0.3799365022514949
XGBoost Base,Partially functional,0.8412698412698413,0.14058355437665782,0.3799365022514949
XGBoost Base,Partially functional,0.8412698412698413,0.1407702523240372,0.3799365022514949
XGBoost Base,Partially functional,0.8412698412698413,0.14095744680851063,0.3799365022514949
XGBoost Base,Partially functional,0.8412698412698413,0.1411451398135819,0.3799365022514949
XGBoost Base,Partially functional,0.8412698412698413,0.14133333333333334,0.3799365022514949
XGBoost Base,Partially functional,0.8333333333333334,0.14018691588785046,0.3799365022514949
XGBoost Base,Partially functional,0.8333333333333334,0.14037433155080214,0.3799365022514949
XGBoost Base,Partially functional,0.8333333333333334,0.14056224899598393,0.3799365022514949
XGBoost Base,Partially functional,0.8333333333333334,0.14075067024128687,0.3799365022514949
XGBoost Base,Partially functional,0.8333333333333334,0.14093959731543623,0.3799365022514949
XGBoost Base,Partially functional,0.8333333333333334,0.14112903225806453,0.3799365022514949
XGBoost Base,Partially functional,0.8253968253968254,0.13997308209959622,0.3799365022514949
XGBoost Base,Partially functional,0.8253968253968254,0.14016172506738545,0.3799365022514949
XGBoost Base,Partially functional,0.8253968253968254,0.14035087719298245,0.3799365022514949
XGBoost Base,Partially functional,0.8253968253968254,0.14054054054054055,0.3799365022514949
XGBoost Base,Partially functional,0.8174603174603174,0.13937753721244925,0.3799365022514949
XGBoost Base,Partially functional,0.8174603174603174,0.13956639566395665,0.3799365022514949
XGBoost Base,Partially functional,0.8174603174603174,0.13975576662143827,0.3799365022514949
XGBoost Base,Partially functional,0.8174603174603174,0.13994565217391305,0.3799365022514949
XGBoost Base,Partially functional,0.8174603174603174,0.1401360544217687,0.3799365022514949
XGBoost Base,Partially functional,0.8174603174603174,0.14032697547683923,0.3799365022514949
XGBoost Base,Partially functional,0.8174603174603174,0.14051841746248295,0.3799365022514949
XGBoost Base,Partially functional,0.8174603174603174,0.1407103825136612,0.3799365022514949
XGBoost Base,Partially functional,0.8174603174603174,0.1409028727770178,0.3799365022514949
XGBoost Base,Partially functional,0.8174603174603174,0.1410958904109589,0.3799365022514949
XGBoost Base,Partially functional,0.8174603174603174,0.1412894375857339,0.3799365022514949
XGBoost Base,Partially functional,0.8174603174603174,0.14148351648351648,0.3799365022514949
XGBoost Base,Partially functional,0.8095238095238095,0.14030261348005502,0.3799365022514949
XGBoost Base,Partially functional,0.8095238095238095,0.14049586776859505,0.3799365022514949
XGBoost Base,Partially functional,0.8095238095238095,0.1406896551724138,0.3799365022514949
XGBoost Base,Partially functional,0.8095238095238095,0.1408839779005525,0.3799365022514949
XGBoost Base,Partially functional,0.8095238095238095,0.14107883817427386,0.3799365022514949
XGBoost Base,Partially functional,0.8095238095238095,0.14127423822714683,0.3799365022514949
XGBoost Base,Partially functional,0.8095238095238095,0.14147018030513175,0.3799365022514949
XGBoost Base,Partially functional,0.8095238095238095,0.14166666666666666,0.3799365022514949
XGBoost Base,Partially functional,0.8095238095238095,0.14186369958275383,0.3799365022514949
XGBoost Base,Partially functional,0.8095238095238095,0.14206128133704735,0.3799365022514949
XGBoost Base,Partially functional,0.8095238095238095,0.14225941422594143,0.3799365022514949
XGBoost Base,Partially functional,0.8095238095238095,0.1424581005586592,0.3799365022514949
XGBoost Base,Partially functional,0.8095238095238095,0.14265734265734265,0.3799365022514949
XGBoost Base,Partially functional,0.8095238095238095,0.14285714285714285,0.3799365022514949
XGBoost Base,Partially functional,0.8095238095238095,0.14305750350631136,0.3799365022514949
XGBoost Base,Partially functional,0.8095238095238095,0.14325842696629212,0.3799365022514949
XGBoost Base,Partially functional,0.8095238095238095,0.14345991561181434,0.3799365022514949
XGBoost Base,Partially functional,0.8095238095238095,0.14366197183098592,0.3799365022514949
XGBoost Base,Partially functional,0.8095238095238095,0.14386459802538787,0.3799365022514949
XGBoost Base,Partially functional,0.8095238095238095,0.1440677966101695,0.3799365022514949
XGBoost Base,Partially functional,0.8095238095238095,0.14427157001414428,0.3799365022514949
XGBoost Base,Partially functional,0.8095238095238095,0.14447592067988668,0.3799365022514949
XGBoost Base,Partially functional,0.8095238095238095,0.14468085106382977,0.3799365022514949
XGBoost Base,Partially functional,0.8095238095238095,0.14488636363636365,0.3799365022514949
XGBoost Base,Partially functional,0.8095238095238095,0.14509246088193456,0.3799365022514949
XGBoost Base,Partially functional,0.8095238095238095,0.1452991452991453,0.3799365022514949
XGBoost Base,Partially functional,0.8095238095238095,0.14550641940085593,0.3799365022514949
XGBoost Base,Partially functional,0.8095238095238095,0.1457142857142857,0.3799365022514949
XGBoost Base,Partially functional,0.8095238095238095,0.1459227467811159,0.3799365022514949
XGBoost Base,Partially functional,0.8095238095238095,0.14613180515759314,0.3799365022514949
XGBoost Base,Partially functional,0.8095238095238095,0.14634146341463414,0.3799365022514949
XGBoost Base,Partially functional,0.8095238095238095,0.14655172413793102,0.3799365022514949
XGBoost Base,Partially functional,0.8095238095238095,0.14676258992805755,0.3799365022514949
XGBoost Base,Partially functional,0.8095238095238095,0.14697406340057637,0.3799365022514949
XGBoost Base,Partially functional,0.8095238095238095,0.1471861471861472,0.3799365022514949
XGBoost Base,Partially functional,0.8095238095238095,0.14739884393063585,0.3799365022514949
XGBoost Base,Partially functional,0.8095238095238095,0.1476121562952243,0.3799365022514949
XGBoost Base,Partially functional,0.8095238095238095,0.14782608695652175,0.3799365022514949
XGBoost Base,Partially functional,0.8095238095238095,0.14804063860667635,0.3799365022514949
XGBoost Base,Partially functional,0.8095238095238095,0.14825581395348839,0.3799365022514949
XGBoost Base,Partially functional,0.8095238095238095,0.14847161572052403,0.3799365022514949
XGBoost Base,Partially functional,0.8095238095238095,0.14868804664723032,0.3799365022514949
XGBoost Base,Partially functional,0.8095238095238095,0.14890510948905109,0.3799365022514949
XGBoost Base,Partially functional,0.8095238095238095,0.14912280701754385,0.3799365022514949
XGBoost Base,Partially functional,0.8095238095238095,0.1493411420204978,0.3799365022514949
XGBoost Base,Partially functional,0.8095238095238095,0.1495601173020528,0.3799365022514949
XGBoost Base,Partially functional,0.8095238095238095,0.14977973568281938,0.3799365022514949
XGBoost Base,Partially functional,0.8095238095238095,0.15,0.3799365022514949
XGBoost Base,Partially functional,0.8095238095238095,0.15022091310751104,0.3799365022514949
XGBoost Base,Partially functional,0.8095238095238095,0.1504424778761062,0.3799365022514949
XGBoost Base,Partially functional,0.8095238095238095,0.15066469719350073,0.3799365022514949
XGBoost Base,Partially functional,0.8095238095238095,0.15088757396449703,0.3799365022514949
XGBoost Base,Partially functional,0.8095238095238095,0.1511111111111111,0.3799365022514949
XGBoost Base,Partially functional,0.8095238095238095,0.1513353115727003,0.3799365022514949
XGBoost Base,Partially functional,0.8095238095238095,0.1515601783060921,0.3799365022514949
XGBoost Base,Partially functional,0.8095238095238095,0.15178571428571427,0.3799365022514949
XGBoost Base,Partially functional,0.8015873015873016,0.15052160953800298,0.3799365022514949
XGBoost Base,Partially functional,0.8015873015873016,0.15074626865671642,0.3799365022514949
XGBoost Base,Partially functional,0.8015873015873016,0.15097159940209268,0.3799365022514949
XGBoost Base,Partially functional,0.8015873015873016,0.15119760479041916,0.3799365022514949
XGBoost Base,Partially functional,0.8015873015873016,0.15142428785607195,0.3799365022514949
XGBoost Base,Partially functional,0.8015873015873016,0.15165165165165165,0.3799365022514949
XGBoost Base,Partially functional,0.8015873015873016,0.1518796992481203,0.3799365022514949
XGBoost Base,Partially functional,0.8015873015873016,0.15210843373493976,0.3799365022514949
XGBoost Base,Partially functional,0.8015873015873016,0.15233785822021115,0.3799365022514949
XGBoost Base,Partially functional,0.8015873015873016,0.15256797583081572,0.3799365022514949
XGBoost Base,Partially functional,0.8015873015873016,0.15279878971255673,0.3799365022514949
XGBoost Base,Partially functional,0.8015873015873016,0.15303030303030302,0.3799365022514949
XGBoost Base,Partially functional,0.8015873015873016,0.15326251896813353,0.3799365022514949
XGBoost Base,Partially functional,0.8015873015873016,0.1534954407294833,0.3799365022514949
XGBoost Base,Partially functional,0.8015873015873016,0.1537290715372907,0.3799365022514949
XGBoost Base,Partially functional,0.8015873015873016,0.15396341463414634,0.3799365022514949
XGBoost Base,Partially functional,0.8015873015873016,0.15419847328244274,0.3799365022514949
XGBoost Base,Partially functional,0.8015873015873016,0.154434250764526,0.3799365022514949
XGBoost Base,Partially functional,0.8015873015873016,0.1546707503828484,0.3799365022514949
XGBoost Base,Partially functional,0.8015873015873016,0.1549079754601227,0.3799365022514949
XGBoost Base,Partially functional,0.8015873015873016,0.15514592933947774,0.3799365022514949
XGBoost Base,Partially functional,0.8015873015873016,0.15538461538461537,0.3799365022514949
XGBoost Base,Partially functional,0.8015873015873016,0.15562403697996918,0.3799365022514949
XGBoost Base,Partially functional,0.8015873015873016,0.1558641975308642,0.3799365022514949
XGBoost Base,Partially functional,0.8015873015873016,0.1561051004636785,0.3799365022514949
XGBoost Base,Partially functional,0.8015873015873016,0.1563467492260062,0.3799365022514949
XGBoost Base,Partially functional,0.8015873015873016,0.15658914728682172,0.3799365022514949
XGBoost Base,Partially functional,0.8015873015873016,0.15683229813664595,0.3799365022514949
XGBoost Base,Partially functional,0.8015873015873016,0.15707620528771385,0.3799365022514949
XGBoost Base,Partially functional,0.8015873015873016,0.1573208722741433,0.3799365022514949
XGBoost Base,Partially functional,0.8015873015873016,0.15756630265210608,0.3799365022514949
XGBoost Base,Partially functional,0.7936507936507936,0.15625,0.3799365022514949
XGBoost Base,Partially functional,0.7936507936507936,0.1564945226917058,0.3799365022514949
XGBoost Base,Partially functional,0.7936507936507936,0.15673981191222572,0.3799365022514949
XGBoost Base,Partially functional,0.7936507936507936,0.15698587127158556,0.3799365022514949
XGBoost Base,Partially functional,0.7936507936507936,0.15723270440251572,0.3799365022514949
XGBoost Base,Partially functional,0.7936507936507936,0.15748031496062992,0.3799365022514949
XGBoost Base,Partially functional,0.7936507936507936,0.15772870662460567,0.3799365022514949
XGBoost Base,Partially functional,0.7936507936507936,0.1579778830963665,0.3799365022514949
XGBoost Base,Partially functional,0.7936507936507936,0.15822784810126583,0.3799365022514949
XGBoost Base,Partially functional,0.7936507936507936,0.15847860538827258,0.3799365022514949
XGBoost Base,Partially functional,0.7936507936507936,0.15873015873015872,0.3799365022514949
XGBoost Base,Partially functional,0.7936507936507936,0.1589825119236884,0.3799365022514949
XGBoost Base,Partially functional,0.7936507936507936,0.1592356687898089,0.3799365022514949
XGBoost Base,Partially functional,0.7936507936507936,0.1594896331738437,0.3799365022514949
XGBoost Base,Partially functional,0.7936507936507936,0.1597444089456869,0.3799365022514949
XGBoost Base,Partially functional,0.7936507936507936,0.16,0.3799365022514949
XGBoost Base,Partially functional,0.7936507936507936,0.16025641025641027,0.3799365022514949
XGBoost Base,Partially functional,0.7936507936507936,0.16051364365971107,0.3799365022514949
XGBoost Base,Partially functional,0.7857142857142857,0.15916398713826366,0.3799365022514949
XGBoost Base,Partially functional,0.7857142857142857,0.15942028985507245,0.3799365022514949
XGBoost Base,Partially functional,0.7857142857142857,0.1596774193548387,0.3799365022514949
XGBoost Base,Partially functional,0.7857142857142857,0.15993537964458804,0.3799365022514949
XGBoost Base,Partially functional,0.7857142857142857,0.16019417475728157,0.3799365022514949
XGBoost Base,Partially functional,0.7857142857142857,0.16045380875202594,0.3799365022514949
XGBoost Base,Partially functional,0.7857142857142857,0.16071428571428573,0.3799365022514949
XGBoost Base,Partially functional,0.7857142857142857,0.16097560975609757,0.3799365022514949
XGBoost Base,Partially functional,0.7857142857142857,0.16123778501628663,0.3799365022514949
XGBoost Base,Partially functional,0.7857142857142857,0.16150081566068517,0.3799365022514949
XGBoost Base,Partially functional,0.7857142857142857,0.16176470588235295,0.3799365022514949
XGBoost Base,Partially functional,0.7857142857142857,0.16202945990180032,0.3799365022514949
XGBoost Base,Partially functional,0.7857142857142857,0.16229508196721312,0.3799365022514949
XGBoost Base,Partially functional,0.7857142857142857,0.1625615763546798,0.3799365022514949
XGBoost Base,Partially functional,0.7857142857142857,0.16282894736842105,0.3799365022514949
XGBoost Base,Partially functional,0.7857142857142857,0.1630971993410214,0.3799365022514949
XGBoost Base,Partially functional,0.7857142857142857,0.16336633663366337,0.3799365022514949
XGBoost Base,Partially functional,0.7857142857142857,0.16363636363636364,0.3799365022514949
XGBoost Base,Partially functional,0.7857142857142857,0.16390728476821192,0.3799365022514949
XGBoost Base,Partially functional,0.7857142857142857,0.16417910447761194,0.3799365022514949
XGBoost Base,Partially functional,0.7857142857142857,0.1644518272425249,0.3799365022514949
XGBoost Base,Partially functional,0.7857142857142857,0.16472545757071547,0.3799365022514949
XGBoost Base,Partially functional,0.7857142857142857,0.165,0.3799365022514949
XGBoost Base,Partially functional,0.7857142857142857,0.1652754590984975,0.3799365022514949
XGBoost Base,Partially functional,0.7857142857142857,0.16555183946488294,0.3799365022514949
XGBoost Base,Partially functional,0.7857142857142857,0.1658291457286432,0.3799365022514949
XGBoost Base,Partially functional,0.7857142857142857,0.16610738255033558,0.3799365022514949
XGBoost Base,Partially functional,0.7857142857142857,0.16638655462184873,0.3799365022514949
XGBoost Base,Partially functional,0.7857142857142857,0.16666666666666666,0.3799365022514949
XGBoost Base,Partially functional,0.7857142857142857,0.16694772344013492,0.3799365022514949
XGBoost Base,Partially functional,0.7777777777777778,0.16554054054054054,0.3799365022514949
XGBoost Base,Partially functional,0.7777777777777778,0.1658206429780034,0.3799365022514949
XGBoost Base,Partially functional,0.7777777777777778,0.16610169491525423,0.3799365022514949
XGBoost Base,Partially functional,0.7777777777777778,0.166383701188455,0.3799365022514949
XGBoost Base,Partially functional,0.7777777777777778,0.16666666666666666,0.3799365022514949
XGBoost Base,Partially functional,0.7777777777777778,0.16695059625212946,0.3799365022514949
XGBoost Base,Partially functional,0.7777777777777778,0.16723549488054607,0.3799365022514949
XGBoost Base,Partially functional,0.7777777777777778,0.1675213675213675,0.3799365022514949
XGBoost Base,Partially functional,0.7777777777777778,0.1678082191780822,0.3799365022514949
XGBoost Base,Partially functional,0.7777777777777778,0.1680960548885077,0.3799365022514949
XGBoost Base,Partially functional,0.7777777777777778,0.16838487972508592,0.3799365022514949
XGBoost Base,Partially functional,0.7777777777777778,0.1686746987951807,0.3799365022514949
XGBoost Base,Partially functional,0.7777777777777778,0.16896551724137931,0.3799365022514949
XGBoost Base,Partially functional,0.7777777777777778,0.1692573402417962,0.3799365022514949
XGBoost Base,Partially functional,0.7777777777777778,0.1695501730103806,0.3799365022514949
XGBoost Base,Partially functional,0.7777777777777778,0.16984402079722705,0.3799365022514949
XGBoost Base,Partially functional,0.7698412698412699,0.1684027777777778,0.3799365022514949
XGBoost Base,Partially functional,0.7698412698412699,0.16869565217391305,0.3799365022514949
XGBoost Base,Partially functional,0.7698412698412699,0.16898954703832753,0.3799365022514949
XGBoost Base,Partially functional,0.7698412698412699,0.16928446771378708,0.3799365022514949
XGBoost Base,Partially functional,0.7698412698412699,0.16958041958041958,0.3799365022514949
XGBoost Base,Partially functional,0.7698412698412699,0.16987740805604204,0.3799365022514949
XGBoost Base,Partially functional,0.7619047619047619,0.16842105263157894,0.3799365022514949
XGBoost Base,Partially functional,0.7619047619047619,0.1687170474516696,0.3799365022514949
XGBoost Base,Partially functional,0.7619047619047619,0.16901408450704225,0.3799365022514949
XGBoost Base,Partially functional,0.7619047619047619,0.1693121693121693,0.3799365022514949
XGBoost Base,Partially functional,0.7619047619047619,0.1696113074204947,0.3799365022514949
XGBoost Base,Partially functional,0.7619047619047619,0.16991150442477876,0.3799365022514949
XGBoost Base,Partially functional,0.7619047619047619,0.1702127659574468,0.3799365022514949
XGBoost Base,Partially functional,0.7619047619047619,0.1705150976909414,0.3799365022514949
XGBoost Base,Partially functional,0.7619047619047619,0.1708185053380783,0.3799365022514949
XGBoost Base,Partially functional,0.753968253968254,0.16934046345811052,0.3799365022514949
XGBoost Base,Partially functional,0.753968253968254,0.16964285714285715,0.3799365022514949
XGBoost Base,Partially functional,0.753968253968254,0.16994633273703041,0.3799365022514949
XGBoost Base,Partially functional,0.753968253968254,0.17025089605734767,0.3799365022514949
XGBoost Base,Partially functional,0.753968253968254,0.17055655296229802,0.3799365022514949
XGBoost Base,Partially functional,0.753968253968254,0.17086330935251798,0.3799365022514949
XGBoost Base,Partially functional,0.753968253968254,0.17117117117117117,0.3799365022514949
XGBoost Base,Partially functional,0.753968253968254,0.17148014440433212,0.3799365022514949
XGBoost Base,Partially functional,0.753968253968254,0.1717902350813743,0.3799365022514949
XGBoost Base,Partially functional,0.753968253968254,0.1721014492753623,0.3799365022514949
XGBoost Base,Partially functional,0.753968253968254,0.1724137931034483,0.3799365022514949
XGBoost Base,Partially functional,0.753968253968254,0.17272727272727273,0.3799365022514949
XGBoost Base,Partially functional,0.746031746031746,0.17122040072859745,0.3799365022514949
XGBoost Base,Partially functional,0.746031746031746,0.17153284671532848,0.3799365022514949
XGBoost Base,Partially functional,0.746031746031746,0.17184643510054845,0.3799365022514949
XGBoost Base,Partially functional,0.746031746031746,0.17216117216117216,0.3799365022514949
XGBoost Base,Partially functional,0.746031746031746,0.1724770642201835,0.3799365022514949
XGBoost Base,Partially functional,0.746031746031746,0.17279411764705882,0.3799365022514949
XGBoost Base,Partially functional,0.746031746031746,0.1731123388581952,0.3799365022514949
XGBoost Base,Partially functional,0.746031746031746,0.17343173431734318,0.3799365022514949
XGBoost Base,Partially functional,0.746031746031746,0.17375231053604437,0.3799365022514949
XGBoost Base,Partially functional,0.746031746031746,0.17407407407407408,0.3799365022514949
XGBoost Base,Partially functional,0.746031746031746,0.17439703153988867,0.3799365022514949
XGBoost Base,Partially functional,0.746031746031746,0.17472118959107807,0.3799365022514949
XGBoost Base,Partially functional,0.746031746031746,0.1750465549348231,0.3799365022514949
XGBoost Base,Partially functional,0.746031746031746,0.17537313432835822,0.3799365022514949
XGBoost Base,Partially functional,0.746031746031746,0.17570093457943925,0.3799365022514949
XGBoost Base,Partially functional,0.746031746031746,0.1760299625468165,0.3799365022514949
XGBoost Base,Partially functional,0.7380952380952381,0.17448405253283303,0.3799365022514949
XGBoost Base,Partially functional,0.7380952380952381,0.17481203007518797,0.3799365022514949
XGBoost Base,Partially functional,0.7380952380952381,0.1751412429378531,0.3799365022514949
XGBoost Base,Partially functional,0.7380952380952381,0.17547169811320754,0.3799365022514949
XGBoost Base,Partially functional,0.7380952380952381,0.17580340264650285,0.3799365022514949
XGBoost Base,Partially functional,0.7380952380952381,0.17613636363636365,0.3799365022514949
XGBoost Base,Partially functional,0.7380952380952381,0.17647058823529413,0.3799365022514949
XGBoost Base,Partially functional,0.7380952380952381,0.17680608365019013,0.3799365022514949
XGBoost Base,Partially functional,0.7380952380952381,0.17714285714285713,0.3799365022514949
XGBoost Base,Partially functional,0.7301587301587301,0.17557251908396945,0.3799365022514949
XGBoost Base,Partially functional,0.7301587301587301,0.17590822179732313,0.3799365022514949
XGBoost Base,Partially functional,0.7222222222222222,0.1743295019157088,0.3799365022514949
XGBoost Base,Partially functional,0.7222222222222222,0.1746641074856046,0.3799365022514949
XGBoost Base,Partially functional,0.7222222222222222,0.175,0.3799365022514949
XGBoost Base,Partially functional,0.7222222222222222,0.17533718689788053,0.3799365022514949
XGBoost Base,Partially functional,0.7222222222222222,0.17567567567567569,0.3799365022514949
XGBoost Base,Partially functional,0.7222222222222222,0.1760154738878143,0.3799365022514949
XGBoost Base,Partially functional,0.7222222222222222,0.17635658914728683,0.3799365022514949
XGBoost Base,Partially functional,0.7222222222222222,0.1766990291262136,0.3799365022514949
XGBoost Base,Partially functional,0.7222222222222222,0.17704280155642024,0.3799365022514949
XGBoost Base,Partially functional,0.7222222222222222,0.17738791423001948,0.3799365022514949
XGBoost Base,Partially functional,0.7222222222222222,0.177734375,0.3799365022514949
XGBoost Base,Partially functional,0.7222222222222222,0.1780821917808219,0.3799365022514949
XGBoost Base,Partially functional,0.7222222222222222,0.1784313725490196,0.3799365022514949
XGBoost Base,Partially functional,0.7222222222222222,0.1787819253438114,0.3799365022514949
XGBoost Base,Partially functional,0.7222222222222222,0.17913385826771652,0.3799365022514949
XGBoost Base,Partially functional,0.7222222222222222,0.1794871794871795,0.3799365022514949
XGBoost Base,Partially functional,0.7222222222222222,0.17984189723320157,0.3799365022514949
XGBoost Base,Partially functional,0.7222222222222222,0.1801980198019802,0.3799365022514949
XGBoost Base,Partially functional,0.7222222222222222,0.18055555555555555,0.3799365022514949
XGBoost Base,Partially functional,0.7222222222222222,0.18091451292246521,0.3799365022514949
XGBoost Base,Partially functional,0.7222222222222222,0.18127490039840638,0.3799365022514949
XGBoost Base,Partially functional,0.7222222222222222,0.18163672654690619,0.3799365022514949
XGBoost Base,Partially functional,0.7222222222222222,0.182,0.3799365022514949
XGBoost Base,Partially functional,0.7222222222222222,0.18236472945891782,0.3799365022514949
XGBoost Base,Partially functional,0.7222222222222222,0.1827309236947791,0.3799365022514949
XGBoost Base,Partially functional,0.7222222222222222,0.18309859154929578,0.3799365022514949
XGBoost Base,Partially functional,0.7222222222222222,0.18346774193548387,0.3799365022514949
XGBoost Base,Partially functional,0.7222222222222222,0.18383838383838383,0.3799365022514949
XGBoost Base,Partially functional,0.7222222222222222,0.18421052631578946,0.3799365022514949
XGBoost Base,Partially functional,0.7222222222222222,0.1845841784989858,0.3799365022514949
XGBoost Base,Partially functional,0.7222222222222222,0.18495934959349594,0.3799365022514949
XGBoost Base,Partially functional,0.7222222222222222,0.18533604887983707,0.3799365022514949
XGBoost Base,Partially functional,0.7222222222222222,0.18571428571428572,0.3799365022514949
XGBoost Base,Partially functional,0.7222222222222222,0.18609406952965235,0.3799365022514949
XGBoost Base,Partially functional,0.7222222222222222,0.1864754098360656,0.3799365022514949
XGBoost Base,Partially functional,0.7222222222222222,0.1868583162217659,0.3799365022514949
XGBoost Base,Partially functional,0.7222222222222222,0.18724279835390947,0.3799365022514949
XGBoost Base,Partially functional,0.7222222222222222,0.18762886597938144,0.3799365022514949
XGBoost Base,Partially functional,0.7222222222222222,0.18801652892561985,0.3799365022514949
XGBoost Base,Partially functional,0.7142857142857143,0.18633540372670807,0.3799365022514949
XGBoost Base,Partially functional,0.7142857142857143,0.18672199170124482,0.3799365022514949
XGBoost Base,Partially functional,0.7142857142857143,0.18711018711018712,0.3799365022514949
XGBoost Base,Partially functional,0.7142857142857143,0.1875,0.3799365022514949
XGBoost Base,Partially functional,0.7142857142857143,0.18789144050104384,0.3799365022514949
XGBoost Base,Partially functional,0.7142857142857143,0.18828451882845187,0.3799365022514949
XGBoost Base,Partially functional,0.7142857142857143,0.18867924528301888,0.3799365022514949
XGBoost Base,Partially functional,0.7142857142857143,0.18907563025210083,0.3799365022514949
XGBoost Base,Partially functional,0.7142857142857143,0.18947368421052632,0.3799365022514949
XGBoost Base,Partially functional,0.7142857142857143,0.189873417721519,0.3799365022514949
XGBoost Base,Partially functional,0.7142857142857143,0.19027484143763213,0.3799365022514949
XGBoost Base,Partially functional,0.7142857142857143,0.1906779661016949,0.3799365022514949
XGBoost Base,Partially functional,0.7063492063492064,0.18895966029723993,0.3799365022514949
XGBoost Base,Partially functional,0.7063492063492064,0.18936170212765957,0.3799365022514949
XGBoost Base,Partially functional,0.7063492063492064,0.18976545842217485,0.3799365022514949
XGBoost Base,Partially functional,0.7063492063492064,0.19017094017094016,0.3799365022514949
XGBoost Base,Partially functional,0.6984126984126984,0.18843683083511778,0.3799365022514949
XGBoost Base,Partially functional,0.6984126984126984,0.1888412017167382,0.3799365022514949
XGBoost Base,Partially functional,0.6984126984126984,0.18924731182795698,0.3799365022514949
XGBoost Base,Partially functional,0.6984126984126984,0.1896551724137931,0.3799365022514949
XGBoost Base,Partially functional,0.6984126984126984,0.1900647948164147,0.3799365022514949
XGBoost Base,Partially functional,0.6984126984126984,0.19047619047619047,0.3799365022514949
XGBoost Base,Partially functional,0.6984126984126984,0.19088937093275488,0.3799365022514949
XGBoost Base,Partially functional,0.6984126984126984,0.19130434782608696,0.3799365022514949
XGBoost Base,Partially functional,0.6904761904761905,0.1895424836601307,0.3799365022514949
XGBoost Base,Partially functional,0.6825396825396826,0.18777292576419213,0.3799365022514949
XGBoost Base,Partially functional,0.6746031746031746,0.18599562363238512,0.3799365022514949
XGBoost Base,Partially functional,0.6746031746031746,0.18640350877192982,0.3799365022514949
XGBoost Base,Partially functional,0.6746031746031746,0.18681318681318682,0.3799365022514949
XGBoost Base,Partially functional,0.6746031746031746,0.18722466960352424,0.3799365022514949
XGBoost Base,Partially functional,0.6746031746031746,0.18763796909492272,0.3799365022514949
XGBoost Base,Partially functional,0.6746031746031746,0.18805309734513273,0.3799365022514949
XGBoost Base,Partially functional,0.6746031746031746,0.188470066518847,0.3799365022514949
XGBoost Base,Partially functional,0.6746031746031746,0.18888888888888888,0.3799365022514949
XGBoost Base,Partially functional,0.6746031746031746,0.18930957683741648,0.3799365022514949
XGBoost Base,Partially functional,0.6746031746031746,0.18973214285714285,0.3799365022514949
XGBoost Base,Partially functional,0.6746031746031746,0.19015659955257272,0.3799365022514949
XGBoost Base,Partially functional,0.6746031746031746,0.1905829596412556,0.3799365022514949
XGBoost Base,Partially functional,0.6746031746031746,0.19101123595505617,0.3799365022514949
XGBoost Base,Partially functional,0.6746031746031746,0.19144144144144143,0.3799365022514949
XGBoost Base,Partially functional,0.6746031746031746,0.19187358916478556,0.3799365022514949
XGBoost Base,Partially functional,0.6746031746031746,0.19230769230769232,0.3799365022514949
XGBoost Base,Partially functional,0.6746031746031746,0.1927437641723356,0.3799365022514949
XGBoost Base,Partially functional,0.6746031746031746,0.19318181818181818,0.3799365022514949
XGBoost Base,Partially functional,0.6666666666666666,0.19134396355353075,0.3799365022514949
XGBoost Base,Partially functional,0.6666666666666666,0.1917808219178082,0.3799365022514949
XGBoost Base,Partially functional,0.6666666666666666,0.19221967963386727,0.3799365022514949
XGBoost Base,Partially functional,0.6666666666666666,0.1926605504587156,0.3799365022514949
XGBoost Base,Partially functional,0.6666666666666666,0.19310344827586207,0.3799365022514949
XGBoost Base,Partially functional,0.6666666666666666,0.1935483870967742,0.3799365022514949
XGBoost Base,Partially functional,0.6666666666666666,0.19399538106235567,0.3799365022514949
XGBoost Base,Partially functional,0.6666666666666666,0.19444444444444445,0.3799365022514949
XGBoost Base,Partially functional,0.6666666666666666,0.19489559164733178,0.3799365022514949
XGBoost Base,Partially functional,0.6666666666666666,0.19534883720930232,0.3799365022514949
XGBoost Base,Partially functional,0.6666666666666666,0.1958041958041958,0.3799365022514949
XGBoost Base,Partially functional,0.6666666666666666,0.19626168224299065,0.3799365022514949
XGBoost Base,Partially functional,0.6666666666666666,0.19672131147540983,0.3799365022514949
XGBoost Base,Partially functional,0.6666666666666666,0.19718309859154928,0.3799365022514949
XGBoost Base,Partially functional,0.6666666666666666,0.1976470588235294,0.3799365022514949
XGBoost Base,Partially functional,0.6666666666666666,0.19811320754716982,0.3799365022514949
XGBoost Base,Partially functional,0.6666666666666666,0.19858156028368795,0.3799365022514949
XGBoost Base,Partially functional,0.6666666666666666,0.1990521327014218,0.3799365022514949
XGBoost Base,Partially functional,0.6666666666666666,0.1995249406175772,0.3799365022514949
XGBoost Base,Partially functional,0.6666666666666666,0.2,0.3799365022514949
XGBoost Base,Partially functional,0.6666666666666666,0.20047732696897375,0.3799365022514949
XGBoost Base,Partially functional,0.6666666666666666,0.20095693779904306,0.3799365022514949
XGBoost Base,Partially functional,0.6666666666666666,0.2014388489208633,0.3799365022514949
XGBoost Base,Partially functional,0.6666666666666666,0.20192307692307693,0.3799365022514949
XGBoost Base,Partially functional,0.6666666666666666,0.20240963855421687,0.3799365022514949
XGBoost Base,Partially functional,0.6666666666666666,0.2028985507246377,0.3799365022514949
XGBoost Base,Partially functional,0.6666666666666666,0.2033898305084746,0.3799365022514949
XGBoost Base,Partially functional,0.6666666666666666,0.20388349514563106,0.3799365022514949
XGBoost Base,Partially functional,0.6666666666666666,0.20437956204379562,0.3799365022514949
XGBoost Base,Partially functional,0.6666666666666666,0.2048780487804878,0.3799365022514949
XGBoost Base,Partially functional,0.6666666666666666,0.20537897310513448,0.3799365022514949
XGBoost Base,Partially functional,0.6666666666666666,0.20588235294117646,0.3799365022514949
XGBoost Base,Partially functional,0.6666666666666666,0.20638820638820637,0.3799365022514949
XGBoost Base,Partially functional,0.6666666666666666,0.20689655172413793,0.3799365022514949
XGBoost Base,Partially functional,0.6666666666666666,0.2074074074074074,0.3799365022514949
XGBoost Base,Partially functional,0.6666666666666666,0.2079207920792079,0.3799365022514949
XGBoost Base,Partially functional,0.6666666666666666,0.20843672456575682,0.3799365022514949
XGBoost Base,Partially functional,0.6666666666666666,0.208955223880597,0.3799365022514949
XGBoost Base,Partially functional,0.6666666666666666,0.20947630922693267,0.3799365022514949
XGBoost Base,Partially functional,0.6666666666666666,0.21,0.3799365022514949
XGBoost Base,Partially functional,0.6666666666666666,0.21052631578947367,0.3799365022514949
XGBoost Base,Partially functional,0.6666666666666666,0.21105527638190955,0.3799365022514949
XGBoost Base,Partially functional,0.6666666666666666,0.21158690176322417,0.3799365022514949
XGBoost Base,Partially functional,0.6587301587301587,0.20959595959595959,0.3799365022514949
XGBoost Base,Partially functional,0.6587301587301587,0.21012658227848102,0.3799365022514949
XGBoost Base,Partially functional,0.6587301587301587,0.21065989847715735,0.3799365022514949
XGBoost Base,Partially functional,0.6587301587301587,0.21119592875318066,0.3799365022514949
XGBoost Base,Partially functional,0.6587301587301587,0.21173469387755103,0.3799365022514949
XGBoost Base,Partially functional,0.6507936507936508,0.20971867007672634,0.3799365022514949
XGBoost Base,Partially functional,0.6507936507936508,0.21025641025641026,0.3799365022514949
XGBoost Base,Partially functional,0.6507936507936508,0.21079691516709512,0.3799365022514949
XGBoost Base,Partially functional,0.6507936507936508,0.211340206185567,0.3799365022514949
XGBoost Base,Partially functional,0.6507936507936508,0.21188630490956073,0.3799365022514949
XGBoost Base,Partially functional,0.6507936507936508,0.21243523316062177,0.3799365022514949
XGBoost Base,Partially functional,0.6507936507936508,0.21298701298701297,0.3799365022514949
XGBoost Base,Partially functional,0.6507936507936508,0.21354166666666666,0.3799365022514949
XGBoost Base,Partially functional,0.6507936507936508,0.21409921671018275,0.3799365022514949
XGBoost Base,Partially functional,0.6507936507936508,0.21465968586387435,0.3799365022514949
XGBoost Base,Partially functional,0.6507936507936508,0.2152230971128609,0.3799365022514949
XGBoost Base,Partially functional,0.6507936507936508,0.21578947368421053,0.3799365022514949
XGBoost Base,Partially functional,0.6507936507936508,0.21635883905013192,0.3799365022514949
XGBoost Base,Partially functional,0.6507936507936508,0.21693121693121692,0.3799365022514949
XGBoost Base,Partially functional,0.6507936507936508,0.21750663129973474,0.3799365022514949
XGBoost Base,Partially functional,0.6507936507936508,0.21808510638297873,0.3799365022514949
XGBoost Base,Partially functional,0.6507936507936508,0.21866666666666668,0.3799365022514949
XGBoost Base,Partially functional,0.6507936507936508,0.2192513368983957,0.3799365022514949
XGBoost Base,Partially functional,0.6507936507936508,0.21983914209115282,0.3799365022514949
XGBoost Base,Partially functional,0.6507936507936508,0.22043010752688172,0.3799365022514949
XGBoost Base,Partially functional,0.6507936507936508,0.2210242587601078,0.3799365022514949
XGBoost Base,Partially functional,0.6507936507936508,0.22162162162162163,0.3799365022514949
XGBoost Base,Partially functional,0.6507936507936508,0.2222222222222222,0.3799365022514949
XGBoost Base,Partially functional,0.6507936507936508,0.22282608695652173,0.3799365022514949
XGBoost Base,Partially functional,0.6507936507936508,0.22343324250681199,0.3799365022514949
XGBoost Base,Partially functional,0.6507936507936508,0.22404371584699453,0.3799365022514949
XGBoost Base,Partially functional,0.6507936507936508,0.22465753424657534,0.3799365022514949
XGBoost Base,Partially functional,0.6507936507936508,0.22527472527472528,0.3799365022514949
XGBoost Base,Partially functional,0.6507936507936508,0.22589531680440772,0.3799365022514949
XGBoost Base,Partially functional,0.6507936507936508,0.2265193370165746,0.3799365022514949
XGBoost Base,Partially functional,0.6428571428571429,0.22437673130193905,0.3799365022514949
XGBoost Base,Partially functional,0.6428571428571429,0.225,0.3799365022514949
XGBoost Base,Partially functional,0.6428571428571429,0.22562674094707522,0.3799365022514949
XGBoost Base,Partially functional,0.6428571428571429,0.22625698324022347,0.3799365022514949
XGBoost Base,Partially functional,0.6349206349206349,0.22408963585434175,0.3799365022514949
XGBoost Base,Partially functional,0.6349206349206349,0.2247191011235955,0.3799365022514949
XGBoost Base,Partially functional,0.6349206349206349,0.22535211267605634,0.3799365022514949
XGBoost Base,Partially functional,0.6349206349206349,0.22598870056497175,0.3799365022514949
XGBoost Base,Partially functional,0.626984126984127,0.2237960339943343,0.3799365022514949
XGBoost Base,Partially functional,0.626984126984127,0.22443181818181818,0.3799365022514949
XGBoost Base,Partially functional,0.626984126984127,0.22507122507122507,0.3799365022514949
XGBoost Base,Partially functional,0.626984126984127,0.2257142857142857,0.3799365022514949
XGBoost Base,Partially functional,0.626984126984127,0.22636103151862463,0.3799365022514949
XGBoost Base,Partially functional,0.626984126984127,0.22701149425287356,0.3799365022514949
XGBoost Base,Partially functional,0.626984126984127,0.2276657060518732,0.3799365022514949
XGBoost Base,Partially functional,0.626984126984127,0.22832369942196531,0.3799365022514949
XGBoost Base,Partially functional,0.626984126984127,0.2289855072463768,0.3799365022514949
XGBoost Base,Partially functional,0.626984126984127,0.22965116279069767,0.3799365022514949
XGBoost Base,Partially functional,0.626984126984127,0.2303206997084548,0.3799365022514949
XGBoost Base,Partially functional,0.626984126984127,0.2309941520467836,0.3799365022514949
XGBoost Base,Partially functional,0.626984126984127,0.2316715542521994,0.3799365022514949
XGBoost Base,Partially functional,0.626984126984127,0.2323529411764706,0.3799365022514949
XGBoost Base,Partially functional,0.626984126984127,0.23303834808259588,0.3799365022514949
XGBoost Base,Partially functional,0.626984126984127,0.23372781065088757,0.3799365022514949
XGBoost Base,Partially functional,0.626984126984127,0.2344213649851632,0.3799365022514949
XGBoost Base,Partially functional,0.626984126984127,0.23511904761904762,0.3799365022514949
XGBoost Base,Partially functional,0.6190476190476191,0.23283582089552238,0.3799365022514949
XGBoost Base,Partially functional,0.6111111111111112,0.23053892215568864,0.3799365022514949
XGBoost Base,Partially functional,0.6111111111111112,0.23123123123123124,0.3799365022514949
XGBoost Base,Partially functional,0.6111111111111112,0.2319277108433735,0.3799365022514949
XGBoost Base,Partially functional,0.6111111111111112,0.2326283987915408,0.3799365022514949
XGBoost Base,Partially functional,0.6111111111111112,0.23333333333333334,0.3799365022514949
XGBoost Base,Partially functional,0.6111111111111112,0.23404255319148937,0.3799365022514949
XGBoost Base,Partially functional,0.6111111111111112,0.2347560975609756,0.3799365022514949
XGBoost Base,Partially functional,0.6111111111111112,0.23547400611620795,0.3799365022514949
XGBoost Base,Partially functional,0.6031746031746031,0.2331288343558282,0.3799365022514949
XGBoost Base,Partially functional,0.6031746031746031,0.23384615384615384,0.3799365022514949
XGBoost Base,Partially functional,0.5952380952380952,0.23148148148148148,0.3799365022514949
XGBoost Base,Partially functional,0.5952380952380952,0.23219814241486067,0.3799365022514949
XGBoost Base,Partially functional,0.5952380952380952,0.2329192546583851,0.3799365022514949
XGBoost Base,Partially functional,0.5952380952380952,0.2336448598130841,0.3799365022514949
XGBoost Base,Partially functional,0.5952380952380952,0.234375,0.3799365022514949
XGBoost Base,Partially functional,0.5952380952380952,0.23510971786833856,0.3799365022514949
XGBoost Base,Partially functional,0.5952380952380952,0.2358490566037736,0.3799365022514949
XGBoost Base,Partially functional,0.5952380952380952,0.23659305993690852,0.3799365022514949
XGBoost Base,Partially functional,0.5952380952380952,0.23734177215189872,0.3799365022514949
XGBoost Base,Partially functional,0.5952380952380952,0.23809523809523808,0.3799365022514949
XGBoost Base,Partially functional,0.5952380952380952,0.23885350318471338,0.3799365022514949
XGBoost Base,Partially functional,0.5952380952380952,0.23961661341853036,0.3799365022514949
XGBoost Base,Partially functional,0.5952380952380952,0.2403846153846154,0.3799365022514949
XGBoost Base,Partially functional,0.5952380952380952,0.24115755627009647,0.3799365022514949
XGBoost Base,Partially functional,0.5952380952380952,0.24193548387096775,0.3799365022514949
XGBoost Base,Partially functional,0.5952380952380952,0.24271844660194175,0.3799365022514949
XGBoost Base,Partially functional,0.5952380952380952,0.2435064935064935,0.3799365022514949
XGBoost Base,Partially functional,0.5873015873015873,0.24104234527687296,0.3799365022514949
XGBoost Base,Partially functional,0.5873015873015873,0.24183006535947713,0.3799365022514949
XGBoost Base,Partially functional,0.5873015873015873,0.24262295081967214,0.3799365022514949
XGBoost Base,Partially functional,0.5873015873015873,0.24342105263157895,0.3799365022514949
XGBoost Base,Partially functional,0.5873015873015873,0.24422442244224424,0.3799365022514949
XGBoost Base,Partially functional,0.5873015873015873,0.24503311258278146,0.3799365022514949
XGBoost Base,Partially functional,0.5873015873015873,0.24584717607973422,0.3799365022514949
XGBoost Base,Partially functional,0.5873015873015873,0.24666666666666667,0.3799365022514949
XGBoost Base,Partially functional,0.5873015873015873,0.24749163879598662,0.3799365022514949
XGBoost Base,Partially functional,0.5873015873015873,0.2483221476510067,0.3799365022514949
XGBoost Base,Partially functional,0.5873015873015873,0.24915824915824916,0.3799365022514949
XGBoost Base,Partially functional,0.5873015873015873,0.25,0.3799365022514949
XGBoost Base,Partially functional,0.5873015873015873,0.25084745762711863,0.3799365022514949
XGBoost Base,Partially functional,0.5873015873015873,0.25170068027210885,0.3799365022514949
XGBoost Base,Partially functional,0.5873015873015873,0.2525597269624573,0.3799365022514949
XGBoost Base,Partially functional,0.5873015873015873,0.2534246575342466,0.3799365022514949
XGBoost Base,Partially functional,0.5873015873015873,0.2542955326460481,0.3799365022514949
XGBoost Base,Partially functional,0.5873015873015873,0.25517241379310346,0.3799365022514949
XGBoost Base,Partially functional,0.5873015873015873,0.2560553633217993,0.3799365022514949
XGBoost Base,Partially functional,0.5873015873015873,0.2569444444444444,0.3799365022514949
XGBoost Base,Partially functional,0.5873015873015873,0.2578397212543554,0.3799365022514949
XGBoost Base,Partially functional,0.5873015873015873,0.25874125874125875,0.3799365022514949
XGBoost Base,Partially functional,0.5873015873015873,0.2596491228070175,0.3799365022514949
XGBoost Base,Partially functional,0.5873015873015873,0.2605633802816901,0.3799365022514949
XGBoost Base,Partially functional,0.5873015873015873,0.26148409893992935,0.3799365022514949
XGBoost Base,Partially functional,0.5793650793650794,0.25886524822695034,0.3799365022514949
XGBoost Base,Partially functional,0.5793650793650794,0.2597864768683274,0.3799365022514949
XGBoost Base,Partially functional,0.5793650793650794,0.26071428571428573,0.3799365022514949
XGBoost Base,Partially functional,0.5793650793650794,0.2616487455197133,0.3799365022514949
XGBoost Base,Partially functional,0.5793650793650794,0.26258992805755393,0.3799365022514949
XGBoost Base,Partially functional,0.5793650793650794,0.26353790613718414,0.3799365022514949
XGBoost Base,Partially functional,0.5793650793650794,0.2644927536231884,0.3799365022514949
XGBoost Base,Partially functional,0.5793650793650794,0.26545454545454544,0.3799365022514949
XGBoost Base,Partially functional,0.5714285714285714,0.26277372262773724,0.3799365022514949
XGBoost Base,Partially functional,0.5714285714285714,0.26373626373626374,0.3799365022514949
XGBoost Base,Partially functional,0.5714285714285714,0.2647058823529412,0.3799365022514949
XGBoost Base,Partially functional,0.5714285714285714,0.2656826568265683,0.3799365022514949
XGBoost Base,Partially functional,0.5714285714285714,0.26666666666666666,0.3799365022514949
XGBoost Base,Partially functional,0.5714285714285714,0.26765799256505574,0.3799365022514949
XGBoost Base,Partially functional,0.5714285714285714,0.26865671641791045,0.3799365022514949
XGBoost Base,Partially functional,0.5714285714285714,0.2696629213483146,0.3799365022514949
XGBoost Base,Partially functional,0.5714285714285714,0.2706766917293233,0.3799365022514949
XGBoost Base,Partially functional,0.5714285714285714,0.27169811320754716,0.3799365022514949
XGBoost Base,Partially functional,0.5714285714285714,0.2727272727272727,0.3799365022514949
XGBoost Base,Partially functional,0.5714285714285714,0.2737642585551331,0.3799365022514949
XGBoost Base,Partially functional,0.5714285714285714,0.2748091603053435,0.3799365022514949
XGBoost Base,Partially functional,0.5714285714285714,0.27586206896551724,0.3799365022514949
XGBoost Base,Partially functional,0.5714285714285714,0.27692307692307694,0.3799365022514949
XGBoost Base,Partially functional,0.5714285714285714,0.277992277992278,0.3799365022514949
XGBoost Base,Partially functional,0.5634920634920635,0.2751937984496124,0.3799365022514949
XGBoost Base,Partially functional,0.5634920634920635,0.27626459143968873,0.3799365022514949
XGBoost Base,Partially functional,0.5634920634920635,0.27734375,0.3799365022514949
XGBoost Base,Partially functional,0.5634920634920635,0.2784313725490196,0.3799365022514949
XGBoost Base,Partially functional,0.5634920634920635,0.2795275590551181,0.3799365022514949
XGBoost Base,Partially functional,0.5634920634920635,0.28063241106719367,0.3799365022514949
XGBoost Base,Partially functional,0.5634920634920635,0.28174603174603174,0.3799365022514949
XGBoost Base,Partially functional,0.5634920634920635,0.28286852589641437,0.3799365022514949
XGBoost Base,Partially functional,0.5634920634920635,0.284,0.3799365022514949
XGBoost Base,Partially functional,0.5634920634920635,0.285140562248996,0.3799365022514949
XGBoost Base,Partially functional,0.5634920634920635,0.2862903225806452,0.3799365022514949
XGBoost Base,Partially functional,0.5634920634920635,0.2874493927125506,0.3799365022514949
XGBoost Base,Partially functional,0.5555555555555556,0.2845528455284553,0.3799365022514949
XGBoost Base,Partially functional,0.5555555555555556,0.2857142857142857,0.3799365022514949
XGBoost Base,Partially functional,0.5555555555555556,0.28688524590163933,0.3799365022514949
XGBoost Base,Partially functional,0.5555555555555556,0.2880658436213992,0.3799365022514949
XGBoost Base,Partially functional,0.5476190476190477,0.28512396694214875,0.3799365022514949
XGBoost Base,Partially functional,0.5476190476190477,0.2863070539419087,0.3799365022514949
XGBoost Base,Partially functional,0.5476190476190477,0.2875,0.3799365022514949
XGBoost Base,Partially functional,0.5396825396825397,0.28451882845188287,0.3799365022514949
XGBoost Base,Partially functional,0.5396825396825397,0.2857142857142857,0.3799365022514949
XGBoost Base,Partially functional,0.5396825396825397,0.2869198312236287,0.3799365022514949
XGBoost Base,Partially functional,0.5396825396825397,0.288135593220339,0.3799365022514949
XGBoost Base,Partially functional,0.5317460317460317,0.2851063829787234,0.3799365022514949
XGBoost Base,Partially functional,0.5317460317460317,0.2863247863247863,0.3799365022514949
XGBoost Base,Partially functional,0.5317460317460317,0.2875536480686695,0.3799365022514949
XGBoost Base,Partially functional,0.5317460317460317,0.28879310344827586,0.3799365022514949
XGBoost Base,Partially functional,0.5317460317460317,0.29004329004329005,0.3799365022514949
XGBoost Base,Partially functional,0.5317460317460317,0.29130434782608694,0.3799365022514949
XGBoost Base,Partially functional,0.5317460317460317,0.2925764192139738,0.3799365022514949
XGBoost Base,Partially functional,0.5238095238095238,0.2894736842105263,0.3799365022514949
XGBoost Base,Partially functional,0.5238095238095238,0.2907488986784141,0.3799365022514949
XGBoost Base,Partially functional,0.5238095238095238,0.2920353982300885,0.3799365022514949
XGBoost Base,Partially functional,0.5238095238095238,0.29333333333333333,0.3799365022514949
XGBoost Base,Partially functional,0.5238095238095238,0.29464285714285715,0.3799365022514949
XGBoost Base,Partially functional,0.5238095238095238,0.29596412556053814,0.3799365022514949
XGBoost Base,Partially functional,0.5238095238095238,0.2972972972972973,0.3799365022514949
XGBoost Base,Partially functional,0.5238095238095238,0.2986425339366516,0.3799365022514949
XGBoost Base,Partially functional,0.5238095238095238,0.3,0.3799365022514949
XGBoost Base,Partially functional,0.5238095238095238,0.3013698630136986,0.3799365022514949
XGBoost Base,Partially functional,0.5238095238095238,0.30275229357798167,0.3799365022514949
XGBoost Base,Partially functional,0.5238095238095238,0.30414746543778803,0.3799365022514949
XGBoost Base,Partially functional,0.5238095238095238,0.3055555555555556,0.3799365022514949
XGBoost Base,Partially functional,0.5238095238095238,0.30697674418604654,0.3799365022514949
XGBoost Base,Partially functional,0.5238095238095238,0.308411214953271,0.3799365022514949
XGBoost Base,Partially functional,0.5238095238095238,0.30985915492957744,0.3799365022514949
XGBoost Base,Partially functional,0.5158730158730159,0.30660377358490565,0.3799365022514949
XGBoost Base,Partially functional,0.5158730158730159,0.3080568720379147,0.3799365022514949
XGBoost Base,Partially functional,0.5158730158730159,0.30952380952380953,0.3799365022514949
XGBoost Base,Partially functional,0.5158730158730159,0.31100478468899523,0.3799365022514949
XGBoost Base,Partially functional,0.5158730158730159,0.3125,0.3799365022514949
XGBoost Base,Partially functional,0.5158730158730159,0.3140096618357488,0.3799365022514949
XGBoost Base,Partially functional,0.5158730158730159,0.3155339805825243,0.3799365022514949
XGBoost Base,Partially functional,0.5158730158730159,0.3170731707317073,0.3799365022514949
XGBoost Base,Partially functional,0.5158730158730159,0.31862745098039214,0.3799365022514949
XGBoost Base,Partially functional,0.5158730158730159,0.32019704433497537,0.3799365022514949
XGBoost Base,Partially functional,0.5079365079365079,0.31683168316831684,0.3799365022514949
XGBoost Base,Partially functional,0.5,0.31343283582089554,0.3799365022514949
XGBoost Base,Partially functional,0.5,0.315,0.3799365022514949
XGBoost Base,Partially functional,0.5,0.3165829145728643,0.3799365022514949
XGBoost Base,Partially functional,0.5,0.3181818181818182,0.3799365022514949
XGBoost Base,Partially functional,0.49206349206349204,0.3147208121827411,0.3799365022514949
XGBoost Base,Partially functional,0.49206349206349204,0.3163265306122449,0.3799365022514949
XGBoost Base,Partially functional,0.49206349206349204,0.31794871794871793,0.3799365022514949
XGBoost Base,Partially functional,0.48412698412698413,0.31443298969072164,0.3799365022514949
XGBoost Base,Partially functional,0.48412698412698413,0.3160621761658031,0.3799365022514949
XGBoost Base,Partially functional,0.48412698412698413,0.3177083333333333,0.3799365022514949
XGBoost Base,Partially functional,0.48412698412698413,0.3193717277486911,0.3799365022514949
XGBoost Base,Partially functional,0.47619047619047616,0.3157894736842105,0.3799365022514949
XGBoost Base,Partially functional,0.47619047619047616,0.31746031746031744,0.3799365022514949
XGBoost Base,Partially functional,0.47619047619047616,0.3191489361702128,0.3799365022514949
XGBoost Base,Partially functional,0.46825396825396826,0.3155080213903743,0.3799365022514949
XGBoost Base,Partially functional,0.46825396825396826,0.3172043010752688,0.3799365022514949
XGBoost Base,Partially functional,0.46825396825396826,0.31891891891891894,0.3799365022514949
XGBoost Base,Partially functional,0.46825396825396826,0.32065217391304346,0.3799365022514949
XGBoost Base,Partially functional,0.46825396825396826,0.3224043715846995,0.3799365022514949
XGBoost Base,Partially functional,0.46825396825396826,0.3241758241758242,0.3799365022514949
XGBoost Base,Partially functional,0.46825396825396826,0.3259668508287293,0.3799365022514949
XGBoost Base,Partially functional,0.46825396825396826,0.3277777777777778,0.3799365022514949
XGBoost Base,Partially functional,0.46825396825396826,0.329608938547486,0.3799365022514949
XGBoost Base,Partially functional,0.46825396825396826,0.33146067415730335,0.3799365022514949
XGBoost Base,Partially functional,0.46825396825396826,0.3333333333333333,0.3799365022514949
XGBoost Base,Partially functional,0.46825396825396826,0.3352272727272727,0.3799365022514949
XGBoost Base,Partially functional,0.46825396825396826,0.33714285714285713,0.3799365022514949
XGBoost Base,Partially functional,0.4603174603174603,0.3333333333333333,0.3799365022514949
XGBoost Base,Partially functional,0.4603174603174603,0.3352601156069364,0.3799365022514949
XGBoost Base,Partially functional,0.4603174603174603,0.3372093023255814,0.3799365022514949
XGBoost Base,Partially functional,0.4603174603174603,0.3391812865497076,0.3799365022514949
XGBoost Base,Partially functional,0.4523809523809524,0.3352941176470588,0.3799365022514949
XGBoost Base,Partially functional,0.4523809523809524,0.33727810650887574,0.3799365022514949
XGBoost Base,Partially functional,0.4444444444444444,0.3333333333333333,0.3799365022514949
XGBoost Base,Partially functional,0.4444444444444444,0.33532934131736525,0.3799365022514949
XGBoost Base,Partially functional,0.4444444444444444,0.3373493975903614,0.3799365022514949
XGBoost Base,Partially functional,0.4444444444444444,0.3393939393939394,0.3799365022514949
XGBoost Base,Partially functional,0.4365079365079365,0.3353658536585366,0.3799365022514949
XGBoost Base,Partially functional,0.4365079365079365,0.3374233128834356,0.3799365022514949
XGBoost Base,Partially functional,0.4365079365079365,0.3395061728395062,0.3799365022514949
XGBoost Base,Partially functional,0.42857142857142855,0.33540372670807456,0.3799365022514949
XGBoost Base,Partially functional,0.42857142857142855,0.3375,0.3799365022514949
XGBoost Base,Partially functional,0.42857142857142855,0.33962264150943394,0.3799365022514949
XGBoost Base,Partially functional,0.42857142857142855,0.34177215189873417,0.3799365022514949
XGBoost Base,Partially functional,0.42857142857142855,0.34394904458598724,0.3799365022514949
XGBoost Base,Partially functional,0.42857142857142855,0.34615384615384615,0.3799365022514949
XGBoost Base,Partially functional,0.42857142857142855,0.34838709677419355,0.3799365022514949
XGBoost Base,Partially functional,0.42857142857142855,0.35064935064935066,0.3799365022514949
XGBoost Base,Partially functional,0.42857142857142855,0.35294117647058826,0.3799365022514949
XGBoost Base,Partially functional,0.42063492063492064,0.34868421052631576,0.3799365022514949
XGBoost Base,Partially functional,0.42063492063492064,0.3509933774834437,0.3799365022514949
XGBoost Base,Partially functional,0.42063492063492064,0.35333333333333333,0.3799365022514949
XGBoost Base,Partially functional,0.42063492063492064,0.35570469798657717,0.3799365022514949
XGBoost Base,Partially functional,0.42063492063492064,0.3581081081081081,0.3799365022514949
XGBoost Base,Partially functional,0.42063492063492064,0.36054421768707484,0.3799365022514949
XGBoost Base,Partially functional,0.42063492063492064,0.363013698630137,0.3799365022514949
XGBoost Base,Partially functional,0.42063492063492064,0.36551724137931035,0.3799365022514949
XGBoost Base,Partially functional,0.42063492063492064,0.3680555555555556,0.3799365022514949
XGBoost Base,Partially functional,0.42063492063492064,0.3706293706293706,0.3799365022514949
XGBoost Base,Partially functional,0.42063492063492064,0.3732394366197183,0.3799365022514949
XGBoost Base,Partially functional,0.42063492063492064,0.375886524822695,0.3799365022514949
XGBoost Base,Partially functional,0.42063492063492064,0.37857142857142856,0.3799365022514949
XGBoost Base,Partially functional,0.42063492063492064,0.381294964028777,0.3799365022514949
XGBoost Base,Partially functional,0.42063492063492064,0.38405797101449274,0.3799365022514949
XGBoost Base,Partially functional,0.4126984126984127,0.3795620437956204,0.3799365022514949
XGBoost Base,Partially functional,0.4126984126984127,0.38235294117647056,0.3799365022514949
XGBoost Base,Partially functional,0.4126984126984127,0.3851851851851852,0.3799365022514949
XGBoost Base,Partially functional,0.4126984126984127,0.3880597014925373,0.3799365022514949
XGBoost Base,Partially functional,0.4126984126984127,0.39097744360902253,0.3799365022514949
XGBoost Base,Partially functional,0.4126984126984127,0.3939393939393939,0.3799365022514949
XGBoost Base,Partially functional,0.40476190476190477,0.3893129770992366,0.3799365022514949
XGBoost Base,Partially functional,0.3968253968253968,0.38461538461538464,0.3799365022514949
XGBoost Base,Partially functional,0.3968253968253968,0.3875968992248062,0.3799365022514949
XGBoost Base,Partially functional,0.3968253968253968,0.390625,0.3799365022514949
XGBoost Base,Partially functional,0.3968253968253968,0.3937007874015748,0.3799365022514949
XGBoost Base,Partially functional,0.3968253968253968,0.3968253968253968,0.3799365022514949
XGBoost Base,Partially functional,0.3968253968253968,0.4,0.3799365022514949
XGBoost Base,Partially functional,0.3888888888888889,0.3951612903225806,0.3799365022514949
XGBoost Base,Partially functional,0.3888888888888889,0.3983739837398374,0.3799365022514949
XGBoost Base,Partially functional,0.3888888888888889,0.4016393442622951,0.3799365022514949
XGBoost Base,Partially functional,0.3888888888888889,0.4049586776859504,0.3799365022514949
XGBoost Base,Partially functional,0.38095238095238093,0.4,0.3799365022514949
XGBoost Base,Partially functional,0.38095238095238093,0.40336134453781514,0.3799365022514949
XGBoost Base,Partially functional,0.38095238095238093,0.4067796610169492,0.3799365022514949
XGBoost Base,Partially functional,0.373015873015873,0.4017094017094017,0.3799365022514949
XGBoost Base,Partially functional,0.373015873015873,0.4051724137931034,0.3799365022514949
XGBoost Base,Partially functional,0.373015873015873,0.40869565217391307,0.3799365022514949
XGBoost Base,Partially functional,0.373015873015873,0.41228070175438597,0.3799365022514949
XGBoost Base,Partially functional,0.373015873015873,0.415929203539823,0.3799365022514949
XGBoost Base,Partially functional,0.373015873015873,0.41964285714285715,0.3799365022514949
XGBoost Base,Partially functional,0.373015873015873,0.42342342342342343,0.3799365022514949
XGBoost Base,Partially functional,0.373015873015873,0.42727272727272725,0.3799365022514949
XGBoost Base,Partially functional,0.373015873015873,0.43119266055045874,0.3799365022514949
XGBoost Base,Partially functional,0.36507936507936506,0.42592592592592593,0.3799365022514949
XGBoost Base,Partially functional,0.36507936507936506,0.42990654205607476,0.3799365022514949
XGBoost Base,Partially functional,0.36507936507936506,0.4339622641509434,0.3799365022514949
XGBoost Base,Partially functional,0.36507936507936506,0.4380952380952381,0.3799365022514949
XGBoost Base,Partially functional,0.36507936507936506,0.4423076923076923,0.3799365022514949
XGBoost Base,Partially functional,0.36507936507936506,0.44660194174757284,0.3799365022514949
XGBoost Base,Partially functional,0.36507936507936506,0.45098039215686275,0.3799365022514949
XGBoost Base,Partially functional,0.35714285714285715,0.44554455445544555,0.3799365022514949
XGBoost Base,Partially functional,0.35714285714285715,0.45,0.3799365022514949
XGBoost Base,Partially functional,0.35714285714285715,0.45454545454545453,0.3799365022514949
XGBoost Base,Partially functional,0.35714285714285715,0.45918367346938777,0.3799365022514949
XGBoost Base,Partially functional,0.3492063492063492,0.4536082474226804,0.3799365022514949
XGBoost Base,Partially functional,0.3492063492063492,0.4583333333333333,0.3799365022514949
XGBoost Base,Partially functional,0.3492063492063492,0.4631578947368421,0.3799365022514949
XGBoost Base,Partially functional,0.3492063492063492,0.46808510638297873,0.3799365022514949
XGBoost Base,Partially functional,0.3412698412698413,0.46236559139784944,0.3799365022514949
XGBoost Base,Partially functional,0.3412698412698413,0.4673913043478261,0.3799365022514949
XGBoost Base,Partially functional,0.3412698412698413,0.4725274725274725,0.3799365022514949
XGBoost Base,Partially functional,0.3412698412698413,0.4777777777777778,0.3799365022514949
XGBoost Base,Partially functional,0.3333333333333333,0.47191011235955055,0.3799365022514949
XGBoost Base,Partially functional,0.3333333333333333,0.4772727272727273,0.3799365022514949
XGBoost Base,Partially functional,0.3333333333333333,0.4827586206896552,0.3799365022514949
XGBoost Base,Partially functional,0.3333333333333333,0.4883720930232558,0.3799365022514949
XGBoost Base,Partially functional,0.3333333333333333,0.49411764705882355,0.3799365022514949
XGBoost Base,Partially functional,0.3333333333333333,0.5,0.3799365022514949
XGBoost Base,Partially functional,0.3333333333333333,0.5060240963855421,0.3799365022514949
XGBoost Base,Partially functional,0.3333333333333333,0.5121951219512195,0.3799365022514949
XGBoost Base,Partially functional,0.3333333333333333,0.5185185185185185,0.3799365022514949
XGBoost Base,Partially functional,0.3333333333333333,0.525,0.3799365022514949
XGBoost Base,Partially functional,0.3253968253968254,0.5189873417721519,0.3799365022514949
XGBoost Base,Partially functional,0.3253968253968254,0.5256410256410257,0.3799365022514949
XGBoost Base,Partially functional,0.3253968253968254,0.5324675324675324,0.3799365022514949
XGBoost Base,Partially functional,0.31746031746031744,0.5263157894736842,0.3799365022514949
XGBoost Base,Partially functional,0.30952380952380953,0.52,0.3799365022514949
XGBoost Base,Partially functional,0.30158730158730157,0.5135135135135135,0.3799365022514949
XGBoost Base,Partially functional,0.29365079365079366,0.5068493150684932,0.3799365022514949
XGBoost Base,Partially functional,0.2857142857142857,0.5,0.3799365022514949
XGBoost Base,Partially functional,0.2857142857142857,0.5070422535211268,0.3799365022514949
XGBoost Base,Partially functional,0.2857142857142857,0.5142857142857142,0.3799365022514949
XGBoost Base,Partially functional,0.2857142857142857,0.5217391304347826,0.3799365022514949
XGBoost Base,Partially functional,0.2857142857142857,0.5294117647058824,0.3799365022514949
XGBoost Base,Partially functional,0.2857142857142857,0.5373134328358209,0.3799365022514949
XGBoost Base,Partially functional,0.2857142857142857,0.5454545454545454,0.3799365022514949
XGBoost Base,Partially functional,0.2857142857142857,0.5538461538461539,0.3799365022514949
XGBoost Base,Partially functional,0.2857142857142857,0.5625,0.3799365022514949
XGBoost Base,Partially functional,0.2777777777777778,0.5555555555555556,0.3799365022514949
XGBoost Base,Partially functional,0.2777777777777778,0.5645161290322581,0.3799365022514949
XGBoost Base,Partially functional,0.2698412698412698,0.5573770491803278,0.3799365022514949
XGBoost Base,Partially functional,0.2619047619047619,0.55,0.3799365022514949
XGBoost Base,Partially functional,0.2619047619047619,0.559322033898305,0.3799365022514949
XGBoost Base,Partially functional,0.2619047619047619,0.5689655172413793,0.3799365022514949
XGBoost Base,Partially functional,0.2619047619047619,0.5789473684210527,0.3799365022514949
XGBoost Base,Partially functional,0.25396825396825395,0.5714285714285714,0.3799365022514949
XGBoost Base,Partially functional,0.24603174603174602,0.5636363636363636,0.3799365022514949
XGBoost Base,Partially functional,0.23809523809523808,0.5555555555555556,0.3799365022514949
XGBoost Base,Partially functional,0.23809523809523808,0.5660377358490566,0.3799365022514949
XGBoost Base,Partially functional,0.23809523809523808,0.5769230769230769,0.3799365022514949
XGBoost Base,Partially functional,0.23015873015873015,0.5686274509803921,0.3799365022514949
XGBoost Base,Partially functional,0.2222222222222222,0.56,0.3799365022514949
XGBoost Base,Partially functional,0.21428571428571427,0.5510204081632653,0.3799365022514949
XGBoost Base,Partially functional,0.21428571428571427,0.5625,0.3799365022514949
XGBoost Base,Partially functional,0.21428571428571427,0.574468085106383,0.3799365022514949
XGBoost Base,Partially functional,0.20634920634920634,0.5652173913043478,0.3799365022514949
XGBoost Base,Partially functional,0.1984126984126984,0.5555555555555556,0.3799365022514949
XGBoost Base,Partially functional,0.19047619047619047,0.5454545454545454,0.3799365022514949
XGBoost Base,Partially functional,0.19047619047619047,0.5581395348837209,0.3799365022514949
XGBoost Base,Partially functional,0.19047619047619047,0.5714285714285714,0.3799365022514949
XGBoost Base,Partially functional,0.19047619047619047,0.5853658536585366,0.3799365022514949
XGBoost Base,Partially functional,0.19047619047619047,0.6,0.3799365022514949
XGBoost Base,Partially functional,0.18253968253968253,0.5897435897435898,0.3799365022514949
XGBoost Base,Partially functional,0.18253968253968253,0.6052631578947368,0.3799365022514949
XGBoost Base,Partially functional,0.18253968253968253,0.6216216216216216,0.3799365022514949
XGBoost Base,Partially functional,0.18253968253968253,0.6388888888888888,0.3799365022514949
XGBoost Base,Partially functional,0.1746031746031746,0.6285714285714286,0.3799365022514949
XGBoost Base,Partially functional,0.16666666666666666,0.6176470588235294,0.3799365022514949
XGBoost Base,Partially functional,0.15873015873015872,0.6060606060606061,0.3799365022514949
XGBoost Base,Partially functional,0.15873015873015872,0.625,0.3799365022514949
XGBoost Base,Partially functional,0.15873015873015872,0.6451612903225806,0.3799365022514949
XGBoost Base,Partially functional,0.15079365079365079,0.6333333333333333,0.3799365022514949
XGBoost Base,Partially functional,0.15079365079365079,0.6551724137931034,0.3799365022514949
XGBoost Base,Partially functional,0.14285714285714285,0.6428571428571429,0.3799365022514949
XGBoost Base,Partially functional,0.14285714285714285,0.6666666666666666,0.3799365022514949
XGBoost Base,Partially functional,0.14285714285714285,0.6923076923076923,0.3799365022514949
XGBoost Base,Partially functional,0.1349206349206349,0.68,0.3799365022514949
XGBoost Base,Partially functional,0.1349206349206349,0.7083333333333334,0.3799365022514949
XGBoost Base,Partially functional,0.1349206349206349,0.7391304347826086,0.3799365022514949
XGBoost Base,Partially functional,0.12698412698412698,0.7272727272727273,0.3799365022514949
XGBoost Base,Partially functional,0.11904761904761904,0.7142857142857143,0.3799365022514949
XGBoost Base,Partially functional,0.1111111111111111,0.7,0.3799365022514949
XGBoost Base,Partially functional,0.10317460317460317,0.6842105263157895,0.3799365022514949
XGBoost Base,Partially functional,0.10317460317460317,0.7222222222222222,0.3799365022514949
XGBoost Base,Partially functional,0.09523809523809523,0.7058823529411765,0.3799365022514949
XGBoost Base,Partially functional,0.0873015873015873,0.6875,0.3799365022514949
XGBoost Base,Partially functional,0.07936507936507936,0.6666666666666666,0.3799365022514949
XGBoost Base,Partially functional,0.07142857142857142,0.6428571428571429,0.3799365022514949
XGBoost Base,Partially functional,0.06349206349206349,0.6153846153846154,0.3799365022514949
XGBoost Base,Partially functional,0.06349206349206349,0.6666666666666666,0.3799365022514949
XGBoost Base,Partially functional,0.05555555555555555,0.6363636363636364,0.3799365022514949
XGBoost Base,Partially functional,0.05555555555555555,0.7,0.3799365022514949
XGBoost Base,Partially functional,0.05555555555555555,0.7777777777777778,0.3799365022514949
XGBoost Base,Partially functional,0.05555555555555555,0.875,0.3799365022514949
XGBoost Base,Partially functional,0.05555555555555555,1.0,0.3799365022514949
XGBoost Base,Partially functional,0.047619047619047616,1.0,0.3799365022514949
XGBoost Base,Partially functional,0.03968253968253968,1.0,0.3799365022514949
XGBoost Base,Partially functional,0.031746031746031744,1.0,0.3799365022514949
XGBoost Base,Partially functional,0.023809523809523808,1.0,0.3799365022514949
XGBoost Base,Partially functional,0.015873015873015872,1.0,0.3799365022514949
XGBoost Base,Partially functional,0.007936507936507936,1.0,0.3799365022514949
XGBoost Base,Partially functional,0.0,1.0,0.3799365022514949
XGBoost Base,Abandoned or not functional,1.0,0.16875871687587168,0.8518822731309411
XGBoost Base,Abandoned or not functional,1.0,0.1688764829030007,0.8518822731309411
XGBoost Base,Abandoned or not functional,1.0,0.16899441340782123,0.8518822731309411
XGBoost Base,Abandoned or not functional,1.0,0.16911250873515024,0.8518822731309411
XGBoost Base,Abandoned or not functional,1.0,0.16923076923076924,0.8518822731309411
XGBoost Base,Abandoned or not functional,1.0,0.16934919524142758,0.8518822731309411
XGBoost Base,Abandoned or not functional,1.0,0.16946778711484595,0.8518822731309411
XGBoost Base,Abandoned or not functional,1.0,0.1695865451997197,0.8518822731309411
XGBoost Base,Abandoned or not functional,1.0,0.1697054698457223,0.8518822731309411
XGBoost Base,Abandoned or not functional,1.0,0.16982456140350877,0.8518822731309411
XGBoost Base,Abandoned or not functional,1.0,0.1699438202247191,0.8518822731309411
XGBoost Base,Abandoned or not functional,1.0,0.17006324666198172,0.8518822731309411
XGBoost Base,Abandoned or not functional,1.0,0.170182841068917,0.8518822731309411
XGBoost Base,Abandoned or not functional,1.0,0.17030260380014076,0.8518822731309411
XGBoost Base,Abandoned or not functional,1.0,0.1704225352112676,0.8518822731309411
XGBoost Base,Abandoned or not functional,1.0,0.17054263565891473,0.8518822731309411
XGBoost Base,Abandoned or not functional,1.0,0.17066290550070523,0.8518822731309411
XGBoost Base,Abandoned or not functional,1.0,0.1707833450952717,0.8518822731309411
XGBoost Base,Abandoned or not functional,1.0,0.1709039548022599,0.8518822731309411
XGBoost Base,Abandoned or not functional,1.0,0.17102473498233214,0.8518822731309411
XGBoost Base,Abandoned or not functional,1.0,0.17114568599717114,0.8518822731309411
XGBoost Base,Abandoned or not functional,1.0,0.17126680820948337,0.8518822731309411
XGBoost Base,Abandoned or not functional,1.0,0.17138810198300283,0.8518822731309411
XGBoost Base,Abandoned or not functional,1.0,0.17150956768249467,0.8518822731309411
XGBoost Base,Abandoned or not functional,1.0,0.17163120567375886,0.8518822731309411
XGBoost Base,Abandoned or not functional,1.0,0.1717530163236338,0.8518822731309411
XGBoost Base,Abandoned or not functional,1.0,0.171875,0.8518822731309411
XGBoost Base,Abandoned or not functional,1.0,0.17199715707178392,0.8518822731309411
XGBoost Base,Abandoned or not functional,1.0,0.1721194879089616,0.8518822731309411
XGBoost Base,Abandoned or not functional,1.0,0.17224199288256228,0.8518822731309411
XGBoost Base,Abandoned or not functional,1.0,0.17236467236467237,0.8518822731309411
XGBoost Base,Abandoned or not functional,1.0,0.17248752672843906,0.8518822731309411
XGBoost Base,Abandoned or not functional,1.0,0.17261055634807418,0.8518822731309411
XGBoost Base,Abandoned or not functional,1.0,0.17273376159885795,0.8518822731309411
XGBoost Base,Abandoned or not functional,1.0,0.17285714285714285,0.8518822731309411
XGBoost Base,Abandoned or not functional,1.0,0.1729807005003574,0.8518822731309411
XGBoost Base,Abandoned or not functional,1.0,0.17310443490701002,0.8518822731309411
XGBoost Base,Abandoned or not functional,1.0,0.1732283464566929,0.8518822731309411
XGBoost Base,Abandoned or not functional,1.0,0.17335243553008595,0.8518822731309411
XGBoost Base,Abandoned or not functional,1.0,0.17347670250896058,0.8518822731309411
XGBoost Base,Abandoned or not functional,1.0,0.17360114777618366,0.8518822731309411
XGBoost Base,Abandoned or not functional,1.0,0.17372577171572146,0.8518822731309411
XGBoost Base,Abandoned or not functional,1.0,0.17385057471264367,0.8518822731309411
XGBoost Base,Abandoned or not functional,1.0,0.17397555715312724,0.8518822731309411
XGBoost Base,Abandoned or not functional,1.0,0.17410071942446043,0.8518822731309411
XGBoost Base,Abandoned or not functional,1.0,0.1742260619150468,0.8518822731309411
XGBoost Base,Abandoned or not functional,1.0,0.17435158501440923,0.8518822731309411
XGBoost Base,Abandoned or not functional,1.0,0.17447728911319393,0.8518822731309411
XGBoost Base,Abandoned or not functional,1.0,0.1746031746031746,0.8518822731309411
XGBoost Base,Abandoned or not functional,1.0,0.17472924187725633,0.8518822731309411
XGBoost Base,Abandoned or not functional,1.0,0.17485549132947978,0.8518822731309411
XGBoost Base,Abandoned or not functional,1.0,0.1749819233550253,0.8518822731309411
XGBoost Base,Abandoned or not functional,1.0,0.17510853835021709,0.8518822731309411
XGBoost Base,Abandoned or not functional,1.0,0.17523533671252717,0.8518822731309411
XGBoost Base,Abandoned or not functional,1.0,0.1753623188405797,0.8518822731309411
XGBoost Base,Abandoned or not functional,1.0,0.1754894851341552,0.8518822731309411
XGBoost Base,Abandoned or not functional,1.0,0.17561683599419448,0.8518822731309411
XGBoost Base,Abandoned or not functional,1.0,0.1757443718228032,0.8518822731309411
XGBoost Base,Abandoned or not functional,1.0,0.17587209302325582,0.8518822731309411
XGBoost Base,Abandoned or not functional,1.0,0.176,0.8518822731309411
XGBoost Base,Abandoned or not functional,1.0,0.17612809315866085,0.8518822731309411
XGBoost Base,Abandoned or not functional,1.0,0.17625637290604515,0.8518822731309411
XGBoost Base,Abandoned or not functional,1.0,0.17638483965014579,0.8518822731309411
XGBoost Base,Abandoned or not functional,1.0,0.1765134938001459,0.8518822731309411
XGBoost Base,Abandoned or not functional,1.0,0.17664233576642335,0.8518822731309411
XGBoost Base,Abandoned or not functional,1.0,0.17677136596055515,0.8518822731309411
XGBoost Base,Abandoned or not functional,1.0,0.17690058479532164,0.8518822731309411
XGBoost Base,Abandoned or not functional,1.0,0.17702999268471104,0.8518822731309411
XGBoost Base,Abandoned or not functional,1.0,0.17715959004392387,0.8518822731309411
XGBoost Base,Abandoned or not functional,1.0,0.1774193548387097,0.8518822731309411
XGBoost Base,Abandoned or not functional,1.0,0.17754952311078503,0.8518822731309411
XGBoost Base,Abandoned or not functional,1.0,0.1776798825256975,0.8518822731309411
XGBoost Base,Abandoned or not functional,1.0,0.1778104335047759,0.8518822731309411
XGBoost Base,Abandoned or not functional,1.0,0.17794117647058824,0.8518822731309411
XGBoost Base,Abandoned or not functional,1.0,0.1780721118469463,0.8518822731309411
XGBoost Base,Abandoned or not functional,1.0,0.17820324005891017,0.8518822731309411
XGBoost Base,Abandoned or not functional,1.0,0.17833456153279292,0.8518822731309411
XGBoost Base,Abandoned or not functional,1.0,0.17846607669616518,0.8518822731309411
XGBoost Base,Abandoned or not functional,1.0,0.17859778597785977,0.8518822731309411
XGBoost Base,Abandoned or not functional,1.0,0.17872968980797638,0.8518822731309411
XGBoost Base,Abandoned or not functional,1.0,0.17886178861788618,0.8518822731309411
XGBoost Base,Abandoned or not functional,1.0,0.17899408284023668,0.8518822731309411
XGBoost Base,Abandoned or not functional,1.0,0.17912657290895634,0.8518822731309411
XGBoost Base,Abandoned or not functional,1.0,0.17925925925925926,0.8518822731309411
XGBoost Base,Abandoned or not functional,1.0,0.1793921423276501,0.8518822731309411
XGBoost Base,Abandoned or not functional,1.0,0.1795252225519288,0.8518822731309411
XGBoost Base,Abandoned or not functional,1.0,0.17965850037119524,0.8518822731309411
XGBoost Base,Abandoned or not functional,1.0,0.17979197622585438,0.8518822731309411
XGBoost Base,Abandoned or not functional,1.0,0.17992565055762083,0.8518822731309411
XGBoost Base,Abandoned or not functional,1.0,0.1800595238095238,0.8518822731309411
XGBoost Base,Abandoned or not functional,1.0,0.18019359642591215,0.8518822731309411
XGBoost Base,Abandoned or not functional,1.0,0.18032786885245902,0.8518822731309411
XGBoost Base,Abandoned or not functional,1.0,0.18046234153616703,0.8518822731309411
XGBoost Base,Abandoned or not functional,1.0,0.18059701492537314,0.8518822731309411
XGBoost Base,Abandoned or not functional,1.0,0.18073188946975355,0.8518822731309411
XGBoost Base,Abandoned or not functional,1.0,0.18086696562032886,0.8518822731309411
XGBoost Base,Abandoned or not functional,1.0,0.18100224382946897,0.8518822731309411
XGBoost Base,Abandoned or not functional,1.0,0.18113772455089822,0.8518822731309411
XGBoost Base,Abandoned or not functional,1.0,0.18127340823970037,0.8518822731309411
XGBoost Base,Abandoned or not functional,1.0,0.18140929535232383,0.8518822731309411
XGBoost Base,Abandoned or not functional,1.0,0.18154538634658665,0.8518822731309411
XGBoost Base,Abandoned or not functional,1.0,0.1816816816816817,0.8518822731309411
XGBoost Base,Abandoned or not functional,1.0,0.18181818181818182,0.8518822731309411
XGBoost Base,Abandoned or not functional,1.0,0.18195488721804512,0.8518822731309411
XGBoost Base,Abandoned or not functional,1.0,0.18209179834462003,0.8518822731309411
XGBoost Base,Abandoned or not functional,1.0,0.1822289156626506,0.8518822731309411
XGBoost Base,Abandoned or not functional,1.0,0.18236623963828183,0.8518822731309411
XGBoost Base,Abandoned or not functional,1.0,0.18250377073906485,0.8518822731309411
XGBoost Base,Abandoned or not functional,1.0,0.18264150943396226,0.8518822731309411
XGBoost Base,Abandoned or not functional,1.0,0.18277945619335348,0.8518822731309411
XGBoost Base,Abandoned or not functional,1.0,0.18291761148904007,0.8518822731309411
XGBoost Base,Abandoned or not functional,1.0,0.18305597579425115,0.8518822731309411
XGBoost Base,Abandoned or not functional,1.0,0.18319454958364875,0.8518822731309411
XGBoost Base,Abandoned or not functional,1.0,0.18333333333333332,0.8518822731309411
XGBoost Base,Abandoned or not functional,1.0,0.18347232752084913,0.8518822731309411
XGBoost Base,Abandoned or not functional,1.0,0.18361153262518967,0.8518822731309411
XGBoost Base,Abandoned or not functional,1.0,0.18375094912680334,0.8518822731309411
XGBoost Base,Abandoned or not functional,1.0,0.1838905775075988,0.8518822731309411
XGBoost Base,Abandoned or not functional,1.0,0.18403041825095057,0.8518822731309411
XGBoost Base,Abandoned or not functional,1.0,0.1841704718417047,0.8518822731309411
XGBoost Base,Abandoned or not functional,1.0,0.1843107387661843,0.8518822731309411
XGBoost Base,Abandoned or not functional,1.0,0.18445121951219512,0.8518822731309411
XGBoost Base,Abandoned or not functional,1.0,0.18459191456903126,0.8518822731309411
XGBoost Base,Abandoned or not functional,1.0,0.18473282442748093,0.8518822731309411
XGBoost Base,Abandoned or not functional,1.0,0.18487394957983194,0.8518822731309411
XGBoost Base,Abandoned or not functional,1.0,0.18501529051987767,0.8518822731309411
XGBoost Base,Abandoned or not functional,1.0,0.18515684774292274,0.8518822731309411
XGBoost Base,Abandoned or not functional,1.0,0.18529862174578868,0.8518822731309411
XGBoost Base,Abandoned or not functional,1.0,0.1854406130268199,0.8518822731309411
XGBoost Base,Abandoned or not functional,1.0,0.18558282208588958,0.8518822731309411
XGBoost Base,Abandoned or not functional,1.0,0.18572524942440521,0.8518822731309411
XGBoost Base,Abandoned or not functional,1.0,0.1858678955453149,0.8518822731309411
XGBoost Base,Abandoned or not functional,1.0,0.186010760953113,0.8518822731309411
XGBoost Base,Abandoned or not functional,1.0,0.18615384615384614,0.8518822731309411
XGBoost Base,Abandoned or not functional,1.0,0.18629715165511931,0.8518822731309411
XGBoost Base,Abandoned or not functional,1.0,0.1864406779661017,0.8518822731309411
XGBoost Base,Abandoned or not functional,1.0,0.18658442559753277,0.8518822731309411
XGBoost Base,Abandoned or not functional,1.0,0.1867283950617284,0.8518822731309411
XGBoost Base,Abandoned or not functional,1.0,0.18687258687258687,0.8518822731309411
XGBoost Base,Abandoned or not functional,1.0,0.18701700154559506,0.8518822731309411
XGBoost Base,Abandoned or not functional,1.0,0.1875968992248062,0.8518822731309411
XGBoost Base,Abandoned or not functional,1.0,0.18774243599689683,0.8518822731309411
XGBoost Base,Abandoned or not functional,1.0,0.18788819875776397,0.8518822731309411
XGBoost Base,Abandoned or not functional,1.0,0.18803418803418803,0.8518822731309411
XGBoost Base,Abandoned or not functional,1.0,0.18818040435458788,0.8518822731309411
XGBoost Base,Abandoned or not functional,1.0,0.18832684824902723,0.8518822731309411
XGBoost Base,Abandoned or not functional,1.0,0.18847352024922118,0.8518822731309411
XGBoost Base,Abandoned or not functional,1.0,0.18862042088854247,0.8518822731309411
XGBoost Base,Abandoned or not functional,1.0,0.18876755070202808,0.8518822731309411
XGBoost Base,Abandoned or not functional,1.0,0.18891491022638562,0.8518822731309411
XGBoost Base,Abandoned or not functional,1.0,0.1890625,0.8518822731309411
XGBoost Base,Abandoned or not functional,1.0,0.1892103205629398,0.8518822731309411
XGBoost Base,Abandoned or not functional,1.0,0.18935837245696402,0.8518822731309411
XGBoost Base,Abandoned or not functional,1.0,0.1895066562255286,0.8518822731309411
XGBoost Base,Abandoned or not functional,1.0,0.1896551724137931,0.8518822731309411
XGBoost Base,Abandoned or not functional,1.0,0.18980392156862744,0.8518822731309411
XGBoost Base,Abandoned or not functional,1.0,0.18995290423861852,0.8518822731309411
XGBoost Base,Abandoned or not functional,1.0,0.19010212097407697,0.8518822731309411
XGBoost Base,Abandoned or not functional,1.0,0.19025157232704404,0.8518822731309411
XGBoost Base,Abandoned or not functional,1.0,0.1904012588512982,0.8518822731309411
XGBoost Base,Abandoned or not functional,1.0,0.19055118110236222,0.8518822731309411
XGBoost Base,Abandoned or not functional,1.0,0.19070133963750985,0.8518822731309411
XGBoost Base,Abandoned or not functional,1.0,0.19085173501577288,0.8518822731309411
XGBoost Base,Abandoned or not functional,1.0,0.1910023677979479,0.8518822731309411
XGBoost Base,Abandoned or not functional,1.0,0.1911532385466035,0.8518822731309411
XGBoost Base,Abandoned or not functional,1.0,0.19130434782608696,0.8518822731309411
XGBoost Base,Abandoned or not functional,1.0,0.19145569620253164,0.8518822731309411
XGBoost Base,Abandoned or not functional,1.0,0.1916072842438638,0.8518822731309411
XGBoost Base,Abandoned or not functional,1.0,0.19175911251980982,0.8518822731309411
XGBoost Base,Abandoned or not functional,1.0,0.19191118160190326,0.8518822731309411
XGBoost Base,Abandoned or not functional,1.0,0.19206349206349208,0.8518822731309411
XGBoost Base,Abandoned or not functional,1.0,0.19221604447974583,0.8518822731309411
XGBoost Base,Abandoned or not functional,1.0,0.19236883942766295,0.8518822731309411
XGBoost Base,Abandoned or not functional,1.0,0.19252187748607796,0.8518822731309411
XGBoost Base,Abandoned or not functional,1.0,0.1926751592356688,0.8518822731309411
XGBoost Base,Abandoned or not functional,1.0,0.19282868525896416,0.8518822731309411
XGBoost Base,Abandoned or not functional,1.0,0.19298245614035087,0.8518822731309411
XGBoost Base,Abandoned or not functional,1.0,0.1931364724660814,0.8518822731309411
XGBoost Base,Abandoned or not functional,1.0,0.19329073482428116,0.8518822731309411
XGBoost Base,Abandoned or not functional,1.0,0.19344524380495604,0.8518822731309411
XGBoost Base,Abandoned or not functional,1.0,0.1936,0.8518822731309411
XGBoost Base,Abandoned or not functional,1.0,0.19375500400320256,0.8518822731309411
XGBoost Base,Abandoned or not functional,1.0,0.19391025641025642,0.8518822731309411
XGBoost Base,Abandoned or not functional,1.0,0.19406575781876503,0.8518822731309411
XGBoost Base,Abandoned or not functional,1.0,0.1942215088282504,0.8518822731309411
XGBoost Base,Abandoned or not functional,1.0,0.19437751004016066,0.8518822731309411
XGBoost Base,Abandoned or not functional,1.0,0.1945337620578778,0.8518822731309411
XGBoost Base,Abandoned or not functional,1.0,0.19469026548672566,0.8518822731309411
XGBoost Base,Abandoned or not functional,1.0,0.19484702093397746,0.8518822731309411
XGBoost Base,Abandoned or not functional,1.0,0.19500402900886382,0.8518822731309411
XGBoost Base,Abandoned or not functional,1.0,0.19516129032258064,0.8518822731309411
XGBoost Base,Abandoned or not functional,1.0,0.19531880548829703,0.8518822731309411
XGBoost Base,Abandoned or not functional,1.0,0.19547657512116318,0.8518822731309411
XGBoost Base,Abandoned or not functional,1.0,0.19563459983831852,0.8518822731309411
XGBoost Base,Abandoned or not functional,1.0,0.19579288025889968,0.8518822731309411
XGBoost Base,Abandoned or not functional,1.0,0.19595141700404858,0.8518822731309411
XGBoost Base,Abandoned or not functional,1.0,0.19611021069692058,0.8518822731309411
XGBoost Base,Abandoned or not functional,1.0,0.19626926196269262,0.8518822731309411
XGBoost Base,Abandoned or not functional,1.0,0.19642857142857142,0.8518822731309411
XGBoost Base,Abandoned or not functional,1.0,0.1965881397238018,0.8518822731309411
XGBoost Base,Abandoned or not functional,1.0,0.1967479674796748,0.8518822731309411
XGBoost Base,Abandoned or not functional,1.0,0.1969080553295362,0.8518822731309411
XGBoost Base,Abandoned or not functional,1.0,0.1970684039087948,0.8518822731309411
XGBoost Base,Abandoned or not functional,1.0,0.19722901385493072,0.8518822731309411
XGBoost Base,Abandoned or not functional,1.0,0.19738988580750408,0.8518822731309411
XGBoost Base,Abandoned or not functional,1.0,0.19755102040816327,0.8518822731309411
XGBoost Base,Abandoned or not functional,1.0,0.1977124183006536,0.8518822731309411
XGBoost Base,Abandoned or not functional,1.0,0.19787408013082583,0.8518822731309411
XGBoost Base,Abandoned or not functional,1.0,0.19803600654664485,0.8518822731309411
XGBoost Base,Abandoned or not functional,1.0,0.1981981981981982,0.8518822731309411
XGBoost Base,Abandoned or not functional,1.0,0.19836065573770492,0.8518822731309411
XGBoost Base,Abandoned or not functional,1.0,0.1985233798195242,0.8518822731309411
XGBoost Base,Abandoned or not functional,1.0,0.1986863711001642,0.8518822731309411
XGBoost Base,Abandoned or not functional,1.0,0.1988496302382909,0.8518822731309411
XGBoost Base,Abandoned or not functional,1.0,0.19901315789473684,0.8518822731309411
XGBoost Base,Abandoned or not functional,1.0,0.1991769547325103,0.8518822731309411
XGBoost Base,Abandoned or not functional,1.0,0.19934102141680396,0.8518822731309411
XGBoost Base,Abandoned or not functional,1.0,0.19950535861500412,0.8518822731309411
XGBoost Base,Abandoned or not functional,1.0,0.19966996699669967,0.8518822731309411
XGBoost Base,Abandoned or not functional,1.0,0.19983484723369116,0.8518822731309411
XGBoost Base,Abandoned or not functional,1.0,0.2,0.8518822731309411
XGBoost Base,Abandoned or not functional,1.0,0.2001654259718776,0.8518822731309411
XGBoost Base,Abandoned or not functional,1.0,0.20033112582781457,0.8518822731309411
XGBoost Base,Abandoned or not functional,1.0,0.20049710024855014,0.8518822731309411
XGBoost Base,Abandoned or not functional,1.0,0.20066334991708126,0.8518822731309411
XGBoost Base,Abandoned or not functional,1.0,0.2008298755186722,0.8518822731309411
XGBoost Base,Abandoned or not functional,1.0,0.2009966777408638,0.8518822731309411
XGBoost Base,Abandoned or not functional,1.0,0.20116375727348296,0.8518822731309411
XGBoost Base,Abandoned or not functional,1.0,0.20133111480865223,0.8518822731309411
XGBoost Base,Abandoned or not functional,1.0,0.20149875104079934,0.8518822731309411
XGBoost Base,Abandoned or not functional,1.0,0.20166666666666666,0.8518822731309411
XGBoost Base,Abandoned or not functional,1.0,0.2018348623853211,0.8518822731309411
XGBoost Base,Abandoned or not functional,1.0,0.2020033388981636,0.8518822731309411
XGBoost Base,Abandoned or not functional,1.0,0.202172096908939,0.8518822731309411
XGBoost Base,Abandoned or not functional,1.0,0.20234113712374582,0.8518822731309411
XGBoost Base,Abandoned or not functional,1.0,0.20251046025104602,0.8518822731309411
XGBoost Base,Abandoned or not functional,1.0,0.20268006700167504,0.8518822731309411
XGBoost Base,Abandoned or not functional,1.0,0.20284995808885165,0.8518822731309411
XGBoost Base,Abandoned or not functional,1.0,0.20302013422818793,0.8518822731309411
XGBoost Base,Abandoned or not functional,1.0,0.2031905961376994,0.8518822731309411
XGBoost Base,Abandoned or not functional,1.0,0.20336134453781513,0.8518822731309411
XGBoost Base,Abandoned or not functional,1.0,0.20353238015138772,0.8518822731309411
XGBoost Base,Abandoned or not functional,1.0,0.2037037037037037,0.8518822731309411
XGBoost Base,Abandoned or not functional,1.0,0.2038753159224937,0.8518822731309411
XGBoost Base,Abandoned or not functional,1.0,0.20404721753794267,0.8518822731309411
XGBoost Base,Abandoned or not functional,1.0,0.2042194092827004,0.8518822731309411
XGBoost Base,Abandoned or not functional,1.0,0.20439189189189189,0.8518822731309411
XGBoost Base,Abandoned or not functional,1.0,0.20456466610312765,0.8518822731309411
XGBoost Base,Abandoned or not functional,1.0,0.20473773265651438,0.8518822731309411
XGBoost Base,Abandoned or not functional,1.0,0.20491109229466553,0.8518822731309411
XGBoost Base,Abandoned or not functional,1.0,0.20525869380831213,0.8518822731309411
XGBoost Base,Abandoned or not functional,1.0,0.20543293718166383,0.8518822731309411
XGBoost Base,Abandoned or not functional,1.0,0.205607476635514,0.8518822731309411
XGBoost Base,Abandoned or not functional,1.0,0.20578231292517007,0.8518822731309411
XGBoost Base,Abandoned or not functional,1.0,0.20595744680851064,0.8518822731309411
XGBoost Base,Abandoned or not functional,1.0,0.2061328790459966,0.8518822731309411
XGBoost Base,Abandoned or not functional,1.0,0.20630861040068202,0.8518822731309411
XGBoost Base,Abandoned or not functional,1.0,0.20648464163822525,0.8518822731309411
XGBoost Base,Abandoned or not functional,1.0,0.20666097352690008,0.8518822731309411
XGBoost Base,Abandoned or not functional,1.0,0.20683760683760682,0.8518822731309411
XGBoost Base,Abandoned or not functional,1.0,0.20701454234388367,0.8518822731309411
XGBoost Base,Abandoned or not functional,1.0,0.2071917808219178,0.8518822731309411
XGBoost Base,Abandoned or not functional,1.0,0.207369323050557,0.8518822731309411
XGBoost Base,Abandoned or not functional,1.0,0.20754716981132076,0.8518822731309411
XGBoost Base,Abandoned or not functional,1.0,0.20772532188841203,0.8518822731309411
XGBoost Base,Abandoned or not functional,1.0,0.20790378006872853,0.8518822731309411
XGBoost Base,Abandoned or not functional,1.0,0.20808254514187446,0.8518822731309411
XGBoost Base,Abandoned or not functional,1.0,0.2082616179001721,0.8518822731309411
XGBoost Base,Abandoned or not functional,1.0,0.20844099913867356,0.8518822731309411
XGBoost Base,Abandoned or not functional,1.0,0.20862068965517241,0.8518822731309411
XGBoost Base,Abandoned or not functional,1.0,0.2088006902502157,0.8518822731309411
XGBoost Base,Abandoned or not functional,1.0,0.20898100172711573,0.8518822731309411
XGBoost Base,Abandoned or not functional,1.0,0.20916162489196197,0.8518822731309411
XGBoost Base,Abandoned or not functional,1.0,0.2093425605536332,0.8518822731309411
XGBoost Base,Abandoned or not functional,1.0,0.20952380952380953,0.8518822731309411
XGBoost Base,Abandoned or not functional,1.0,0.2097053726169844,0.8518822731309411
XGBoost Base,Abandoned or not functional,1.0,0.209887250650477,0.8518822731309411
XGBoost Base,Abandoned or not functional,1.0,0.21006944444444445,0.8518822731309411
XGBoost Base,Abandoned or not functional,1.0,0.21025195482189402,0.8518822731309411
XGBoost Base,Abandoned or not functional,1.0,0.21043478260869566,0.8518822731309411
XGBoost Base,Abandoned or not functional,1.0,0.21061792863359444,0.8518822731309411
XGBoost Base,Abandoned or not functional,1.0,0.21080139372822299,0.8518822731309411
XGBoost Base,Abandoned or not functional,1.0,0.2109851787271142,0.8518822731309411
XGBoost Base,Abandoned or not functional,1.0,0.2111692844677138,0.8518822731309411
XGBoost Base,Abandoned or not functional,1.0,0.211353711790393,0.8518822731309411
XGBoost Base,Abandoned or not functional,1.0,0.21153846153846154,0.8518822731309411
XGBoost Base,Abandoned or not functional,1.0,0.21172353455818022,0.8518822731309411
XGBoost Base,Abandoned or not functional,1.0,0.2119089316987741,0.8518822731309411
XGBoost Base,Abandoned or not functional,1.0,0.21209465381244522,0.8518822731309411
XGBoost Base,Abandoned or not functional,1.0,0.21228070175438596,0.8518822731309411
XGBoost Base,Abandoned or not functional,1.0,0.21246707638279191,0.8518822731309411
XGBoost Base,Abandoned or not functional,1.0,0.2126537785588752,0.8518822731309411
XGBoost Base,Abandoned or not functional,1.0,0.21284080914687775,0.8518822731309411
XGBoost Base,Abandoned or not functional,1.0,0.2130281690140845,0.8518822731309411
XGBoost Base,Abandoned or not functional,1.0,0.213215859030837,0.8518822731309411
XGBoost Base,Abandoned or not functional,1.0,0.21340388007054673,0.8518822731309411
XGBoost Base,Abandoned or not functional,1.0,0.21359223300970873,0.8518822731309411
XGBoost Base,Abandoned or not functional,1.0,0.2137809187279152,0.8518822731309411
XGBoost Base,Abandoned or not functional,1.0,0.21396993810786913,0.8518822731309411
XGBoost Base,Abandoned or not functional,1.0,0.21415929203539824,0.8518822731309411
XGBoost Base,Abandoned or not functional,1.0,0.21434898139946856,0.8518822731309411
XGBoost Base,Abandoned or not functional,1.0,0.21453900709219859,0.8518822731309411
XGBoost Base,Abandoned or not functional,1.0,0.21472937000887313,0.8518822731309411
XGBoost Base,Abandoned or not functional,1.0,0.21492007104795738,0.8518822731309411
XGBoost Base,Abandoned or not functional,1.0,0.21511111111111111,0.8518822731309411
XGBoost Base,Abandoned or not functional,1.0,0.21530249110320285,0.8518822731309411
XGBoost Base,Abandoned or not functional,1.0,0.21549421193232413,0.8518822731309411
XGBoost Base,Abandoned or not functional,1.0,0.21568627450980393,0.8518822731309411
XGBoost Base,Abandoned or not functional,1.0,0.215878679750223,0.8518822731309411
XGBoost Base,Abandoned or not functional,1.0,0.21607142857142858,0.8518822731309411
XGBoost Base,Abandoned or not functional,1.0,0.2162645218945487,0.8518822731309411
XGBoost Base,Abandoned or not functional,1.0,0.21645796064400716,0.8518822731309411
XGBoost Base,Abandoned or not functional,1.0,0.21665174574753804,0.8518822731309411
XGBoost Base,Abandoned or not functional,1.0,0.2168458781362007,0.8518822731309411
XGBoost Base,Abandoned or not functional,1.0,0.21704035874439462,0.8518822731309411
XGBoost Base,Abandoned or not functional,1.0,0.21723518850987433,0.8518822731309411
XGBoost Base,Abandoned or not functional,1.0,0.2174303683737646,0.8518822731309411
XGBoost Base,Abandoned or not functional,1.0,0.21762589928057555,0.8518822731309411
XGBoost Base,Abandoned or not functional,1.0,0.21782178217821782,0.8518822731309411
XGBoost Base,Abandoned or not functional,1.0,0.218018018018018,0.8518822731309411
XGBoost Base,Abandoned or not functional,1.0,0.218214607754734,0.8518822731309411
XGBoost Base,Abandoned or not functional,1.0,0.2184115523465704,0.8518822731309411
XGBoost Base,Abandoned or not functional,1.0,0.2186088527551942,0.8518822731309411
XGBoost Base,Abandoned or not functional,1.0,0.21880650994575046,0.8518822731309411
XGBoost Base,Abandoned or not functional,1.0,0.21900452488687783,0.8518822731309411
XGBoost Base,Abandoned or not functional,1.0,0.21920289855072464,0.8518822731309411
XGBoost Base,Abandoned or not functional,1.0,0.21940163191296463,0.8518822731309411
XGBoost Base,Abandoned or not functional,1.0,0.21960072595281308,0.8518822731309411
XGBoost Base,Abandoned or not functional,1.0,0.2198001816530427,0.8518822731309411
XGBoost Base,Abandoned or not functional,1.0,0.22,0.8518822731309411
XGBoost Base,Abandoned or not functional,1.0,0.22020018198362148,0.8518822731309411
XGBoost Base,Abandoned or not functional,1.0,0.2204007285974499,0.8518822731309411
XGBoost Base,Abandoned or not functional,1.0,0.22060164083865086,0.8518822731309411
XGBoost Base,Abandoned or not functional,1.0,0.2208029197080292,0.8518822731309411
XGBoost Base,Abandoned or not functional,1.0,0.22100456621004566,0.8518822731309411
XGBoost Base,Abandoned or not functional,1.0,0.22120658135283364,0.8518822731309411
XGBoost Base,Abandoned or not functional,1.0,0.22140896614821592,0.8518822731309411
XGBoost Base,Abandoned or not functional,1.0,0.2216117216117216,0.8518822731309411
XGBoost Base,Abandoned or not functional,1.0,0.22181484876260313,0.8518822731309411
XGBoost Base,Abandoned or not functional,1.0,0.22201834862385322,0.8518822731309411
XGBoost Base,Abandoned or not functional,1.0,0.2222222222222222,0.8518822731309411
XGBoost Base,Abandoned or not functional,1.0,0.22242647058823528,0.8518822731309411
XGBoost Base,Abandoned or not functional,1.0,0.22263109475620976,0.8518822731309411
XGBoost Base,Abandoned or not functional,1.0,0.22283609576427257,0.8518822731309411
XGBoost Base,Abandoned or not functional,1.0,0.22304147465437787,0.8518822731309411
XGBoost Base,Abandoned or not functional,1.0,0.22324723247232472,0.8518822731309411
XGBoost Base,Abandoned or not functional,1.0,0.2234533702677747,0.8518822731309411
XGBoost Base,Abandoned or not functional,1.0,0.22365988909426987,0.8518822731309411
XGBoost Base,Abandoned or not functional,1.0,0.2238667900092507,0.8518822731309411
XGBoost Base,Abandoned or not functional,1.0,0.22407407407407406,0.8518822731309411
XGBoost Base,Abandoned or not functional,1.0,0.2242817423540315,0.8518822731309411
XGBoost Base,Abandoned or not functional,1.0,0.22448979591836735,0.8518822731309411
XGBoost Base,Abandoned or not functional,1.0,0.22469823584029713,0.8518822731309411
XGBoost Base,Abandoned or not functional,1.0,0.22490706319702602,0.8518822731309411
XGBoost Base,Abandoned or not functional,1.0,0.22511627906976744,0.8518822731309411
XGBoost Base,Abandoned or not functional,1.0,0.22532588454376165,0.8518822731309411
XGBoost Base,Abandoned or not functional,1.0,0.2255358807082945,0.8518822731309411
XGBoost Base,Abandoned or not functional,1.0,0.22574626865671643,0.8518822731309411
XGBoost Base,Abandoned or not functional,1.0,0.22595704948646125,0.8518822731309411
XGBoost Base,Abandoned or not functional,1.0,0.2261682242990654,0.8518822731309411
XGBoost Base,Abandoned or not functional,1.0,0.22637979420018708,0.8518822731309411
XGBoost Base,Abandoned or not functional,1.0,0.22659176029962547,0.8518822731309411
XGBoost Base,Abandoned or not functional,1.0,0.2268041237113402,0.8518822731309411
XGBoost Base,Abandoned or not functional,1.0,0.2270168855534709,0.8518822731309411
XGBoost Base,Abandoned or not functional,1.0,0.2272300469483568,0.8518822731309411
XGBoost Base,Abandoned or not functional,1.0,0.2274436090225564,0.8518822731309411
XGBoost Base,Abandoned or not functional,1.0,0.22765757290686736,0.8518822731309411
XGBoost Base,Abandoned or not functional,1.0,0.2278719397363465,0.8518822731309411
XGBoost Base,Abandoned or not functional,1.0,0.22808671065032987,0.8518822731309411
XGBoost Base,Abandoned or not functional,1.0,0.22830188679245284,0.8518822731309411
XGBoost Base,Abandoned or not functional,1.0,0.22851746931067043,0.8518822731309411
XGBoost Base,Abandoned or not functional,1.0,0.22873345935727787,0.8518822731309411
XGBoost Base,Abandoned or not functional,1.0,0.22894985808893092,0.8518822731309411
XGBoost Base,Abandoned or not functional,1.0,0.22916666666666666,0.8518822731309411
XGBoost Base,Abandoned or not functional,1.0,0.22938388625592418,0.8518822731309411
XGBoost Base,Abandoned or not functional,1.0,0.22960151802656548,0.8518822731309411
XGBoost Base,Abandoned or not functional,1.0,0.22981956315289648,0.8518822731309411
XGBoost Base,Abandoned or not functional,1.0,0.2300380228136882,0.8518822731309411
XGBoost Base,Abandoned or not functional,1.0,0.2302568981921979,0.8518822731309411
XGBoost Base,Abandoned or not functional,1.0,0.23047619047619047,0.8518822731309411
XGBoost Base,Abandoned or not functional,1.0,0.23069590085795996,0.8518822731309411
XGBoost Base,Abandoned or not functional,1.0,0.23091603053435114,0.8518822731309411
XGBoost Base,Abandoned or not functional,1.0,0.23113658070678128,0.8518822731309411
XGBoost Base,Abandoned or not functional,1.0,0.23135755258126195,0.8518822731309411
XGBoost Base,Abandoned or not functional,1.0,0.23157894736842105,0.8518822731309411
XGBoost Base,Abandoned or not functional,1.0,0.23180076628352492,0.8518822731309411
XGBoost Base,Abandoned or not functional,1.0,0.23202301054650049,0.8518822731309411
XGBoost Base,Abandoned or not functional,1.0,0.23224568138195778,0.8518822731309411
XGBoost Base,Abandoned or not functional,1.0,0.23246878001921228,0.8518822731309411
XGBoost Base,Abandoned or not functional,1.0,0.2326923076923077,0.8518822731309411
XGBoost Base,Abandoned or not functional,1.0,0.2329162656400385,0.8518822731309411
XGBoost Base,Abandoned or not functional,1.0,0.23314065510597304,0.8518822731309411
XGBoost Base,Abandoned or not functional,1.0,0.23336547733847637,0.8518822731309411
XGBoost Base,Abandoned or not functional,1.0,0.2335907335907336,0.8518822731309411
XGBoost Base,Abandoned or not functional,1.0,0.23381642512077294,0.8518822731309411
XGBoost Base,Abandoned or not functional,1.0,0.23404255319148937,0.8518822731309411
XGBoost Base,Abandoned or not functional,1.0,0.23426911907066797,0.8518822731309411
XGBoost Base,Abandoned or not functional,1.0,0.23449612403100775,0.8518822731309411
XGBoost Base,Abandoned or not functional,1.0,0.2347235693501455,0.8518822731309411
XGBoost Base,Abandoned or not functional,1.0,0.23495145631067962,0.8518822731309411
XGBoost Base,Abandoned or not functional,1.0,0.23517978620019436,0.8518822731309411
XGBoost Base,Abandoned or not functional,1.0,0.23540856031128404,0.8518822731309411
XGBoost Base,Abandoned or not functional,1.0,0.23563777994157742,0.8518822731309411
XGBoost Base,Abandoned or not functional,1.0,0.23586744639376217,0.8518822731309411
XGBoost Base,Abandoned or not functional,1.0,0.23609756097560974,0.8518822731309411
XGBoost Base,Abandoned or not functional,1.0,0.236328125,0.8518822731309411
XGBoost Base,Abandoned or not functional,1.0,0.23655913978494625,0.8518822731309411
XGBoost Base,Abandoned or not functional,1.0,0.23679060665362034,0.8518822731309411
XGBoost Base,Abandoned or not functional,1.0,0.23702252693437806,0.8518822731309411
XGBoost Base,Abandoned or not functional,1.0,0.2372549019607843,0.8518822731309411
XGBoost Base,Abandoned or not functional,1.0,0.23748773307163887,0.8518822731309411
XGBoost Base,Abandoned or not functional,1.0,0.23772102161100198,0.8518822731309411
XGBoost Base,Abandoned or not functional,1.0,0.23795476892822026,0.8518822731309411
XGBoost Base,Abandoned or not functional,1.0,0.23818897637795275,0.8518822731309411
XGBoost Base,Abandoned or not functional,1.0,0.23842364532019705,0.8518822731309411
XGBoost Base,Abandoned or not functional,1.0,0.23865877712031558,0.8518822731309411
XGBoost Base,Abandoned or not functional,1.0,0.2388943731490622,0.8518822731309411
XGBoost Base,Abandoned or not functional,1.0,0.2391304347826087,0.8518822731309411
XGBoost Base,Abandoned or not functional,1.0,0.23936696340257171,0.8518822731309411
XGBoost Base,Abandoned or not functional,1.0,0.2396039603960396,0.8518822731309411
XGBoost Base,Abandoned or not functional,1.0,0.2398414271555996,0.8518822731309411
XGBoost Base,Abandoned or not functional,1.0,0.2400793650793651,0.8518822731309411
XGBoost Base,Abandoned or not functional,1.0,0.24031777557100298,0.8518822731309411
XGBoost Base,Abandoned or not functional,1.0,0.24055666003976142,0.8518822731309411
XGBoost Base,Abandoned or not functional,1.0,0.2407960199004975,0.8518822731309411
XGBoost Base,Abandoned or not functional,1.0,0.2410358565737052,0.8518822731309411
XGBoost Base,Abandoned or not functional,1.0,0.24127617148554337,0.8518822731309411
XGBoost Base,Abandoned or not functional,1.0,0.24151696606786427,0.8518822731309411
XGBoost Base,Abandoned or not functional,1.0,0.24175824175824176,0.8518822731309411
XGBoost Base,Abandoned or not functional,1.0,0.242,0.8518822731309411
XGBoost Base,Abandoned or not functional,1.0,0.24224224224224225,0.8518822731309411
XGBoost Base,Abandoned or not functional,1.0,0.24248496993987975,0.8518822731309411
XGBoost Base,Abandoned or not functional,1.0,0.242728184553661,0.8518822731309411
XGBoost Base,Abandoned or not functional,1.0,0.2429718875502008,0.8518822731309411
XGBoost Base,Abandoned or not functional,1.0,0.24321608040201004,0.8518822731309411
XGBoost Base,Abandoned or not functional,1.0,0.24346076458752516,0.8518822731309411
XGBoost Base,Abandoned or not functional,1.0,0.24370594159113795,0.8518822731309411
XGBoost Base,Abandoned or not functional,1.0,0.2439516129032258,0.8518822731309411
XGBoost Base,Abandoned or not functional,1.0,0.24419778002018164,0.8518822731309411
XGBoost Base,Abandoned or not functional,1.0,0.24444444444444444,0.8518822731309411
XGBoost Base,Abandoned or not functional,1.0,0.24469160768452983,0.8518822731309411
XGBoost Base,Abandoned or not functional,1.0,0.24493927125506074,0.8518822731309411
XGBoost Base,Abandoned or not functional,1.0,0.24518743667679838,0.8518822731309411
XGBoost Base,Abandoned or not functional,1.0,0.24543610547667344,0.8518822731309411
XGBoost Base,Abandoned or not functional,1.0,0.24568527918781727,0.8518822731309411
XGBoost Base,Abandoned or not functional,1.0,0.2459349593495935,0.8518822731309411
XGBoost Base,Abandoned or not functional,1.0,0.2461851475076297,0.8518822731309411
XGBoost Base,Abandoned or not functional,1.0,0.24643584521384929,0.8518822731309411
XGBoost Base,Abandoned or not functional,1.0,0.24668705402650357,0.8518822731309411
XGBoost Base,Abandoned or not functional,1.0,0.24693877551020407,0.8518822731309411
XGBoost Base,Abandoned or not functional,1.0,0.24719101123595505,0.8518822731309411
XGBoost Base,Abandoned or not functional,1.0,0.2474437627811861,0.8518822731309411
XGBoost Base,Abandoned or not functional,1.0,0.24769703172978505,0.8518822731309411
XGBoost Base,Abandoned or not functional,1.0,0.24795081967213115,0.8518822731309411
XGBoost Base,Abandoned or not functional,1.0,0.24820512820512822,0.8518822731309411
XGBoost Base,Abandoned or not functional,1.0,0.24845995893223818,0.8518822731309411
XGBoost Base,Abandoned or not functional,1.0,0.24871531346351491,0.8518822731309411
XGBoost Base,Abandoned or not functional,1.0,0.24897119341563786,0.8518822731309411
XGBoost Base,Abandoned or not functional,1.0,0.24922760041194644,0.8518822731309411
XGBoost Base,Abandoned or not functional,1.0,0.24948453608247423,0.8518822731309411
XGBoost Base,Abandoned or not functional,1.0,0.24974200206398348,0.8518822731309411
XGBoost Base,Abandoned or not functional,1.0,0.25,0.8518822731309411
XGBoost Base,Abandoned or not functional,1.0,0.250258531540848,0.8518822731309411
XGBoost Base,Abandoned or not functional,1.0,0.2505175983436853,0.8518822731309411
XGBoost Base,Abandoned or not functional,1.0,0.25077720207253884,0.8518822731309411
XGBoost Base,Abandoned or not functional,1.0,0.25103734439834025,0.8518822731309411
XGBoost Base,Abandoned or not functional,1.0,0.2512980269989616,0.8518822731309411
XGBoost Base,Abandoned or not functional,1.0,0.2515592515592516,0.8518822731309411
XGBoost Base,Abandoned or not functional,1.0,0.2518210197710718,0.8518822731309411
XGBoost Base,Abandoned or not functional,1.0,0.2520833333333333,0.8518822731309411
XGBoost Base,Abandoned or not functional,1.0,0.2523461939520334,0.8518822731309411
XGBoost Base,Abandoned or not functional,1.0,0.25260960334029225,0.8518822731309411
XGBoost Base,Abandoned or not functional,1.0,0.25287356321839083,0.8518822731309411
XGBoost Base,Abandoned or not functional,1.0,0.25313807531380755,0.8518822731309411
XGBoost Base,Abandoned or not functional,1.0,0.2534031413612565,0.8518822731309411
XGBoost Base,Abandoned or not functional,1.0,0.25366876310272535,0.8518822731309411
XGBoost Base,Abandoned or not functional,1.0,0.2539349422875131,0.8518822731309411
XGBoost Base,Abandoned or not functional,1.0,0.2542016806722689,0.8518822731309411
XGBoost Base,Abandoned or not functional,1.0,0.2544689800210305,0.8518822731309411
XGBoost Base,Abandoned or not functional,1.0,0.25473684210526315,0.8518822731309411
XGBoost Base,Abandoned or not functional,1.0,0.25500526870389884,0.8518822731309411
XGBoost Base,Abandoned or not functional,1.0,0.2552742616033755,0.8518822731309411
XGBoost Base,Abandoned or not functional,1.0,0.2555438225976769,0.8518822731309411
XGBoost Base,Abandoned or not functional,1.0,0.2558139534883721,0.8518822731309411
XGBoost Base,Abandoned or not functional,1.0,0.2560846560846561,0.8518822731309411
XGBoost Base,Abandoned or not functional,1.0,0.2563559322033898,0.8518822731309411
XGBoost Base,Abandoned or not functional,1.0,0.256627783669141,0.8518822731309411
XGBoost Base,Abandoned or not functional,1.0,0.25690021231422505,0.8518822731309411
XGBoost Base,Abandoned or not functional,0.9958677685950413,0.2561105207226355,0.8518822731309411
XGBoost Base,Abandoned or not functional,0.9958677685950413,0.25638297872340426,0.8518822731309411
XGBoost Base,Abandoned or not functional,0.9958677685950413,0.2566560170394036,0.8518822731309411
XGBoost Base,Abandoned or not functional,0.9958677685950413,0.25692963752665243,0.8518822731309411
XGBoost Base,Abandoned or not functional,0.9958677685950413,0.25720384204909286,0.8518822731309411
XGBoost Base,Abandoned or not functional,0.9958677685950413,0.25747863247863245,0.8518822731309411
XGBoost Base,Abandoned or not functional,0.9958677685950413,0.25775401069518716,0.8518822731309411
XGBoost Base,Abandoned or not functional,0.9958677685950413,0.2580299785867238,0.8518822731309411
XGBoost Base,Abandoned or not functional,0.9958677685950413,0.2583065380493033,0.8518822731309411
XGBoost Base,Abandoned or not functional,0.9958677685950413,0.25858369098712447,0.8518822731309411
XGBoost Base,Abandoned or not functional,0.9958677685950413,0.2588614393125671,0.8518822731309411
XGBoost Base,Abandoned or not functional,0.9958677685950413,0.2591397849462366,0.8518822731309411
XGBoost Base,Abandoned or not functional,0.9958677685950413,0.25941872981700753,0.8518822731309411
XGBoost Base,Abandoned or not functional,0.9958677685950413,0.25969827586206895,0.8518822731309411
XGBoost Base,Abandoned or not functional,0.9958677685950413,0.2599784250269687,0.8518822731309411
XGBoost Base,Abandoned or not functional,0.9958677685950413,0.2602591792656587,0.8518822731309411
XGBoost Base,Abandoned or not functional,0.9958677685950413,0.26054054054054054,0.8518822731309411
XGBoost Base,Abandoned or not functional,0.9958677685950413,0.26082251082251084,0.8518822731309411
XGBoost Base,Abandoned or not functional,0.9958677685950413,0.2611050920910076,0.8518822731309411
XGBoost Base,Abandoned or not functional,0.9958677685950413,0.2613882863340564,0.8518822731309411
XGBoost Base,Abandoned or not functional,0.9958677685950413,0.26167209554831705,0.8518822731309411
XGBoost Base,Abandoned or not functional,0.9958677685950413,0.2619565217391304,0.8518822731309411
XGBoost Base,Abandoned or not functional,0.9958677685950413,0.2622415669205658,0.8518822731309411
XGBoost Base,Abandoned or not functional,0.9958677685950413,0.2625272331154684,0.8518822731309411
XGBoost Base,Abandoned or not functional,0.9958677685950413,0.2628135223555071,0.8518822731309411
XGBoost Base,Abandoned or not functional,0.9958677685950413,0.2631004366812227,0.8518822731309411
XGBoost Base,Abandoned or not functional,0.9958677685950413,0.2633879781420765,0.8518822731309411
XGBoost Base,Abandoned or not functional,0.9958677685950413,0.2636761487964989,0.8518822731309411
XGBoost Base,Abandoned or not functional,0.9958677685950413,0.26396495071193865,0.8518822731309411
XGBoost Base,Abandoned or not functional,0.9958677685950413,0.2642543859649123,0.8518822731309411
XGBoost Base,Abandoned or not functional,0.9958677685950413,0.2645444566410538,0.8518822731309411
XGBoost Base,Abandoned or not functional,0.9958677685950413,0.26483516483516484,0.8518822731309411
XGBoost Base,Abandoned or not functional,0.9958677685950413,0.26512651265126513,0.8518822731309411
XGBoost Base,Abandoned or not functional,0.9958677685950413,0.2654185022026432,0.8518822731309411
XGBoost Base,Abandoned or not functional,0.9958677685950413,0.2657111356119074,0.8518822731309411
XGBoost Base,Abandoned or not functional,0.9958677685950413,0.26600441501103755,0.8518822731309411
XGBoost Base,Abandoned or not functional,0.9958677685950413,0.2662983425414365,0.8518822731309411
XGBoost Base,Abandoned or not functional,0.9958677685950413,0.2665929203539823,0.8518822731309411
XGBoost Base,Abandoned or not functional,0.9958677685950413,0.26688815060908083,0.8518822731309411
XGBoost Base,Abandoned or not functional,0.9958677685950413,0.26718403547671843,0.8518822731309411
XGBoost Base,Abandoned or not functional,0.9958677685950413,0.26748057713651496,0.8518822731309411
XGBoost Base,Abandoned or not functional,0.9958677685950413,0.2677777777777778,0.8518822731309411
XGBoost Base,Abandoned or not functional,0.9958677685950413,0.26807563959955505,0.8518822731309411
XGBoost Base,Abandoned or not functional,0.9958677685950413,0.26837416481069043,0.8518822731309411
XGBoost Base,Abandoned or not functional,0.9958677685950413,0.2686733556298774,0.8518822731309411
XGBoost Base,Abandoned or not functional,0.9958677685950413,0.2689732142857143,0.8518822731309411
XGBoost Base,Abandoned or not functional,0.9958677685950413,0.26927374301675977,0.8518822731309411
XGBoost Base,Abandoned or not functional,0.9958677685950413,0.2695749440715884,0.8518822731309411
XGBoost Base,Abandoned or not functional,0.9958677685950413,0.2698768197088466,0.8518822731309411
XGBoost Base,Abandoned or not functional,0.9958677685950413,0.2701793721973094,0.8518822731309411
XGBoost Base,Abandoned or not functional,0.9958677685950413,0.27048260381593714,0.8518822731309411
XGBoost Base,Abandoned or not functional,0.9958677685950413,0.27078651685393257,0.8518822731309411
XGBoost Base,Abandoned or not functional,0.9958677685950413,0.27109111361079863,0.8518822731309411
XGBoost Base,Abandoned or not functional,0.9958677685950413,0.2713963963963964,0.8518822731309411
XGBoost Base,Abandoned or not functional,0.9958677685950413,0.2717023675310034,0.8518822731309411
XGBoost Base,Abandoned or not functional,0.9958677685950413,0.27200902934537247,0.8518822731309411
XGBoost Base,Abandoned or not functional,0.9958677685950413,0.27231638418079096,0.8518822731309411
XGBoost Base,Abandoned or not functional,0.9958677685950413,0.27262443438914025,0.8518822731309411
XGBoost Base,Abandoned or not functional,0.9958677685950413,0.2729331823329558,0.8518822731309411
XGBoost Base,Abandoned or not functional,0.9958677685950413,0.2732426303854875,0.8518822731309411
XGBoost Base,Abandoned or not functional,0.9958677685950413,0.2735527809307605,0.8518822731309411
XGBoost Base,Abandoned or not functional,0.9958677685950413,0.27386363636363636,0.8518822731309411
XGBoost Base,Abandoned or not functional,0.9958677685950413,0.27417519908987487,0.8518822731309411
XGBoost Base,Abandoned or not functional,0.9958677685950413,0.2744874715261959,0.8518822731309411
XGBoost Base,Abandoned or not functional,0.9958677685950413,0.2748004561003421,0.8518822731309411
XGBoost Base,Abandoned or not functional,0.9958677685950413,0.2751141552511416,0.8518822731309411
XGBoost Base,Abandoned or not functional,0.9958677685950413,0.2754285714285714,0.8518822731309411
XGBoost Base,Abandoned or not functional,0.9958677685950413,0.2757437070938215,0.8518822731309411
XGBoost Base,Abandoned or not functional,0.9958677685950413,0.27605956471935855,0.8518822731309411
XGBoost Base,Abandoned or not functional,0.9958677685950413,0.2763761467889908,0.8518822731309411
XGBoost Base,Abandoned or not functional,0.9958677685950413,0.2766934557979334,0.8518822731309411
XGBoost Base,Abandoned or not functional,0.9958677685950413,0.2770114942528736,0.8518822731309411
XGBoost Base,Abandoned or not functional,0.9958677685950413,0.2773302646720368,0.8518822731309411
XGBoost Base,Abandoned or not functional,0.9958677685950413,0.27764976958525345,0.8518822731309411
XGBoost Base,Abandoned or not functional,0.9958677685950413,0.2779700115340254,0.8518822731309411
XGBoost Base,Abandoned or not functional,0.9958677685950413,0.27829099307159355,0.8518822731309411
XGBoost Base,Abandoned or not functional,0.9958677685950413,0.2786127167630058,0.8518822731309411
XGBoost Base,Abandoned or not functional,0.9958677685950413,0.2789351851851852,0.8518822731309411
XGBoost Base,Abandoned or not functional,0.9958677685950413,0.27925840092699883,0.8518822731309411
XGBoost Base,Abandoned or not functional,0.9958677685950413,0.27958236658932717,0.8518822731309411
XGBoost Base,Abandoned or not functional,0.9958677685950413,0.27990708478513354,0.8518822731309411
XGBoost Base,Abandoned or not functional,0.9958677685950413,0.2802325581395349,0.8518822731309411
XGBoost Base,Abandoned or not functional,0.9958677685950413,0.28055878928987193,0.8518822731309411
XGBoost Base,Abandoned or not functional,0.9958677685950413,0.28088578088578087,0.8518822731309411
XGBoost Base,Abandoned or not functional,0.9958677685950413,0.2812135355892649,0.8518822731309411
XGBoost Base,Abandoned or not functional,0.9958677685950413,0.28154205607476634,0.8518822731309411
XGBoost Base,Abandoned or not functional,0.9958677685950413,0.2818713450292398,0.8518822731309411
XGBoost Base,Abandoned or not functional,0.9958677685950413,0.2822014051522248,0.8518822731309411
XGBoost Base,Abandoned or not functional,0.9958677685950413,0.2825322391559203,0.8518822731309411
XGBoost Base,Abandoned or not functional,0.9958677685950413,0.2828638497652582,0.8518822731309411
XGBoost Base,Abandoned or not functional,0.9958677685950413,0.28319623971797886,0.8518822731309411
XGBoost Base,Abandoned or not functional,0.9958677685950413,0.28352941176470586,0.8518822731309411
XGBoost Base,Abandoned or not functional,0.9958677685950413,0.2838633686690224,0.8518822731309411
XGBoost Base,Abandoned or not functional,0.9958677685950413,0.2841981132075472,0.8518822731309411
XGBoost Base,Abandoned or not functional,0.9958677685950413,0.2845336481700118,0.8518822731309411
XGBoost Base,Abandoned or not functional,0.9958677685950413,0.2848699763593381,0.8518822731309411
XGBoost Base,Abandoned or not functional,0.9958677685950413,0.285207100591716,0.8518822731309411
XGBoost Base,Abandoned or not functional,0.9958677685950413,0.28554502369668244,0.8518822731309411
XGBoost Base,Abandoned or not functional,0.9958677685950413,0.2858837485172005,0.8518822731309411
XGBoost Base,Abandoned or not functional,0.9958677685950413,0.2862232779097387,0.8518822731309411
XGBoost Base,Abandoned or not functional,0.9958677685950413,0.28656361474435194,0.8518822731309411
XGBoost Base,Abandoned or not functional,0.9958677685950413,0.2869047619047619,0.8518822731309411
XGBoost Base,Abandoned or not functional,0.9958677685950413,0.2872467222884386,0.8518822731309411
XGBoost Base,Abandoned or not functional,0.9958677685950413,0.28758949880668255,0.8518822731309411
XGBoost Base,Abandoned or not functional,0.9958677685950413,0.28793309438470727,0.8518822731309411
XGBoost Base,Abandoned or not functional,0.9958677685950413,0.28827751196172247,0.8518822731309411
XGBoost Base,Abandoned or not functional,0.9958677685950413,0.288622754491018,0.8518822731309411
XGBoost Base,Abandoned or not functional,0.9958677685950413,0.28896882494004794,0.8518822731309411
XGBoost Base,Abandoned or not functional,0.9958677685950413,0.2893157262905162,0.8518822731309411
XGBoost Base,Abandoned or not functional,0.9958677685950413,0.28966346153846156,0.8518822731309411
XGBoost Base,Abandoned or not functional,0.9958677685950413,0.29001203369434414,0.8518822731309411
XGBoost Base,Abandoned or not functional,0.9958677685950413,0.29036144578313255,0.8518822731309411
XGBoost Base,Abandoned or not functional,0.9958677685950413,0.29071170084439085,0.8518822731309411
XGBoost Base,Abandoned or not functional,0.9958677685950413,0.29106280193236717,0.8518822731309411
XGBoost Base,Abandoned or not functional,0.9958677685950413,0.2914147521160822,0.8518822731309411
XGBoost Base,Abandoned or not functional,0.9958677685950413,0.2917675544794189,0.8518822731309411
XGBoost Base,Abandoned or not functional,0.9958677685950413,0.2921212121212121,0.8518822731309411
XGBoost Base,Abandoned or not functional,0.9958677685950413,0.2924757281553398,0.8518822731309411
XGBoost Base,Abandoned or not functional,0.9958677685950413,0.2928311057108141,0.8518822731309411
XGBoost Base,Abandoned or not functional,0.9958677685950413,0.29318734793187345,0.8518822731309411
XGBoost Base,Abandoned or not functional,0.9958677685950413,0.2935444579780755,0.8518822731309411
XGBoost Base,Abandoned or not functional,0.9958677685950413,0.2939024390243902,0.8518822731309411
XGBoost Base,Abandoned or not functional,0.9958677685950413,0.29426129426129427,0.8518822731309411
XGBoost Base,Abandoned or not functional,0.9958677685950413,0.2946210268948655,0.8518822731309411
XGBoost Base,Abandoned or not functional,0.9958677685950413,0.29498164014687883,0.8518822731309411
XGBoost Base,Abandoned or not functional,0.9958677685950413,0.29534313725490197,0.8518822731309411
XGBoost Base,Abandoned or not functional,0.9958677685950413,0.29570552147239265,0.8518822731309411
XGBoost Base,Abandoned or not functional,0.9958677685950413,0.29606879606879605,0.8518822731309411
XGBoost Base,Abandoned or not functional,0.9958677685950413,0.2964329643296433,0.8518822731309411
XGBoost Base,Abandoned or not functional,0.9958677685950413,0.29679802955665024,0.8518822731309411
XGBoost Base,Abandoned or not functional,0.9958677685950413,0.2971639950678175,0.8518822731309411
XGBoost Base,Abandoned or not functional,0.9958677685950413,0.2975308641975309,0.8518822731309411
XGBoost Base,Abandoned or not functional,0.9958677685950413,0.2978986402966625,0.8518822731309411
XGBoost Base,Abandoned or not functional,0.9958677685950413,0.29826732673267325,0.8518822731309411
XGBoost Base,Abandoned or not functional,0.9958677685950413,0.298636926889715,0.8518822731309411
XGBoost Base,Abandoned or not functional,0.9958677685950413,0.2990074441687345,0.8518822731309411
XGBoost Base,Abandoned or not functional,0.9958677685950413,0.2993788819875776,0.8518822731309411
XGBoost Base,Abandoned or not functional,0.9958677685950413,0.2997512437810945,0.8518822731309411
XGBoost Base,Abandoned or not functional,0.9958677685950413,0.3001245330012453,0.8518822731309411
XGBoost Base,Abandoned or not functional,0.9958677685950413,0.300498753117207,0.8518822731309411
XGBoost Base,Abandoned or not functional,0.9958677685950413,0.30087390761548066,0.8518822731309411
XGBoost Base,Abandoned or not functional,0.9958677685950413,0.30125,0.8518822731309411
XGBoost Base,Abandoned or not functional,0.9958677685950413,0.3016270337922403,0.8518822731309411
XGBoost Base,Abandoned or not functional,0.9958677685950413,0.30200501253132833,0.8518822731309411
XGBoost Base,Abandoned or not functional,0.9958677685950413,0.30238393977415307,0.8518822731309411
XGBoost Base,Abandoned or not functional,0.9958677685950413,0.3027638190954774,0.8518822731309411
XGBoost Base,Abandoned or not functional,0.9958677685950413,0.3031446540880503,0.8518822731309411
XGBoost Base,Abandoned or not functional,0.9958677685950413,0.3035264483627204,0.8518822731309411
XGBoost Base,Abandoned or not functional,0.9958677685950413,0.30390920554854983,0.8518822731309411
XGBoost Base,Abandoned or not functional,0.9958677685950413,0.3042929292929293,0.8518822731309411
XGBoost Base,Abandoned or not functional,0.9958677685950413,0.30467762326169406,0.8518822731309411
XGBoost Base,Abandoned or not functional,0.9958677685950413,0.3050632911392405,0.8518822731309411
XGBoost Base,Abandoned or not functional,0.9958677685950413,0.30544993662864384,0.8518822731309411
XGBoost Base,Abandoned or not functional,0.9958677685950413,0.30583756345177665,0.8518822731309411
XGBoost Base,Abandoned or not functional,0.9958677685950413,0.3062261753494282,0.8518822731309411
XGBoost Base,Abandoned or not functional,0.9958677685950413,0.30661577608142493,0.8518822731309411
XGBoost Base,Abandoned or not functional,0.9958677685950413,0.3070063694267516,0.8518822731309411
XGBoost Base,Abandoned or not functional,0.9958677685950413,0.30739795918367346,0.8518822731309411
XGBoost Base,Abandoned or not functional,0.9958677685950413,0.30779054916985954,0.8518822731309411
XGBoost Base,Abandoned or not functional,0.9958677685950413,0.30818414322250637,0.8518822731309411
XGBoost Base,Abandoned or not functional,0.9958677685950413,0.3085787451984635,0.8518822731309411
XGBoost Base,Abandoned or not functional,0.9958677685950413,0.308974358974359,0.8518822731309411
XGBoost Base,Abandoned or not functional,0.9958677685950413,0.30937098844672656,0.8518822731309411
XGBoost Base,Abandoned or not functional,0.9958677685950413,0.3097686375321337,0.8518822731309411
XGBoost Base,Abandoned or not functional,0.9958677685950413,0.31016731016731014,0.8518822731309411
XGBoost Base,Abandoned or not functional,0.9958677685950413,0.31056701030927836,0.8518822731309411
XGBoost Base,Abandoned or not functional,0.9958677685950413,0.3109677419354839,0.8518822731309411
XGBoost Base,Abandoned or not functional,0.9958677685950413,0.31136950904392763,0.8518822731309411
XGBoost Base,Abandoned or not functional,0.9958677685950413,0.3117723156532988,0.8518822731309411
XGBoost Base,Abandoned or not functional,0.9958677685950413,0.3121761658031088,0.8518822731309411
XGBoost Base,Abandoned or not functional,0.9958677685950413,0.3125810635538262,0.8518822731309411
XGBoost Base,Abandoned or not functional,0.9958677685950413,0.312987012987013,0.8518822731309411
XGBoost Base,Abandoned or not functional,0.9958677685950413,0.31339401820546164,0.8518822731309411
XGBoost Base,Abandoned or not functional,0.9958677685950413,0.3138020833333333,0.8518822731309411
XGBoost Base,Abandoned or not functional,0.9958677685950413,0.31421121251629724,0.8518822731309411
XGBoost Base,Abandoned or not functional,0.9958677685950413,0.31462140992167104,0.8518822731309411
XGBoost Base,Abandoned or not functional,0.9958677685950413,0.3150326797385621,0.8518822731309411
XGBoost Base,Abandoned or not functional,0.9958677685950413,0.31544502617801046,0.8518822731309411
XGBoost Base,Abandoned or not functional,0.9958677685950413,0.31585845347313235,0.8518822731309411
XGBoost Base,Abandoned or not functional,0.9958677685950413,0.31627296587926507,0.8518822731309411
XGBoost Base,Abandoned or not functional,0.9958677685950413,0.316688567674113,0.8518822731309411
XGBoost Base,Abandoned or not functional,0.9958677685950413,0.3171052631578947,0.8518822731309411
XGBoost Base,Abandoned or not functional,0.9958677685950413,0.31752305665349145,0.8518822731309411
XGBoost Base,Abandoned or not functional,0.9958677685950413,0.3179419525065963,0.8518822731309411
XGBoost Base,Abandoned or not functional,0.9958677685950413,0.31836195508586523,0.8518822731309411
XGBoost Base,Abandoned or not functional,0.9958677685950413,0.3187830687830688,0.8518822731309411
XGBoost Base,Abandoned or not functional,0.9958677685950413,0.31920529801324504,0.8518822731309411
XGBoost Base,Abandoned or not functional,0.9958677685950413,0.3196286472148541,0.8518822731309411
XGBoost Base,Abandoned or not functional,0.9958677685950413,0.3200531208499336,0.8518822731309411
XGBoost Base,Abandoned or not functional,0.9917355371900827,0.3191489361702128,0.8518822731309411
XGBoost Base,Abandoned or not functional,0.9917355371900827,0.3195739014647137,0.8518822731309411
XGBoost Base,Abandoned or not functional,0.9917355371900827,0.32,0.8518822731309411
XGBoost Base,Abandoned or not functional,0.9917355371900827,0.3204272363150868,0.8518822731309411
XGBoost Base,Abandoned or not functional,0.9917355371900827,0.32085561497326204,0.8518822731309411
XGBoost Base,Abandoned or not functional,0.9917355371900827,0.321285140562249,0.8518822731309411
XGBoost Base,Abandoned or not functional,0.9917355371900827,0.32171581769436997,0.8518822731309411
XGBoost Base,Abandoned or not functional,0.9917355371900827,0.3221476510067114,0.8518822731309411
XGBoost Base,Abandoned or not functional,0.9917355371900827,0.3225806451612903,0.8518822731309411
XGBoost Base,Abandoned or not functional,0.9917355371900827,0.32301480484522205,0.8518822731309411
XGBoost Base,Abandoned or not functional,0.9917355371900827,0.32345013477088946,0.8518822731309411
XGBoost Base,Abandoned or not functional,0.9917355371900827,0.32388663967611336,0.8518822731309411
XGBoost Base,Abandoned or not functional,0.9917355371900827,0.32432432432432434,0.8518822731309411
XGBoost Base,Abandoned or not functional,0.9917355371900827,0.32476319350473615,0.8518822731309411
XGBoost Base,Abandoned or not functional,0.9917355371900827,0.3252032520325203,0.8518822731309411
XGBoost Base,Abandoned or not functional,0.9917355371900827,0.3256445047489824,0.8518822731309411
XGBoost Base,Abandoned or not functional,0.9917355371900827,0.32608695652173914,0.8518822731309411
XGBoost Base,Abandoned or not functional,0.9917355371900827,0.32653061224489793,0.8518822731309411
XGBoost Base,Abandoned or not functional,0.9917355371900827,0.32697547683923706,0.8518822731309411
XGBoost Base,Abandoned or not functional,0.9917355371900827,0.3274215552523875,0.8518822731309411
XGBoost Base,Abandoned or not functional,0.9917355371900827,0.32786885245901637,0.8518822731309411
XGBoost Base,Abandoned or not functional,0.9917355371900827,0.3283173734610123,0.8518822731309411
XGBoost Base,Abandoned or not functional,0.9917355371900827,0.3287671232876712,0.8518822731309411
XGBoost Base,Abandoned or not functional,0.9917355371900827,0.3292181069958848,0.8518822731309411
XGBoost Base,Abandoned or not functional,0.9917355371900827,0.32967032967032966,0.8518822731309411
XGBoost Base,Abandoned or not functional,0.9917355371900827,0.33012379642365886,0.8518822731309411
XGBoost Base,Abandoned or not functional,0.9917355371900827,0.3305785123966942,0.8518822731309411
XGBoost Base,Abandoned or not functional,0.9917355371900827,0.3310344827586207,0.8518822731309411
XGBoost Base,Abandoned or not functional,0.9917355371900827,0.33195020746887965,0.8518822731309411
XGBoost Base,Abandoned or not functional,0.9917355371900827,0.33240997229916897,0.8518822731309411
XGBoost Base,Abandoned or not functional,0.9917355371900827,0.332871012482663,0.8518822731309411
XGBoost Base,Abandoned or not functional,0.9917355371900827,0.3333333333333333,0.8518822731309411
XGBoost Base,Abandoned or not functional,0.9917355371900827,0.3337969401947149,0.8518822731309411
XGBoost Base,Abandoned or not functional,0.9917355371900827,0.3342618384401114,0.8518822731309411
XGBoost Base,Abandoned or not functional,0.9917355371900827,0.33472803347280333,0.8518822731309411
XGBoost Base,Abandoned or not functional,0.9917355371900827,0.33519553072625696,0.8518822731309411
XGBoost Base,Abandoned or not functional,0.9917355371900827,0.3356643356643357,0.8518822731309411
XGBoost Base,Abandoned or not functional,0.9917355371900827,0.33613445378151263,0.8518822731309411
XGBoost Base,Abandoned or not functional,0.9917355371900827,0.33660589060308554,0.8518822731309411
XGBoost Base,Abandoned or not functional,0.9917355371900827,0.33707865168539325,0.8518822731309411
XGBoost Base,Abandoned or not functional,0.9917355371900827,0.33755274261603374,0.8518822731309411
XGBoost Base,Abandoned or not functional,0.9917355371900827,0.3380281690140845,0.8518822731309411
XGBoost Base,Abandoned or not functional,0.9917355371900827,0.3385049365303244,0.8518822731309411
XGBoost Base,Abandoned or not functional,0.9917355371900827,0.3389830508474576,0.8518822731309411
XGBoost Base,Abandoned or not functional,0.9917355371900827,0.33946251768033947,0.8518822731309411
XGBoost Base,Abandoned or not functional,0.9917355371900827,0.33994334277620397,0.8518822731309411
XGBoost Base,Abandoned or not functional,0.9917355371900827,0.3404255319148936,0.8518822731309411
XGBoost Base,Abandoned or not functional,0.9917355371900827,0.3409090909090909,0.8518822731309411
XGBoost Base,Abandoned or not functional,0.9917355371900827,0.3413940256045519,0.8518822731309411
XGBoost Base,Abandoned or not functional,0.9917355371900827,0.3418803418803419,0.8518822731309411
XGBoost Base,Abandoned or not functional,0.9917355371900827,0.34236804564907275,0.8518822731309411
XGBoost Base,Abandoned or not functional,0.9917355371900827,0.34285714285714286,0.8518822731309411
XGBoost Base,Abandoned or not functional,0.9917355371900827,0.34334763948497854,0.8518822731309411
XGBoost Base,Abandoned or not functional,0.9917355371900827,0.3438395415472779,0.8518822731309411
XGBoost Base,Abandoned or not functional,0.9917355371900827,0.34433285509325684,0.8518822731309411
XGBoost Base,Abandoned or not functional,0.9917355371900827,0.3448275862068966,0.8518822731309411
XGBoost Base,Abandoned or not functional,0.9917355371900827,0.34532374100719426,0.8518822731309411
XGBoost Base,Abandoned or not functional,0.9917355371900827,0.345821325648415,0.8518822731309411
XGBoost Base,Abandoned or not functional,0.9917355371900827,0.3463203463203463,0.8518822731309411
XGBoost Base,Abandoned or not functional,0.9917355371900827,0.3468208092485549,0.8518822731309411
XGBoost Base,Abandoned or not functional,0.987603305785124,0.3458755426917511,0.8518822731309411
XGBoost Base,Abandoned or not functional,0.987603305785124,0.3463768115942029,0.8518822731309411
XGBoost Base,Abandoned or not functional,0.987603305785124,0.3468795355587808,0.8518822731309411
XGBoost Base,Abandoned or not functional,0.987603305785124,0.34738372093023256,0.8518822731309411
XGBoost Base,Abandoned or not functional,0.987603305785124,0.34788937409024745,0.8518822731309411
XGBoost Base,Abandoned or not functional,0.987603305785124,0.34839650145772594,0.8518822731309411
XGBoost Base,Abandoned or not functional,0.987603305785124,0.34890510948905107,0.8518822731309411
XGBoost Base,Abandoned or not functional,0.987603305785124,0.34941520467836257,0.8518822731309411
XGBoost Base,Abandoned or not functional,0.987603305785124,0.34992679355783307,0.8518822731309411
XGBoost Base,Abandoned or not functional,0.987603305785124,0.35043988269794724,0.8518822731309411
XGBoost Base,Abandoned or not functional,0.987603305785124,0.3509544787077827,0.8518822731309411
XGBoost Base,Abandoned or not functional,0.987603305785124,0.3514705882352941,0.8518822731309411
XGBoost Base,Abandoned or not functional,0.9834710743801653,0.35051546391752575,0.8518822731309411
XGBoost Base,Abandoned or not functional,0.9834710743801653,0.35103244837758113,0.8518822731309411
XGBoost Base,Abandoned or not functional,0.9834710743801653,0.3515509601181684,0.8518822731309411
XGBoost Base,Abandoned or not functional,0.9834710743801653,0.3520710059171598,0.8518822731309411
XGBoost Base,Abandoned or not functional,0.9834710743801653,0.35259259259259257,0.8518822731309411
XGBoost Base,Abandoned or not functional,0.9834710743801653,0.35311572700296734,0.8518822731309411
XGBoost Base,Abandoned or not functional,0.9834710743801653,0.3536404160475483,0.8518822731309411
XGBoost Base,Abandoned or not functional,0.9834710743801653,0.3541666666666667,0.8518822731309411
XGBoost Base,Abandoned or not functional,0.9834710743801653,0.35469448584202684,0.8518822731309411
XGBoost Base,Abandoned or not functional,0.9834710743801653,0.35522388059701493,0.8518822731309411
XGBoost Base,Abandoned or not functional,0.9834710743801653,0.35575485799701045,0.8518822731309411
XGBoost Base,Abandoned or not functional,0.9834710743801653,0.3562874251497006,0.8518822731309411
XGBoost Base,Abandoned or not functional,0.9834710743801653,0.3568215892053973,0.8518822731309411
XGBoost Base,Abandoned or not functional,0.9834710743801653,0.35735735735735735,0.8518822731309411
XGBoost Base,Abandoned or not functional,0.9834710743801653,0.35789473684210527,0.8518822731309411
XGBoost Base,Abandoned or not functional,0.9834710743801653,0.35843373493975905,0.8518822731309411
XGBoost Base,Abandoned or not functional,0.9834710743801653,0.358974358974359,0.8518822731309411
XGBoost Base,Abandoned or not functional,0.9834710743801653,0.3595166163141994,0.8518822731309411
XGBoost Base,Abandoned or not functional,0.9834710743801653,0.3600605143721634,0.8518822731309411
XGBoost Base,Abandoned or not functional,0.9834710743801653,0.3606060606060606,0.8518822731309411
XGBoost Base,Abandoned or not functional,0.9834710743801653,0.3611532625189681,0.8518822731309411
XGBoost Base,Abandoned or not functional,0.9834710743801653,0.3617021276595745,0.8518822731309411
XGBoost Base,Abandoned or not functional,0.9834710743801653,0.3622526636225266,0.8518822731309411
XGBoost Base,Abandoned or not functional,0.9834710743801653,0.3628048780487805,0.8518822731309411
XGBoost Base,Abandoned or not functional,0.9834710743801653,0.36335877862595417,0.8518822731309411
XGBoost Base,Abandoned or not functional,0.9793388429752066,0.3623853211009174,0.8518822731309411
XGBoost Base,Abandoned or not functional,0.9793388429752066,0.36294027565084225,0.8518822731309411
XGBoost Base,Abandoned or not functional,0.9793388429752066,0.36349693251533743,0.8518822731309411
XGBoost Base,Abandoned or not functional,0.9793388429752066,0.3640552995391705,0.8518822731309411
XGBoost Base,Abandoned or not functional,0.9793388429752066,0.3646153846153846,0.8518822731309411
XGBoost Base,Abandoned or not functional,0.9793388429752066,0.36517719568567025,0.8518822731309411
XGBoost Base,Abandoned or not functional,0.9793388429752066,0.36574074074074076,0.8518822731309411
XGBoost Base,Abandoned or not functional,0.9793388429752066,0.366306027820711,0.8518822731309411
XGBoost Base,Abandoned or not functional,0.9793388429752066,0.3668730650154799,0.8518822731309411
XGBoost Base,Abandoned or not functional,0.9793388429752066,0.3674418604651163,0.8518822731309411
XGBoost Base,Abandoned or not functional,0.9793388429752066,0.36801242236024845,0.8518822731309411
XGBoost Base,Abandoned or not functional,0.9752066115702479,0.36702954898911355,0.8518822731309411
XGBoost Base,Abandoned or not functional,0.9752066115702479,0.367601246105919,0.8518822731309411
XGBoost Base,Abandoned or not functional,0.9752066115702479,0.36817472698907955,0.8518822731309411
XGBoost Base,Abandoned or not functional,0.9752066115702479,0.36875,0.8518822731309411
XGBoost Base,Abandoned or not functional,0.9752066115702479,0.36932707355242567,0.8518822731309411
XGBoost Base,Abandoned or not functional,0.9752066115702479,0.36990595611285265,0.8518822731309411
XGBoost Base,Abandoned or not functional,0.9752066115702479,0.3704866562009419,0.8518822731309411
XGBoost Base,Abandoned or not functional,0.9752066115702479,0.3710691823899371,0.8518822731309411
XGBoost Base,Abandoned or not functional,0.9752066115702479,0.3716535433070866,0.8518822731309411
XGBoost Base,Abandoned or not functional,0.9752066115702479,0.3722397476340694,0.8518822731309411
XGBoost Base,Abandoned or not functional,0.9752066115702479,0.37282780410742494,0.8518822731309411
XGBoost Base,Abandoned or not functional,0.9752066115702479,0.37341772151898733,0.8518822731309411
XGBoost Base,Abandoned or not functional,0.9752066115702479,0.37400950871632327,0.8518822731309411
XGBoost Base,Abandoned or not functional,0.9752066115702479,0.3746031746031746,0.8518822731309411
XGBoost Base,Abandoned or not functional,0.9752066115702479,0.3751987281399046,0.8518822731309411
XGBoost Base,Abandoned or not functional,0.9752066115702479,0.37579617834394907,0.8518822731309411
XGBoost Base,Abandoned or not functional,0.9752066115702479,0.3763955342902711,0.8518822731309411
XGBoost Base,Abandoned or not functional,0.9752066115702479,0.3769968051118211,0.8518822731309411
XGBoost Base,Abandoned or not functional,0.9752066115702479,0.3776,0.8518822731309411
XGBoost Base,Abandoned or not functional,0.9752066115702479,0.3782051282051282,0.8518822731309411
XGBoost Base,Abandoned or not functional,0.9752066115702479,0.37881219903691815,0.8518822731309411
XGBoost Base,Abandoned or not functional,0.9752066115702479,0.37942122186495175,0.8518822731309411
XGBoost Base,Abandoned or not functional,0.9752066115702479,0.38003220611916266,0.8518822731309411
XGBoost Base,Abandoned or not functional,0.9752066115702479,0.38064516129032255,0.8518822731309411
XGBoost Base,Abandoned or not functional,0.9752066115702479,0.38126009693053314,0.8518822731309411
XGBoost Base,Abandoned or not functional,0.9752066115702479,0.3818770226537217,0.8518822731309411
XGBoost Base,Abandoned or not functional,0.9752066115702479,0.3824959481361426,0.8518822731309411
XGBoost Base,Abandoned or not functional,0.9752066115702479,0.38311688311688313,0.8518822731309411
XGBoost Base,Abandoned or not functional,0.9752066115702479,0.383739837398374,0.8518822731309411
XGBoost Base,Abandoned or not functional,0.9752066115702479,0.38436482084690554,0.8518822731309411
XGBoost Base,Abandoned or not functional,0.9752066115702479,0.38499184339314846,0.8518822731309411
XGBoost Base,Abandoned or not functional,0.9752066115702479,0.38562091503267976,0.8518822731309411
XGBoost Base,Abandoned or not functional,0.9752066115702479,0.3862520458265139,0.8518822731309411
XGBoost Base,Abandoned or not functional,0.9752066115702479,0.38688524590163936,0.8518822731309411
XGBoost Base,Abandoned or not functional,0.9752066115702479,0.38752052545155996,0.8518822731309411
XGBoost Base,Abandoned or not functional,0.9752066115702479,0.3881578947368421,0.8518822731309411
XGBoost Base,Abandoned or not functional,0.9752066115702479,0.38879736408566723,0.8518822731309411
XGBoost Base,Abandoned or not functional,0.9752066115702479,0.38943894389438943,0.8518822731309411
XGBoost Base,Abandoned or not functional,0.9752066115702479,0.39008264462809916,0.8518822731309411
XGBoost Base,Abandoned or not functional,0.9752066115702479,0.39072847682119205,0.8518822731309411
XGBoost Base,Abandoned or not functional,0.9752066115702479,0.3913764510779436,0.8518822731309411
XGBoost Base,Abandoned or not functional,0.9752066115702479,0.3920265780730897,0.8518822731309411
XGBoost Base,Abandoned or not functional,0.9752066115702479,0.39267886855241263,0.8518822731309411
XGBoost Base,Abandoned or not functional,0.9752066115702479,0.3933333333333333,0.8518822731309411
XGBoost Base,Abandoned or not functional,0.9752066115702479,0.39398998330550916,0.8518822731309411
XGBoost Base,Abandoned or not functional,0.9752066115702479,0.39464882943143814,0.8518822731309411
XGBoost Base,Abandoned or not functional,0.9752066115702479,0.3953098827470687,0.8518822731309411
XGBoost Base,Abandoned or not functional,0.9752066115702479,0.3959731543624161,0.8518822731309411
XGBoost Base,Abandoned or not functional,0.9752066115702479,0.39663865546218485,0.8518822731309411
XGBoost Base,Abandoned or not functional,0.9752066115702479,0.39730639730639733,0.8518822731309411
XGBoost Base,Abandoned or not functional,0.9752066115702479,0.3979763912310287,0.8518822731309411
XGBoost Base,Abandoned or not functional,0.9752066115702479,0.39864864864864863,0.8518822731309411
XGBoost Base,Abandoned or not functional,0.9752066115702479,0.3993231810490694,0.8518822731309411
XGBoost Base,Abandoned or not functional,0.9752066115702479,0.4,0.8518822731309411
XGBoost Base,Abandoned or not functional,0.9752066115702479,0.400679117147708,0.8518822731309411
XGBoost Base,Abandoned or not functional,0.9752066115702479,0.4013605442176871,0.8518822731309411
XGBoost Base,Abandoned or not functional,0.9752066115702479,0.4020442930153322,0.8518822731309411
XGBoost Base,Abandoned or not functional,0.9752066115702479,0.40273037542662116,0.8518822731309411
XGBoost Base,Abandoned or not functional,0.9752066115702479,0.40341880341880343,0.8518822731309411
XGBoost Base,Abandoned or not functional,0.9752066115702479,0.4041095890410959,0.8518822731309411
XGBoost Base,Abandoned or not functional,0.9752066115702479,0.40480274442538594,0.8518822731309411
XGBoost Base,Abandoned or not functional,0.9752066115702479,0.4054982817869416,0.8518822731309411
XGBoost Base,Abandoned or not functional,0.9710743801652892,0.4044750430292599,0.8518822731309411
XGBoost Base,Abandoned or not functional,0.9669421487603306,0.40344827586206894,0.8518822731309411
XGBoost Base,Abandoned or not functional,0.9669421487603306,0.40414507772020725,0.8518822731309411
XGBoost Base,Abandoned or not functional,0.9669421487603306,0.40484429065743943,0.8518822731309411
XGBoost Base,Abandoned or not functional,0.9669421487603306,0.4055459272097054,0.8518822731309411
XGBoost Base,Abandoned or not functional,0.9669421487603306,0.40625,0.8518822731309411
XGBoost Base,Abandoned or not functional,0.9669421487603306,0.40695652173913044,0.8518822731309411
XGBoost Base,Abandoned or not functional,0.9669421487603306,0.4076655052264808,0.8518822731309411
XGBoost Base,Abandoned or not functional,0.9669421487603306,0.4083769633507853,0.8518822731309411
XGBoost Base,Abandoned or not functional,0.9669421487603306,0.4090909090909091,0.8518822731309411
XGBoost Base,Abandoned or not functional,0.9669421487603306,0.4098073555166375,0.8518822731309411
XGBoost Base,Abandoned or not functional,0.9669421487603306,0.4105263157894737,0.8518822731309411
XGBoost Base,Abandoned or not functional,0.9669421487603306,0.4112478031634446,0.8518822731309411
XGBoost Base,Abandoned or not functional,0.9669421487603306,0.4119718309859155,0.8518822731309411
XGBoost Base,Abandoned or not functional,0.9669421487603306,0.4126984126984127,0.8518822731309411
XGBoost Base,Abandoned or not functional,0.9669421487603306,0.4134275618374558,0.8518822731309411
XGBoost Base,Abandoned or not functional,0.9669421487603306,0.41415929203539825,0.8518822731309411
XGBoost Base,Abandoned or not functional,0.9669421487603306,0.4148936170212766,0.8518822731309411
XGBoost Base,Abandoned or not functional,0.9669421487603306,0.41563055062166965,0.8518822731309411
XGBoost Base,Abandoned or not functional,0.9669421487603306,0.41637010676156583,0.8518822731309411
XGBoost Base,Abandoned or not functional,0.9669421487603306,0.41711229946524064,0.8518822731309411
XGBoost Base,Abandoned or not functional,0.9628099173553719,0.4160714285714286,0.8518822731309411
XGBoost Base,Abandoned or not functional,0.9628099173553719,0.41681574239713776,0.8518822731309411
XGBoost Base,Abandoned or not functional,0.9628099173553719,0.4175627240143369,0.8518822731309411
XGBoost Base,Abandoned or not functional,0.9628099173553719,0.41831238779174146,0.8518822731309411
XGBoost Base,Abandoned or not functional,0.9628099173553719,0.41906474820143885,0.8518822731309411
XGBoost Base,Abandoned or not functional,0.9628099173553719,0.4198198198198198,0.8518822731309411
XGBoost Base,Abandoned or not functional,0.9628099173553719,0.42057761732851984,0.8518822731309411
XGBoost Base,Abandoned or not functional,0.9628099173553719,0.4213381555153707,0.8518822731309411
XGBoost Base,Abandoned or not functional,0.9586776859504132,0.42028985507246375,0.8518822731309411
XGBoost Base,Abandoned or not functional,0.9545454545454546,0.4192377495462795,0.8518822731309411
XGBoost Base,Abandoned or not functional,0.9504132231404959,0.41818181818181815,0.8518822731309411
XGBoost Base,Abandoned or not functional,0.9504132231404959,0.41894353369763204,0.8518822731309411
XGBoost Base,Abandoned or not functional,0.9504132231404959,0.4197080291970803,0.8518822731309411
XGBoost Base,Abandoned or not functional,0.9504132231404959,0.42047531992687387,0.8518822731309411
XGBoost Base,Abandoned or not functional,0.9504132231404959,0.42124542124542125,0.8518822731309411
XGBoost Base,Abandoned or not functional,0.9504132231404959,0.42201834862385323,0.8518822731309411
XGBoost Base,Abandoned or not functional,0.9504132231404959,0.4227941176470588,0.8518822731309411
XGBoost Base,Abandoned or not functional,0.9504132231404959,0.42357274401473294,0.8518822731309411
XGBoost Base,Abandoned or not functional,0.9504132231404959,0.42435424354243545,0.8518822731309411
XGBoost Base,Abandoned or not functional,0.9504132231404959,0.42513863216266173,0.8518822731309411
XGBoost Base,Abandoned or not functional,0.9504132231404959,0.42592592592592593,0.8518822731309411
XGBoost Base,Abandoned or not functional,0.9504132231404959,0.4267161410018553,0.8518822731309411
XGBoost Base,Abandoned or not functional,0.9504132231404959,0.4275092936802974,0.8518822731309411
XGBoost Base,Abandoned or not functional,0.9504132231404959,0.42830540037243947,0.8518822731309411
XGBoost Base,Abandoned or not functional,0.9462809917355371,0.42723880597014924,0.8518822731309411
XGBoost Base,Abandoned or not functional,0.9462809917355371,0.4280373831775701,0.8518822731309411
XGBoost Base,Abandoned or not functional,0.9462809917355371,0.4288389513108614,0.8518822731309411
XGBoost Base,Abandoned or not functional,0.9462809917355371,0.42964352720450283,0.8518822731309411
XGBoost Base,Abandoned or not functional,0.9462809917355371,0.43045112781954886,0.8518822731309411
XGBoost Base,Abandoned or not functional,0.9462809917355371,0.4312617702448211,0.8518822731309411
XGBoost Base,Abandoned or not functional,0.9462809917355371,0.4320754716981132,0.8518822731309411
XGBoost Base,Abandoned or not functional,0.9462809917355371,0.43289224952741023,0.8518822731309411
XGBoost Base,Abandoned or not functional,0.9462809917355371,0.4337121212121212,0.8518822731309411
XGBoost Base,Abandoned or not functional,0.9462809917355371,0.43453510436432635,0.8518822731309411
XGBoost Base,Abandoned or not functional,0.9462809917355371,0.435361216730038,0.8518822731309411
XGBoost Base,Abandoned or not functional,0.9462809917355371,0.4361904761904762,0.8518822731309411
XGBoost Base,Abandoned or not functional,0.9462809917355371,0.43702290076335876,0.8518822731309411
XGBoost Base,Abandoned or not functional,0.9421487603305785,0.4359464627151052,0.8518822731309411
XGBoost Base,Abandoned or not functional,0.9421487603305785,0.4367816091954023,0.8518822731309411
XGBoost Base,Abandoned or not functional,0.9421487603305785,0.43761996161228406,0.8518822731309411
XGBoost Base,Abandoned or not functional,0.9380165289256198,0.43653846153846154,0.8518822731309411
XGBoost Base,Abandoned or not functional,0.9338842975206612,0.43545279383429675,0.8518822731309411
XGBoost Base,Abandoned or not functional,0.9338842975206612,0.4362934362934363,0.8518822731309411
XGBoost Base,Abandoned or not functional,0.9338842975206612,0.437137330754352,0.8518822731309411
XGBoost Base,Abandoned or not functional,0.9338842975206612,0.437984496124031,0.8518822731309411
XGBoost Base,Abandoned or not functional,0.9338842975206612,0.4388349514563107,0.8518822731309411
XGBoost Base,Abandoned or not functional,0.9338842975206612,0.4396887159533074,0.8518822731309411
XGBoost Base,Abandoned or not functional,0.9338842975206612,0.4405458089668616,0.8518822731309411
XGBoost Base,Abandoned or not functional,0.9338842975206612,0.44140625,0.8518822731309411
XGBoost Base,Abandoned or not functional,0.9338842975206612,0.44227005870841485,0.8518822731309411
XGBoost Base,Abandoned or not functional,0.9338842975206612,0.44313725490196076,0.8518822731309411
XGBoost Base,Abandoned or not functional,0.9338842975206612,0.444007858546169,0.8518822731309411
XGBoost Base,Abandoned or not functional,0.9297520661157025,0.44291338582677164,0.8518822731309411
XGBoost Base,Abandoned or not functional,0.9297520661157025,0.4437869822485207,0.8518822731309411
XGBoost Base,Abandoned or not functional,0.9297520661157025,0.44466403162055335,0.8518822731309411
XGBoost Base,Abandoned or not functional,0.9297520661157025,0.44554455445544555,0.8518822731309411
XGBoost Base,Abandoned or not functional,0.9297520661157025,0.44642857142857145,0.8518822731309411
XGBoost Base,Abandoned or not functional,0.9297520661157025,0.44731610337972166,0.8518822731309411
XGBoost Base,Abandoned or not functional,0.9297520661157025,0.448207171314741,0.8518822731309411
XGBoost Base,Abandoned or not functional,0.9297520661157025,0.4491017964071856,0.8518822731309411
XGBoost Base,Abandoned or not functional,0.9297520661157025,0.45,0.8518822731309411
XGBoost Base,Abandoned or not functional,0.9297520661157025,0.45090180360721444,0.8518822731309411
XGBoost Base,Abandoned or not functional,0.9297520661157025,0.45180722891566266,0.8518822731309411
XGBoost Base,Abandoned or not functional,0.9297520661157025,0.45271629778672035,0.8518822731309411
XGBoost Base,Abandoned or not functional,0.9297520661157025,0.4536290322580645,0.8518822731309411
XGBoost Base,Abandoned or not functional,0.9297520661157025,0.45454545454545453,0.8518822731309411
XGBoost Base,Abandoned or not functional,0.9297520661157025,0.45546558704453444,0.8518822731309411
XGBoost Base,Abandoned or not functional,0.9297520661157025,0.4563894523326572,0.8518822731309411
XGBoost Base,Abandoned or not functional,0.9256198347107438,0.45528455284552843,0.8518822731309411
XGBoost Base,Abandoned or not functional,0.9256198347107438,0.45621181262729127,0.8518822731309411
XGBoost Base,Abandoned or not functional,0.9214876033057852,0.45510204081632655,0.8518822731309411
XGBoost Base,Abandoned or not functional,0.9214876033057852,0.4560327198364008,0.8518822731309411
XGBoost Base,Abandoned or not functional,0.9173553719008265,0.45491803278688525,0.8518822731309411
XGBoost Base,Abandoned or not functional,0.9173553719008265,0.45585215605749485,0.8518822731309411
XGBoost Base,Abandoned or not functional,0.9173553719008265,0.4567901234567901,0.8518822731309411
XGBoost Base,Abandoned or not functional,0.9173553719008265,0.4577319587628866,0.8518822731309411
XGBoost Base,Abandoned or not functional,0.9173553719008265,0.45867768595041325,0.8518822731309411
XGBoost Base,Abandoned or not functional,0.9173553719008265,0.45962732919254656,0.8518822731309411
XGBoost Base,Abandoned or not functional,0.9173553719008265,0.4605809128630705,0.8518822731309411
XGBoost Base,Abandoned or not functional,0.9173553719008265,0.46153846153846156,0.8518822731309411
XGBoost Base,Abandoned or not functional,0.9173553719008265,0.4625,0.8518822731309411
XGBoost Base,Abandoned or not functional,0.9173553719008265,0.46346555323590816,0.8518822731309411
XGBoost Base,Abandoned or not functional,0.9173553719008265,0.46443514644351463,0.8518822731309411
XGBoost Base,Abandoned or not functional,0.9173553719008265,0.46540880503144655,0.8518822731309411
XGBoost Base,Abandoned or not functional,0.9173553719008265,0.46638655462184875,0.8518822731309411
XGBoost Base,Abandoned or not functional,0.9173553719008265,0.4673684210526316,0.8518822731309411
XGBoost Base,Abandoned or not functional,0.9173553719008265,0.46835443037974683,0.8518822731309411
XGBoost Base,Abandoned or not functional,0.9173553719008265,0.4693446088794926,0.8518822731309411
XGBoost Base,Abandoned or not functional,0.9173553719008265,0.4703389830508475,0.8518822731309411
XGBoost Base,Abandoned or not functional,0.9173553719008265,0.4713375796178344,0.8518822731309411
XGBoost Base,Abandoned or not functional,0.9173553719008265,0.4723404255319149,0.8518822731309411
XGBoost Base,Abandoned or not functional,0.9173553719008265,0.47334754797441364,0.8518822731309411
XGBoost Base,Abandoned or not functional,0.9173553719008265,0.47435897435897434,0.8518822731309411
XGBoost Base,Abandoned or not functional,0.9173553719008265,0.4753747323340471,0.8518822731309411
XGBoost Base,Abandoned or not functional,0.9173553719008265,0.47639484978540775,0.8518822731309411
XGBoost Base,Abandoned or not functional,0.9173553719008265,0.4774193548387097,0.8518822731309411
XGBoost Base,Abandoned or not functional,0.9132231404958677,0.47629310344827586,0.8518822731309411
XGBoost Base,Abandoned or not functional,0.9132231404958677,0.4773218142548596,0.8518822731309411
XGBoost Base,Abandoned or not functional,0.9132231404958677,0.47835497835497837,0.8518822731309411
XGBoost Base,Abandoned or not functional,0.9132231404958677,0.4793926247288503,0.8518822731309411
XGBoost Base,Abandoned or not functional,0.9132231404958677,0.48043478260869565,0.8518822731309411
XGBoost Base,Abandoned or not functional,0.9132231404958677,0.48148148148148145,0.8518822731309411
XGBoost Base,Abandoned or not functional,0.9132231404958677,0.48253275109170307,0.8518822731309411
XGBoost Base,Abandoned or not functional,0.9132231404958677,0.48358862144420134,0.8518822731309411
XGBoost Base,Abandoned or not functional,0.9132231404958677,0.48464912280701755,0.8518822731309411
XGBoost Base,Abandoned or not functional,0.9132231404958677,0.4857142857142857,0.8518822731309411
XGBoost Base,Abandoned or not functional,0.9090909090909091,0.4845814977973568,0.8518822731309411
XGBoost Base,Abandoned or not functional,0.9090909090909091,0.4856512141280353,0.8518822731309411
XGBoost Base,Abandoned or not functional,0.9090909090909091,0.48672566371681414,0.8518822731309411
XGBoost Base,Abandoned or not functional,0.9090909090909091,0.4878048780487805,0.8518822731309411
XGBoost Base,Abandoned or not functional,0.9090909090909091,0.4888888888888889,0.8518822731309411
XGBoost Base,Abandoned or not functional,0.9090909090909091,0.48997772828507796,0.8518822731309411
XGBoost Base,Abandoned or not functional,0.9090909090909091,0.49107142857142855,0.8518822731309411
XGBoost Base,Abandoned or not functional,0.9090909090909091,0.49217002237136465,0.8518822731309411
XGBoost Base,Abandoned or not functional,0.9049586776859504,0.4910313901345291,0.8518822731309411
XGBoost Base,Abandoned or not functional,0.9049586776859504,0.49213483146067416,0.8518822731309411
XGBoost Base,Abandoned or not functional,0.9049586776859504,0.49324324324324326,0.8518822731309411
XGBoost Base,Abandoned or not functional,0.9049586776859504,0.49435665914221216,0.8518822731309411
XGBoost Base,Abandoned or not functional,0.9049586776859504,0.49547511312217196,0.8518822731309411
XGBoost Base,Abandoned or not functional,0.9049586776859504,0.4965986394557823,0.8518822731309411
XGBoost Base,Abandoned or not functional,0.9049586776859504,0.49772727272727274,0.8518822731309411
XGBoost Base,Abandoned or not functional,0.9049586776859504,0.4988610478359909,0.8518822731309411
XGBoost Base,Abandoned or not functional,0.9049586776859504,0.5,0.8518822731309411
XGBoost Base,Abandoned or not functional,0.9049586776859504,0.5011441647597255,0.8518822731309411
XGBoost Base,Abandoned or not functional,0.9049586776859504,0.5022935779816514,0.8518822731309411
XGBoost Base,Abandoned or not functional,0.9049586776859504,0.503448275862069,0.8518822731309411
XGBoost Base,Abandoned or not functional,0.9049586776859504,0.5046082949308756,0.8518822731309411
XGBoost Base,Abandoned or not functional,0.9049586776859504,0.5057736720554272,0.8518822731309411
XGBoost Base,Abandoned or not functional,0.9049586776859504,0.5069444444444444,0.8518822731309411
XGBoost Base,Abandoned or not functional,0.9049586776859504,0.5081206496519721,0.8518822731309411
XGBoost Base,Abandoned or not functional,0.9049586776859504,0.5093023255813953,0.8518822731309411
XGBoost Base,Abandoned or not functional,0.9008264462809917,0.5081585081585082,0.8518822731309411
XGBoost Base,Abandoned or not functional,0.9008264462809917,0.5093457943925234,0.8518822731309411
XGBoost Base,Abandoned or not functional,0.8966942148760331,0.5081967213114754,0.8518822731309411
XGBoost Base,Abandoned or not functional,0.8966942148760331,0.5093896713615024,0.8518822731309411
XGBoost Base,Abandoned or not functional,0.8966942148760331,0.5105882352941177,0.8518822731309411
XGBoost Base,Abandoned or not functional,0.8966942148760331,0.5117924528301887,0.8518822731309411
XGBoost Base,Abandoned or not functional,0.8966942148760331,0.5130023640661938,0.8518822731309411
XGBoost Base,Abandoned or not functional,0.8966942148760331,0.514218009478673,0.8518822731309411
XGBoost Base,Abandoned or not functional,0.8966942148760331,0.5154394299287411,0.8518822731309411
XGBoost Base,Abandoned or not functional,0.8966942148760331,0.5166666666666667,0.8518822731309411
XGBoost Base,Abandoned or not functional,0.8966942148760331,0.5178997613365155,0.8518822731309411
XGBoost Base,Abandoned or not functional,0.8966942148760331,0.5191387559808612,0.8518822731309411
XGBoost Base,Abandoned or not functional,0.8966942148760331,0.5203836930455635,0.8518822731309411
XGBoost Base,Abandoned or not functional,0.8966942148760331,0.5216346153846154,0.8518822731309411
XGBoost Base,Abandoned or not functional,0.8966942148760331,0.5228915662650603,0.8518822731309411
XGBoost Base,Abandoned or not functional,0.8966942148760331,0.5241545893719807,0.8518822731309411
XGBoost Base,Abandoned or not functional,0.8966942148760331,0.5254237288135594,0.8518822731309411
XGBoost Base,Abandoned or not functional,0.8966942148760331,0.5266990291262136,0.8518822731309411
XGBoost Base,Abandoned or not functional,0.8966942148760331,0.5279805352798054,0.8518822731309411
XGBoost Base,Abandoned or not functional,0.8966942148760331,0.5292682926829269,0.8518822731309411
XGBoost Base,Abandoned or not functional,0.8966942148760331,0.530562347188264,0.8518822731309411
XGBoost Base,Abandoned or not functional,0.8966942148760331,0.5318627450980392,0.8518822731309411
XGBoost Base,Abandoned or not functional,0.8966942148760331,0.5331695331695332,0.8518822731309411
XGBoost Base,Abandoned or not functional,0.8966942148760331,0.5344827586206896,0.8518822731309411
XGBoost Base,Abandoned or not functional,0.8966942148760331,0.5358024691358024,0.8518822731309411
XGBoost Base,Abandoned or not functional,0.8966942148760331,0.5371287128712872,0.8518822731309411
XGBoost Base,Abandoned or not functional,0.8966942148760331,0.5384615384615384,0.8518822731309411
XGBoost Base,Abandoned or not functional,0.8966942148760331,0.5398009950248757,0.8518822731309411
XGBoost Base,Abandoned or not functional,0.8966942148760331,0.5411471321695761,0.8518822731309411
XGBoost Base,Abandoned or not functional,0.8966942148760331,0.5425,0.8518822731309411
XGBoost Base,Abandoned or not functional,0.8925619834710744,0.5413533834586466,0.8518822731309411
XGBoost Base,Abandoned or not functional,0.8884297520661157,0.5402010050251256,0.8518822731309411
XGBoost Base,Abandoned or not functional,0.8884297520661157,0.5415617128463476,0.8518822731309411
XGBoost Base,Abandoned or not functional,0.8884297520661157,0.5429292929292929,0.8518822731309411
XGBoost Base,Abandoned or not functional,0.8884297520661157,0.5443037974683544,0.8518822731309411
XGBoost Base,Abandoned or not functional,0.8884297520661157,0.5456852791878173,0.8518822731309411
XGBoost Base,Abandoned or not functional,0.8884297520661157,0.5470737913486005,0.8518822731309411
XGBoost Base,Abandoned or not functional,0.8884297520661157,0.548469387755102,0.8518822731309411
XGBoost Base,Abandoned or not functional,0.8884297520661157,0.5498721227621484,0.8518822731309411
XGBoost Base,Abandoned or not functional,0.8884297520661157,0.5512820512820513,0.8518822731309411
XGBoost Base,Abandoned or not functional,0.8884297520661157,0.5526992287917738,0.8518822731309411
XGBoost Base,Abandoned or not functional,0.8884297520661157,0.5541237113402062,0.8518822731309411
XGBoost Base,Abandoned or not functional,0.8884297520661157,0.5555555555555556,0.8518822731309411
XGBoost Base,Abandoned or not functional,0.8884297520661157,0.5569948186528497,0.8518822731309411
XGBoost Base,Abandoned or not functional,0.8884297520661157,0.5584415584415584,0.8518822731309411
XGBoost Base,Abandoned or not functional,0.8884297520661157,0.5598958333333334,0.8518822731309411
XGBoost Base,Abandoned or not functional,0.8884297520661157,0.5613577023498695,0.8518822731309411
XGBoost Base,Abandoned or not functional,0.8884297520661157,0.56282722513089,0.8518822731309411
XGBoost Base,Abandoned or not functional,0.8884297520661157,0.5643044619422573,0.8518822731309411
XGBoost Base,Abandoned or not functional,0.8884297520661157,0.5657894736842105,0.8518822731309411
XGBoost Base,Abandoned or not functional,0.8884297520661157,0.5672823218997362,0.8518822731309411
XGBoost Base,Abandoned or not functional,0.8884297520661157,0.5687830687830688,0.8518822731309411
XGBoost Base,Abandoned or not functional,0.8884297520661157,0.5702917771883289,0.8518822731309411
XGBoost Base,Abandoned or not functional,0.8884297520661157,0.5718085106382979,0.8518822731309411
XGBoost Base,Abandoned or not functional,0.8884297520661157,0.5733333333333334,0.8518822731309411
XGBoost Base,Abandoned or not functional,0.8884297520661157,0.5748663101604278,0.8518822731309411
XGBoost Base,Abandoned or not functional,0.8884297520661157,0.5764075067024129,0.8518822731309411
XGBoost Base,Abandoned or not functional,0.8884297520661157,0.5779569892473119,0.8518822731309411
XGBoost Base,Abandoned or not functional,0.8884297520661157,0.5795148247978437,0.8518822731309411
XGBoost Base,Abandoned or not functional,0.8884297520661157,0.581081081081081,0.8518822731309411
XGBoost Base,Abandoned or not functional,0.8884297520661157,0.5826558265582655,0.8518822731309411
XGBoost Base,Abandoned or not functional,0.8884297520661157,0.5842391304347826,0.8518822731309411
XGBoost Base,Abandoned or not functional,0.8884297520661157,0.5858310626702997,0.8518822731309411
XGBoost Base,Abandoned or not functional,0.8884297520661157,0.587431693989071,0.8518822731309411
XGBoost Base,Abandoned or not functional,0.8884297520661157,0.589041095890411,0.8518822731309411
XGBoost Base,Abandoned or not functional,0.8884297520661157,0.5906593406593407,0.8518822731309411
XGBoost Base,Abandoned or not functional,0.8884297520661157,0.5922865013774105,0.8518822731309411
XGBoost Base,Abandoned or not functional,0.8884297520661157,0.5939226519337016,0.8518822731309411
XGBoost Base,Abandoned or not functional,0.8884297520661157,0.5955678670360111,0.8518822731309411
XGBoost Base,Abandoned or not functional,0.8884297520661157,0.5972222222222222,0.8518822731309411
XGBoost Base,Abandoned or not functional,0.8884297520661157,0.5988857938718662,0.8518822731309411
XGBoost Base,Abandoned or not functional,0.8884297520661157,0.6005586592178771,0.8518822731309411
XGBoost Base,Abandoned or not functional,0.8884297520661157,0.6022408963585434,0.8518822731309411
XGBoost Base,Abandoned or not functional,0.8884297520661157,0.6039325842696629,0.8518822731309411
XGBoost Base,Abandoned or not functional,0.8884297520661157,0.6056338028169014,0.8518822731309411
XGBoost Base,Abandoned or not functional,0.8884297520661157,0.6073446327683616,0.8518822731309411
XGBoost Base,Abandoned or not functional,0.8884297520661157,0.6090651558073654,0.8518822731309411
XGBoost Base,Abandoned or not functional,0.8884297520661157,0.6107954545454546,0.8518822731309411
XGBoost Base,Abandoned or not functional,0.8884297520661157,0.6125356125356125,0.8518822731309411
XGBoost Base,Abandoned or not functional,0.8842975206611571,0.6114285714285714,0.8518822731309411
XGBoost Base,Abandoned or not functional,0.8842975206611571,0.6131805157593123,0.8518822731309411
XGBoost Base,Abandoned or not functional,0.8842975206611571,0.6149425287356322,0.8518822731309411
XGBoost Base,Abandoned or not functional,0.8842975206611571,0.6167146974063401,0.8518822731309411
XGBoost Base,Abandoned or not functional,0.8842975206611571,0.6184971098265896,0.8518822731309411
XGBoost Base,Abandoned or not functional,0.8842975206611571,0.6202898550724638,0.8518822731309411
XGBoost Base,Abandoned or not functional,0.8842975206611571,0.622093023255814,0.8518822731309411
XGBoost Base,Abandoned or not functional,0.8842975206611571,0.6239067055393586,0.8518822731309411
XGBoost Base,Abandoned or not functional,0.8842975206611571,0.6257309941520468,0.8518822731309411
XGBoost Base,Abandoned or not functional,0.8842975206611571,0.6275659824046921,0.8518822731309411
XGBoost Base,Abandoned or not functional,0.8842975206611571,0.6294117647058823,0.8518822731309411
XGBoost Base,Abandoned or not functional,0.8842975206611571,0.6312684365781711,0.8518822731309411
XGBoost Base,Abandoned or not functional,0.8801652892561983,0.6301775147928994,0.8518822731309411
XGBoost Base,Abandoned or not functional,0.8760330578512396,0.629080118694362,0.8518822731309411
XGBoost Base,Abandoned or not functional,0.871900826446281,0.6279761904761905,0.8518822731309411
XGBoost Base,Abandoned or not functional,0.871900826446281,0.6298507462686567,0.8518822731309411
XGBoost Base,Abandoned or not functional,0.871900826446281,0.6317365269461078,0.8518822731309411
XGBoost Base,Abandoned or not functional,0.871900826446281,0.6336336336336337,0.8518822731309411
XGBoost Base,Abandoned or not functional,0.871900826446281,0.6355421686746988,0.8518822731309411
XGBoost Base,Abandoned or not functional,0.8677685950413223,0.6344410876132931,0.8518822731309411
XGBoost Base,Abandoned or not functional,0.8677685950413223,0.6363636363636364,0.8518822731309411
XGBoost Base,Abandoned or not functional,0.8636363636363636,0.6352583586626139,0.8518822731309411
XGBoost Base,Abandoned or not functional,0.8636363636363636,0.6371951219512195,0.8518822731309411
XGBoost Base,Abandoned or not functional,0.8636363636363636,0.6391437308868502,0.8518822731309411
XGBoost Base,Abandoned or not functional,0.8636363636363636,0.6411042944785276,0.8518822731309411
XGBoost Base,Abandoned or not functional,0.8636363636363636,0.6430769230769231,0.8518822731309411
XGBoost Base,Abandoned or not functional,0.8636363636363636,0.6450617283950617,0.8518822731309411
XGBoost Base,Abandoned or not functional,0.8636363636363636,0.6470588235294118,0.8518822731309411
XGBoost Base,Abandoned or not functional,0.8636363636363636,0.6490683229813664,0.8518822731309411
XGBoost Base,Abandoned or not functional,0.8636363636363636,0.6510903426791277,0.8518822731309411
XGBoost Base,Abandoned or not functional,0.8636363636363636,0.653125,0.8518822731309411
XGBoost Base,Abandoned or not functional,0.859504132231405,0.6520376175548589,0.8518822731309411
XGBoost Base,Abandoned or not functional,0.859504132231405,0.6540880503144654,0.8518822731309411
XGBoost Base,Abandoned or not functional,0.859504132231405,0.6561514195583596,0.8518822731309411
XGBoost Base,Abandoned or not functional,0.8553719008264463,0.6550632911392406,0.8518822731309411
XGBoost Base,Abandoned or not functional,0.8512396694214877,0.653968253968254,0.8518822731309411
XGBoost Base,Abandoned or not functional,0.8471074380165289,0.6528662420382165,0.8518822731309411
XGBoost Base,Abandoned or not functional,0.8471074380165289,0.6549520766773163,0.8518822731309411
XGBoost Base,Abandoned or not functional,0.8471074380165289,0.657051282051282,0.8518822731309411
XGBoost Base,Abandoned or not functional,0.8471074380165289,0.6591639871382636,0.8518822731309411
XGBoost Base,Abandoned or not functional,0.8471074380165289,0.6612903225806451,0.8518822731309411
XGBoost Base,Abandoned or not functional,0.8429752066115702,0.6601941747572816,0.8518822731309411
XGBoost Base,Abandoned or not functional,0.8429752066115702,0.6623376623376623,0.8518822731309411
XGBoost Base,Abandoned or not functional,0.8429752066115702,0.6644951140065146,0.8518822731309411
XGBoost Base,Abandoned or not functional,0.8429752066115702,0.6666666666666666,0.8518822731309411
XGBoost Base,Abandoned or not functional,0.8429752066115702,0.6688524590163935,0.8518822731309411
XGBoost Base,Abandoned or not functional,0.8429752066115702,0.6710526315789473,0.8518822731309411
XGBoost Base,Abandoned or not functional,0.8429752066115702,0.6732673267326733,0.8518822731309411
XGBoost Base,Abandoned or not functional,0.8429752066115702,0.6754966887417219,0.8518822731309411
XGBoost Base,Abandoned or not functional,0.8429752066115702,0.6777408637873754,0.8518822731309411
XGBoost Base,Abandoned or not functional,0.8429752066115702,0.68,0.8518822731309411
XGBoost Base,Abandoned or not functional,0.8429752066115702,0.6822742474916388,0.8518822731309411
XGBoost Base,Abandoned or not functional,0.8429752066115702,0.6845637583892618,0.8518822731309411
XGBoost Base,Abandoned or not functional,0.8429752066115702,0.6868686868686869,0.8518822731309411
XGBoost Base,Abandoned or not functional,0.8429752066115702,0.6891891891891891,0.8518822731309411
XGBoost Base,Abandoned or not functional,0.8429752066115702,0.6915254237288135,0.8518822731309411
XGBoost Base,Abandoned or not functional,0.8429752066115702,0.6938775510204082,0.8518822731309411
XGBoost Base,Abandoned or not functional,0.8429752066115702,0.6962457337883959,0.8518822731309411
XGBoost Base,Abandoned or not functional,0.8388429752066116,0.6952054794520548,0.8518822731309411
XGBoost Base,Abandoned or not functional,0.8388429752066116,0.697594501718213,0.8518822731309411
XGBoost Base,Abandoned or not functional,0.8388429752066116,0.7,0.8518822731309411
XGBoost Base,Abandoned or not functional,0.8388429752066116,0.7024221453287197,0.8518822731309411
XGBoost Base,Abandoned or not functional,0.8388429752066116,0.7048611111111112,0.8518822731309411
XGBoost Base,Abandoned or not functional,0.8347107438016529,0.7038327526132404,0.8518822731309411
XGBoost Base,Abandoned or not functional,0.8347107438016529,0.7062937062937062,0.8518822731309411
XGBoost Base,Abandoned or not functional,0.8305785123966942,0.7052631578947368,0.8518822731309411
XGBoost Base,Abandoned or not functional,0.8305785123966942,0.7077464788732394,0.8518822731309411
XGBoost Base,Abandoned or not functional,0.8305785123966942,0.7102473498233216,0.8518822731309411
XGBoost Base,Abandoned or not functional,0.8305785123966942,0.7127659574468085,0.8518822731309411
XGBoost Base,Abandoned or not functional,0.8305785123966942,0.7153024911032029,0.8518822731309411
XGBoost Base,Abandoned or not functional,0.8305785123966942,0.7178571428571429,0.8518822731309411
XGBoost Base,Abandoned or not functional,0.8264462809917356,0.7168458781362007,0.8518822731309411
XGBoost Base,Abandoned or not functional,0.8264462809917356,0.7194244604316546,0.8518822731309411
XGBoost Base,Abandoned or not functional,0.8223140495867769,0.7184115523465704,0.8518822731309411
XGBoost Base,Abandoned or not functional,0.8181818181818182,0.717391304347826,0.8518822731309411
XGBoost Base,Abandoned or not functional,0.8181818181818182,0.72,0.8518822731309411
XGBoost Base,Abandoned or not functional,0.8140495867768595,0.718978102189781,0.8518822731309411
XGBoost Base,Abandoned or not functional,0.8140495867768595,0.7216117216117216,0.8518822731309411
XGBoost Base,Abandoned or not functional,0.8140495867768595,0.7242647058823529,0.8518822731309411
XGBoost Base,Abandoned or not functional,0.8140495867768595,0.7269372693726938,0.8518822731309411
XGBoost Base,Abandoned or not functional,0.8140495867768595,0.7296296296296296,0.8518822731309411
XGBoost Base,Abandoned or not functional,0.8140495867768595,0.7323420074349443,0.8518822731309411
XGBoost Base,Abandoned or not functional,0.8140495867768595,0.7350746268656716,0.8518822731309411
XGBoost Base,Abandoned or not functional,0.8140495867768595,0.7378277153558053,0.8518822731309411
XGBoost Base,Abandoned or not functional,0.8099173553719008,0.7368421052631579,0.8518822731309411
XGBoost Base,Abandoned or not functional,0.8099173553719008,0.7396226415094339,0.8518822731309411
XGBoost Base,Abandoned or not functional,0.8057851239669421,0.7386363636363636,0.8518822731309411
XGBoost Base,Abandoned or not functional,0.8016528925619835,0.7376425855513308,0.8518822731309411
XGBoost Base,Abandoned or not functional,0.7975206611570248,0.7366412213740458,0.8518822731309411
XGBoost Base,Abandoned or not functional,0.7975206611570248,0.7394636015325671,0.8518822731309411
XGBoost Base,Abandoned or not functional,0.7933884297520661,0.7384615384615385,0.8518822731309411
XGBoost Base,Abandoned or not functional,0.7892561983471075,0.7374517374517374,0.8518822731309411
XGBoost Base,Abandoned or not functional,0.7892561983471075,0.7403100775193798,0.8518822731309411
XGBoost Base,Abandoned or not functional,0.7892561983471075,0.7431906614785992,0.8518822731309411
XGBoost Base,Abandoned or not functional,0.7892561983471075,0.74609375,0.8518822731309411
XGBoost Base,Abandoned or not functional,0.7892561983471075,0.7490196078431373,0.8518822731309411
XGBoost Base,Abandoned or not functional,0.7892561983471075,0.7519685039370079,0.8518822731309411
XGBoost Base,Abandoned or not functional,0.7892561983471075,0.7549407114624506,0.8518822731309411
XGBoost Base,Abandoned or not functional,0.7851239669421488,0.753968253968254,0.8518822731309411
XGBoost Base,Abandoned or not functional,0.7851239669421488,0.7569721115537849,0.8518822731309411
XGBoost Base,Abandoned or not functional,0.7851239669421488,0.76,0.8518822731309411
XGBoost Base,Abandoned or not functional,0.7851239669421488,0.7630522088353414,0.8518822731309411
XGBoost Base,Abandoned or not functional,0.78099173553719,0.7620967741935484,0.8518822731309411
XGBoost Base,Abandoned or not functional,0.78099173553719,0.7651821862348178,0.8518822731309411
XGBoost Base,Abandoned or not functional,0.7768595041322314,0.7642276422764228,0.8518822731309411
XGBoost Base,Abandoned or not functional,0.7727272727272727,0.763265306122449,0.8518822731309411
XGBoost Base,Abandoned or not functional,0.7727272727272727,0.7663934426229508,0.8518822731309411
XGBoost Base,Abandoned or not functional,0.768595041322314,0.7654320987654321,0.8518822731309411
XGBoost Base,Abandoned or not functional,0.768595041322314,0.768595041322314,0.8518822731309411
XGBoost Base,Abandoned or not functional,0.768595041322314,0.7717842323651453,0.8518822731309411
XGBoost Base,Abandoned or not functional,0.7644628099173554,0.7708333333333334,0.8518822731309411
XGBoost Base,Abandoned or not functional,0.7644628099173554,0.7740585774058577,0.8518822731309411
XGBoost Base,Abandoned or not functional,0.7644628099173554,0.7773109243697479,0.8518822731309411
XGBoost Base,Abandoned or not functional,0.7603305785123967,0.7763713080168776,0.8518822731309411
XGBoost Base,Abandoned or not functional,0.756198347107438,0.7754237288135594,0.8518822731309411
XGBoost Base,Abandoned or not functional,0.756198347107438,0.7787234042553192,0.8518822731309411
XGBoost Base,Abandoned or not functional,0.756198347107438,0.782051282051282,0.8518822731309411
XGBoost Base,Abandoned or not functional,0.7520661157024794,0.7811158798283262,0.8518822731309411
XGBoost Base,Abandoned or not functional,0.7479338842975206,0.7801724137931034,0.8518822731309411
XGBoost Base,Abandoned or not functional,0.7479338842975206,0.7835497835497836,0.8518822731309411
XGBoost Base,Abandoned or not functional,0.7479338842975206,0.7869565217391304,0.8518822731309411
XGBoost Base,Abandoned or not functional,0.7479338842975206,0.7903930131004366,0.8518822731309411
XGBoost Base,Abandoned or not functional,0.7479338842975206,0.793859649122807,0.8518822731309411
XGBoost Base,Abandoned or not functional,0.7479338842975206,0.7973568281938326,0.8518822731309411
XGBoost Base,Abandoned or not functional,0.7479338842975206,0.8008849557522124,0.8518822731309411
XGBoost Base,Abandoned or not functional,0.743801652892562,0.8,0.8518822731309411
XGBoost Base,Abandoned or not functional,0.743801652892562,0.8035714285714286,0.8518822731309411
XGBoost Base,Abandoned or not functional,0.743801652892562,0.8071748878923767,0.8518822731309411
XGBoost Base,Abandoned or not functional,0.7396694214876033,0.8063063063063063,0.8518822731309411
XGBoost Base,Abandoned or not functional,0.7396694214876033,0.8099547511312217,0.8518822731309411
XGBoost Base,Abandoned or not functional,0.7355371900826446,0.8090909090909091,0.8518822731309411
XGBoost Base,Abandoned or not functional,0.7355371900826446,0.8127853881278538,0.8518822731309411
XGBoost Base,Abandoned or not functional,0.7355371900826446,0.8165137614678899,0.8518822731309411
XGBoost Base,Abandoned or not functional,0.731404958677686,0.815668202764977,0.8518822731309411
XGBoost Base,Abandoned or not functional,0.731404958677686,0.8194444444444444,0.8518822731309411
XGBoost Base,Abandoned or not functional,0.7272727272727273,0.8186046511627907,0.8518822731309411
XGBoost Base,Abandoned or not functional,0.7272727272727273,0.822429906542056,0.8518822731309411
XGBoost Base,Abandoned or not functional,0.7272727272727273,0.8262910798122066,0.8518822731309411
XGBoost Base,Abandoned or not functional,0.7231404958677686,0.8254716981132075,0.8518822731309411
XGBoost Base,Abandoned or not functional,0.71900826446281,0.8246445497630331,0.8518822731309411
XGBoost Base,Abandoned or not functional,0.7148760330578512,0.8238095238095238,0.8518822731309411
XGBoost Base,Abandoned or not functional,0.7148760330578512,0.8277511961722488,0.8518822731309411
XGBoost Base,Abandoned or not functional,0.7107438016528925,0.8269230769230769,0.8518822731309411
XGBoost Base,Abandoned or not functional,0.7107438016528925,0.8309178743961353,0.8518822731309411
XGBoost Base,Abandoned or not functional,0.7107438016528925,0.8349514563106796,0.8518822731309411
XGBoost Base,Abandoned or not functional,0.7107438016528925,0.8390243902439024,0.8518822731309411
XGBoost Base,Abandoned or not functional,0.7066115702479339,0.8382352941176471,0.8518822731309411
XGBoost Base,Abandoned or not functional,0.7024793388429752,0.8374384236453202,0.8518822731309411
XGBoost Base,Abandoned or not functional,0.6983471074380165,0.8366336633663366,0.8518822731309411
XGBoost Base,Abandoned or not functional,0.6983471074380165,0.8407960199004975,0.8518822731309411
XGBoost Base,Abandoned or not functional,0.6942148760330579,0.84,0.8518822731309411
XGBoost Base,Abandoned or not functional,0.6942148760330579,0.8442211055276382,0.8518822731309411
XGBoost Base,Abandoned or not functional,0.6942148760330579,0.8484848484848485,0.8518822731309411
XGBoost Base,Abandoned or not functional,0.6942148760330579,0.8527918781725888,0.8518822731309411
XGBoost Base,Abandoned or not functional,0.6900826446280992,0.8520408163265306,0.8518822731309411
XGBoost Base,Abandoned or not functional,0.6859504132231405,0.8512820512820513,0.8518822731309411
XGBoost Base,Abandoned or not functional,0.6859504132231405,0.8556701030927835,0.8518822731309411
XGBoost Base,Abandoned or not functional,0.6818181818181818,0.8549222797927462,0.8518822731309411
XGBoost Base,Abandoned or not functional,0.6818181818181818,0.859375,0.8518822731309411
XGBoost Base,Abandoned or not functional,0.6818181818181818,0.8638743455497382,0.8518822731309411
XGBoost Base,Abandoned or not functional,0.6818181818181818,0.868421052631579,0.8518822731309411
XGBoost Base,Abandoned or not functional,0.6818181818181818,0.873015873015873,0.8518822731309411
XGBoost Base,Abandoned or not functional,0.6818181818181818,0.8776595744680851,0.8518822731309411
XGBoost Base,Abandoned or not functional,0.6776859504132231,0.8770053475935828,0.8518822731309411
XGBoost Base,Abandoned or not functional,0.6735537190082644,0.8763440860215054,0.8518822731309411
XGBoost Base,Abandoned or not functional,0.6694214876033058,0.8756756756756757,0.8518822731309411
XGBoost Base,Abandoned or not functional,0.6652892561983471,0.875,0.8518822731309411
XGBoost Base,Abandoned or not functional,0.6611570247933884,0.8743169398907104,0.8518822731309411
XGBoost Base,Abandoned or not functional,0.6570247933884298,0.8736263736263736,0.8518822731309411
XGBoost Base,Abandoned or not functional,0.6570247933884298,0.8784530386740331,0.8518822731309411
XGBoost Base,Abandoned or not functional,0.6570247933884298,0.8833333333333333,0.8518822731309411
XGBoost Base,Abandoned or not functional,0.6528925619834711,0.88268156424581,0.8518822731309411
XGBoost Base,Abandoned or not functional,0.6487603305785123,0.8820224719101124,0.8518822731309411
XGBoost Base,Abandoned or not functional,0.6446280991735537,0.8813559322033898,0.8518822731309411
XGBoost Base,Abandoned or not functional,0.640495867768595,0.8806818181818182,0.8518822731309411
XGBoost Base,Abandoned or not functional,0.6363636363636364,0.88,0.8518822731309411
XGBoost Base,Abandoned or not functional,0.6322314049586777,0.8793103448275862,0.8518822731309411
XGBoost Base,Abandoned or not functional,0.628099173553719,0.8786127167630058,0.8518822731309411
XGBoost Base,Abandoned or not functional,0.6239669421487604,0.877906976744186,0.8518822731309411
XGBoost Base,Abandoned or not functional,0.6198347107438017,0.8771929824561403,0.8518822731309411
XGBoost Base,Abandoned or not functional,0.6157024793388429,0.8764705882352941,0.8518822731309411
XGBoost Base,Abandoned or not functional,0.6115702479338843,0.8757396449704142,0.8518822731309411
XGBoost Base,Abandoned or not functional,0.6115702479338843,0.8809523809523809,0.8518822731309411
XGBoost Base,Abandoned or not functional,0.6115702479338843,0.8862275449101796,0.8518822731309411
XGBoost Base,Abandoned or not functional,0.6074380165289256,0.8855421686746988,0.8518822731309411
XGBoost Base,Abandoned or not functional,0.6074380165289256,0.8909090909090909,0.8518822731309411
XGBoost Base,Abandoned or not functional,0.6033057851239669,0.8902439024390244,0.8518822731309411
XGBoost Base,Abandoned or not functional,0.5991735537190083,0.8895705521472392,0.8518822731309411
XGBoost Base,Abandoned or not functional,0.5950413223140496,0.8888888888888888,0.8518822731309411
XGBoost Base,Abandoned or not functional,0.5909090909090909,0.8881987577639752,0.8518822731309411
XGBoost Base,Abandoned or not functional,0.5867768595041323,0.8875,0.8518822731309411
XGBoost Base,Abandoned or not functional,0.5826446280991735,0.8867924528301887,0.8518822731309411
XGBoost Base,Abandoned or not functional,0.5826446280991735,0.8924050632911392,0.8518822731309411
XGBoost Base,Abandoned or not functional,0.5785123966942148,0.89171974522293,0.8518822731309411
XGBoost Base,Abandoned or not functional,0.5743801652892562,0.8910256410256411,0.8518822731309411
XGBoost Base,Abandoned or not functional,0.5702479338842975,0.8903225806451613,0.8518822731309411
XGBoost Base,Abandoned or not functional,0.5702479338842975,0.8961038961038961,0.8518822731309411
XGBoost Base,Abandoned or not functional,0.5661157024793388,0.8954248366013072,0.8518822731309411
XGBoost Base,Abandoned or not functional,0.5619834710743802,0.8947368421052632,0.8518822731309411
XGBoost Base,Abandoned or not functional,0.5578512396694215,0.8940397350993378,0.8518822731309411
XGBoost Base,Abandoned or not functional,0.5578512396694215,0.9,0.8518822731309411
XGBoost Base,Abandoned or not functional,0.5537190082644629,0.8993288590604027,0.8518822731309411
XGBoost Base,Abandoned or not functional,0.5495867768595041,0.8986486486486487,0.8518822731309411
XGBoost Base,Abandoned or not functional,0.5454545454545454,0.8979591836734694,0.8518822731309411
XGBoost Base,Abandoned or not functional,0.5413223140495868,0.8972602739726028,0.8518822731309411
XGBoost Base,Abandoned or not functional,0.5371900826446281,0.896551724137931,0.8518822731309411
XGBoost Base,Abandoned or not functional,0.5371900826446281,0.9027777777777778,0.8518822731309411
XGBoost Base,Abandoned or not functional,0.5330578512396694,0.9020979020979021,0.8518822731309411
XGBoost Base,Abandoned or not functional,0.5289256198347108,0.9014084507042254,0.8518822731309411
XGBoost Base,Abandoned or not functional,0.5247933884297521,0.900709219858156,0.8518822731309411
XGBoost Base,Abandoned or not functional,0.5206611570247934,0.9,0.8518822731309411
XGBoost Base,Abandoned or not functional,0.5206611570247934,0.9064748201438849,0.8518822731309411
XGBoost Base,Abandoned or not functional,0.5165289256198347,0.9057971014492754,0.8518822731309411
XGBoost Base,Abandoned or not functional,0.512396694214876,0.9051094890510949,0.8518822731309411
XGBoost Base,Abandoned or not functional,0.5082644628099173,0.9044117647058824,0.8518822731309411
XGBoost Base,Abandoned or not functional,0.5041322314049587,0.9037037037037037,0.8518822731309411
XGBoost Base,Abandoned or not functional,0.5,0.9029850746268657,0.8518822731309411
XGBoost Base,Abandoned or not functional,0.5,0.9097744360902256,0.8518822731309411
XGBoost Base,Abandoned or not functional,0.49586776859504134,0.9090909090909091,0.8518822731309411
XGBoost Base,Abandoned or not functional,0.49586776859504134,0.916030534351145,0.8518822731309411
XGBoost Base,Abandoned or not functional,0.49173553719008267,0.9153846153846154,0.8518822731309411
XGBoost Base,Abandoned or not functional,0.48760330578512395,0.9147286821705426,0.8518822731309411
XGBoost Base,Abandoned or not functional,0.4834710743801653,0.9140625,0.8518822731309411
XGBoost Base,Abandoned or not functional,0.4793388429752066,0.9133858267716536,0.8518822731309411
XGBoost Base,Abandoned or not functional,0.47520661157024796,0.9126984126984127,0.8518822731309411
XGBoost Base,Abandoned or not functional,0.47107438016528924,0.912,0.8518822731309411
XGBoost Base,Abandoned or not functional,0.47107438016528924,0.9193548387096774,0.8518822731309411
XGBoost Base,Abandoned or not functional,0.4669421487603306,0.9186991869918699,0.8518822731309411
XGBoost Base,Abandoned or not functional,0.4628099173553719,0.9180327868852459,0.8518822731309411
XGBoost Base,Abandoned or not functional,0.45867768595041325,0.9173553719008265,0.8518822731309411
XGBoost Base,Abandoned or not functional,0.45454545454545453,0.9166666666666666,0.8518822731309411
XGBoost Base,Abandoned or not functional,0.45041322314049587,0.9159663865546218,0.8518822731309411
XGBoost Base,Abandoned or not functional,0.45041322314049587,0.923728813559322,0.8518822731309411
XGBoost Base,Abandoned or not functional,0.4462809917355372,0.9230769230769231,0.8518822731309411
XGBoost Base,Abandoned or not functional,0.44214876033057854,0.9224137931034483,0.8518822731309411
XGBoost Base,Abandoned or not functional,0.4380165289256198,0.9217391304347826,0.8518822731309411
XGBoost Base,Abandoned or not functional,0.4380165289256198,0.9298245614035088,0.8518822731309411
XGBoost Base,Abandoned or not functional,0.4380165289256198,0.9380530973451328,0.8518822731309411
XGBoost Base,Abandoned or not functional,0.43388429752066116,0.9375,0.8518822731309411
XGBoost Base,Abandoned or not functional,0.4297520661157025,0.9369369369369369,0.8518822731309411
XGBoost Base,Abandoned or not functional,0.4256198347107438,0.9363636363636364,0.8518822731309411
XGBoost Base,Abandoned or not functional,0.4214876033057851,0.9357798165137615,0.8518822731309411
XGBoost Base,Abandoned or not functional,0.41735537190082644,0.9351851851851852,0.8518822731309411
XGBoost Base,Abandoned or not functional,0.4132231404958678,0.9345794392523364,0.8518822731309411
XGBoost Base,Abandoned or not functional,0.4090909090909091,0.9339622641509434,0.8518822731309411
XGBoost Base,Abandoned or not functional,0.4049586776859504,0.9333333333333333,0.8518822731309411
XGBoost Base,Abandoned or not functional,0.4049586776859504,0.9423076923076923,0.8518822731309411
XGBoost Base,Abandoned or not functional,0.40082644628099173,0.941747572815534,0.8518822731309411
XGBoost Base,Abandoned or not functional,0.39669421487603307,0.9411764705882353,0.8518822731309411
XGBoost Base,Abandoned or not functional,0.39669421487603307,0.9504950495049505,0.8518822731309411
XGBoost Base,Abandoned or not functional,0.3925619834710744,0.95,0.8518822731309411
XGBoost Base,Abandoned or not functional,0.3925619834710744,0.9595959595959596,0.8518822731309411
XGBoost Base,Abandoned or not functional,0.3884297520661157,0.9591836734693877,0.8518822731309411
XGBoost Base,Abandoned or not functional,0.3884297520661157,0.9690721649484536,0.8518822731309411
XGBoost Base,Abandoned or not functional,0.384297520661157,0.96875,0.8518822731309411
XGBoost Base,Abandoned or not functional,0.38016528925619836,0.968421052631579,0.8518822731309411
XGBoost Base,Abandoned or not functional,0.3760330578512397,0.9680851063829787,0.8518822731309411
XGBoost Base,Abandoned or not functional,0.371900826446281,0.967741935483871,0.8518822731309411
XGBoost Base,Abandoned or not functional,0.3677685950413223,0.967391304347826,0.8518822731309411
XGBoost Base,Abandoned or not functional,0.36363636363636365,0.967032967032967,0.8518822731309411
XGBoost Base,Abandoned or not functional,0.359504132231405,0.9666666666666667,0.8518822731309411
XGBoost Base,Abandoned or not functional,0.35537190082644626,0.9662921348314607,0.8518822731309411
XGBoost Base,Abandoned or not functional,0.3512396694214876,0.9659090909090909,0.8518822731309411
XGBoost Base,Abandoned or not functional,0.34710743801652894,0.9655172413793104,0.8518822731309411
XGBoost Base,Abandoned or not functional,0.34297520661157027,0.9651162790697675,0.8518822731309411
XGBoost Base,Abandoned or not functional,0.33884297520661155,0.9647058823529412,0.8518822731309411
XGBoost Base,Abandoned or not functional,0.3347107438016529,0.9642857142857143,0.8518822731309411
XGBoost Base,Abandoned or not functional,0.3305785123966942,0.963855421686747,0.8518822731309411
XGBoost Base,Abandoned or not functional,0.32644628099173556,0.9634146341463414,0.8518822731309411
XGBoost Base,Abandoned or not functional,0.32231404958677684,0.9629629629629629,0.8518822731309411
XGBoost Base,Abandoned or not functional,0.32231404958677684,0.975,0.8518822731309411
XGBoost Base,Abandoned or not functional,0.3181818181818182,0.9746835443037974,0.8518822731309411
XGBoost Base,Abandoned or not functional,0.3140495867768595,0.9743589743589743,0.8518822731309411
XGBoost Base,Abandoned or not functional,0.30991735537190085,0.974025974025974,0.8518822731309411
XGBoost Base,Abandoned or not functional,0.30578512396694213,0.9736842105263158,0.8518822731309411
XGBoost Base,Abandoned or not functional,0.30165289256198347,0.9733333333333334,0.8518822731309411
XGBoost Base,Abandoned or not functional,0.2975206611570248,0.972972972972973,0.8518822731309411
XGBoost Base,Abandoned or not functional,0.29338842975206614,0.9726027397260274,0.8518822731309411
XGBoost Base,Abandoned or not functional,0.2892561983471074,0.9722222222222222,0.8518822731309411
XGBoost Base,Abandoned or not functional,0.28512396694214875,0.971830985915493,0.8518822731309411
XGBoost Base,Abandoned or not functional,0.2809917355371901,0.9714285714285714,0.8518822731309411
XGBoost Base,Abandoned or not functional,0.2768595041322314,0.9710144927536232,0.8518822731309411
XGBoost Base,Abandoned or not functional,0.2727272727272727,0.9705882352941176,0.8518822731309411
XGBoost Base,Abandoned or not functional,0.26859504132231404,0.9701492537313433,0.8518822731309411
XGBoost Base,Abandoned or not functional,0.2644628099173554,0.9696969696969697,0.8518822731309411
XGBoost Base,Abandoned or not functional,0.2603305785123967,0.9692307692307692,0.8518822731309411
XGBoost Base,Abandoned or not functional,0.256198347107438,0.96875,0.8518822731309411
XGBoost Base,Abandoned or not functional,0.25206611570247933,0.9682539682539683,0.8518822731309411
XGBoost Base,Abandoned or not functional,0.24793388429752067,0.967741935483871,0.8518822731309411
XGBoost Base,Abandoned or not functional,0.24793388429752067,0.9836065573770492,0.8518822731309411
XGBoost Base,Abandoned or not functional,0.24380165289256198,0.9833333333333333,0.8518822731309411
XGBoost Base,Abandoned or not functional,0.2396694214876033,0.9830508474576272,0.8518822731309411
XGBoost Base,Abandoned or not functional,0.2396694214876033,1.0,0.8518822731309411
XGBoost Base,Abandoned or not functional,0.23553719008264462,1.0,0.8518822731309411
XGBoost Base,Abandoned or not functional,0.23140495867768596,1.0,0.8518822731309411
XGBoost Base,Abandoned or not functional,0.22727272727272727,1.0,0.8518822731309411
XGBoost Base,Abandoned or not functional,0.2231404958677686,1.0,0.8518822731309411
XGBoost Base,Abandoned or not functional,0.2190082644628099,1.0,0.8518822731309411
XGBoost Base,Abandoned or not functional,0.21487603305785125,1.0,0.8518822731309411
XGBoost Base,Abandoned or not functional,0.21074380165289255,1.0,0.8518822731309411
XGBoost Base,Abandoned or not functional,0.2066115702479339,1.0,0.8518822731309411
XGBoost Base,Abandoned or not functional,0.2024793388429752,1.0,0.8518822731309411
XGBoost Base,Abandoned or not functional,0.19834710743801653,1.0,0.8518822731309411
XGBoost Base,Abandoned or not functional,0.19421487603305784,1.0,0.8518822731309411
XGBoost Base,Abandoned or not functional,0.19008264462809918,1.0,0.8518822731309411
XGBoost Base,Abandoned or not functional,0.1859504132231405,1.0,0.8518822731309411
XGBoost Base,Abandoned or not functional,0.18181818181818182,1.0,0.8518822731309411
XGBoost Base,Abandoned or not functional,0.17768595041322313,1.0,0.8518822731309411
XGBoost Base,Abandoned or not functional,0.17355371900826447,1.0,0.8518822731309411
XGBoost Base,Abandoned or not functional,0.16942148760330578,1.0,0.8518822731309411
XGBoost Base,Abandoned or not functional,0.1652892561983471,1.0,0.8518822731309411
XGBoost Base,Abandoned or not functional,0.16115702479338842,1.0,0.8518822731309411
XGBoost Base,Abandoned or not functional,0.15702479338842976,1.0,0.8518822731309411
XGBoost Base,Abandoned or not functional,0.15289256198347106,1.0,0.8518822731309411
XGBoost Base,Abandoned or not functional,0.1487603305785124,1.0,0.8518822731309411
XGBoost Base,Abandoned or not functional,0.1446280991735537,1.0,0.8518822731309411
XGBoost Base,Abandoned or not functional,0.14049586776859505,1.0,0.8518822731309411
XGBoost Base,Abandoned or not functional,0.13636363636363635,1.0,0.8518822731309411
XGBoost Base,Abandoned or not functional,0.1322314049586777,1.0,0.8518822731309411
XGBoost Base,Abandoned or not functional,0.128099173553719,1.0,0.8518822731309411
XGBoost Base,Abandoned or not functional,0.12396694214876033,1.0,0.8518822731309411
XGBoost Base,Abandoned or not functional,0.11983471074380166,1.0,0.8518822731309411
XGBoost Base,Abandoned or not functional,0.11570247933884298,1.0,0.8518822731309411
XGBoost Base,Abandoned or not functional,0.1115702479338843,1.0,0.8518822731309411
XGBoost Base,Abandoned or not functional,0.10743801652892562,1.0,0.8518822731309411
XGBoost Base,Abandoned or not functional,0.10330578512396695,1.0,0.8518822731309411
XGBoost Base,Abandoned or not functional,0.09917355371900827,1.0,0.8518822731309411
XGBoost Base,Abandoned or not functional,0.09504132231404959,1.0,0.8518822731309411
XGBoost Base,Abandoned or not functional,0.09090909090909091,1.0,0.8518822731309411
XGBoost Base,Abandoned or not functional,0.08677685950413223,1.0,0.8518822731309411
XGBoost Base,Abandoned or not functional,0.08264462809917356,1.0,0.8518822731309411
XGBoost Base,Abandoned or not functional,0.07851239669421488,1.0,0.8518822731309411
XGBoost Base,Abandoned or not functional,0.0743801652892562,1.0,0.8518822731309411
XGBoost Base,Abandoned or not functional,0.07024793388429752,1.0,0.8518822731309411
XGBoost Base,Abandoned or not functional,0.06611570247933884,1.0,0.8518822731309411
XGBoost Base,Abandoned or not functional,0.06198347107438017,1.0,0.8518822731309411
XGBoost Base,Abandoned or not functional,0.05785123966942149,1.0,0.8518822731309411
XGBoost Base,Abandoned or not functional,0.05371900826446281,1.0,0.8518822731309411
XGBoost Base,Abandoned or not functional,0.049586776859504134,1.0,0.8518822731309411
XGBoost Base,Abandoned or not functional,0.045454545454545456,1.0,0.8518822731309411
XGBoost Base,Abandoned or not functional,0.04132231404958678,1.0,0.8518822731309411
XGBoost Base,Abandoned or not functional,0.0371900826446281,1.0,0.8518822731309411
XGBoost Base,Abandoned or not functional,0.03305785123966942,1.0,0.8518822731309411
XGBoost Base,Abandoned or not functional,0.028925619834710745,1.0,0.8518822731309411
XGBoost Base,Abandoned or not functional,0.024793388429752067,1.0,0.8518822731309411
XGBoost Base,Abandoned or not functional,0.02066115702479339,1.0,0.8518822731309411
XGBoost Base,Abandoned or not functional,0.01652892561983471,1.0,0.8518822731309411
XGBoost Base,Abandoned or not functional,0.012396694214876033,1.0,0.8518822731309411
XGBoost Base,Abandoned or not functional,0.008264462809917356,1.0,0.8518822731309411
XGBoost Base,Abandoned or not functional,0.004132231404958678,1.0,0.8518822731309411
XGBoost Base,Abandoned or not functional,0.0,1.0,0.8518822731309411
RF Base,Partially functional,1.0,0.08786610878661087,0.3691084827858468
RF Base,Partially functional,0.9285714285714286,0.0994052676295667,0.3691084827858468
RF Base,Partially functional,0.8809523809523809,0.111,0.3691084827858468
RF Base,Partially functional,0.8650793650793651,0.12689173457508732,0.3691084827858468
RF Base,Partially functional,0.8253968253968254,0.13738441215323646,0.3691084827858468
RF Base,Partially functional,0.7857142857142857,0.14644970414201183,0.3691084827858468
RF Base,Partially functional,0.746031746031746,0.15932203389830507,0.3691084827858468
RF Base,Partially functional,0.7222222222222222,0.16977611940298507,0.3691084827858468
RF Base,Partially functional,0.7063492063492064,0.18619246861924685,0.3691084827858468
RF Base,Partially functional,0.6825396825396826,0.1958997722095672,0.3691084827858468
RF Base,Partially functional,0.6587301587301587,0.20959595959595959,0.3691084827858468
RF Base,Partially functional,0.6428571428571429,0.2231404958677686,0.3691084827858468
RF Base,Partially functional,0.626984126984127,0.23582089552238805,0.3691084827858468
RF Base,Partially functional,0.6031746031746031,0.25249169435215946,0.3691084827858468
RF Base,Partially functional,0.5793650793650794,0.26071428571428573,0.3691084827858468
RF Base,Partially functional,0.5634920634920635,0.27307692307692305,0.3691084827858468
RF Base,Partially functional,0.5396825396825397,0.2821576763485477,0.3691084827858468
RF Base,Partially functional,0.5158730158730159,0.2813852813852814,0.3691084827858468
RF Base,Partially functional,0.5079365079365079,0.29767441860465116,0.3691084827858468
RF Base,Partially functional,0.48412698412698413,0.3034825870646766,0.3691084827858468
RF Base,Partially functional,0.47619047619047616,0.3191489361702128,0.3691084827858468
RF Base,Partially functional,0.47619047619047616,0.33519553072625696,0.3691084827858468
RF Base,Partially functional,0.46825396825396826,0.3597560975609756,0.3691084827858468
RF Base,Partially functional,0.4603174603174603,0.3741935483870968,0.3691084827858468
RF Base,Partially functional,0.4365079365079365,0.3793103448275862,0.3691084827858468
RF Base,Partially functional,0.42857142857142855,0.391304347826087,0.3691084827858468
RF Base,Partially functional,0.42857142857142855,0.4153846153846154,0.3691084827858468
RF Base,Partially functional,0.42857142857142855,0.4251968503937008,0.3691084827858468
RF Base,Partially functional,0.4126984126984127,0.4406779661016949,0.3691084827858468
RF Base,Partially functional,0.40476190476190477,0.4594594594594595,0.3691084827858468
RF Base,Partially functional,0.3888888888888889,0.45794392523364486,0.3691084827858468
RF Base,Partially functional,0.3888888888888889,0.47572815533980584,0.3691084827858468
RF Base,Partially functional,0.373015873015873,0.4845360824742268,0.3691084827858468
RF Base,Partially functional,0.36507936507936506,0.48936170212765956,0.3691084827858468
RF Base,Partially functional,0.36507936507936506,0.5,0.3691084827858468
RF Base,Partially functional,0.36507936507936506,0.5227272727272727,0.3691084827858468
RF Base,Partially functional,0.3492063492063492,0.5116279069767442,0.3691084827858468
RF Base,Partially functional,0.3333333333333333,0.5,0.3691084827858468
RF Base,Partially functional,0.30952380952380953,0.5,0.3691084827858468
RF Base,Partially functional,0.30158730158730157,0.5066666666666667,0.3691084827858468
RF Base,Partially functional,0.2857142857142857,0.5,0.3691084827858468
RF Base,Partially functional,0.2619047619047619,0.5,0.3691084827858468
RF Base,Partially functional,0.25396825396825395,0.5,0.3691084827858468
RF Base,Partially functional,0.25396825396825395,0.5245901639344263,0.3691084827858468
RF Base,Partially functional,0.2222222222222222,0.5,0.3691084827858468
RF Base,Partially functional,0.20634920634920634,0.49056603773584906,0.3691084827858468
RF Base,Partially functional,0.1984126984126984,0.5102040816326531,0.3691084827858468
RF Base,Partially functional,0.19047619047619047,0.5333333333333333,0.3691084827858468
RF Base,Partially functional,0.19047619047619047,0.5714285714285714,0.3691084827858468
RF Base,Partially functional,0.18253968253968253,0.5897435897435898,0.3691084827858468
RF Base,Partially functional,0.18253968253968253,0.6052631578947368,0.3691084827858468
RF Base,Partially functional,0.1746031746031746,0.6285714285714286,0.3691084827858468
RF Base,Partially functional,0.1746031746031746,0.6666666666666666,0.3691084827858468
RF Base,Partially functional,0.1746031746031746,0.6875,0.3691084827858468
RF Base,Partially functional,0.15873015873015872,0.7142857142857143,0.3691084827858468
RF Base,Partially functional,0.15079365079365079,0.7037037037037037,0.3691084827858468
RF Base,Partially functional,0.14285714285714285,0.6923076923076923,0.3691084827858468
RF Base,Partially functional,0.12698412698412698,0.6956521739130435,0.3691084827858468
RF Base,Partially functional,0.12698412698412698,0.7272727272727273,0.3691084827858468
RF Base,Partially functional,0.11904761904761904,0.7142857142857143,0.3691084827858468
RF Base,Partially functional,0.1111111111111111,0.7,0.3691084827858468
RF Base,Partially functional,0.10317460317460317,0.7222222222222222,0.3691084827858468
RF Base,Partially functional,0.09523809523809523,0.7058823529411765,0.3691084827858468
RF Base,Partially functional,0.09523809523809523,0.75,0.3691084827858468
RF Base,Partially functional,0.0873015873015873,0.7333333333333333,0.3691084827858468
RF Base,Partially functional,0.07936507936507936,0.7142857142857143,0.3691084827858468
RF Base,Partially functional,0.05555555555555555,0.6363636363636364,0.3691084827858468
RF Base,Partially functional,0.047619047619047616,0.6,0.3691084827858468
RF Base,Partially functional,0.047619047619047616,0.6666666666666666,0.3691084827858468
RF Base,Partially functional,0.03968253968253968,0.7142857142857143,0.3691084827858468
RF Base,Partially functional,0.031746031746031744,0.6666666666666666,0.3691084827858468
RF Base,Partially functional,0.031746031746031744,1.0,0.3691084827858468
RF Base,Partially functional,0.023809523809523808,1.0,0.3691084827858468
RF Base,Partially functional,0.015873015873015872,1.0,0.3691084827858468
RF Base,Partially functional,0.0,1.0,0.3691084827858468
RF Base,Abandoned or not functional,1.0,0.16875871687587168,0.8342148167519381
RF Base,Abandoned or not functional,0.9917355371900827,0.21333333333333335,0.8342148167519381
RF Base,Abandoned or not functional,0.9834710743801653,0.23681592039800994,0.8342148167519381
RF Base,Abandoned or not functional,0.9752066115702479,0.26077348066298345,0.8342148167519381
RF Base,Abandoned or not functional,0.9710743801652892,0.2800953516090584,0.8342148167519381
RF Base,Abandoned or not functional,0.9710743801652892,0.30089628681177977,0.8342148167519381
RF Base,Abandoned or not functional,0.9710743801652892,0.32684283727399166,0.8342148167519381
RF Base,Abandoned or not functional,0.9628099173553719,0.34880239520958084,0.8342148167519381
RF Base,Abandoned or not functional,0.9628099173553719,0.37042925278219396,0.8342148167519381
RF Base,Abandoned or not functional,0.9586776859504132,0.3972602739726027,0.8342148167519381
RF Base,Abandoned or not functional,0.9586776859504132,0.4225865209471767,0.8342148167519381
RF Base,Abandoned or not functional,0.9586776859504132,0.4233576642335766,0.8342148167519381
RF Base,Abandoned or not functional,0.9462809917355371,0.4378585086042065,0.8342148167519381
RF Base,Abandoned or not functional,0.9462809917355371,0.4552683896620278,0.8342148167519381
RF Base,Abandoned or not functional,0.9421487603305785,0.47107438016528924,0.8342148167519381
RF Base,Abandoned or not functional,0.9380165289256198,0.48504273504273504,0.8342148167519381
RF Base,Abandoned or not functional,0.9338842975206612,0.510158013544018,0.8342148167519381
RF Base,Abandoned or not functional,0.9297520661157025,0.5257009345794392,0.8342148167519381
RF Base,Abandoned or not functional,0.9132231404958677,0.537712895377129,0.8342148167519381
RF Base,Abandoned or not functional,0.9132231404958677,0.5525,0.8342148167519381
RF Base,Abandoned or not functional,0.9049586776859504,0.5718015665796344,0.8342148167519381
RF Base,Abandoned or not functional,0.8966942148760331,0.5755968169761273,0.8342148167519381
RF Base,Abandoned or not functional,0.8925619834710744,0.5885558583106267,0.8342148167519381
RF Base,Abandoned or not functional,0.8884297520661157,0.6022408963585434,0.8342148167519381
RF Base,Abandoned or not functional,0.8801652892561983,0.615606936416185,0.8342148167519381
RF Base,Abandoned or not functional,0.8760330578512396,0.629080118694362,0.8342148167519381
RF Base,Abandoned or not functional,0.8677685950413223,0.6344410876132931,0.8342148167519381
RF Base,Abandoned or not functional,0.859504132231405,0.6459627329192547,0.8342148167519381
RF Base,Abandoned or not functional,0.8512396694214877,0.6518987341772152,0.8342148167519381
RF Base,Abandoned or not functional,0.8471074380165289,0.6634304207119741,0.8342148167519381
RF Base,Abandoned or not functional,0.8388429752066116,0.6655737704918033,0.8342148167519381
RF Base,Abandoned or not functional,0.8347107438016529,0.6710963455149501,0.8342148167519381
RF Base,Abandoned or not functional,0.8264462809917356,0.6944444444444444,0.8342148167519381
RF Base,Abandoned or not functional,0.8181818181818182,0.6996466431095406,0.8342148167519381
RF Base,Abandoned or not functional,0.8181818181818182,0.7071428571428572,0.8342148167519381
RF Base,Abandoned or not functional,0.8099173553719008,0.7101449275362319,0.8342148167519381
RF Base,Abandoned or not functional,0.8099173553719008,0.717948717948718,0.8342148167519381
RF Base,Abandoned or not functional,0.8057851239669421,0.7330827067669173,0.8342148167519381
RF Base,Abandoned or not functional,0.7975206611570248,0.75390625,0.8342148167519381
RF Base,Abandoned or not functional,0.7933884297520661,0.758893280632411,0.8342148167519381
RF Base,Abandoned or not functional,0.7851239669421488,0.7661290322580645,0.8342148167519381
RF Base,Abandoned or not functional,0.7768595041322314,0.7736625514403292,0.8342148167519381
RF Base,Abandoned or not functional,0.7644628099173554,0.7708333333333334,0.8342148167519381
RF Base,Abandoned or not functional,0.743801652892562,0.7692307692307693,0.8342148167519381
RF Base,Abandoned or not functional,0.7272727272727273,0.7652173913043478,0.8342148167519381
RF Base,Abandoned or not functional,0.71900826446281,0.7631578947368421,0.8342148167519381
RF Base,Abandoned or not functional,0.7148760330578512,0.7723214285714286,0.8342148167519381
RF Base,Abandoned or not functional,0.7066115702479339,0.7737556561085973,0.8342148167519381
RF Base,Abandoned or not functional,0.6942148760330579,0.7813953488372093,0.8342148167519381
RF Base,Abandoned or not functional,0.6942148760330579,0.7962085308056872,0.8342148167519381
RF Base,Abandoned or not functional,0.6776859504132231,0.8118811881188119,0.8342148167519381
RF Base,Abandoned or not functional,0.6652892561983471,0.8298969072164949,0.8342148167519381
RF Base,Abandoned or not functional,0.6611570247933884,0.837696335078534,0.8342148167519381
RF Base,Abandoned or not functional,0.6528925619834711,0.8449197860962567,0.8342148167519381
RF Base,Abandoned or not functional,0.628099173553719,0.8587570621468926,0.8342148167519381
RF Base,Abandoned or not functional,0.5991735537190083,0.8579881656804734,0.8342148167519381
RF Base,Abandoned or not functional,0.5909090909090909,0.8614457831325302,0.8342148167519381
RF Base,Abandoned or not functional,0.5785123966942148,0.8641975308641975,0.8342148167519381
RF Base,Abandoned or not functional,0.5661157024793388,0.8782051282051282,0.8342148167519381
RF Base,Abandoned or not functional,0.5578512396694215,0.8766233766233766,0.8342148167519381
RF Base,Abandoned or not functional,0.5454545454545454,0.88,0.8342148167519381
RF Base,Abandoned or not functional,0.5247933884297521,0.8758620689655172,0.8342148167519381
RF Base,Abandoned or not functional,0.5165289256198347,0.8802816901408451,0.8342148167519381
RF Base,Abandoned or not functional,0.5082644628099173,0.8848920863309353,0.8342148167519381
RF Base,Abandoned or not functional,0.5,0.8897058823529411,0.8342148167519381
RF Base,Abandoned or not functional,0.49586776859504134,0.8955223880597015,0.8342148167519381
RF Base,Abandoned or not functional,0.4793388429752066,0.8923076923076924,0.8342148167519381
RF Base,Abandoned or not functional,0.45041322314049587,0.9083333333333333,0.8342148167519381
RF Base,Abandoned or not functional,0.4380165289256198,0.905982905982906,0.8342148167519381
RF Base,Abandoned or not functional,0.4214876033057851,0.9272727272727272,0.8342148167519381
RF Base,Abandoned or not functional,0.4049586776859504,0.9423076923076923,0.8342148167519381
RF Base,Abandoned or not functional,0.3925619834710744,0.9405940594059405,0.8342148167519381
RF Base,Abandoned or not functional,0.38016528925619836,0.9387755102040817,0.8342148167519381
RF Base,Abandoned or not functional,0.35537190082644626,0.9555555555555556,0.8342148167519381
RF Base,Abandoned or not functional,0.3512396694214876,0.9550561797752809,0.8342148167519381
RF Base,Abandoned or not functional,0.3347107438016529,0.9529411764705882,0.8342148167519381
RF Base,Abandoned or not functional,0.3181818181818182,0.9746835443037974,0.8342148167519381
RF Base,Abandoned or not functional,0.29338842975206614,0.9726027397260274,0.8342148167519381
RF Base,Abandoned or not functional,0.2809917355371901,0.9714285714285714,0.8342148167519381
RF Base,Abandoned or not functional,0.2644628099173554,0.9846153846153847,0.8342148167519381
RF Base,Abandoned or not functional,0.23140495867768596,0.9824561403508771,0.8342148167519381
RF Base,Abandoned or not functional,0.2190082644628099,0.9814814814814815,0.8342148167519381
RF Base,Abandoned or not functional,0.2066115702479339,0.9803921568627451,0.8342148167519381
RF Base,Abandoned or not functional,0.19008264462809918,0.9787234042553191,0.8342148167519381
RF Base,Abandoned or not functional,0.1652892561983471,0.975609756097561,0.8342148167519381
RF Base,Abandoned or not functional,0.1446280991735537,0.9722222222222222,0.8342148167519381
RF Base,Abandoned or not functional,0.1322314049586777,1.0,0.8342148167519381
RF Base,Abandoned or not functional,0.11983471074380166,1.0,0.8342148167519381
RF Base,Abandoned or not functional,0.1115702479338843,1.0,0.8342148167519381
RF Base,Abandoned or not functional,0.09504132231404959,1.0,0.8342148167519381
RF Base,Abandoned or not functional,0.09090909090909091,1.0,0.8342148167519381
RF Base,Abandoned or not functional,0.07851239669421488,1.0,0.8342148167519381
RF Base,Abandoned or not functional,0.07024793388429752,1.0,0.8342148167519381
RF Base,Abandoned or not functional,0.06198347107438017,1.0,0.8342148167519381
RF Base,Abandoned or not functional,0.049586776859504134,1.0,0.8342148167519381
RF Base,Abandoned or not functional,0.03305785123966942,1.0,0.8342148167519381
RF Base,Abandoned or not functional,0.01652892561983471,1.0,0.8342148167519381
RF Base,Abandoned or not functional,0.012396694214876033,1.0,0.8342148167519381
RF Base,Abandoned or not functional,0.008264462809917356,1.0,0.8342148167519381
RF Base,Abandoned or not functional,0.0,1.0,0.8342148167519381
