variable,value
wp_age,1.0
wp_age,1.0
wp_age,1.0
wp_age,1.0
wp_age,1.0
wp_age,0.5
wp_age,1.0
wp_age,1.0
wp_age,1.0
wp_age,1.0
wp_age,1.0
wp_age,1.0
wp_age,1.0
wp_age,1.0
wp_age,1.0
wp_age,1.0
wp_age,1.0
wp_age,1.0
wp_age,1.0
wp_age,1.0
wp_age,0.5
wp_age,1.0
wp_age,1.0
wp_age,0.5
wp_age,1.0
wp_age,1.0
wp_age,1.0
wp_age,0.5
wp_age,1.0
wp_age,1.0
wp_age,0.5
wp_age,1.0
wp_age,0.5
wp_age,1.0
wp_age,1.0
wp_age,1.0
wp_age,1.0
wp_age,1.0
wp_age,1.0
wp_age,1.0
wp_age,0.5
wp_age,1.0
wp_age,1.0
wp_age,1.0
wp_age,1.0
wp_age,0.5
wp_age,1.0
wp_age,0.5
wp_age,1.0
wp_age,1.0
wp_age,0.5
wp_age,0.5
wp_age,1.0
wp_age,0.5
wp_age,1.0
wp_age,1.0
wp_age,0.5
wp_age,1.0
wp_age,1.0
wp_age,1.0
wp_age,1.0
wp_age,1.0
wp_age,1.0
wp_age,1.0
wp_age,1.0
wp_age,1.0
wp_age,1.0
wp_age,1.0
wp_age,1.0
wp_age,1.0
wp_age,1.0
wp_age,1.0
wp_age,1.0
wp_age,1.0
wp_age,1.0
wp_age,1.0
wp_age,1.0
wp_age,1.0
wp_age,1.0
wp_age,1.0
wp_age,1.0
wp_age,1.0
wp_age,1.0
wp_age,1.0
wp_age,1.0
wp_age,1.0
wp_age,1.0
wp_age,1.0
wp_age,1.0
wp_age,1.0
wp_age,1.0
wp_age,1.0
wp_age,1.0
wp_age,1.0
wp_age,1.0
wp_age,1.0
wp_age,1.0
wp_age,1.0
wp_age,10.0
wp_age,1.0
wp_age,2.0
wp_age,0.5
wp_age,0.5
wp_age,1.0
wp_age,1.0
wp_age,0.5
wp_age,0.5
wp_age,1.0
wp_age,1.0
wp_age,1.0
wp_age,1.0
wp_age,1.0
wp_age,0.5
wp_age,0.5
wp_age,1.0
wp_age,1.0
wp_age,0.5
wp_age,1.0
wp_age,0.5
wp_age,0.5
wp_age,0.5
wp_age,0.5
wp_age,0.5
wp_age,2.0
wp_age,0.5
wp_age,0.5
wp_age,0.5
wp_age,0.5
wp_age,1.0
wp_age,1.0
wp_age,1.0
wp_age,1.0
wp_age,1.0
wp_age,1.0
wp_age,1.0
wp_age,1.0
wp_age,1.0
wp_age,1.0
wp_age,1.0
wp_age,1.0
wp_age,1.0
wp_age,10.0
wp_age,1.0
wp_age,1.0
wp_age,19.0
wp_age,1.0
wp_age,1.0
wp_age,1.0
wp_age,1.0
wp_age,1.0
wp_age,1.0
wp_age,1.0
wp_age,39.0
wp_age,1.0
wp_age,1.0
wp_age,1.0
wp_age,20.0
wp_age,1.0
wp_age,1.0
wp_age,13.0
wp_age,20.0
wp_age,12.0
wp_age,1.0
wp_age,11.0
wp_age,24.0
wp_age,20.0
wp_age,18.0
wp_age,12.0
wp_age,24.0
wp_age,26.0
wp_age,20.0
wp_age,20.0
wp_age,26.0
wp_age,1.0
wp_age,1.0
wp_age,1.0
wp_age,1.0
wp_age,1.0
wp_age,1.0
wp_age,2.0
wp_age,1.0
wp_age,1.0
wp_age,1.0
wp_age,1.0
wp_age,1.0
wp_age,1.0
wp_age,1.0
wp_age,1.0
wp_age,1.0
wp_age,1.0
wp_age,1.0
wp_age,1.0
wp_age,1.0
wp_age,1.0
wp_age,1.0
wp_age,1.0
wp_age,1.0
wp_age,1.0
wp_age,1.0
wp_age,1.0
wp_age,1.0
wp_age,1.0
wp_age,1.0
wp_age,1.0
wp_age,1.0
wp_age,1.0
wp_age,1.0
wp_age,1.0
wp_age,1.0
wp_age,1.0
wp_age,1.0
wp_age,0.5
wp_age,1.0
wp_age,1.0
wp_age,1.0
wp_age,1.0
wp_age,1.0
wp_age,1.0
wp_age,1.0
wp_age,1.0
wp_age,0.5
wp_age,1.0
wp_age,0.5
wp_age,1.0
wp_age,1.0
wp_age,0.5
wp_age,1.0
wp_age,1.0
wp_age,1.0
wp_age,0.5
wp_age,1.0
wp_age,1.0
wp_age,1.0
wp_age,1.0
wp_age,1.0
wp_age,4.0
wp_age,16.0
wp_age,15.0
wp_age,16.0
wp_age,13.0
wp_age,8.0
wp_age,10.0
wp_age,16.0
wp_age,1.0
wp_age,12.0
wp_age,1.0
wp_age,1.0
wp_age,0.5
wp_age,1.0
wp_age,1.0
wp_age,1.0
wp_age,0.5
wp_age,1.0
wp_age,0.5
wp_age,1.0
wp_age,1.0
wp_age,1.0
wp_age,1.0
wp_age,1.0
wp_age,1.0
wp_age,1.0
wp_age,1.0
wp_age,0.5
wp_age,0.5
wp_age,1.0
wp_age,1.0
wp_age,1.0
wp_age,1.0
wp_age,1.0
wp_age,0.5
wp_age,0.5
wp_age,1.0
wp_age,0.5
wp_age,1.0
wp_age,1.0
wp_age,1.0
wp_age,1.0
wp_age,1.0
wp_age,1.0
wp_age,1.0
wp_age,1.0
wp_age,1.0
wp_age,1.0
wp_age,1.0
wp_age,1.0
wp_age,1.0
wp_age,1.0
wp_age,1.0
wp_age,1.0
wp_age,1.0
wp_age,1.0
wp_age,1.0
wp_age,1.0
wp_age,1.0
wp_age,1.0
wp_age,1.0
wp_age,1.0
wp_age,1.0
wp_age,1.0
wp_age,1.0
wp_age,1.0
wp_age,1.0
wp_age,1.0
wp_age,1.0
wp_age,1.0
wp_age,1.0
wp_age,1.0
wp_age,1.0
wp_age,1.0
wp_age,1.0
wp_age,1.0
wp_age,1.0
wp_age,1.0
wp_age,1.0
wp_age,1.0
wp_age,1.0
wp_age,1.0
wp_age,1.0
wp_age,1.0
wp_age,1.0
wp_age,1.0
wp_age,1.0
wp_age,1.0
wp_age,1.0
wp_age,1.0
wp_age,1.0
wp_age,1.0
wp_age,1.0
wp_age,1.0
wp_age,1.0
wp_age,1.0
wp_age,1.0
wp_age,1.0
wp_age,1.0
wp_age,1.0
wp_age,1.0
wp_age,1.0
wp_age,1.0
wp_age,1.0
wp_age,1.0
wp_age,1.0
wp_age,1.0
wp_age,1.0
wp_age,1.0
wp_age,1.0
wp_age,1.0
wp_age,1.0
wp_age,1.0
wp_age,1.0
wp_age,1.0
wp_age,1.0
wp_age,1.0
wp_age,1.0
wp_age,1.0
wp_age,1.0
wp_age,2.0
wp_age,1.0
wp_age,1.0
wp_age,1.0
wp_age,1.0
wp_age,1.0
wp_age,1.0
wp_age,1.0
wp_age,1.0
wp_age,1.0
wp_age,1.0
wp_age,1.0
wp_age,1.0
wp_age,1.0
wp_age,1.0
wp_age,1.0
wp_age,1.0
wp_age,1.0
wp_age,1.0
wp_age,1.0
wp_age,1.0
wp_age,1.0
wp_age,1.0
wp_age,1.0
wp_age,1.0
wp_age,1.0
wp_age,1.0
wp_age,1.0
wp_age,1.0
wp_age,1.0
wp_age,1.0
wp_age,1.0
wp_age,1.0
wp_age,1.0
wp_age,1.0
wp_age,1.0
wp_age,1.0
wp_age,1.0
wp_age,1.0
wp_age,1.0
wp_age,1.0
wp_age,1.0
wp_age,1.0
wp_age,1.0
wp_age,1.0
wp_age,1.0
wp_age,1.0
wp_age,1.0
wp_age,1.0
wp_age,1.0
wp_age,1.0
wp_age,1.0
wp_age,1.0
wp_age,1.0
wp_age,1.0
wp_age,1.0
wp_age,1.0
wp_age,1.0
wp_age,1.0
wp_age,1.0
wp_age,1.0
wp_age,1.0
wp_age,1.0
wp_age,1.0
wp_age,1.0
wp_age,1.0
wp_age,1.0
wp_age,1.0
wp_age,1.0
wp_age,1.0
wp_age,1.0
wp_age,1.0
wp_age,1.0
wp_age,1.0
wp_age,1.0
wp_age,1.0
wp_age,1.0
wp_age,1.0
wp_age,1.0
wp_age,1.0
wp_age,1.0
wp_age,1.0
wp_age,1.0
wp_age,1.0
wp_age,1.0
wp_age,1.0
wp_age,1.0
wp_age,1.0
wp_age,1.0
wp_age,1.0
wp_age,1.0
wp_age,1.0
wp_age,0.5
wp_age,1.0
wp_age,0.5
wp_age,0.5
wp_age,0.5
wp_age,0.5
wp_age,0.5
wp_age,0.5
wp_age,0.5
wp_age,0.5
wp_age,0.5
wp_age,0.5
wp_age,0.5
wp_age,0.5
wp_age,0.5
wp_age,1.0
wp_age,0.5
wp_age,0.5
wp_age,0.5
wp_age,0.5
wp_age,0.5
wp_age,0.5
wp_age,0.5
wp_age,0.5
wp_age,0.5
wp_age,0.5
wp_age,0.5
wp_age,0.5
wp_age,0.5
wp_age,0.5
wp_age,0.5
wp_age,1.0
wp_age,0.5
wp_age,0.5
wp_age,0.5
wp_age,1.0
wp_age,1.0
wp_age,6.0
wp_age,15.0
wp_age,8.0
wp_age,1.0
wp_age,1.0
wp_age,1.0
wp_age,1.0
wp_age,1.0
wp_age,1.0
wp_age,1.0
wp_age,1.0
wp_age,1.0
wp_age,1.0
wp_age,1.0
wp_age,1.0
wp_age,1.0
wp_age,1.0
wp_age,1.0
wp_age,1.0
wp_age,1.0
wp_age,1.0
wp_age,1.0
wp_age,1.0
wp_age,1.0
wp_age,0.5
wp_age,1.0
wp_age,1.0
wp_age,1.0
wp_age,1.0
wp_age,1.0
wp_age,1.0
wp_age,1.0
wp_age,1.0
wp_age,1.0
wp_age,1.0
wp_age,1.0
wp_age,1.0
wp_age,1.0
wp_age,1.0
wp_age,1.0
wp_age,1.0
wp_age,1.0
wp_age,1.0
wp_age,1.0
wp_age,1.0
wp_age,1.0
wp_age,1.0
wp_age,1.0
wp_age,1.0
wp_age,1.0
wp_age,1.0
wp_age,1.0
wp_age,1.0
wp_age,1.0
wp_age,1.0
wp_age,1.0
wp_age,0.5
wp_age,1.0
wp_age,1.0
wp_age,1.0
wp_age,1.0
wp_age,8.0
wp_age,17.0
wp_age,8.0
wp_age,4.0
wp_age,8.0
wp_age,4.0
wp_age,3.0
wp_age,3.0
wp_age,3.0
wp_age,8.0
wp_age,8.0
wp_age,4.0
wp_age,10.0
wp_age,4.0
wp_age,4.0
wp_age,10.0
wp_age,1.0
wp_age,3.0
wp_age,7.0
wp_age,10.0
wp_age,3.0
wp_age,4.0
wp_age,3.0
wp_age,2.0
wp_age,10.0
wp_age,4.0
wp_age,3.0
wp_age,2.0
wp_age,9.0
wp_age,3.0
wp_age,8.0
wp_age,7.0
wp_age,6.0
wp_age,16.0
wp_age,8.0
wp_age,6.0
wp_age,9.0
wp_age,3.0
wp_age,5.0
wp_age,7.0
wp_age,3.0
wp_age,4.0
wp_age,7.0
wp_age,4.0
wp_age,3.0
wp_age,9.0
wp_age,5.0
wp_age,8.0
wp_age,14.0
wp_age,4.0
wp_age,4.0
wp_age,6.0
wp_age,4.0
wp_age,5.0
wp_age,4.0
wp_age,18.0
wp_age,5.0
wp_age,10.0
wp_age,5.0
wp_age,5.0
wp_age,2.0
wp_age,18.0
wp_age,7.0
wp_age,4.0
wp_age,2.0
wp_age,2.0
wp_age,16.0
wp_age,2.0
wp_age,2.0
wp_age,7.0
wp_age,2.0
wp_age,4.0
wp_age,6.0
wp_age,4.0
wp_age,5.0
wp_age,10.0
wp_age,3.0
wp_age,4.0
wp_age,6.0
wp_age,6.0
wp_age,4.0
wp_age,4.0
wp_age,5.0
wp_age,4.0
wp_age,4.0
wp_age,5.0
wp_age,3.0
wp_age,5.0
wp_age,4.0
wp_age,5.0
wp_age,4.0
wp_age,4.0
wp_age,6.0
wp_age,4.0
wp_age,4.0
wp_age,6.0
wp_age,4.0
wp_age,7.0
wp_age,6.0
wp_age,4.0
wp_age,7.0
wp_age,9.0
wp_age,18.0
wp_age,4.0
wp_age,4.0
wp_age,4.0
wp_age,8.0
wp_age,8.0
wp_age,18.0
wp_age,18.0
wp_age,4.0
wp_age,3.0
wp_age,2.0
wp_age,4.0
wp_age,8.0
wp_age,5.0
wp_age,4.0
wp_age,5.0
wp_age,5.0
wp_age,2.0
wp_age,2.0
wp_age,3.0
wp_age,6.0
wp_age,8.0
wp_age,9.0
wp_age,4.0
wp_age,3.0
wp_age,4.0
wp_age,3.0
wp_age,7.0
wp_age,4.0
wp_age,6.0
wp_age,7.0
wp_age,2.0
wp_age,3.0
wp_age,3.0
wp_age,7.0
wp_age,5.0
wp_age,7.0
wp_age,4.0
wp_age,2.0
wp_age,2.0
wp_age,18.0
wp_age,3.0
wp_age,6.0
wp_age,6.0
wp_age,4.0
wp_age,3.0
wp_age,5.0
wp_age,4.0
wp_age,8.0
wp_age,6.0
wp_age,4.0
wp_age,8.0
wp_age,3.0
wp_age,4.0
wp_age,4.0
wp_age,3.0
wp_age,6.0
wp_age,11.0
wp_age,3.0
wp_age,3.0
wp_age,2.0
wp_age,4.0
wp_age,4.0
wp_age,3.0
wp_age,5.0
wp_age,8.0
wp_age,4.0
wp_age,9.0
wp_age,4.0
wp_age,4.0
wp_age,4.0
wp_age,4.0
wp_age,3.0
wp_age,13.0
wp_age,9.0
wp_age,3.0
wp_age,4.0
wp_age,5.0
wp_age,5.0
wp_age,9.0
wp_age,7.0
wp_age,10.0
wp_age,10.0
wp_age,6.0
wp_age,2.0
wp_age,6.0
wp_age,8.0
wp_age,5.0
wp_age,5.0
wp_age,5.0
wp_age,7.0
wp_age,3.0
wp_age,4.0
wp_age,7.0
wp_age,3.0
wp_age,7.0
wp_age,3.0
wp_age,8.0
wp_age,4.0
wp_age,10.0
wp_age,4.0
wp_age,2.0
wp_age,2.0
wp_age,4.0
wp_age,4.0
wp_age,3.0
wp_age,4.0
wp_age,4.0
wp_age,3.0
wp_age,4.0
wp_age,3.0
wp_age,3.0
wp_age,6.0
wp_age,4.0
wp_age,5.0
wp_age,5.0
wp_age,5.0
wp_age,5.0
wp_age,3.0
wp_age,4.0
wp_age,3.0
wp_age,6.0
wp_age,4.0
wp_age,4.0
wp_age,3.0
wp_age,4.0
wp_age,8.0
wp_age,15.0
wp_age,6.0
wp_age,3.0
wp_age,7.0
wp_age,8.0
wp_age,4.0
wp_age,3.0
wp_age,6.0
wp_age,3.0
wp_age,10.0
wp_age,5.0
wp_age,8.0
wp_age,3.0
wp_age,5.0
wp_age,4.0
wp_age,9.0
wp_age,15.0
wp_age,9.0
wp_age,6.0
wp_age,8.0
wp_age,4.0
wp_age,6.0
wp_age,4.0
wp_age,4.0
wp_age,2.0
wp_age,8.0
wp_age,8.0
wp_age,5.0
wp_age,3.0
wp_age,8.0
wp_age,6.0
wp_age,2.0
wp_age,3.0
wp_age,4.0
wp_age,6.0
wp_age,7.0
wp_age,6.0
wp_age,5.0
wp_age,6.0
wp_age,3.0
wp_age,10.0
wp_age,6.0
wp_age,8.0
wp_age,6.0
wp_age,3.0
wp_age,9.0
wp_age,7.0
wp_age,4.0
wp_age,4.0
wp_age,4.0
wp_age,5.0
wp_age,5.0
wp_age,5.0
wp_age,5.0
wp_age,7.0
wp_age,4.0
wp_age,3.0
wp_age,5.0
wp_age,4.0
wp_age,4.0
wp_age,3.0
wp_age,15.0
wp_age,4.0
wp_age,4.0
wp_age,1.0
wp_age,5.0
wp_age,7.0
wp_age,5.0
wp_age,6.0
wp_age,4.0
wp_age,7.0
wp_age,5.0
wp_age,8.0
wp_age,7.0
wp_age,4.0
wp_age,9.0
wp_age,4.0
wp_age,5.0
wp_age,18.0
wp_age,10.0
wp_age,5.0
wp_age,4.0
wp_age,5.0
wp_age,8.0
wp_age,8.0
wp_age,7.0
wp_age,2.0
wp_age,3.0
wp_age,4.0
wp_age,5.0
wp_age,9.0
wp_age,9.0
wp_age,2.0
wp_age,9.0
wp_age,5.0
wp_age,4.0
wp_age,4.0
wp_age,4.0
wp_age,4.0
wp_age,5.0
wp_age,4.0
wp_age,4.0
wp_age,4.0
wp_age,6.0
wp_age,17.0
wp_age,15.0
wp_age,4.0
wp_age,17.0
wp_age,20.0
wp_age,15.0
wp_age,2.0
wp_age,36.0
wp_age,16.0
wp_age,3.0
wp_age,10.0
wp_age,9.0
wp_age,2.0
wp_age,2.0
wp_age,2.0
wp_age,38.0
wp_age,4.0
wp_age,23.0
wp_age,36.0
wp_age,7.0
wp_age,38.0
wp_age,4.0
wp_age,10.0
wp_age,74.0
wp_age,4.0
wp_age,40.0
wp_age,2.0
wp_age,29.0
wp_age,3.0
wp_age,18.0
wp_age,2.0
wp_age,2.0
wp_age,7.0
wp_age,2.0
wp_age,2.0
wp_age,10.0
wp_age,16.0
wp_age,2.0
wp_age,10.0
wp_age,3.0
wp_age,3.0
wp_age,3.0
wp_age,38.0
wp_age,40.0
wp_age,10.0
wp_age,3.0
wp_age,9.0
wp_age,4.0
wp_age,11.0
wp_age,7.0
wp_age,9.0
wp_age,10.0
wp_age,39.0
wp_age,3.0
wp_age,4.0
wp_age,19.0
wp_age,3.0
wp_age,7.0
wp_age,46.0
wp_age,4.0
wp_age,48.0
wp_age,6.0
wp_age,4.0
wp_age,3.0
wp_age,19.0
wp_age,6.0
wp_age,4.0
wp_age,20.0
wp_age,6.0
wp_age,20.0
wp_age,2.0
wp_age,3.0
wp_age,5.0
wp_age,38.0
wp_age,20.0
wp_age,18.0
wp_age,20.0
wp_age,18.0
wp_age,18.0
wp_age,18.0
wp_age,19.0
wp_age,36.0
wp_age,7.0
wp_age,4.0
wp_age,35.0
wp_age,14.0
wp_age,4.0
wp_age,4.0
wp_age,4.0
wp_age,5.0
wp_age,4.0
wp_age,4.0
wp_age,4.0
wp_age,4.0
wp_age,4.0
wp_age,30.0
wp_age,4.0
wp_age,18.0
wp_age,4.0
wp_age,3.0
wp_age,4.0
wp_age,4.0
wp_age,4.0
wp_age,4.0
wp_age,5.0
wp_age,2.0
wp_age,1.0
wp_age,2.0
wp_age,2.0
wp_age,5.0
wp_age,1.0
wp_age,1.0
wp_age,2.0
wp_age,2.0
wp_age,3.0
wp_age,4.0
wp_age,4.0
wp_age,4.0
wp_age,4.0
wp_age,4.0
wp_age,4.0
wp_age,4.0
wp_age,4.0
wp_age,4.0
wp_age,4.0
wp_age,4.0
wp_age,4.0
wp_age,4.0
wp_age,4.0
wp_age,4.0
wp_age,19.0
wp_age,4.0
wp_age,4.0
wp_age,41.0
wp_age,3.0
wp_age,3.0
wp_age,1.0
wp_age,3.0
wp_age,13.0
wp_age,4.0
wp_age,47.0
wp_age,4.0
wp_age,31.0
wp_age,4.0
wp_age,3.0
wp_age,4.0
wp_age,4.0
wp_age,3.0
wp_age,4.0
wp_age,4.0
wp_age,3.0
wp_age,4.0
wp_age,1.0
wp_age,2.0
wp_age,2.0
wp_age,2.0
wp_age,2.0
wp_age,1.0
wp_age,4.0
wp_age,4.0
wp_age,20.0
wp_age,20.0
wp_age,3.0
wp_age,4.0
wp_age,4.0
wp_age,3.0
wp_age,10.0
wp_age,3.0
wp_age,3.0
wp_age,43.0
wp_age,3.0
wp_age,3.0
wp_age,3.0
wp_age,3.0
wp_age,3.0
wp_age,3.0
wp_age,3.0
wp_age,3.0
wp_age,2.0
wp_age,15.0
wp_age,15.0
wp_age,3.0
wp_age,3.0
wp_age,29.0
wp_age,3.0
wp_age,30.0
wp_age,3.0
wp_age,3.0
wp_age,2.0
wp_age,2.0
wp_age,2.0
wp_age,4.0
wp_age,1.0
wp_age,1.0
wp_age,3.0
wp_age,1.0
wp_age,1.0
wp_age,4.0
wp_age,1.0
wp_age,1.0
wp_age,1.0
wp_age,1.0
wp_age,26.0
wp_age,2.0
wp_age,3.0
wp_age,33.0
wp_age,3.0
wp_age,3.0
wp_age,3.0
wp_age,3.0
wp_age,3.0
wp_age,31.0
wp_age,27.0
wp_age,31.0
wp_age,27.0
wp_age,1.0
wp_age,27.0
wp_age,7.0
wp_age,2.0
wp_age,3.0
wp_age,8.0
wp_age,8.0
wp_age,3.0
wp_age,3.0
wp_age,8.0
wp_age,3.0
wp_age,14.0
wp_age,29.0
wp_age,3.0
wp_age,2.0
wp_age,26.0
wp_age,14.0
wp_age,11.0
wp_age,19.0
wp_age,3.0
wp_age,20.0
wp_age,52.0
wp_age,9.0
wp_age,7.0
wp_age,3.0
wp_age,3.0
wp_age,9.0
wp_age,2.0
wp_age,20.0
wp_age,14.0
wp_age,8.0
wp_age,2.0
wp_age,2.0
wp_age,8.0
wp_age,11.0
wp_age,7.0
wp_age,3.0
wp_age,11.0
wp_age,17.0
wp_age,11.0
wp_age,3.0
wp_age,8.0
wp_age,12.0
wp_age,3.0
wp_age,3.0
wp_age,6.0
wp_age,3.0
wp_age,3.0
wp_age,6.0
wp_age,2.0
wp_age,6.0
wp_age,6.0
wp_age,4.0
wp_age,4.0
wp_age,6.0
wp_age,8.0
wp_age,8.0
wp_age,8.0
wp_age,8.0
wp_age,4.0
wp_age,3.0
wp_age,6.0
wp_age,4.0
wp_age,4.0
wp_age,4.0
wp_age,4.0
wp_age,3.0
wp_age,25.0
wp_age,5.0
wp_age,5.0
wp_age,5.0
wp_age,4.0
wp_age,4.0
wp_age,6.0
wp_age,4.0
wp_age,5.0
wp_age,5.0
wp_age,5.0
wp_age,20.0
wp_age,5.0
wp_age,5.0
wp_age,5.0
wp_age,7.0
wp_age,5.0
wp_age,48.0
wp_age,43.0
wp_age,5.0
wp_age,4.0
wp_age,5.0
wp_age,4.0
wp_age,4.0
wp_age,5.0
wp_age,3.0
wp_age,4.0
wp_age,22.0
wp_age,2.0
wp_age,3.0
wp_age,3.0
wp_age,2.0
wp_age,3.0
wp_age,4.0
wp_age,3.0
wp_age,22.0
wp_age,1.0
wp_age,2.0
wp_age,4.0
wp_age,3.0
wp_age,3.0
wp_age,2.0
wp_age,10.0
wp_age,2.0
wp_age,16.0
wp_age,2.0
wp_age,3.0
wp_age,4.0
wp_age,3.0
wp_age,4.0
wp_age,3.0
wp_age,3.0
wp_age,7.0
wp_age,4.0
wp_age,3.0
wp_age,20.0
wp_age,3.0
wp_age,3.0
wp_age,5.0
wp_age,3.0
wp_age,3.0
wp_age,3.0
wp_age,3.0
wp_age,17.0
wp_age,3.0
wp_age,2.0
wp_age,2.0
wp_age,4.0
wp_age,2.0
wp_age,3.0
wp_age,4.0
wp_age,3.0
wp_age,11.0
wp_age,17.0
wp_age,5.0
wp_age,17.0
wp_age,3.0
wp_age,3.0
wp_age,3.0
wp_age,10.0
wp_age,4.0
wp_age,4.0
wp_age,1.0
wp_age,3.0
wp_age,19.0
wp_age,3.0
wp_age,15.0
wp_age,2.0
wp_age,4.0
wp_age,16.0
wp_age,4.0
wp_age,14.0
wp_age,4.0
wp_age,17.0
wp_age,3.0
wp_age,3.0
wp_age,9.0
wp_age,5.0
wp_age,15.0
wp_age,5.0
wp_age,4.0
wp_age,2.0
wp_age,3.0
wp_age,3.0
wp_age,4.0
wp_age,2.0
wp_age,15.0
wp_age,4.0
wp_age,5.0
wp_age,3.0
wp_age,4.0
wp_age,3.0
wp_age,19.0
wp_age,9.0
wp_age,3.0
wp_age,13.0
wp_age,15.0
wp_age,23.0
wp_age,14.0
wp_age,14.0
wp_age,3.0
wp_age,19.0
wp_age,3.0
wp_age,12.0
wp_age,4.0
wp_age,4.0
wp_age,2.0
wp_age,2.0
wp_age,2.0
wp_age,3.0
wp_age,2.0
wp_age,4.0
wp_age,2.0
wp_age,3.0
wp_age,2.0
wp_age,2.0
wp_age,7.0
wp_age,2.0
wp_age,2.0
wp_age,4.0
wp_age,4.0
wp_age,4.0
wp_age,2.0
wp_age,2.0
wp_age,2.0
wp_age,3.0
wp_age,2.0
wp_age,4.0
wp_age,6.0
wp_age,4.0
wp_age,4.0
wp_age,3.0
wp_age,2.0
wp_age,2.0
wp_age,2.0
wp_age,4.0
wp_age,3.0
wp_age,3.0
wp_age,2.0
wp_age,3.0
wp_age,2.0
wp_age,2.0
wp_age,8.0
wp_age,2.0
wp_age,2.0
wp_age,2.0
wp_age,2.0
wp_age,8.0
wp_age,4.0
wp_age,3.0
wp_age,2.0
wp_age,3.0
wp_age,4.0
wp_age,2.0
wp_age,4.0
wp_age,4.0
wp_age,4.0
wp_age,2.0
wp_age,2.0
wp_age,2.0
wp_age,2.0
wp_age,4.0
wp_age,1.0
wp_age,2.0
wp_age,3.0
wp_age,4.0
wp_age,4.0
wp_age,2.0
wp_age,3.0
wp_age,4.0
wp_age,2.0
wp_age,4.0
wp_age,4.0
wp_age,4.0
wp_age,2.0
wp_age,6.0
wp_age,3.0
wp_age,4.0
wp_age,4.0
wp_age,3.0
wp_age,4.0
wp_age,4.0
wp_age,3.0
wp_age,4.0
wp_age,3.0
wp_age,11.0
wp_age,3.0
wp_age,3.0
wp_age,3.0
wp_age,3.0
wp_age,3.0
wp_age,3.0
wp_age,3.0
wp_age,3.0
wp_age,11.0
wp_age,3.0
wp_age,3.0
wp_age,3.0
wp_age,7.0
wp_age,3.0
wp_age,3.0
wp_age,3.0
wp_age,3.0
wp_age,3.0
wp_age,3.0
wp_age,3.0
wp_age,3.0
wp_age,3.0
wp_age,3.0
wp_age,3.0
wp_age,3.0
wp_age,3.0
wp_age,3.0
wp_age,3.0
wp_age,3.0
wp_age,3.0
wp_age,3.0
wp_age,3.0
wp_age,3.0
wp_age,3.0
wp_age,3.0
wp_age,3.0
wp_age,3.0
wp_age,3.0
wp_age,2.0
wp_age,23.0
wp_age,20.0
wp_age,3.0
wp_age,3.0
wp_age,3.0
wp_age,3.0
wp_age,3.0
wp_age,18.0
wp_age,3.0
wp_age,3.0
wp_age,3.0
wp_age,3.0
wp_age,3.0
wp_age,3.0
wp_age,3.0
wp_age,3.0
wp_age,3.0
wp_age,3.0
wp_age,3.0
wp_age,3.0
wp_age,3.0
wp_age,3.0
wp_age,19.0
wp_age,3.0
wp_age,3.0
wp_age,2.0
wp_age,7.0
wp_age,3.0
wp_age,3.0
wp_age,3.0
wp_age,3.0
wp_age,3.0
wp_age,3.0
wp_age,3.0
wp_age,3.0
wp_age,3.0
wp_age,3.0
wp_age,3.0
wp_age,3.0
wp_age,3.0
wp_age,3.0
wp_age,3.0
wp_age,3.0
wp_age,3.0
wp_age,3.0
wp_age,3.0
wp_age,3.0
wp_age,3.0
wp_age,3.0
wp_age,3.0
wp_age,3.0
wp_age,3.0
wp_age,3.0
wp_age,3.0
wp_age,3.0
wp_age,3.0
wp_age,3.0
wp_age,3.0
wp_age,3.0
wp_age,3.0
wp_age,3.0
wp_age,5.0
wp_age,5.0
wp_age,5.0
wp_age,5.0
wp_age,3.0
wp_age,3.0
wp_age,4.0
wp_age,4.0
wp_age,4.0
wp_age,4.0
wp_age,4.0
wp_age,4.0
wp_age,4.0
wp_age,4.0
wp_age,4.0
wp_age,4.0
wp_age,4.0
wp_age,5.0
wp_age,3.0
wp_age,3.0
wp_age,4.0
wp_age,5.0
wp_age,5.0
wp_age,5.0
wp_age,5.0
wp_age,5.0
wp_age,5.0
wp_age,4.0
wp_age,4.0
wp_age,4.0
wp_age,4.0
wp_age,5.0
wp_age,3.0
wp_age,3.0
wp_age,5.0
wp_age,3.0
wp_age,2.0
wp_age,2.0
wp_age,3.0
wp_age,5.0
wp_age,3.0
wp_age,2.0
wp_age,5.0
wp_age,3.0
wp_age,3.0
wp_age,3.0
wp_age,4.0
wp_age,2.0
wp_age,3.0
wp_age,3.0
wp_age,5.0
wp_age,3.0
wp_age,4.0
wp_age,3.0
wp_age,3.0
wp_age,3.0
wp_age,3.0
wp_age,3.0
wp_age,3.0
wp_age,3.0
wp_age,2.0
wp_age,2.0
wp_age,2.0
wp_age,3.0
wp_age,2.0
wp_age,3.0
wp_age,3.0
wp_age,3.0
wp_age,2.0
wp_age,2.0
wp_age,2.0
wp_age,3.0
wp_age,3.0
wp_age,2.0
wp_age,0.5
wp_age,3.0
wp_age,2.0
wp_age,2.0
wp_age,2.0
wp_age,2.0
wp_age,3.0
wp_age,3.0
wp_age,3.0
wp_age,3.0
wp_age,4.0
wp_age,4.0
wp_age,4.0
wp_age,4.0
wp_age,3.0
wp_age,3.0
wp_age,3.0
wp_age,3.0
wp_age,2.0
wp_age,2.0
wp_age,2.0
wp_age,2.0
wp_age,3.0
wp_age,3.0
wp_age,3.0
wp_age,2.0
wp_age,2.0
wp_age,2.0
wp_age,3.0
wp_age,2.0
wp_age,2.0
wp_age,2.0
wp_age,2.0
wp_age,3.0
wp_age,2.0
wp_age,2.0
wp_age,2.0
wp_age,3.0
wp_age,3.0
wp_age,3.0
wp_age,3.0
wp_age,3.0
wp_age,3.0
wp_age,2.0
wp_age,2.0
wp_age,3.0
wp_age,2.0
wp_age,3.0
wp_age,3.0
wp_age,3.0
wp_age,2.0
wp_age,2.0
wp_age,3.0
wp_age,3.0
wp_age,2.0
wp_age,1.0
wp_age,1.0
wp_age,2.0
wp_age,3.0
wp_age,3.0
wp_age,3.0
wp_age,3.0
wp_age,3.0
wp_age,3.0
wp_age,3.0
wp_age,3.0
wp_age,3.0
wp_age,3.0
wp_age,3.0
wp_age,3.0
wp_age,2.0
wp_age,2.0
wp_age,2.0
wp_age,2.0
wp_age,2.0
wp_age,2.0
wp_age,2.0
wp_age,2.0
wp_age,2.0
wp_age,2.0
wp_age,2.0
wp_age,2.0
wp_age,4.0
wp_age,4.0
wp_age,4.0
wp_age,4.0
wp_age,8.0
wp_age,6.0
wp_age,4.0
wp_age,8.0
wp_age,5.0
wp_age,2.0
wp_age,1.0
wp_age,2.0
wp_age,2.0
wp_age,3.0
wp_age,4.0
wp_age,3.0
wp_age,10.0
wp_age,36.0
wp_age,6.0
wp_age,5.0
wp_age,4.0
wp_age,1.0
wp_age,3.0
wp_age,2.0
wp_age,2.0
wp_age,4.0
wp_age,3.0
wp_age,1.0
wp_age,1.0
wp_age,4.0
wp_age,2.0
wp_age,4.0
wp_age,4.0
wp_age,4.0
wp_age,2.0
wp_age,5.0
wp_age,4.0
wp_age,5.0
wp_age,2.0
wp_age,4.0
wp_age,1.0
wp_age,4.0
wp_age,4.0
wp_age,1.0
wp_age,4.0
wp_age,1.0
wp_age,3.0
wp_age,6.0
wp_age,3.0
wp_age,5.0
wp_age,3.0
wp_age,5.0
wp_age,2.0
wp_age,2.0
wp_age,2.0
wp_age,3.0
wp_age,3.0
wp_age,4.0
wp_age,3.0
wp_age,4.0
wp_age,12.0
wp_age,4.0
wp_age,5.0
wp_age,2.0
wp_age,5.0
wp_age,3.0
wp_age,4.0
wp_age,6.0
wp_age,5.0
wp_age,3.0
wp_age,5.0
wp_age,3.0
wp_age,2.0
wp_age,3.0
wp_age,2.0
wp_age,3.0
wp_age,3.0
wp_age,3.0
wp_age,3.0
wp_age,4.0
wp_age,4.0
wp_age,4.0
wp_age,3.0
wp_age,6.0
wp_age,61.0
wp_age,9.0
wp_age,10.0
wp_age,2.0
wp_age,2.0
wp_age,2.0
wp_age,2.0
wp_age,2.0
wp_age,17.0
wp_age,2.0
wp_age,2.0
wp_age,2.0
wp_age,6.0
wp_age,2.0
wp_age,2.0
wp_age,2.0
wp_age,2.0
wp_age,2.0
wp_age,5.0
wp_age,2.0
wp_age,2.0
wp_age,2.0
wp_age,4.0
wp_age,2.0
wp_age,2.0
wp_age,2.0
wp_age,2.0
wp_age,2.0
wp_age,1.0
wp_age,17.0
wp_age,2.0
wp_age,2.0
wp_age,2.0
wp_age,2.0
wp_age,2.0
wp_age,2.0
wp_age,6.0
wp_age,14.0
wp_age,6.0
wp_age,2.0
wp_age,2.0
wp_age,2.0
wp_age,5.0
wp_age,5.0
wp_age,2.0
wp_age,2.0
wp_age,2.0
wp_age,6.0
wp_age,2.0
wp_age,6.0
wp_age,2.0
wp_age,6.0
wp_age,6.0
wp_age,3.0
wp_age,2.0
wp_age,9.0
wp_age,2.0
wp_age,2.0
wp_age,2.0
wp_age,2.0
wp_age,2.0
wp_age,16.0
wp_age,2.0
wp_age,2.0
wp_age,2.0
wp_age,8.0
wp_age,6.0
wp_age,4.0
wp_age,6.0
wp_age,2.0
qtypeople_wp,348.0
qtypeople_wp,265.0
qtypeople_wp,330.0
qtypeople_wp,240.0
qtypeople_wp,275.0
qtypeople_wp,325.0
qtypeople_wp,225.0
qtypeople_wp,352.0
qtypeople_wp,348.0
qtypeople_wp,235.0
qtypeople_wp,210.0
qtypeople_wp,276.0
qtypeople_wp,400.0
qtypeople_wp,282.0
qtypeople_wp,130.0
qtypeople_wp,258.0
qtypeople_wp,504.0
qtypeople_wp,294.0
qtypeople_wp,300.0
qtypeople_wp,400.0
qtypeople_wp,390.0
qtypeople_wp,500.0
qtypeople_wp,256.0
qtypeople_wp,252.0
qtypeople_wp,220.0
qtypeople_wp,188.0
qtypeople_wp,225.0
qtypeople_wp,325.0
qtypeople_wp,460.0
qtypeople_wp,250.0
qtypeople_wp,270.0
qtypeople_wp,280.0
qtypeople_wp,210.0
qtypeople_wp,377.0
qtypeople_wp,349.0
qtypeople_wp,120.0
qtypeople_wp,455.0
qtypeople_wp,318.0
qtypeople_wp,273.0
qtypeople_wp,280.0
qtypeople_wp,239.0
qtypeople_wp,210.0
qtypeople_wp,380.0
qtypeople_wp,228.0
qtypeople_wp,300.0
qtypeople_wp,532.0
qtypeople_wp,220.0
qtypeople_wp,397.0
qtypeople_wp,215.0
qtypeople_wp,270.0
qtypeople_wp,252.0
qtypeople_wp,246.0
qtypeople_wp,282.0
qtypeople_wp,248.0
qtypeople_wp,206.0
qtypeople_wp,205.0
qtypeople_wp,320.0
qtypeople_wp,265.0
qtypeople_wp,330.0
qtypeople_wp,172.0
qtypeople_wp,290.0
qtypeople_wp,425.0
qtypeople_wp,60.0
qtypeople_wp,80.0
qtypeople_wp,80.0
qtypeople_wp,140.0
qtypeople_wp,80.0
qtypeople_wp,100.0
qtypeople_wp,30.0
qtypeople_wp,100.0
qtypeople_wp,100.0
qtypeople_wp,120.0
qtypeople_wp,80.0
qtypeople_wp,80.0
qtypeople_wp,100.0
qtypeople_wp,80.0
qtypeople_wp,125.0
qtypeople_wp,100.0
qtypeople_wp,65.0
qtypeople_wp,60.0
qtypeople_wp,125.0
qtypeople_wp,60.0
qtypeople_wp,100.0
qtypeople_wp,60.0
qtypeople_wp,60.0
qtypeople_wp,100.0
qtypeople_wp,120.0
qtypeople_wp,60.0
qtypeople_wp,80.0
qtypeople_wp,20.0
qtypeople_wp,40.0
qtypeople_wp,160.0
qtypeople_wp,100.0
qtypeople_wp,80.0
qtypeople_wp,62.0
qtypeople_wp,200.0
qtypeople_wp,215.0
qtypeople_wp,700.0
qtypeople_wp,207.0
qtypeople_wp,800.0
qtypeople_wp,450.0
qtypeople_wp,198.0
qtypeople_wp,300.0
qtypeople_wp,198.0
qtypeople_wp,300.0
qtypeople_wp,500.0
qtypeople_wp,215.0
qtypeople_wp,650.0
qtypeople_wp,820.0
qtypeople_wp,500.0
qtypeople_wp,400.0
qtypeople_wp,230.0
qtypeople_wp,197.0
qtypeople_wp,200.0
qtypeople_wp,220.0
qtypeople_wp,300.0
qtypeople_wp,900.0
qtypeople_wp,800.0
qtypeople_wp,350.0
qtypeople_wp,320.0
qtypeople_wp,200.0
qtypeople_wp,160.0
qtypeople_wp,310.0
qtypeople_wp,165.0
qtypeople_wp,270.0
qtypeople_wp,280.0
qtypeople_wp,180.0
qtypeople_wp,160.0
qtypeople_wp,230.0
qtypeople_wp,380.0
qtypeople_wp,175.0
qtypeople_wp,275.0
qtypeople_wp,175.0
qtypeople_wp,160.0
qtypeople_wp,235.0
qtypeople_wp,175.0
qtypeople_wp,325.0
qtypeople_wp,255.0
qtypeople_wp,225.0
qtypeople_wp,245.0
qtypeople_wp,175.0
qtypeople_wp,240.0
qtypeople_wp,1115.0
qtypeople_wp,260.0
qtypeople_wp,225.0
qtypeople_wp,425.0
qtypeople_wp,435.0
qtypeople_wp,355.0
qtypeople_wp,160.0
qtypeople_wp,175.0
qtypeople_wp,65.0
qtypeople_wp,1400.0
qtypeople_wp,475.0
qtypeople_wp,600.0
qtypeople_wp,200.0
qtypeople_wp,905.0
qtypeople_wp,1500.0
qtypeople_wp,265.0
qtypeople_wp,150.0
qtypeople_wp,361.0
qtypeople_wp,2998.0
qtypeople_wp,780.0
qtypeople_wp,261.0
qtypeople_wp,290.0
qtypeople_wp,1100.0
qtypeople_wp,584.0
qtypeople_wp,350.0
qtypeople_wp,850.0
qtypeople_wp,115.0
qtypeople_wp,125.0
qtypeople_wp,55.0
qtypeople_wp,150.0
qtypeople_wp,450.0
qtypeople_wp,90.0
qtypeople_wp,1500.0
qtypeople_wp,116.0
qtypeople_wp,160.0
qtypeople_wp,100.0
qtypeople_wp,60.0
qtypeople_wp,485.0
qtypeople_wp,78.0
qtypeople_wp,473.0
qtypeople_wp,250.0
qtypeople_wp,200.0
qtypeople_wp,899.0
qtypeople_wp,213.0
qtypeople_wp,90.0
qtypeople_wp,261.0
qtypeople_wp,235.0
qtypeople_wp,239.0
qtypeople_wp,350.0
qtypeople_wp,2500.0
qtypeople_wp,130.0
qtypeople_wp,873.0
qtypeople_wp,510.0
qtypeople_wp,200.0
qtypeople_wp,1250.0
qtypeople_wp,350.0
qtypeople_wp,170.0
qtypeople_wp,378.0
qtypeople_wp,300.0
qtypeople_wp,250.0
qtypeople_wp,1150.0
qtypeople_wp,250.0
qtypeople_wp,425.0
qtypeople_wp,750.0
qtypeople_wp,500.0
qtypeople_wp,220.0
qtypeople_wp,236.0
qtypeople_wp,325.0
qtypeople_wp,600.0
qtypeople_wp,1000.0
qtypeople_wp,550.0
qtypeople_wp,480.0
qtypeople_wp,195.0
qtypeople_wp,150.0
qtypeople_wp,475.0
qtypeople_wp,125.0
qtypeople_wp,250.0
qtypeople_wp,713.0
qtypeople_wp,355.0
qtypeople_wp,300.0
qtypeople_wp,463.0
qtypeople_wp,267.0
qtypeople_wp,321.0
qtypeople_wp,175.0
qtypeople_wp,244.0
qtypeople_wp,260.0
qtypeople_wp,240.0
qtypeople_wp,569.0
qtypeople_wp,360.0
qtypeople_wp,210.0
qtypeople_wp,400.0
qtypeople_wp,224.0
qtypeople_wp,713.0
qtypeople_wp,327.0
qtypeople_wp,120.0
qtypeople_wp,420.0
qtypeople_wp,700.0
qtypeople_wp,1000.0
qtypeople_wp,350.0
qtypeople_wp,569.0
qtypeople_wp,290.0
qtypeople_wp,280.0
qtypeople_wp,259.0
qtypeople_wp,500.0
qtypeople_wp,500.0
qtypeople_wp,27.0
qtypeople_wp,105.0
qtypeople_wp,200.0
qtypeople_wp,268.0
qtypeople_wp,175.0
qtypeople_wp,140.0
qtypeople_wp,107.0
qtypeople_wp,223.0
qtypeople_wp,120.0
qtypeople_wp,289.0
qtypeople_wp,180.0
qtypeople_wp,323.0
qtypeople_wp,191.0
qtypeople_wp,218.0
qtypeople_wp,150.0
qtypeople_wp,120.0
qtypeople_wp,245.0
qtypeople_wp,267.0
qtypeople_wp,247.0
qtypeople_wp,175.0
qtypeople_wp,235.0
qtypeople_wp,150.0
qtypeople_wp,251.0
qtypeople_wp,167.0
qtypeople_wp,9.0
qtypeople_wp,12.0
qtypeople_wp,11.0
qtypeople_wp,5.0
qtypeople_wp,15.0
qtypeople_wp,14.0
qtypeople_wp,16.0
qtypeople_wp,2.0
qtypeople_wp,20.0
qtypeople_wp,9.0
qtypeople_wp,19.0
qtypeople_wp,2.0
qtypeople_wp,8.0
qtypeople_wp,4.0
qtypeople_wp,1.0
qtypeople_wp,7.0
qtypeople_wp,5.0
qtypeople_wp,6.0
qtypeople_wp,5.0
qtypeople_wp,7.0
qtypeople_wp,19.0
qtypeople_wp,16.0
qtypeople_wp,10.0
qtypeople_wp,22.0
qtypeople_wp,19.0
qtypeople_wp,8.0
qtypeople_wp,11.0
qtypeople_wp,21.0
qtypeople_wp,20.0
qtypeople_wp,36.0
qtypeople_wp,25.0
qtypeople_wp,26.0
qtypeople_wp,26.0
qtypeople_wp,28.0
qtypeople_wp,17.0
qtypeople_wp,19.0
qtypeople_wp,11.0
qtypeople_wp,25.0
qtypeople_wp,13.0
qtypeople_wp,11.0
qtypeople_wp,11.0
qtypeople_wp,7.0
qtypeople_wp,9.0
qtypeople_wp,6.0
qtypeople_wp,12.0
qtypeople_wp,10.0
qtypeople_wp,12.0
qtypeople_wp,20.0
qtypeople_wp,12.0
qtypeople_wp,27.0
qtypeople_wp,14.0
qtypeople_wp,14.0
qtypeople_wp,22.0
qtypeople_wp,21.0
qtypeople_wp,27.0
qtypeople_wp,21.0
qtypeople_wp,4.0
qtypeople_wp,26.0
qtypeople_wp,18.0
qtypeople_wp,19.0
qtypeople_wp,4.0
qtypeople_wp,7.0
qtypeople_wp,6.0
qtypeople_wp,9.0
qtypeople_wp,9.0
qtypeople_wp,5.0
qtypeople_wp,11.0
qtypeople_wp,4.0
qtypeople_wp,15.0
qtypeople_wp,26.0
qtypeople_wp,19.0
qtypeople_wp,6.0
qtypeople_wp,13.0
qtypeople_wp,3.0
qtypeople_wp,8.0
qtypeople_wp,12.0
qtypeople_wp,12.0
qtypeople_wp,12.0
qtypeople_wp,5.0
qtypeople_wp,10.0
qtypeople_wp,15.0
qtypeople_wp,19.0
qtypeople_wp,3.0
qtypeople_wp,26.0
qtypeople_wp,13.0
qtypeople_wp,24.0
qtypeople_wp,14.0
qtypeople_wp,5.0
qtypeople_wp,30.0
qtypeople_wp,10.0
qtypeople_wp,10.0
qtypeople_wp,24.0
qtypeople_wp,13.0
qtypeople_wp,15.0
qtypeople_wp,24.0
qtypeople_wp,33.0
qtypeople_wp,36.0
qtypeople_wp,48.0
qtypeople_wp,22.0
qtypeople_wp,30.0
qtypeople_wp,28.0
qtypeople_wp,8.0
qtypeople_wp,53.0
qtypeople_wp,3.0
qtypeople_wp,7.0
qtypeople_wp,9.0
qtypeople_wp,26.0
qtypeople_wp,11.0
qtypeople_wp,5.0
qtypeople_wp,10.0
qtypeople_wp,6.0
qtypeople_wp,11.0
qtypeople_wp,8.0
qtypeople_wp,20.0
qtypeople_wp,19.0
qtypeople_wp,9.0
qtypeople_wp,5.0
qtypeople_wp,23.0
qtypeople_wp,7.0
qtypeople_wp,12.0
qtypeople_wp,32.0
qtypeople_wp,24.0
qtypeople_wp,14.0
qtypeople_wp,6.0
qtypeople_wp,23.0
qtypeople_wp,26.0
qtypeople_wp,30.0
qtypeople_wp,14.0
qtypeople_wp,2.0
qtypeople_wp,15.0
qtypeople_wp,6.0
qtypeople_wp,11.0
qtypeople_wp,18.0
qtypeople_wp,18.0
qtypeople_wp,5.0
qtypeople_wp,10.0
qtypeople_wp,10.0
qtypeople_wp,7.0
qtypeople_wp,16.0
qtypeople_wp,16.0
qtypeople_wp,21.0
qtypeople_wp,23.0
qtypeople_wp,9.0
qtypeople_wp,12.0
qtypeople_wp,30.0
qtypeople_wp,18.0
qtypeople_wp,12.0
qtypeople_wp,7.0
qtypeople_wp,8.0
qtypeople_wp,11.0
qtypeople_wp,21.0
qtypeople_wp,14.0
qtypeople_wp,32.0
qtypeople_wp,3.0
qtypeople_wp,22.0
qtypeople_wp,26.0
qtypeople_wp,6.0
qtypeople_wp,12.0
qtypeople_wp,11.0
qtypeople_wp,10.0
qtypeople_wp,2.0
qtypeople_wp,9.0
qtypeople_wp,13.0
qtypeople_wp,17.0
qtypeople_wp,14.0
qtypeople_wp,13.0
qtypeople_wp,10.0
qtypeople_wp,15.0
qtypeople_wp,250.0
qtypeople_wp,300.0
qtypeople_wp,250.0
qtypeople_wp,55.0
qtypeople_wp,150.0
qtypeople_wp,86.0
qtypeople_wp,250.0
qtypeople_wp,227.0
qtypeople_wp,350.0
qtypeople_wp,1924.0
qtypeople_wp,550.0
qtypeople_wp,700.0
qtypeople_wp,330.0
qtypeople_wp,400.0
qtypeople_wp,310.0
qtypeople_wp,120.0
qtypeople_wp,700.0
qtypeople_wp,1500.0
qtypeople_wp,400.0
qtypeople_wp,697.0
qtypeople_wp,100.0
qtypeople_wp,300.0
qtypeople_wp,120.0
qtypeople_wp,280.0
qtypeople_wp,300.0
qtypeople_wp,84.0
qtypeople_wp,250.0
qtypeople_wp,1714.0
qtypeople_wp,350.0
qtypeople_wp,300.0
qtypeople_wp,1148.0
qtypeople_wp,816.0
qtypeople_wp,450.0
qtypeople_wp,739.0
qtypeople_wp,456.0
qtypeople_wp,400.0
qtypeople_wp,385.0
qtypeople_wp,1500.0
qtypeople_wp,68.0
qtypeople_wp,340.0
qtypeople_wp,900.0
qtypeople_wp,350.0
qtypeople_wp,360.0
qtypeople_wp,267.0
qtypeople_wp,520.0
qtypeople_wp,358.0
qtypeople_wp,420.0
qtypeople_wp,620.0
qtypeople_wp,856.0
qtypeople_wp,280.0
qtypeople_wp,800.0
qtypeople_wp,450.0
qtypeople_wp,123.0
qtypeople_wp,400.0
qtypeople_wp,540.0
qtypeople_wp,700.0
qtypeople_wp,350.0
qtypeople_wp,200.0
qtypeople_wp,800.0
qtypeople_wp,300.0
qtypeople_wp,560.0
qtypeople_wp,700.0
qtypeople_wp,360.0
qtypeople_wp,320.0
qtypeople_wp,420.0
qtypeople_wp,260.0
qtypeople_wp,400.0
qtypeople_wp,367.0
qtypeople_wp,520.0
qtypeople_wp,530.0
qtypeople_wp,374.0
qtypeople_wp,180.0
qtypeople_wp,564.0
qtypeople_wp,210.0
qtypeople_wp,600.0
qtypeople_wp,800.0
qtypeople_wp,1052.0
qtypeople_wp,200.0
qtypeople_wp,400.0
qtypeople_wp,230.0
qtypeople_wp,340.0
qtypeople_wp,800.0
qtypeople_wp,1200.0
qtypeople_wp,275.0
qtypeople_wp,300.0
qtypeople_wp,600.0
qtypeople_wp,500.0
qtypeople_wp,320.0
qtypeople_wp,700.0
qtypeople_wp,280.0
qtypeople_wp,360.0
qtypeople_wp,375.0
qtypeople_wp,520.0
qtypeople_wp,288.0
qtypeople_wp,300.0
qtypeople_wp,1000.0
qtypeople_wp,350.0
qtypeople_wp,585.0
qtypeople_wp,1250.0
qtypeople_wp,182.0
qtypeople_wp,1830.0
qtypeople_wp,211.0
qtypeople_wp,900.0
qtypeople_wp,619.0
qtypeople_wp,300.0
qtypeople_wp,284.0
qtypeople_wp,435.0
qtypeople_wp,500.0
qtypeople_wp,550.0
qtypeople_wp,219.0
qtypeople_wp,650.0
qtypeople_wp,182.0
qtypeople_wp,750.0
qtypeople_wp,849.0
qtypeople_wp,422.0
qtypeople_wp,274.0
qtypeople_wp,600.0
qtypeople_wp,450.0
qtypeople_wp,122.0
qtypeople_wp,197.0
qtypeople_wp,289.0
qtypeople_wp,700.0
qtypeople_wp,327.0
qtypeople_wp,480.0
qtypeople_wp,1284.0
qtypeople_wp,1000.0
qtypeople_wp,1650.0
qtypeople_wp,700.0
qtypeople_wp,900.0
qtypeople_wp,1200.0
qtypeople_wp,820.0
qtypeople_wp,476.0
qtypeople_wp,632.0
qtypeople_wp,650.0
qtypeople_wp,784.0
qtypeople_wp,1235.0
qtypeople_wp,240.0
qtypeople_wp,264.0
qtypeople_wp,1832.0
qtypeople_wp,272.0
qtypeople_wp,532.0
qtypeople_wp,560.0
qtypeople_wp,512.0
qtypeople_wp,517.0
qtypeople_wp,246.0
qtypeople_wp,84.0
qtypeople_wp,180.0
qtypeople_wp,120.0
qtypeople_wp,720.0
qtypeople_wp,650.0
qtypeople_wp,800.0
qtypeople_wp,300.0
qtypeople_wp,730.0
qtypeople_wp,1221.0
qtypeople_wp,160.0
qtypeople_wp,1500.0
qtypeople_wp,258.0
qtypeople_wp,450.0
qtypeople_wp,1850.0
qtypeople_wp,271.0
qtypeople_wp,389.0
qtypeople_wp,870.0
qtypeople_wp,340.0
qtypeople_wp,850.0
qtypeople_wp,314.0
qtypeople_wp,180.0
qtypeople_wp,301.0
qtypeople_wp,689.0
qtypeople_wp,1000.0
qtypeople_wp,950.0
qtypeople_wp,364.0
qtypeople_wp,589.0
qtypeople_wp,289.0
qtypeople_wp,342.0
qtypeople_wp,342.0
qtypeople_wp,570.0
qtypeople_wp,312.0
qtypeople_wp,1300.0
qtypeople_wp,600.0
qtypeople_wp,1312.0
qtypeople_wp,568.0
qtypeople_wp,283.0
qtypeople_wp,360.0
qtypeople_wp,420.0
qtypeople_wp,290.0
qtypeople_wp,305.0
qtypeople_wp,655.0
qtypeople_wp,607.0
qtypeople_wp,1400.0
qtypeople_wp,450.0
qtypeople_wp,521.0
qtypeople_wp,1441.0
qtypeople_wp,461.0
qtypeople_wp,421.0
qtypeople_wp,296.0
qtypeople_wp,940.0
qtypeople_wp,386.0
qtypeople_wp,180.0
qtypeople_wp,301.0
qtypeople_wp,600.0
qtypeople_wp,486.0
qtypeople_wp,285.0
qtypeople_wp,372.0
qtypeople_wp,345.0
qtypeople_wp,474.0
qtypeople_wp,452.0
qtypeople_wp,612.0
qtypeople_wp,372.0
qtypeople_wp,412.0
qtypeople_wp,3001.0
qtypeople_wp,1200.0
qtypeople_wp,722.0
qtypeople_wp,252.0
qtypeople_wp,539.0
qtypeople_wp,395.0
qtypeople_wp,400.0
qtypeople_wp,232.0
qtypeople_wp,580.0
qtypeople_wp,180.0
qtypeople_wp,246.0
qtypeople_wp,321.0
qtypeople_wp,227.0
qtypeople_wp,238.0
qtypeople_wp,166.0
qtypeople_wp,1600.0
qtypeople_wp,210.0
qtypeople_wp,640.0
qtypeople_wp,458.0
qtypeople_wp,540.0
qtypeople_wp,455.0
qtypeople_wp,528.0
qtypeople_wp,700.0
qtypeople_wp,630.0
qtypeople_wp,700.0
qtypeople_wp,321.0
qtypeople_wp,750.0
qtypeople_wp,590.0
qtypeople_wp,690.0
qtypeople_wp,420.0
qtypeople_wp,560.0
qtypeople_wp,750.0
qtypeople_wp,302.0
qtypeople_wp,950.0
qtypeople_wp,198.0
qtypeople_wp,450.0
qtypeople_wp,780.0
qtypeople_wp,512.0
qtypeople_wp,470.0
qtypeople_wp,650.0
qtypeople_wp,427.0
qtypeople_wp,462.0
qtypeople_wp,534.0
qtypeople_wp,392.0
qtypeople_wp,159.0
qtypeople_wp,178.0
qtypeople_wp,318.0
qtypeople_wp,752.0
qtypeople_wp,469.0
qtypeople_wp,680.0
qtypeople_wp,760.0
qtypeople_wp,218.0
qtypeople_wp,195.0
qtypeople_wp,182.0
qtypeople_wp,56.0
qtypeople_wp,289.0
qtypeople_wp,286.0
qtypeople_wp,178.0
qtypeople_wp,309.0
qtypeople_wp,467.0
qtypeople_wp,360.0
qtypeople_wp,708.0
qtypeople_wp,362.0
qtypeople_wp,510.0
qtypeople_wp,960.0
qtypeople_wp,900.0
qtypeople_wp,1500.0
qtypeople_wp,490.0
qtypeople_wp,800.0
qtypeople_wp,1250.0
qtypeople_wp,433.0
qtypeople_wp,380.0
qtypeople_wp,846.0
qtypeople_wp,600.0
qtypeople_wp,780.0
qtypeople_wp,494.0
qtypeople_wp,354.0
qtypeople_wp,200.0
qtypeople_wp,413.0
qtypeople_wp,348.0
qtypeople_wp,521.0
qtypeople_wp,850.0
qtypeople_wp,304.0
qtypeople_wp,620.0
qtypeople_wp,780.0
qtypeople_wp,620.0
qtypeople_wp,780.0
qtypeople_wp,652.0
qtypeople_wp,659.0
qtypeople_wp,753.0
qtypeople_wp,560.0
qtypeople_wp,483.0
qtypeople_wp,560.0
qtypeople_wp,546.0
qtypeople_wp,368.0
qtypeople_wp,351.0
qtypeople_wp,1253.0
qtypeople_wp,390.0
qtypeople_wp,690.0
qtypeople_wp,760.0
qtypeople_wp,300.0
qtypeople_wp,480.0
qtypeople_wp,800.0
qtypeople_wp,390.0
qtypeople_wp,208.0
qtypeople_wp,550.0
qtypeople_wp,513.0
qtypeople_wp,510.0
qtypeople_wp,390.0
qtypeople_wp,408.0
qtypeople_wp,250.0
qtypeople_wp,248.0
qtypeople_wp,547.0
qtypeople_wp,338.0
qtypeople_wp,536.0
qtypeople_wp,750.0
qtypeople_wp,1900.0
qtypeople_wp,456.0
qtypeople_wp,600.0
qtypeople_wp,750.0
qtypeople_wp,800.0
qtypeople_wp,500.0
qtypeople_wp,393.0
qtypeople_wp,700.0
qtypeople_wp,1500.0
qtypeople_wp,630.0
qtypeople_wp,256.0
qtypeople_wp,400.0
qtypeople_wp,361.0
qtypeople_wp,335.0
qtypeople_wp,600.0
qtypeople_wp,2000.0
qtypeople_wp,4000.0
qtypeople_wp,405.0
qtypeople_wp,1008.0
qtypeople_wp,550.0
qtypeople_wp,395.0
qtypeople_wp,523.0
qtypeople_wp,375.0
qtypeople_wp,600.0
qtypeople_wp,351.0
qtypeople_wp,571.0
qtypeople_wp,458.0
qtypeople_wp,190.0
qtypeople_wp,3000.0
qtypeople_wp,500.0
qtypeople_wp,672.0
qtypeople_wp,420.0
qtypeople_wp,960.0
qtypeople_wp,370.0
qtypeople_wp,360.0
qtypeople_wp,652.0
qtypeople_wp,586.0
qtypeople_wp,450.0
qtypeople_wp,350.0
qtypeople_wp,600.0
qtypeople_wp,623.0
qtypeople_wp,480.0
qtypeople_wp,252.0
qtypeople_wp,665.0
qtypeople_wp,900.0
qtypeople_wp,1680.0
qtypeople_wp,712.0
qtypeople_wp,1800.0
qtypeople_wp,70.0
qtypeople_wp,370.0
qtypeople_wp,589.0
qtypeople_wp,300.0
qtypeople_wp,390.0
qtypeople_wp,670.0
qtypeople_wp,500.0
qtypeople_wp,400.0
qtypeople_wp,130.0
qtypeople_wp,368.0
qtypeople_wp,130.0
qtypeople_wp,520.0
qtypeople_wp,912.0
qtypeople_wp,548.0
qtypeople_wp,720.0
qtypeople_wp,33.0
qtypeople_wp,331.0
qtypeople_wp,760.0
qtypeople_wp,437.0
qtypeople_wp,734.0
qtypeople_wp,208.0
qtypeople_wp,296.0
qtypeople_wp,1127.0
qtypeople_wp,105.0
qtypeople_wp,211.0
qtypeople_wp,297.0
qtypeople_wp,196.0
qtypeople_wp,513.0
qtypeople_wp,500.0
qtypeople_wp,560.0
qtypeople_wp,1250.0
qtypeople_wp,1475.0
qtypeople_wp,200.0
qtypeople_wp,150.0
qtypeople_wp,115.0
qtypeople_wp,250.0
qtypeople_wp,100.0
qtypeople_wp,250.0
qtypeople_wp,150.0
qtypeople_wp,150.0
qtypeople_wp,100.0
qtypeople_wp,300.0
qtypeople_wp,200.0
qtypeople_wp,500.0
qtypeople_wp,250.0
qtypeople_wp,250.0
qtypeople_wp,40.0
qtypeople_wp,250.0
qtypeople_wp,100.0
qtypeople_wp,40.0
qtypeople_wp,250.0
qtypeople_wp,280.0
qtypeople_wp,42.0
qtypeople_wp,40.0
qtypeople_wp,150.0
qtypeople_wp,250.0
qtypeople_wp,60.0
qtypeople_wp,450.0
qtypeople_wp,70.0
qtypeople_wp,380.0
qtypeople_wp,100.0
qtypeople_wp,30.0
qtypeople_wp,250.0
qtypeople_wp,300.0
qtypeople_wp,25.0
qtypeople_wp,61.0
qtypeople_wp,35.0
qtypeople_wp,200.0
qtypeople_wp,58.0
qtypeople_wp,63.0
qtypeople_wp,30.0
qtypeople_wp,150.0
qtypeople_wp,250.0
qtypeople_wp,250.0
qtypeople_wp,350.0
qtypeople_wp,180.0
qtypeople_wp,200.0
qtypeople_wp,80.0
qtypeople_wp,220.0
qtypeople_wp,50.0
qtypeople_wp,150.0
qtypeople_wp,250.0
qtypeople_wp,250.0
qtypeople_wp,80.0
qtypeople_wp,80.0
qtypeople_wp,250.0
qtypeople_wp,46.0
qtypeople_wp,125.0
qtypeople_wp,40.0
qtypeople_wp,160.0
qtypeople_wp,1000.0
qtypeople_wp,40.0
qtypeople_wp,300.0
qtypeople_wp,70.0
qtypeople_wp,350.0
qtypeople_wp,200.0
qtypeople_wp,200.0
qtypeople_wp,200.0
qtypeople_wp,300.0
qtypeople_wp,400.0
qtypeople_wp,300.0
qtypeople_wp,250.0
qtypeople_wp,500.0
qtypeople_wp,180.0
qtypeople_wp,150.0
qtypeople_wp,300.0
qtypeople_wp,150.0
qtypeople_wp,150.0
qtypeople_wp,300.0
qtypeople_wp,150.0
qtypeople_wp,400.0
qtypeople_wp,100.0
qtypeople_wp,300.0
qtypeople_wp,350.0
qtypeople_wp,100.0
qtypeople_wp,250.0
qtypeople_wp,250.0
qtypeople_wp,200.0
qtypeople_wp,1000.0
qtypeople_wp,250.0
qtypeople_wp,350.0
qtypeople_wp,150.0
qtypeople_wp,150.0
qtypeople_wp,300.0
qtypeople_wp,700.0
qtypeople_wp,100.0
qtypeople_wp,1009.0
qtypeople_wp,150.0
qtypeople_wp,1300.0
qtypeople_wp,1700.0
qtypeople_wp,345.0
qtypeople_wp,60.0
qtypeople_wp,100.0
qtypeople_wp,300.0
qtypeople_wp,243.0
qtypeople_wp,100.0
qtypeople_wp,100.0
qtypeople_wp,100.0
qtypeople_wp,100.0
qtypeople_wp,200.0
qtypeople_wp,500.0
qtypeople_wp,300.0
qtypeople_wp,0.0
qtypeople_wp,400.0
qtypeople_wp,600.0
qtypeople_wp,500.0
qtypeople_wp,160.0
qtypeople_wp,100.0
qtypeople_wp,130.0
qtypeople_wp,150.0
qtypeople_wp,900.0
qtypeople_wp,120.0
qtypeople_wp,604.0
qtypeople_wp,300.0
qtypeople_wp,800.0
qtypeople_wp,300.0
qtypeople_wp,250.0
qtypeople_wp,220.0
qtypeople_wp,300.0
qtypeople_wp,230.0
qtypeople_wp,300.0
qtypeople_wp,220.0
qtypeople_wp,250.0
qtypeople_wp,400.0
qtypeople_wp,250.0
qtypeople_wp,100.0
qtypeople_wp,130.0
qtypeople_wp,200.0
qtypeople_wp,80.0
qtypeople_wp,50.0
qtypeople_wp,150.0
qtypeople_wp,100.0
qtypeople_wp,200.0
qtypeople_wp,178.0
qtypeople_wp,220.0
qtypeople_wp,450.0
qtypeople_wp,460.0
qtypeople_wp,730.0
qtypeople_wp,730.0
qtypeople_wp,150.0
qtypeople_wp,600.0
qtypeople_wp,100.0
qtypeople_wp,150.0
qtypeople_wp,250.0
qtypeople_wp,80.0
qtypeople_wp,760.0
qtypeople_wp,0.0
qtypeople_wp,450.0
qtypeople_wp,205.0
qtypeople_wp,120.0
qtypeople_wp,105.0
qtypeople_wp,175.0
qtypeople_wp,0.0
qtypeople_wp,434.0
qtypeople_wp,200.0
qtypeople_wp,500.0
qtypeople_wp,300.0
qtypeople_wp,500.0
qtypeople_wp,650.0
qtypeople_wp,0.0
qtypeople_wp,200.0
qtypeople_wp,150.0
qtypeople_wp,200.0
qtypeople_wp,140.0
qtypeople_wp,956.0
qtypeople_wp,163.0
qtypeople_wp,142.0
qtypeople_wp,310.0
qtypeople_wp,116.0
qtypeople_wp,50.0
qtypeople_wp,400.0
qtypeople_wp,500.0
qtypeople_wp,800.0
qtypeople_wp,200.0
qtypeople_wp,100.0
qtypeople_wp,150.0
qtypeople_wp,301.0
qtypeople_wp,150.0
qtypeople_wp,100.0
qtypeople_wp,108.0
qtypeople_wp,246.0
qtypeople_wp,100.0
qtypeople_wp,533.0
qtypeople_wp,283.0
qtypeople_wp,100.0
qtypeople_wp,0.0
qtypeople_wp,200.0
qtypeople_wp,50.0
qtypeople_wp,800.0
qtypeople_wp,573.0
qtypeople_wp,225.0
qtypeople_wp,1000.0
qtypeople_wp,115.0
qtypeople_wp,175.0
qtypeople_wp,124.0
qtypeople_wp,105.0
qtypeople_wp,600.0
qtypeople_wp,120.0
qtypeople_wp,215.0
qtypeople_wp,110.0
qtypeople_wp,150.0
qtypeople_wp,155.0
qtypeople_wp,300.0
qtypeople_wp,200.0
qtypeople_wp,200.0
qtypeople_wp,500.0
qtypeople_wp,200.0
qtypeople_wp,150.0
qtypeople_wp,20.0
qtypeople_wp,150.0
qtypeople_wp,70.0
qtypeople_wp,70.0
qtypeople_wp,219.0
qtypeople_wp,369.0
qtypeople_wp,100.0
qtypeople_wp,112.0
qtypeople_wp,1186.0
qtypeople_wp,115.0
qtypeople_wp,97.0
qtypeople_wp,59.0
qtypeople_wp,137.0
qtypeople_wp,111.0
qtypeople_wp,300.0
qtypeople_wp,572.0
qtypeople_wp,400.0
qtypeople_wp,365.0
qtypeople_wp,240.0
qtypeople_wp,500.0
qtypeople_wp,500.0
qtypeople_wp,110.0
qtypeople_wp,185.0
qtypeople_wp,300.0
qtypeople_wp,192.0
qtypeople_wp,516.0
qtypeople_wp,361.0
qtypeople_wp,742.0
qtypeople_wp,675.0
qtypeople_wp,1200.0
qtypeople_wp,696.0
qtypeople_wp,650.0
qtypeople_wp,492.0
qtypeople_wp,306.0
qtypeople_wp,360.0
qtypeople_wp,312.0
qtypeople_wp,230.0
qtypeople_wp,430.0
qtypeople_wp,746.0
qtypeople_wp,750.0
qtypeople_wp,418.0
qtypeople_wp,192.0
qtypeople_wp,150.0
qtypeople_wp,456.0
qtypeople_wp,700.0
qtypeople_wp,325.0
qtypeople_wp,425.0
qtypeople_wp,480.0
qtypeople_wp,345.0
qtypeople_wp,275.0
qtypeople_wp,1050.0
qtypeople_wp,260.0
qtypeople_wp,225.0
qtypeople_wp,1660.0
qtypeople_wp,336.0
qtypeople_wp,475.0
qtypeople_wp,1120.0
qtypeople_wp,269.0
qtypeople_wp,1000.0
qtypeople_wp,522.0
qtypeople_wp,456.0
qtypeople_wp,450.0
qtypeople_wp,216.0
qtypeople_wp,232.0
qtypeople_wp,618.0
qtypeople_wp,564.0
qtypeople_wp,768.0
qtypeople_wp,618.0
qtypeople_wp,792.0
qtypeople_wp,435.0
qtypeople_wp,322.0
qtypeople_wp,300.0
qtypeople_wp,400.0
qtypeople_wp,636.0
qtypeople_wp,648.0
qtypeople_wp,750.0
qtypeople_wp,588.0
qtypeople_wp,516.0
qtypeople_wp,300.0
qtypeople_wp,576.0
qtypeople_wp,618.0
qtypeople_wp,162.0
qtypeople_wp,155.0
qtypeople_wp,168.0
qtypeople_wp,107.0
qtypeople_wp,654.0
qtypeople_wp,738.0
qtypeople_wp,440.0
qtypeople_wp,574.0
qtypeople_wp,252.0
qtypeople_wp,190.0
qtypeople_wp,142.0
qtypeople_wp,200.0
qtypeople_wp,275.0
qtypeople_wp,225.0
qtypeople_wp,402.0
qtypeople_wp,432.0
qtypeople_wp,325.0
qtypeople_wp,636.0
qtypeople_wp,444.0
qtypeople_wp,476.0
qtypeople_wp,200.0
qtypeople_wp,615.0
qtypeople_wp,120.0
qtypeople_wp,325.0
qtypeople_wp,120.0
qtypeople_wp,500.0
qtypeople_wp,650.0
qtypeople_wp,886.0
qtypeople_wp,660.0
qtypeople_wp,710.0
qtypeople_wp,685.0
qtypeople_wp,225.0
qtypeople_wp,1050.0
qtypeople_wp,150.0
qtypeople_wp,175.0
qtypeople_wp,365.0
qtypeople_wp,210.0
qtypeople_wp,212.0
qtypeople_wp,1350.0
qtypeople_wp,475.0
qtypeople_wp,270.0
qtypeople_wp,375.0
qtypeople_wp,380.0
qtypeople_wp,200.0
qtypeople_wp,420.0
qtypeople_wp,155.0
qtypeople_wp,225.0
qtypeople_wp,330.0
qtypeople_wp,135.0
qtypeople_wp,500.0
qtypeople_wp,170.0
qtypeople_wp,300.0
qtypeople_wp,165.0
qtypeople_wp,130.0
qtypeople_wp,300.0
qtypeople_wp,105.0
qtypeople_wp,295.0
qtypeople_wp,205.0
qtypeople_wp,125.0
qtypeople_wp,165.0
qtypeople_wp,500.0
qtypeople_wp,200.0
qtypeople_wp,75.0
qtypeople_wp,175.0
qtypeople_wp,125.0
qtypeople_wp,50.0
qtypeople_wp,250.0
qtypeople_wp,300.0
qtypeople_wp,50.0
qtypeople_wp,25.0
qtypeople_wp,300.0
qtypeople_wp,20.0
qtypeople_wp,150.0
qtypeople_wp,180.0
qtypeople_wp,200.0
qtypeople_wp,80.0
qtypeople_wp,100.0
qtypeople_wp,250.0
qtypeople_wp,175.0
qtypeople_wp,256.0
qtypeople_wp,300.0
qtypeople_wp,185.0
qtypeople_wp,75.0
qtypeople_wp,130.0
qtypeople_wp,400.0
qtypeople_wp,250.0
qtypeople_wp,110.0
qtypeople_wp,80.0
qtypeople_wp,210.0
qtypeople_wp,210.0
qtypeople_wp,185.0
qtypeople_wp,170.0
qtypeople_wp,89.0
qtypeople_wp,250.0
qtypeople_wp,107.0
qtypeople_wp,140.0
qtypeople_wp,200.0
qtypeople_wp,345.0
qtypeople_wp,112.0
qtypeople_wp,125.0
qtypeople_wp,250.0
qtypeople_wp,200.0
qtypeople_wp,650.0
qtypeople_wp,250.0
qtypeople_wp,200.0
qtypeople_wp,100.0
qtypeople_wp,125.0
qtypeople_wp,207.0
qtypeople_wp,176.0
qtypeople_wp,100.0
qtypeople_wp,375.0
qtypeople_wp,140.0
qtypeople_wp,250.0
qtypeople_wp,110.0
qtypeople_wp,100.0
qtypeople_wp,200.0
qtypeople_wp,315.0
qtypeople_wp,280.0
qtypeople_wp,105.0
qtypeople_wp,506.0
qtypeople_wp,192.0
qtypeople_wp,1052.0
qtypeople_wp,300.0
qtypeople_wp,1250.0
qtypeople_wp,250.0
qtypeople_wp,312.0
qtypeople_wp,100.0
qtypeople_wp,260.0
qtypeople_wp,150.0
qtypeople_wp,260.0
qtypeople_wp,150.0
qtypeople_wp,350.0
qtypeople_wp,2334.0
qtypeople_wp,350.0
qtypeople_wp,390.0
qtypeople_wp,300.0
qtypeople_wp,450.0
qtypeople_wp,322.0
qtypeople_wp,350.0
qtypeople_wp,329.0
qtypeople_wp,215.0
qtypeople_wp,250.0
qtypeople_wp,400.0
qtypeople_wp,220.0
qtypeople_wp,157.0
qtypeople_wp,700.0
qtypeople_wp,350.0
qtypeople_wp,250.0
qtypeople_wp,200.0
qtypeople_wp,136.0
qtypeople_wp,300.0
qtypeople_wp,180.0
qtypeople_wp,853.0
qtypeople_wp,300.0
qtypeople_wp,300.0
qtypeople_wp,400.0
qtypeople_wp,225.0
qtypeople_wp,200.0
qtypeople_wp,610.0
qtypeople_wp,300.0
qtypeople_wp,190.0
qtypeople_wp,420.0
qtypeople_wp,318.0
qtypeople_wp,300.0
qtypeople_wp,200.0
qtypeople_wp,340.0
qtypeople_wp,2600.0
qtypeople_wp,184.0
qtypeople_wp,250.0
qtypeople_wp,180.0
qtypeople_wp,260.0
qtypeople_wp,300.0
qtypeople_wp,850.0
qtypeople_wp,469.0
qtypeople_wp,1016.0
qtypeople_wp,375.0
qtypeople_wp,620.0
qtypeople_wp,120.0
qtypeople_wp,1200.0
qtypeople_wp,350.0
qtypeople_wp,300.0
qtypeople_wp,1200.0
qtypeople_wp,300.0
qtypeople_wp,322.0
qtypeople_wp,1216.0
qtypeople_wp,490.0
qtypeople_wp,1209.0
qtypeople_wp,425.0
qtypeople_wp,140.0
qtypeople_wp,256.0
qtypeople_wp,150.0
qtypeople_wp,200.0
qtypeople_wp,250.0
qtypeople_wp,180.0
qtypeople_wp,350.0
qtypeople_wp,120.0
qtypeople_wp,400.0
qtypeople_wp,300.0
qtypeople_wp,406.0
qtypeople_wp,480.0
qtypeople_wp,485.0
qtypeople_wp,325.0
qtypeople_wp,430.0
qtypeople_wp,190.0
qtypeople_wp,1000.0
qtypeople_wp,450.0
qtypeople_wp,421.0
qtypeople_wp,260.0
qtypeople_wp,329.0
qtypeople_wp,300.0
qtypeople_wp,30.0
qtypeople_wp,250.0
qtypeople_wp,300.0
qtypeople_wp,70.0
qtypeople_wp,115.0
qtypeople_wp,75.0
qtypeople_wp,175.0
qtypeople_wp,150.0
qtypeople_wp,1500.0
qtypeople_wp,105.0
qtypeople_wp,245.0
qtypeople_wp,279.0
qtypeople_wp,140.0
qtypeople_wp,200.0
qtypeople_wp,230.0
qtypeople_wp,640.0
qtypeople_wp,300.0
qtypeople_wp,450.0
qtypeople_wp,800.0
qtypeople_wp,600.0
qtypeople_wp,140.0
qtypeople_wp,50.0
qtypeople_wp,250.0
qtypeople_wp,50.0
qtypeople_wp,250.0
qtypeople_wp,250.0
qtypeople_wp,301.0
qtypeople_wp,430.0
qtypeople_wp,300.0
qtypeople_wp,140.0
qtypeople_wp,100.0
qtypeople_wp,376.0
qtypeople_wp,90.0
qtypeople_wp,100.0
qtypeople_wp,1800.0
qtypeople_wp,280.0
qtypeople_wp,220.0
qtypeople_wp,200.0
qtypeople_wp,350.0
qtypeople_wp,1500.0
qtypeople_wp,200.0
qtypeople_wp,300.0
qtypeople_wp,150.0
qtypeople_wp,100.0
qtypeople_wp,250.0
qtypeople_wp,200.0
qtypeople_wp,434.0
qtypeople_wp,3000.0
qtypeople_wp,200.0
qtypeople_wp,200.0
qtypeople_wp,200.0
qtypeople_wp,560.0
qtypeople_wp,861.0
qtypeople_wp,700.0
qtypeople_wp,200.0
qtypeople_wp,600.0
qtypeople_wp,80.0
qtypeople_wp,100.0
qtypeople_wp,601.0
qtypeople_wp,700.0
qtypeople_wp,300.0
qtypeople_wp,350.0
qtypeople_wp,1500.0
qtypeople_wp,800.0
qtypeople_wp,560.0
qtypeople_wp,120.0
qtypeople_wp,150.0
qtypeople_wp,12.0
qtypeople_wp,200.0
qtypeople_wp,200.0
qtypeople_wp,300.0
qtypeople_wp,300.0
qtypeople_wp,200.0
qtypeople_wp,200.0
qtypeople_wp,200.0
qtypeople_wp,70.0
qtypeople_wp,500.0
qtypeople_wp,500.0
qtypeople_wp,20.0
qtypeople_wp,19.0
qtypeople_wp,250.0
qtypeople_wp,100.0
qtypeople_wp,100.0
qtypeople_wp,120.0
qtypeople_wp,120.0
qtypeople_wp,120.0
qtypeople_wp,120.0
qtypeople_wp,450.0
qtypeople_wp,3000.0
qtypeople_wp,5000.0
qtypeople_wp,250.0
qtypeople_wp,300.0
qtypeople_wp,650.0
qtypeople_wp,160.0
qtypeople_wp,50.0
qtypeople_wp,150.0
qtypeople_wp,70.0
qtypeople_wp,3.0
qtypeople_wp,17.0
qtypeople_wp,5.0
qtypeople_wp,18.0
qtypeople_wp,17.0
qtypeople_wp,5.0
qtypeople_wp,7.0
qtypeople_wp,23.0
qtypeople_wp,7.0
qtypeople_wp,17.0
qtypeople_wp,14.0
qtypeople_wp,33.0
qtypeople_wp,2.0
qtypeople_wp,19.0
qtypeople_wp,4.0
qtypeople_wp,7.0
qtypeople_wp,17.0
qtypeople_wp,13.0
qtypeople_wp,10.0
qtypeople_wp,4.0
qtypeople_wp,5.0
qtypeople_wp,14.0
qtypeople_wp,20.0
qtypeople_wp,25.0
qtypeople_wp,6.0
qtypeople_wp,14.0
qtypeople_wp,7.0
qtypeople_wp,9.0
qtypeople_wp,14.0
qtypeople_wp,4.0
qtypeople_wp,5.0
qtypeople_wp,8.0
qtypeople_wp,6.0
qtypeople_wp,7.0
qtypeople_wp,24.0
qtypeople_wp,13.0
qtypeople_wp,7.0
qtypeople_wp,11.0
qtypeople_wp,11.0
qtypeople_wp,12.0
qtypeople_wp,10.0
qtypeople_wp,8.0
qtypeople_wp,8.0
qtypeople_wp,13.0
qtypeople_wp,4.0
qtypeople_wp,10.0
qtypeople_wp,20.0
qtypeople_wp,6.0
qtypeople_wp,13.0
qtypeople_wp,8.0
qtypeople_wp,13.0
qtypeople_wp,24.0
qtypeople_wp,20.0
qtypeople_wp,13.0
qtypeople_wp,9.0
qtypeople_wp,10.0
qtypeople_wp,5.0
qtypeople_wp,14.0
qtypeople_wp,2.0
qtypeople_wp,18.0
qtypeople_wp,5.0
qtypeople_wp,10.0
qtypeople_wp,5.0
qtypeople_wp,5.0
qtypeople_wp,2.0
qtypeople_wp,12.0
qtypeople_wp,13.0
qtypeople_wp,5.0
qtypeople_wp,4.0
qtypeople_wp,9.0
qtypeople_wp,12.0
qtypeople_wp,3.0
qtypeople_wp,10.0
qtypeople_wp,15.0
qtypeople_wp,10.0
qtypeople_wp,6.0
qtypeople_wp,13.0
qtypeople_wp,6.0
qtypeople_wp,7.0
qtypeople_wp,10.0
qtypeople_wp,15.0
qtypeople_wp,11.0
qtypeople_wp,5.0
qtypeople_wp,5.0
qtypeople_wp,11.0
qtypeople_wp,25.0
qtypeople_wp,9.0
qtypeople_wp,15.0
qtypeople_wp,5.0
qtypeople_wp,19.0
qtypeople_wp,7.0
qtypeople_wp,10.0
qtypeople_wp,11.0
qtypeople_wp,6.0
qtypeople_wp,6.0
qtypeople_wp,4.0
qtypeople_wp,4.0
qtypeople_wp,21.0
qtypeople_wp,7.0
qtypeople_wp,8.0
qtypeople_wp,6.0
qtypeople_wp,2.0
qtypeople_wp,12.0
qtypeople_wp,12.0
qtypeople_wp,4.0
qtypeople_wp,4.0
qtypeople_wp,6.0
qtypeople_wp,15.0
qtypeople_wp,7.0
qtypeople_wp,7.0
qtypeople_wp,9.0
qtypeople_wp,26.0
qtypeople_wp,11.0
qtypeople_wp,21.0
qtypeople_wp,19.0
qtypeople_wp,25.0
qtypeople_wp,10.0
qtypeople_wp,10.0
qtypeople_wp,5.0
qtypeople_wp,5.0
qtypeople_wp,6.0
qtypeople_wp,29.0
qtypeople_wp,7.0
qtypeople_wp,7.0
qtypeople_wp,2.0
qtypeople_wp,22.0
qtypeople_wp,11.0
qtypeople_wp,8.0
qtypeople_wp,4.0
qtypeople_wp,63.0
qtypeople_wp,19.0
qtypeople_wp,5.0
qtypeople_wp,15.0
qtypeople_wp,5.0
qtypeople_wp,14.0
qtypeople_wp,13.0
qtypeople_wp,7.0
qtypeople_wp,2.0
qtypeople_wp,21.0
qtypeople_wp,12.0
qtypeople_wp,7.0
qtypeople_wp,7.0
qtypeople_wp,10.0
qtypeople_wp,8.0
qtypeople_wp,14.0
qtypeople_wp,16.0
qtypeople_wp,8.0
qtypeople_wp,7.0
qtypeople_wp,40.0
qtypeople_wp,28.0
qtypeople_wp,25.0
qtypeople_wp,41.0
qtypeople_wp,3.0
qtypeople_wp,85.0
qtypeople_wp,49.0
qtypeople_wp,39.0
qtypeople_wp,54.0
qtypeople_wp,28.0
qtypeople_wp,867.0
qtypeople_wp,300.0
qtypeople_wp,250.0
qtypeople_wp,608.0
qtypeople_wp,230.0
qtypeople_wp,400.0
qtypeople_wp,78.0
qtypeople_wp,200.0
qtypeople_wp,2500.0
qtypeople_wp,81.0
qtypeople_wp,500.0
qtypeople_wp,750.0
qtypeople_wp,300.0
qtypeople_wp,1456.0
qtypeople_wp,4200.0
qtypeople_wp,200.0
qtypeople_wp,320.0
qtypeople_wp,200.0
qtypeople_wp,250.0
qtypeople_wp,562.0
qtypeople_wp,420.0
qtypeople_wp,150.0
qtypeople_wp,71.0
qtypeople_wp,695.0
qtypeople_wp,745.0
qtypeople_wp,170.0
qtypeople_wp,258.0
qtypeople_wp,59.0
qtypeople_wp,70.0
qtypeople_wp,210.0
qtypeople_wp,125.0
qtypeople_wp,556.0
qtypeople_wp,750.0
qtypeople_wp,550.0
qtypeople_wp,200.0
qtypeople_wp,450.0
qtypeople_wp,760.0
qtypeople_wp,5.0
qtypeople_wp,70.0
qtypeople_wp,110.0
qtypeople_wp,230.0
qtypeople_wp,120.0
qtypeople_wp,180.0
qtypeople_wp,112.0
qtypeople_wp,186.0
qtypeople_wp,180.0
qtypeople_wp,720.0
qtypeople_wp,60.0
qtypeople_wp,40.0
qtypeople_wp,25.0
qtypeople_wp,350.0
qtypeople_wp,100.0
qtypeople_wp,400.0
qtypeople_wp,185.0
qtypeople_wp,75.0
qtypeople_wp,110.0
qtypeople_wp,80.0
qtypeople_wp,146.0
qtypeople_wp,100.0
qtypeople_wp,90.0
qtypeople_wp,178.0
qtypeople_wp,150.0
qtypeople_wp,95.0
qtypeople_wp,54.0
qtypeople_wp,60.0
qtypeople_wp,190.0
qtypeople_wp,160.0
qtypeople_wp,127.0
qtypeople_wp,89.0
qtypeople_wp,160.0
qtypeople_wp,100.0
qtypeople_wp,120.0
qtypeople_wp,2460.0
qtypeople_wp,72.0
qtypeople_wp,100.0
qtypeople_wp,240.0
qtypeople_wp,25.0
qtypeople_wp,20.0
qtypeople_wp,1500.0
qtypeople_wp,4000.0
qtypeople_wp,1500.0
qtypeople_wp,600.0
qtypeople_wp,586.0
qtypeople_wp,252.0
qtypeople_wp,304.0
qtypeople_wp,610.0
qtypeople_wp,350.0
qtypeople_wp,600.0
qtypeople_wp,1400.0
qtypeople_wp,180.0
qtypeople_wp,1900.0
qtypeople_wp,755.0
qtypeople_wp,300.0
qtypeople_wp,609.0
qtypeople_wp,216.0
qtypeople_wp,506.0
qtypeople_wp,174.0
qtypeople_wp,700.0
qtypeople_wp,464.0
qtypeople_wp,780.0
qtypeople_wp,450.0
qtypeople_wp,130.0
qtypeople_wp,560.0
qtypeople_wp,280.0
qtypeople_wp,640.0
qtypeople_wp,412.0
qtypeople_wp,300.0
qtypeople_wp,250.0
qtypeople_wp,360.0
qtypeople_wp,300.0
qtypeople_wp,324.0
qtypeople_wp,700.0
qtypeople_wp,300.0
qtypeople_wp,550.0
qtypeople_wp,680.0
qtypeople_wp,350.0
qtypeople_wp,2428.0
qtypeople_wp,1800.0
qtypeople_wp,170.0
qtypeople_wp,312.0
qtypeople_wp,700.0
qtypeople_wp,750.0
qtypeople_wp,1200.0
qtypeople_wp,600.0
qtypeople_wp,600.0
qtypeople_wp,280.0
qtypeople_wp,1100.0
qtypeople_wp,900.0
qtypeople_wp,500.0
qtypeople_wp,480.0
qtypeople_wp,1200.0
qtypeople_wp,740.0
qtypeople_wp,900.0
qtypeople_wp,2015.0
qtypeople_wp,800.0
qtypeople_wp,420.0
qtypeople_wp,250.0
qtypeople_wp,210.0
qtypeople_wp,828.0
qtypeople_wp,700.0
qtypeople_wp,700.0
qtypeople_wp,744.0
qtypeople_wp,900.0
qtypeople_wp,200.0
qtypeople_wp,1500.0
qtypeople_wp,450.0
qtypeople_wp,350.0
qtypeople_wp,300.0
qtypeople_wp,200.0
qtyhh_wp,50.0
qtyhh_wp,50.0
qtyhh_wp,50.0
qtyhh_wp,40.0
qtyhh_wp,50.0
qtyhh_wp,65.0
qtyhh_wp,44.0
qtyhh_wp,53.0
qtyhh_wp,58.0
qtyhh_wp,57.0
qtyhh_wp,42.0
qtyhh_wp,43.0
qtyhh_wp,80.0
qtyhh_wp,47.0
qtyhh_wp,24.0
qtyhh_wp,43.0
qtyhh_wp,82.0
qtyhh_wp,50.0
qtyhh_wp,120.0
qtyhh_wp,95.0
qtyhh_wp,78.0
qtyhh_wp,100.0
qtyhh_wp,48.0
qtyhh_wp,38.0
qtyhh_wp,55.0
qtyhh_wp,37.0
qtyhh_wp,45.0
qtyhh_wp,53.0
qtyhh_wp,0.0
qtyhh_wp,50.0
qtyhh_wp,45.0
qtyhh_wp,70.0
qtyhh_wp,35.0
qtyhh_wp,63.0
qtyhh_wp,49.0
qtyhh_wp,20.0
qtyhh_wp,90.0
qtyhh_wp,53.0
qtyhh_wp,39.0
qtyhh_wp,56.0
qtyhh_wp,45.0
qtyhh_wp,41.0
qtyhh_wp,76.0
qtyhh_wp,38.0
qtyhh_wp,60.0
qtyhh_wp,0.0
qtyhh_wp,40.0
qtyhh_wp,65.0
qtyhh_wp,45.0
qtyhh_wp,45.0
qtyhh_wp,42.0
qtyhh_wp,41.0
qtyhh_wp,47.0
qtyhh_wp,50.0
qtyhh_wp,39.0
qtyhh_wp,41.0
qtyhh_wp,50.0
qtyhh_wp,45.0
qtyhh_wp,66.0
qtyhh_wp,38.0
qtyhh_wp,40.0
qtyhh_wp,85.0
qtyhh_wp,12.0
qtyhh_wp,20.0
qtyhh_wp,0.0
qtyhh_wp,20.0
qtyhh_wp,35.0
qtyhh_wp,0.0
qtyhh_wp,20.0
qtyhh_wp,25.0
qtyhh_wp,25.0
qtyhh_wp,25.0
qtyhh_wp,25.0
qtyhh_wp,30.0
qtyhh_wp,20.0
qtyhh_wp,20.0
qtyhh_wp,25.0
qtyhh_wp,20.0
qtyhh_wp,25.0
qtyhh_wp,25.0
qtyhh_wp,12.0
qtyhh_wp,15.0
qtyhh_wp,25.0
qtyhh_wp,0.0
qtyhh_wp,15.0
qtyhh_wp,20.0
qtyhh_wp,15.0
qtyhh_wp,15.0
qtyhh_wp,25.0
qtyhh_wp,30.0
qtyhh_wp,15.0
qtyhh_wp,0.0
qtyhh_wp,20.0
qtyhh_wp,5.0
qtyhh_wp,10.0
qtyhh_wp,40.0
qtyhh_wp,25.0
qtyhh_wp,20.0
qtyhh_wp,10.0
qtyhh_wp,25.0
qtyhh_wp,34.0
qtyhh_wp,100.0
qtyhh_wp,15.0
qtyhh_wp,80.0
qtyhh_wp,100.0
qtyhh_wp,62.0
qtyhh_wp,41.0
qtyhh_wp,44.0
qtyhh_wp,63.0
qtyhh_wp,200.0
qtyhh_wp,35.0
qtyhh_wp,150.0
qtyhh_wp,82.0
qtyhh_wp,101.0
qtyhh_wp,60.0
qtyhh_wp,70.0
qtyhh_wp,10.0
qtyhh_wp,36.0
qtyhh_wp,45.0
qtyhh_wp,15.0
qtyhh_wp,160.0
qtyhh_wp,200.0
qtyhh_wp,15.0
qtyhh_wp,70.0
qtyhh_wp,21.0
qtyhh_wp,22.0
qtyhh_wp,31.0
qtyhh_wp,33.0
qtyhh_wp,54.0
qtyhh_wp,56.0
qtyhh_wp,36.0
qtyhh_wp,32.0
qtyhh_wp,46.0
qtyhh_wp,76.0
qtyhh_wp,35.0
qtyhh_wp,55.0
qtyhh_wp,35.0
qtyhh_wp,32.0
qtyhh_wp,47.0
qtyhh_wp,35.0
qtyhh_wp,65.0
qtyhh_wp,51.0
qtyhh_wp,45.0
qtyhh_wp,49.0
qtyhh_wp,35.0
qtyhh_wp,48.0
qtyhh_wp,223.0
qtyhh_wp,52.0
qtyhh_wp,45.0
qtyhh_wp,85.0
qtyhh_wp,87.0
qtyhh_wp,71.0
qtyhh_wp,32.0
qtyhh_wp,35.0
qtyhh_wp,13.0
qtyhh_wp,280.0
qtyhh_wp,95.0
qtyhh_wp,120.0
qtyhh_wp,40.0
qtyhh_wp,181.0
qtyhh_wp,300.0
qtyhh_wp,53.0
qtyhh_wp,39.0
qtyhh_wp,109.0
qtyhh_wp,50.0
qtyhh_wp,108.0
qtyhh_wp,47.0
qtyhh_wp,58.0
qtyhh_wp,87.0
qtyhh_wp,82.0
qtyhh_wp,124.0
qtyhh_wp,250.0
qtyhh_wp,28.0
qtyhh_wp,25.0
qtyhh_wp,10.0
qtyhh_wp,31.0
qtyhh_wp,4.0
qtyhh_wp,20.0
qtyhh_wp,300.0
qtyhh_wp,29.0
qtyhh_wp,25.0
qtyhh_wp,25.0
qtyhh_wp,15.0
qtyhh_wp,98.0
qtyhh_wp,33.0
qtyhh_wp,15.0
qtyhh_wp,75.0
qtyhh_wp,54.0
qtyhh_wp,50.0
qtyhh_wp,43.0
qtyhh_wp,18.0
qtyhh_wp,50.0
qtyhh_wp,47.0
qtyhh_wp,49.0
qtyhh_wp,85.0
qtyhh_wp,52.0
qtyhh_wp,25.0
qtyhh_wp,200.0
qtyhh_wp,102.0
qtyhh_wp,40.0
qtyhh_wp,365.0
qtyhh_wp,34.0
qtyhh_wp,77.0
qtyhh_wp,50.0
qtyhh_wp,230.0
qtyhh_wp,50.0
qtyhh_wp,85.0
qtyhh_wp,150.0
qtyhh_wp,100.0
qtyhh_wp,42.0
qtyhh_wp,50.0
qtyhh_wp,120.0
qtyhh_wp,200.0
qtyhh_wp,110.0
qtyhh_wp,96.0
qtyhh_wp,39.0
qtyhh_wp,30.0
qtyhh_wp,102.0
qtyhh_wp,25.0
qtyhh_wp,50.0
qtyhh_wp,300.0
qtyhh_wp,71.0
qtyhh_wp,52.0
qtyhh_wp,32.0
qtyhh_wp,59.0
qtyhh_wp,51.0
qtyhh_wp,35.0
qtyhh_wp,60.0
qtyhh_wp,52.0
qtyhh_wp,48.0
qtyhh_wp,114.0
qtyhh_wp,41.0
qtyhh_wp,30.0
qtyhh_wp,27.0
qtyhh_wp,28.0
qtyhh_wp,63.0
qtyhh_wp,43.0
qtyhh_wp,20.0
qtyhh_wp,60.0
qtyhh_wp,110.0
qtyhh_wp,200.0
qtyhh_wp,50.0
qtyhh_wp,80.0
qtyhh_wp,43.0
qtyhh_wp,40.0
qtyhh_wp,37.0
qtyhh_wp,70.0
qtyhh_wp,100.0
qtyhh_wp,5.0
qtyhh_wp,15.0
qtyhh_wp,26.0
qtyhh_wp,7.0
qtyhh_wp,25.0
qtyhh_wp,20.0
qtyhh_wp,15.0
qtyhh_wp,31.0
qtyhh_wp,25.0
qtyhh_wp,17.0
qtyhh_wp,23.0
qtyhh_wp,5.0
qtyhh_wp,27.0
qtyhh_wp,31.0
qtyhh_wp,25.0
qtyhh_wp,20.0
qtyhh_wp,35.0
qtyhh_wp,35.0
qtyhh_wp,0.0
qtyhh_wp,25.0
qtyhh_wp,31.0
qtyhh_wp,50.0
qtyhh_wp,49.0
qtyhh_wp,23.0
qtyhh_wp,1.0
qtyhh_wp,2.0
qtyhh_wp,2.0
qtyhh_wp,1.0
qtyhh_wp,2.0
qtyhh_wp,2.0
qtyhh_wp,4.0
qtyhh_wp,1.0
qtyhh_wp,2.0
qtyhh_wp,1.0
qtyhh_wp,4.0
qtyhh_wp,1.0
qtyhh_wp,1.0
qtyhh_wp,1.0
qtyhh_wp,1.0
qtyhh_wp,2.0
qtyhh_wp,1.0
qtyhh_wp,1.0
qtyhh_wp,1.0
qtyhh_wp,2.0
qtyhh_wp,3.0
qtyhh_wp,2.0
qtyhh_wp,2.0
qtyhh_wp,3.0
qtyhh_wp,4.0
qtyhh_wp,2.0
qtyhh_wp,2.0
qtyhh_wp,3.0
qtyhh_wp,3.0
qtyhh_wp,5.0
qtyhh_wp,5.0
qtyhh_wp,5.0
qtyhh_wp,5.0
qtyhh_wp,5.0
qtyhh_wp,1.0
qtyhh_wp,4.0
qtyhh_wp,2.0
qtyhh_wp,3.0
qtyhh_wp,2.0
qtyhh_wp,2.0
qtyhh_wp,3.0
qtyhh_wp,1.0
qtyhh_wp,2.0
qtyhh_wp,1.0
qtyhh_wp,2.0
qtyhh_wp,2.0
qtyhh_wp,2.0
qtyhh_wp,3.0
qtyhh_wp,2.0
qtyhh_wp,5.0
qtyhh_wp,3.0
qtyhh_wp,1.0
qtyhh_wp,5.0
qtyhh_wp,3.0
qtyhh_wp,7.0
qtyhh_wp,3.0
qtyhh_wp,1.0
qtyhh_wp,4.0
qtyhh_wp,2.0
qtyhh_wp,3.0
qtyhh_wp,1.0
qtyhh_wp,2.0
qtyhh_wp,1.0
qtyhh_wp,2.0
qtyhh_wp,2.0
qtyhh_wp,1.0
qtyhh_wp,2.0
qtyhh_wp,1.0
qtyhh_wp,3.0
qtyhh_wp,4.0
qtyhh_wp,4.0
qtyhh_wp,1.0
qtyhh_wp,3.0
qtyhh_wp,1.0
qtyhh_wp,2.0
qtyhh_wp,2.0
qtyhh_wp,1.0
qtyhh_wp,2.0
qtyhh_wp,1.0
qtyhh_wp,3.0
qtyhh_wp,3.0
qtyhh_wp,3.0
qtyhh_wp,1.0
qtyhh_wp,4.0
qtyhh_wp,3.0
qtyhh_wp,4.0
qtyhh_wp,3.0
qtyhh_wp,1.0
qtyhh_wp,7.0
qtyhh_wp,2.0
qtyhh_wp,1.0
qtyhh_wp,5.0
qtyhh_wp,1.0
qtyhh_wp,2.0
qtyhh_wp,5.0
qtyhh_wp,4.0
qtyhh_wp,5.0
qtyhh_wp,5.0
qtyhh_wp,3.0
qtyhh_wp,4.0
qtyhh_wp,2.0
qtyhh_wp,2.0
qtyhh_wp,7.0
qtyhh_wp,1.0
qtyhh_wp,1.0
qtyhh_wp,1.0
qtyhh_wp,4.0
qtyhh_wp,2.0
qtyhh_wp,1.0
qtyhh_wp,2.0
qtyhh_wp,1.0
qtyhh_wp,1.0
qtyhh_wp,1.0
qtyhh_wp,3.0
qtyhh_wp,1.0
qtyhh_wp,2.0
qtyhh_wp,1.0
qtyhh_wp,2.0
qtyhh_wp,1.0
qtyhh_wp,1.0
qtyhh_wp,6.0
qtyhh_wp,6.0
qtyhh_wp,4.0
qtyhh_wp,1.0
qtyhh_wp,3.0
qtyhh_wp,2.0
qtyhh_wp,3.0
qtyhh_wp,2.0
qtyhh_wp,1.0
qtyhh_wp,2.0
qtyhh_wp,1.0
qtyhh_wp,3.0
qtyhh_wp,3.0
qtyhh_wp,3.0
qtyhh_wp,2.0
qtyhh_wp,2.0
qtyhh_wp,2.0
qtyhh_wp,2.0
qtyhh_wp,2.0
qtyhh_wp,2.0
qtyhh_wp,2.0
qtyhh_wp,3.0
qtyhh_wp,1.0
qtyhh_wp,1.0
qtyhh_wp,3.0
qtyhh_wp,2.0
qtyhh_wp,2.0
qtyhh_wp,1.0
qtyhh_wp,2.0
qtyhh_wp,2.0
qtyhh_wp,2.0
qtyhh_wp,2.0
qtyhh_wp,3.0
qtyhh_wp,2.0
qtyhh_wp,4.0
qtyhh_wp,4.0
qtyhh_wp,1.0
qtyhh_wp,3.0
qtyhh_wp,2.0
qtyhh_wp,2.0
qtyhh_wp,1.0
qtyhh_wp,2.0
qtyhh_wp,2.0
qtyhh_wp,3.0
qtyhh_wp,3.0
qtyhh_wp,2.0
qtyhh_wp,3.0
qtyhh_wp,5.0
qtyhh_wp,50.0
qtyhh_wp,60.0
qtyhh_wp,100.0
qtyhh_wp,40.0
qtyhh_wp,40.0
qtyhh_wp,50.0
qtyhh_wp,120.0
qtyhh_wp,110.0
qtyhh_wp,70.0
qtyhh_wp,1.0
qtyhh_wp,90.0
qtyhh_wp,250.0
qtyhh_wp,118.0
qtyhh_wp,80.0
qtyhh_wp,120.0
qtyhh_wp,200.0
qtyhh_wp,100.0
qtyhh_wp,100.0
qtyhh_wp,100.0
qtyhh_wp,1.0
qtyhh_wp,20.0
qtyhh_wp,60.0
qtyhh_wp,100.0
qtyhh_wp,165.0
qtyhh_wp,50.0
qtyhh_wp,12.0
qtyhh_wp,100.0
qtyhh_wp,1.0
qtyhh_wp,50.0
qtyhh_wp,60.0
qtyhh_wp,1.0
qtyhh_wp,1.0
qtyhh_wp,70.0
qtyhh_wp,1.0
qtyhh_wp,80.0
qtyhh_wp,80.0
qtyhh_wp,75.0
qtyhh_wp,400.0
qtyhh_wp,20.0
qtyhh_wp,60.0
qtyhh_wp,150.0
qtyhh_wp,60.0
qtyhh_wp,50.0
qtyhh_wp,45.0
qtyhh_wp,100.0
qtyhh_wp,56.0
qtyhh_wp,48.0
qtyhh_wp,90.0
qtyhh_wp,107.0
qtyhh_wp,50.0
qtyhh_wp,150.0
qtyhh_wp,45.0
qtyhh_wp,56.0
qtyhh_wp,100.0
qtyhh_wp,90.0
qtyhh_wp,100.0
qtyhh_wp,60.0
qtyhh_wp,30.0
qtyhh_wp,100.0
qtyhh_wp,40.0
qtyhh_wp,96.0
qtyhh_wp,70.0
qtyhh_wp,60.0
qtyhh_wp,30.0
qtyhh_wp,80.0
qtyhh_wp,45.0
qtyhh_wp,80.0
qtyhh_wp,98.0
qtyhh_wp,100.0
qtyhh_wp,120.0
qtyhh_wp,50.0
qtyhh_wp,45.0
qtyhh_wp,88.0
qtyhh_wp,35.0
qtyhh_wp,200.0
qtyhh_wp,180.0
qtyhh_wp,200.0
qtyhh_wp,40.0
qtyhh_wp,100.0
qtyhh_wp,45.0
qtyhh_wp,50.0
qtyhh_wp,100.0
qtyhh_wp,376.0
qtyhh_wp,90.0
qtyhh_wp,150.0
qtyhh_wp,100.0
qtyhh_wp,100.0
qtyhh_wp,172.0
qtyhh_wp,120.0
qtyhh_wp,40.0
qtyhh_wp,60.0
qtyhh_wp,58.0
qtyhh_wp,100.0
qtyhh_wp,48.0
qtyhh_wp,50.0
qtyhh_wp,100.0
qtyhh_wp,50.0
qtyhh_wp,100.0
qtyhh_wp,200.0
qtyhh_wp,32.0
qtyhh_wp,150.0
qtyhh_wp,40.0
qtyhh_wp,150.0
qtyhh_wp,103.0
qtyhh_wp,50.0
qtyhh_wp,48.0
qtyhh_wp,67.0
qtyhh_wp,95.0
qtyhh_wp,90.0
qtyhh_wp,36.0
qtyhh_wp,90.0
qtyhh_wp,32.0
qtyhh_wp,110.0
qtyhh_wp,165.0
qtyhh_wp,65.0
qtyhh_wp,46.0
qtyhh_wp,115.0
qtyhh_wp,70.0
qtyhh_wp,55.0
qtyhh_wp,34.0
qtyhh_wp,40.0
qtyhh_wp,120.0
qtyhh_wp,54.0
qtyhh_wp,80.0
qtyhh_wp,245.0
qtyhh_wp,200.0
qtyhh_wp,280.0
qtyhh_wp,115.0
qtyhh_wp,150.0
qtyhh_wp,150.0
qtyhh_wp,156.0
qtyhh_wp,78.0
qtyhh_wp,150.0
qtyhh_wp,100.0
qtyhh_wp,130.0
qtyhh_wp,250.0
qtyhh_wp,80.0
qtyhh_wp,53.0
qtyhh_wp,263.0
qtyhh_wp,34.0
qtyhh_wp,86.0
qtyhh_wp,74.0
qtyhh_wp,74.0
qtyhh_wp,81.0
qtyhh_wp,80.0
qtyhh_wp,14.0
qtyhh_wp,30.0
qtyhh_wp,22.0
qtyhh_wp,120.0
qtyhh_wp,130.0
qtyhh_wp,100.0
qtyhh_wp,50.0
qtyhh_wp,120.0
qtyhh_wp,203.0
qtyhh_wp,32.0
qtyhh_wp,280.0
qtyhh_wp,55.0
qtyhh_wp,70.0
qtyhh_wp,250.0
qtyhh_wp,45.0
qtyhh_wp,70.0
qtyhh_wp,125.0
qtyhh_wp,65.0
qtyhh_wp,150.0
qtyhh_wp,59.0
qtyhh_wp,30.0
qtyhh_wp,50.0
qtyhh_wp,106.0
qtyhh_wp,200.0
qtyhh_wp,150.0
qtyhh_wp,56.0
qtyhh_wp,150.0
qtyhh_wp,56.0
qtyhh_wp,58.0
qtyhh_wp,56.0
qtyhh_wp,95.0
qtyhh_wp,51.0
qtyhh_wp,280.0
qtyhh_wp,100.0
qtyhh_wp,123.0
qtyhh_wp,120.0
qtyhh_wp,52.0
qtyhh_wp,60.0
qtyhh_wp,85.0
qtyhh_wp,62.0
qtyhh_wp,56.0
qtyhh_wp,120.0
qtyhh_wp,150.0
qtyhh_wp,200.0
qtyhh_wp,80.0
qtyhh_wp,90.0
qtyhh_wp,206.0
qtyhh_wp,60.0
qtyhh_wp,61.0
qtyhh_wp,52.0
qtyhh_wp,70.0
qtyhh_wp,68.0
qtyhh_wp,36.0
qtyhh_wp,54.0
qtyhh_wp,120.0
qtyhh_wp,80.0
qtyhh_wp,56.0
qtyhh_wp,64.0
qtyhh_wp,64.0
qtyhh_wp,73.0
qtyhh_wp,0.0
qtyhh_wp,67.0
qtyhh_wp,102.0
qtyhh_wp,62.0
qtyhh_wp,70.0
qtyhh_wp,500.0
qtyhh_wp,200.0
qtyhh_wp,120.0
qtyhh_wp,50.0
qtyhh_wp,120.0
qtyhh_wp,79.0
qtyhh_wp,90.0
qtyhh_wp,35.0
qtyhh_wp,110.0
qtyhh_wp,30.0
qtyhh_wp,35.0
qtyhh_wp,59.0
qtyhh_wp,32.0
qtyhh_wp,47.0
qtyhh_wp,32.0
qtyhh_wp,200.0
qtyhh_wp,30.0
qtyhh_wp,80.0
qtyhh_wp,91.0
qtyhh_wp,90.0
qtyhh_wp,58.0
qtyhh_wp,150.0
qtyhh_wp,130.0
qtyhh_wp,110.0
qtyhh_wp,100.0
qtyhh_wp,52.0
qtyhh_wp,120.0
qtyhh_wp,90.0
qtyhh_wp,110.0
qtyhh_wp,70.0
qtyhh_wp,90.0
qtyhh_wp,120.0
qtyhh_wp,50.0
qtyhh_wp,120.0
qtyhh_wp,25.0
qtyhh_wp,75.0
qtyhh_wp,120.0
qtyhh_wp,73.0
qtyhh_wp,90.0
qtyhh_wp,110.0
qtyhh_wp,57.0
qtyhh_wp,80.0
qtyhh_wp,72.0
qtyhh_wp,64.0
qtyhh_wp,28.0
qtyhh_wp,30.0
qtyhh_wp,53.0
qtyhh_wp,103.0
qtyhh_wp,69.0
qtyhh_wp,150.0
qtyhh_wp,140.0
qtyhh_wp,36.0
qtyhh_wp,30.0
qtyhh_wp,31.0
qtyhh_wp,10.0
qtyhh_wp,51.0
qtyhh_wp,41.0
qtyhh_wp,30.0
qtyhh_wp,52.0
qtyhh_wp,82.0
qtyhh_wp,90.0
qtyhh_wp,102.0
qtyhh_wp,52.0
qtyhh_wp,120.0
qtyhh_wp,160.0
qtyhh_wp,150.0
qtyhh_wp,300.0
qtyhh_wp,80.0
qtyhh_wp,160.0
qtyhh_wp,75.0
qtyhh_wp,69.0
qtyhh_wp,64.0
qtyhh_wp,120.0
qtyhh_wp,120.0
qtyhh_wp,120.0
qtyhh_wp,80.0
qtyhh_wp,59.0
qtyhh_wp,25.0
qtyhh_wp,59.0
qtyhh_wp,58.0
qtyhh_wp,250.0
qtyhh_wp,51.0
qtyhh_wp,100.0
qtyhh_wp,140.0
qtyhh_wp,120.0
qtyhh_wp,130.0
qtyhh_wp,160.0
qtyhh_wp,152.0
qtyhh_wp,124.0
qtyhh_wp,90.0
qtyhh_wp,70.0
qtyhh_wp,80.0
qtyhh_wp,78.0
qtyhh_wp,150.0
qtyhh_wp,59.0
qtyhh_wp,153.0
qtyhh_wp,65.0
qtyhh_wp,110.0
qtyhh_wp,120.0
qtyhh_wp,50.0
qtyhh_wp,82.0
qtyhh_wp,135.0
qtyhh_wp,62.0
qtyhh_wp,52.0
qtyhh_wp,110.0
qtyhh_wp,121.0
qtyhh_wp,85.0
qtyhh_wp,67.0
qtyhh_wp,102.0
qtyhh_wp,37.0
qtyhh_wp,81.0
qtyhh_wp,90.0
qtyhh_wp,57.0
qtyhh_wp,89.0
qtyhh_wp,110.0
qtyhh_wp,150.0
qtyhh_wp,80.0
qtyhh_wp,60.0
qtyhh_wp,150.0
qtyhh_wp,150.0
qtyhh_wp,140.0
qtyhh_wp,71.0
qtyhh_wp,140.0
qtyhh_wp,250.0
qtyhh_wp,126.0
qtyhh_wp,80.0
qtyhh_wp,90.0
qtyhh_wp,50.0
qtyhh_wp,45.0
qtyhh_wp,150.0
qtyhh_wp,240.0
qtyhh_wp,800.0
qtyhh_wp,90.0
qtyhh_wp,196.0
qtyhh_wp,110.0
qtyhh_wp,78.0
qtyhh_wp,150.0
qtyhh_wp,60.0
qtyhh_wp,100.0
qtyhh_wp,60.0
qtyhh_wp,81.0
qtyhh_wp,90.0
qtyhh_wp,38.0
qtyhh_wp,500.0
qtyhh_wp,120.0
qtyhh_wp,122.0
qtyhh_wp,80.0
qtyhh_wp,120.0
qtyhh_wp,60.0
qtyhh_wp,60.0
qtyhh_wp,106.0
qtyhh_wp,112.0
qtyhh_wp,90.0
qtyhh_wp,50.0
qtyhh_wp,115.0
qtyhh_wp,212.0
qtyhh_wp,80.0
qtyhh_wp,42.0
qtyhh_wp,95.0
qtyhh_wp,140.0
qtyhh_wp,240.0
qtyhh_wp,150.0
qtyhh_wp,300.0
qtyhh_wp,35.0
qtyhh_wp,65.0
qtyhh_wp,94.0
qtyhh_wp,60.0
qtyhh_wp,46.0
qtyhh_wp,105.0
qtyhh_wp,100.0
qtyhh_wp,80.0
qtyhh_wp,12.0
qtyhh_wp,40.0
qtyhh_wp,30.0
qtyhh_wp,90.0
qtyhh_wp,120.0
qtyhh_wp,108.0
qtyhh_wp,120.0
qtyhh_wp,28.0
qtyhh_wp,54.0
qtyhh_wp,0.0
qtyhh_wp,0.0
qtyhh_wp,0.0
qtyhh_wp,0.0
qtyhh_wp,0.0
qtyhh_wp,0.0
qtyhh_wp,0.0
qtyhh_wp,0.0
qtyhh_wp,0.0
qtyhh_wp,24.0
qtyhh_wp,0.0
qtyhh_wp,50.0
qtyhh_wp,0.0
qtyhh_wp,0.0
qtyhh_wp,0.0
qtyhh_wp,0.0
qtyhh_wp,21.0
qtyhh_wp,0.0
qtyhh_wp,49.0
qtyhh_wp,112.0
qtyhh_wp,0.0
qtyhh_wp,245.0
qtyhh_wp,35.0
qtyhh_wp,20.0
qtyhh_wp,24.0
qtyhh_wp,35.0
qtyhh_wp,35.0
qtyhh_wp,40.0
qtyhh_wp,25.0
qtyhh_wp,35.0
qtyhh_wp,18.0
qtyhh_wp,50.0
qtyhh_wp,35.0
qtyhh_wp,100.0
qtyhh_wp,35.0
qtyhh_wp,45.0
qtyhh_wp,20.0
qtyhh_wp,50.0
qtyhh_wp,17.0
qtyhh_wp,28.0
qtyhh_wp,25.0
qtyhh_wp,35.0
qtyhh_wp,24.0
qtyhh_wp,20.0
qtyhh_wp,30.0
qtyhh_wp,45.0
qtyhh_wp,30.0
qtyhh_wp,56.0
qtyhh_wp,35.0
qtyhh_wp,60.0
qtyhh_wp,50.0
qtyhh_wp,15.0
qtyhh_wp,35.0
qtyhh_wp,55.0
qtyhh_wp,14.0
qtyhh_wp,32.0
qtyhh_wp,20.0
qtyhh_wp,42.0
qtyhh_wp,25.0
qtyhh_wp,38.0
qtyhh_wp,20.0
qtyhh_wp,25.0
qtyhh_wp,25.0
qtyhh_wp,35.0
qtyhh_wp,50.0
qtyhh_wp,30.0
qtyhh_wp,25.0
qtyhh_wp,40.0
qtyhh_wp,40.0
qtyhh_wp,25.0
qtyhh_wp,25.0
qtyhh_wp,35.0
qtyhh_wp,35.0
qtyhh_wp,35.0
qtyhh_wp,40.0
qtyhh_wp,55.0
qtyhh_wp,23.0
qtyhh_wp,32.0
qtyhh_wp,30.0
qtyhh_wp,35.0
qtyhh_wp,200.0
qtyhh_wp,20.0
qtyhh_wp,50.0
qtyhh_wp,5.0
qtyhh_wp,62.0
qtyhh_wp,50.0
qtyhh_wp,45.0
qtyhh_wp,40.0
qtyhh_wp,60.0
qtyhh_wp,85.0
qtyhh_wp,60.0
qtyhh_wp,45.0
qtyhh_wp,100.0
qtyhh_wp,30.0
qtyhh_wp,30.0
qtyhh_wp,60.0
qtyhh_wp,35.0
qtyhh_wp,45.0
qtyhh_wp,65.0
qtyhh_wp,50.0
qtyhh_wp,80.0
qtyhh_wp,20.0
qtyhh_wp,60.0
qtyhh_wp,250.0
qtyhh_wp,30.0
qtyhh_wp,45.0
qtyhh_wp,50.0
qtyhh_wp,45.0
qtyhh_wp,200.0
qtyhh_wp,45.0
qtyhh_wp,70.0
qtyhh_wp,35.0
qtyhh_wp,45.0
qtyhh_wp,48.0
qtyhh_wp,150.0
qtyhh_wp,35.0
qtyhh_wp,85.0
qtyhh_wp,50.0
qtyhh_wp,200.0
qtyhh_wp,100.0
qtyhh_wp,30.0
qtyhh_wp,40.0
qtyhh_wp,90.0
qtyhh_wp,50.0
qtyhh_wp,20.0
qtyhh_wp,14.0
qtyhh_wp,50.0
qtyhh_wp,88.0
qtyhh_wp,100.0
qtyhh_wp,120.0
qtyhh_wp,0.0
qtyhh_wp,89.0
qtyhh_wp,119.0
qtyhh_wp,300.0
qtyhh_wp,50.0
qtyhh_wp,30.0
qtyhh_wp,40.0
qtyhh_wp,60.0
qtyhh_wp,125.0
qtyhh_wp,30.0
qtyhh_wp,159.0
qtyhh_wp,150.0
qtyhh_wp,50.0
qtyhh_wp,50.0
qtyhh_wp,40.0
qtyhh_wp,70.0
qtyhh_wp,35.0
qtyhh_wp,100.0
qtyhh_wp,40.0
qtyhh_wp,40.0
qtyhh_wp,35.0
qtyhh_wp,25.0
qtyhh_wp,50.0
qtyhh_wp,100.0
qtyhh_wp,40.0
qtyhh_wp,10.0
qtyhh_wp,70.0
qtyhh_wp,50.0
qtyhh_wp,30.0
qtyhh_wp,30.0
qtyhh_wp,45.0
qtyhh_wp,46.0
qtyhh_wp,73.0
qtyhh_wp,73.0
qtyhh_wp,30.0
qtyhh_wp,120.0
qtyhh_wp,20.0
qtyhh_wp,25.0
qtyhh_wp,35.0
qtyhh_wp,15.0
qtyhh_wp,152.0
qtyhh_wp,0.0
qtyhh_wp,60.0
qtyhh_wp,29.0
qtyhh_wp,36.0
qtyhh_wp,35.0
qtyhh_wp,45.0
qtyhh_wp,300.0
qtyhh_wp,100.0
qtyhh_wp,250.0
qtyhh_wp,400.0
qtyhh_wp,50.0
qtyhh_wp,40.0
qtyhh_wp,50.0
qtyhh_wp,38.0
qtyhh_wp,31.0
qtyhh_wp,80.0
qtyhh_wp,10.0
qtyhh_wp,110.0
qtyhh_wp,66.0
qtyhh_wp,40.0
qtyhh_wp,20.0
qtyhh_wp,25.0
qtyhh_wp,15.0
qtyhh_wp,40.0
qtyhh_wp,17.0
qtyhh_wp,4.0
qtyhh_wp,20.0
qtyhh_wp,0.0
qtyhh_wp,2.0
qtyhh_wp,150.0
qtyhh_wp,15.0
qtyhh_wp,100.0
qtyhh_wp,32.0
qtyhh_wp,31.0
qtyhh_wp,21.0
qtyhh_wp,70.0
qtyhh_wp,25.0
qtyhh_wp,43.0
qtyhh_wp,20.0
qtyhh_wp,35.0
qtyhh_wp,31.0
qtyhh_wp,30.0
qtyhh_wp,60.0
qtyhh_wp,50.0
qtyhh_wp,30.0
qtyhh_wp,3.0
qtyhh_wp,50.0
qtyhh_wp,10.0
qtyhh_wp,10.0
qtyhh_wp,20.0
qtyhh_wp,21.0
qtyhh_wp,216.0
qtyhh_wp,25.0
qtyhh_wp,33.0
qtyhh_wp,17.0
qtyhh_wp,20.0
qtyhh_wp,37.0
qtyhh_wp,60.0
qtyhh_wp,104.0
qtyhh_wp,80.0
qtyhh_wp,72.0
qtyhh_wp,48.0
qtyhh_wp,100.0
qtyhh_wp,100.0
qtyhh_wp,22.0
qtyhh_wp,37.0
qtyhh_wp,60.0
qtyhh_wp,35.0
qtyhh_wp,86.0
qtyhh_wp,70.0
qtyhh_wp,170.0
qtyhh_wp,45.0
qtyhh_wp,220.0
qtyhh_wp,116.0
qtyhh_wp,130.0
qtyhh_wp,82.0
qtyhh_wp,64.0
qtyhh_wp,67.0
qtyhh_wp,56.0
qtyhh_wp,46.0
qtyhh_wp,82.0
qtyhh_wp,180.0
qtyhh_wp,120.0
qtyhh_wp,76.0
qtyhh_wp,30.0
qtyhh_wp,30.0
qtyhh_wp,76.0
qtyhh_wp,140.0
qtyhh_wp,365.0
qtyhh_wp,85.0
qtyhh_wp,96.0
qtyhh_wp,69.0
qtyhh_wp,55.0
qtyhh_wp,202.0
qtyhh_wp,52.0
qtyhh_wp,45.0
qtyhh_wp,332.0
qtyhh_wp,56.0
qtyhh_wp,95.0
qtyhh_wp,224.0
qtyhh_wp,44.0
qtyhh_wp,200.0
qtyhh_wp,87.0
qtyhh_wp,76.0
qtyhh_wp,90.0
qtyhh_wp,36.0
qtyhh_wp,1.0
qtyhh_wp,103.0
qtyhh_wp,94.0
qtyhh_wp,150.0
qtyhh_wp,103.0
qtyhh_wp,132.0
qtyhh_wp,87.0
qtyhh_wp,98.0
qtyhh_wp,60.0
qtyhh_wp,80.0
qtyhh_wp,106.0
qtyhh_wp,108.0
qtyhh_wp,150.0
qtyhh_wp,96.0
qtyhh_wp,86.0
qtyhh_wp,60.0
qtyhh_wp,96.0
qtyhh_wp,103.0
qtyhh_wp,32.0
qtyhh_wp,26.0
qtyhh_wp,32.0
qtyhh_wp,21.0
qtyhh_wp,109.0
qtyhh_wp,123.0
qtyhh_wp,88.0
qtyhh_wp,98.0
qtyhh_wp,50.0
qtyhh_wp,38.0
qtyhh_wp,25.0
qtyhh_wp,40.0
qtyhh_wp,50.0
qtyhh_wp,45.0
qtyhh_wp,82.0
qtyhh_wp,80.0
qtyhh_wp,63.0
qtyhh_wp,106.0
qtyhh_wp,74.0
qtyhh_wp,77.0
qtyhh_wp,40.0
qtyhh_wp,120.0
qtyhh_wp,24.0
qtyhh_wp,65.0
qtyhh_wp,24.0
qtyhh_wp,100.0
qtyhh_wp,130.0
qtyhh_wp,240.0
qtyhh_wp,132.0
qtyhh_wp,142.0
qtyhh_wp,137.0
qtyhh_wp,45.0
qtyhh_wp,350.0
qtyhh_wp,26.0
qtyhh_wp,35.0
qtyhh_wp,73.0
qtyhh_wp,60.0
qtyhh_wp,532.0
qtyhh_wp,270.0
qtyhh_wp,95.0
qtyhh_wp,54.0
qtyhh_wp,75.0
qtyhh_wp,76.0
qtyhh_wp,40.0
qtyhh_wp,52.0
qtyhh_wp,31.0
qtyhh_wp,45.0
qtyhh_wp,63.0
qtyhh_wp,27.0
qtyhh_wp,100.0
qtyhh_wp,34.0
qtyhh_wp,60.0
qtyhh_wp,27.0
qtyhh_wp,26.0
qtyhh_wp,60.0
qtyhh_wp,21.0
qtyhh_wp,59.0
qtyhh_wp,41.0
qtyhh_wp,25.0
qtyhh_wp,33.0
qtyhh_wp,100.0
qtyhh_wp,40.0
qtyhh_wp,15.0
qtyhh_wp,35.0
qtyhh_wp,25.0
qtyhh_wp,10.0
qtyhh_wp,50.0
qtyhh_wp,50.0
qtyhh_wp,10.0
qtyhh_wp,5.0
qtyhh_wp,45.0
qtyhh_wp,4.0
qtyhh_wp,30.0
qtyhh_wp,30.0
qtyhh_wp,40.0
qtyhh_wp,15.0
qtyhh_wp,20.0
qtyhh_wp,48.0
qtyhh_wp,35.0
qtyhh_wp,50.0
qtyhh_wp,60.0
qtyhh_wp,37.0
qtyhh_wp,15.0
qtyhh_wp,26.0
qtyhh_wp,80.0
qtyhh_wp,50.0
qtyhh_wp,22.0
qtyhh_wp,15.0
qtyhh_wp,40.0
qtyhh_wp,42.0
qtyhh_wp,35.0
qtyhh_wp,34.0
qtyhh_wp,19.0
qtyhh_wp,50.0
qtyhh_wp,20.0
qtyhh_wp,33.0
qtyhh_wp,40.0
qtyhh_wp,150.0
qtyhh_wp,25.0
qtyhh_wp,25.0
qtyhh_wp,50.0
qtyhh_wp,40.0
qtyhh_wp,150.0
qtyhh_wp,50.0
qtyhh_wp,40.0
qtyhh_wp,20.0
qtyhh_wp,25.0
qtyhh_wp,41.0
qtyhh_wp,35.0
qtyhh_wp,19.0
qtyhh_wp,75.0
qtyhh_wp,28.0
qtyhh_wp,50.0
qtyhh_wp,22.0
qtyhh_wp,20.0
qtyhh_wp,45.0
qtyhh_wp,63.0
qtyhh_wp,56.0
qtyhh_wp,21.0
qtyhh_wp,105.0
qtyhh_wp,32.0
qtyhh_wp,302.0
qtyhh_wp,60.0
qtyhh_wp,250.0
qtyhh_wp,50.0
qtyhh_wp,52.0
qtyhh_wp,20.0
qtyhh_wp,52.0
qtyhh_wp,45.0
qtyhh_wp,52.0
qtyhh_wp,22.0
qtyhh_wp,45.0
qtyhh_wp,389.0
qtyhh_wp,95.0
qtyhh_wp,39.0
qtyhh_wp,67.0
qtyhh_wp,35.0
qtyhh_wp,46.0
qtyhh_wp,35.0
qtyhh_wp,47.0
qtyhh_wp,150.0
qtyhh_wp,30.0
qtyhh_wp,50.0
qtyhh_wp,35.0
qtyhh_wp,72.0
qtyhh_wp,100.0
qtyhh_wp,40.0
qtyhh_wp,45.0
qtyhh_wp,25.0
qtyhh_wp,34.0
qtyhh_wp,35.0
qtyhh_wp,30.0
qtyhh_wp,121.0
qtyhh_wp,30.0
qtyhh_wp,30.0
qtyhh_wp,30.0
qtyhh_wp,30.0
qtyhh_wp,35.0
qtyhh_wp,122.0
qtyhh_wp,45.0
qtyhh_wp,33.0
qtyhh_wp,60.0
qtyhh_wp,53.0
qtyhh_wp,70.0
qtyhh_wp,35.0
qtyhh_wp,68.0
qtyhh_wp,520.0
qtyhh_wp,41.0
qtyhh_wp,50.0
qtyhh_wp,30.0
qtyhh_wp,44.0
qtyhh_wp,45.0
qtyhh_wp,106.0
qtyhh_wp,360.0
qtyhh_wp,40.0
qtyhh_wp,75.0
qtyhh_wp,124.0
qtyhh_wp,21.0
qtyhh_wp,290.0
qtyhh_wp,60.0
qtyhh_wp,70.0
qtyhh_wp,250.0
qtyhh_wp,48.0
qtyhh_wp,95.0
qtyhh_wp,101.0
qtyhh_wp,88.0
qtyhh_wp,150.0
qtyhh_wp,62.0
qtyhh_wp,20.0
qtyhh_wp,170.0
qtyhh_wp,20.0
qtyhh_wp,35.0
qtyhh_wp,36.0
qtyhh_wp,31.0
qtyhh_wp,50.0
qtyhh_wp,30.0
qtyhh_wp,53.0
qtyhh_wp,50.0
qtyhh_wp,58.0
qtyhh_wp,40.0
qtyhh_wp,100.0
qtyhh_wp,40.0
qtyhh_wp,150.0
qtyhh_wp,22.0
qtyhh_wp,80.0
qtyhh_wp,40.0
qtyhh_wp,96.0
qtyhh_wp,35.0
qtyhh_wp,47.0
qtyhh_wp,27.0
qtyhh_wp,12.0
qtyhh_wp,5.0
qtyhh_wp,50.0
qtyhh_wp,10.0
qtyhh_wp,41.0
qtyhh_wp,15.0
qtyhh_wp,25.0
qtyhh_wp,50.0
qtyhh_wp,301.0
qtyhh_wp,15.0
qtyhh_wp,37.0
qtyhh_wp,43.0
qtyhh_wp,20.0
qtyhh_wp,80.0
qtyhh_wp,32.0
qtyhh_wp,71.0
qtyhh_wp,35.0
qtyhh_wp,80.0
qtyhh_wp,50.0
qtyhh_wp,50.0
qtyhh_wp,200.0
qtyhh_wp,50.0
qtyhh_wp,20.0
qtyhh_wp,10.0
qtyhh_wp,50.0
qtyhh_wp,15.0
qtyhh_wp,50.0
qtyhh_wp,50.0
qtyhh_wp,37.0
qtyhh_wp,120.0
qtyhh_wp,27.0
qtyhh_wp,32.0
qtyhh_wp,35.0
qtyhh_wp,47.0
qtyhh_wp,8.0
qtyhh_wp,13.0
qtyhh_wp,60.0
qtyhh_wp,70.0
qtyhh_wp,30.0
qtyhh_wp,35.0
qtyhh_wp,40.0
qtyhh_wp,39.0
qtyhh_wp,140.0
qtyhh_wp,30.0
qtyhh_wp,60.0
qtyhh_wp,45.0
qtyhh_wp,10.0
qtyhh_wp,100.0
qtyhh_wp,50.0
qtyhh_wp,62.0
qtyhh_wp,350.0
qtyhh_wp,112.0
qtyhh_wp,123.0
qtyhh_wp,90.0
qtyhh_wp,50.0
qtyhh_wp,100.0
qtyhh_wp,20.0
qtyhh_wp,15.0
qtyhh_wp,75.0
qtyhh_wp,90.0
qtyhh_wp,47.0
qtyhh_wp,10.0
qtyhh_wp,80.0
qtyhh_wp,41.0
qtyhh_wp,46.0
qtyhh_wp,39.0
qtyhh_wp,12.0
qtyhh_wp,12.0
qtyhh_wp,10.0
qtyhh_wp,32.0
qtyhh_wp,20.0
qtyhh_wp,40.0
qtyhh_wp,20.0
qtyhh_wp,20.0
qtyhh_wp,20.0
qtyhh_wp,30.0
qtyhh_wp,128.0
qtyhh_wp,20.0
qtyhh_wp,7.0
qtyhh_wp,45.0
qtyhh_wp,30.0
qtyhh_wp,50.0
qtyhh_wp,50.0
qtyhh_wp,50.0
qtyhh_wp,20.0
qtyhh_wp,50.0
qtyhh_wp,25.0
qtyhh_wp,500.0
qtyhh_wp,550.0
qtyhh_wp,40.0
qtyhh_wp,100.0
qtyhh_wp,64.0
qtyhh_wp,20.0
qtyhh_wp,5.0
qtyhh_wp,10.0
qtyhh_wp,7.0
qtyhh_wp,1.0
qtyhh_wp,3.0
qtyhh_wp,1.0
qtyhh_wp,3.0
qtyhh_wp,2.0
qtyhh_wp,1.0
qtyhh_wp,1.0
qtyhh_wp,4.0
qtyhh_wp,2.0
qtyhh_wp,3.0
qtyhh_wp,3.0
qtyhh_wp,5.0
qtyhh_wp,3.0
qtyhh_wp,3.0
qtyhh_wp,1.0
qtyhh_wp,2.0
qtyhh_wp,3.0
qtyhh_wp,2.0
qtyhh_wp,2.0
qtyhh_wp,1.0
qtyhh_wp,2.0
qtyhh_wp,2.0
qtyhh_wp,2.0
qtyhh_wp,4.0
qtyhh_wp,1.0
qtyhh_wp,2.0
qtyhh_wp,2.0
qtyhh_wp,1.0
qtyhh_wp,3.0
qtyhh_wp,1.0
qtyhh_wp,1.0
qtyhh_wp,1.0
qtyhh_wp,1.0
qtyhh_wp,1.0
qtyhh_wp,3.0
qtyhh_wp,2.0
qtyhh_wp,1.0
qtyhh_wp,1.0
qtyhh_wp,2.0
qtyhh_wp,2.0
qtyhh_wp,2.0
qtyhh_wp,1.0
qtyhh_wp,1.0
qtyhh_wp,2.0
qtyhh_wp,1.0
qtyhh_wp,2.0
qtyhh_wp,2.0
qtyhh_wp,1.0
qtyhh_wp,1.0
qtyhh_wp,1.0
qtyhh_wp,2.0
qtyhh_wp,4.0
qtyhh_wp,2.0
qtyhh_wp,3.0
qtyhh_wp,3.0
qtyhh_wp,2.0
qtyhh_wp,1.0
qtyhh_wp,3.0
qtyhh_wp,1.0
qtyhh_wp,3.0
qtyhh_wp,1.0
qtyhh_wp,1.0
qtyhh_wp,1.0
qtyhh_wp,1.0
qtyhh_wp,1.0
qtyhh_wp,2.0
qtyhh_wp,3.0
qtyhh_wp,1.0
qtyhh_wp,1.0
qtyhh_wp,3.0
qtyhh_wp,2.0
qtyhh_wp,1.0
qtyhh_wp,2.0
qtyhh_wp,2.0
qtyhh_wp,2.0
qtyhh_wp,1.0
qtyhh_wp,3.0
qtyhh_wp,2.0
qtyhh_wp,2.0
qtyhh_wp,1.0
qtyhh_wp,3.0
qtyhh_wp,1.0
qtyhh_wp,1.0
qtyhh_wp,1.0
qtyhh_wp,2.0
qtyhh_wp,4.0
qtyhh_wp,1.0
qtyhh_wp,2.0
qtyhh_wp,1.0
qtyhh_wp,4.0
qtyhh_wp,2.0
qtyhh_wp,2.0
qtyhh_wp,2.0
qtyhh_wp,1.0
qtyhh_wp,1.0
qtyhh_wp,1.0
qtyhh_wp,1.0
qtyhh_wp,3.0
qtyhh_wp,1.0
qtyhh_wp,2.0
qtyhh_wp,1.0
qtyhh_wp,1.0
qtyhh_wp,1.0
qtyhh_wp,2.0
qtyhh_wp,1.0
qtyhh_wp,1.0
qtyhh_wp,1.0
qtyhh_wp,2.0
qtyhh_wp,1.0
qtyhh_wp,1.0
qtyhh_wp,3.0
qtyhh_wp,4.0
qtyhh_wp,2.0
qtyhh_wp,4.0
qtyhh_wp,4.0
qtyhh_wp,4.0
qtyhh_wp,2.0
qtyhh_wp,2.0
qtyhh_wp,1.0
qtyhh_wp,2.0
qtyhh_wp,1.0
qtyhh_wp,6.0
qtyhh_wp,1.0
qtyhh_wp,1.0
qtyhh_wp,1.0
qtyhh_wp,3.0
qtyhh_wp,2.0
qtyhh_wp,2.0
qtyhh_wp,1.0
qtyhh_wp,11.0
qtyhh_wp,3.0
qtyhh_wp,1.0
qtyhh_wp,2.0
qtyhh_wp,1.0
qtyhh_wp,1.0
qtyhh_wp,1.0
qtyhh_wp,1.0
qtyhh_wp,1.0
qtyhh_wp,3.0
qtyhh_wp,2.0
qtyhh_wp,1.0
qtyhh_wp,1.0
qtyhh_wp,2.0
qtyhh_wp,2.0
qtyhh_wp,4.0
qtyhh_wp,2.0
qtyhh_wp,2.0
qtyhh_wp,1.0
qtyhh_wp,7.0
qtyhh_wp,5.0
qtyhh_wp,5.0
qtyhh_wp,6.0
qtyhh_wp,1.0
qtyhh_wp,13.0
qtyhh_wp,7.0
qtyhh_wp,6.0
qtyhh_wp,8.0
qtyhh_wp,4.0
qtyhh_wp,202.0
qtyhh_wp,50.0
qtyhh_wp,50.0
qtyhh_wp,205.0
qtyhh_wp,40.0
qtyhh_wp,80.0
qtyhh_wp,26.0
qtyhh_wp,40.0
qtyhh_wp,50.0
qtyhh_wp,14.0
qtyhh_wp,100.0
qtyhh_wp,150.0
qtyhh_wp,50.0
qtyhh_wp,182.0
qtyhh_wp,120.0
qtyhh_wp,50.0
qtyhh_wp,100.0
qtyhh_wp,50.0
qtyhh_wp,60.0
qtyhh_wp,130.0
qtyhh_wp,80.0
qtyhh_wp,30.0
qtyhh_wp,12.0
qtyhh_wp,139.0
qtyhh_wp,210.0
qtyhh_wp,45.0
qtyhh_wp,82.0
qtyhh_wp,11.0
qtyhh_wp,25.0
qtyhh_wp,45.0
qtyhh_wp,25.0
qtyhh_wp,111.0
qtyhh_wp,150.0
qtyhh_wp,100.0
qtyhh_wp,30.0
qtyhh_wp,100.0
qtyhh_wp,152.0
qtyhh_wp,35.0
qtyhh_wp,50.0
qtyhh_wp,25.0
qtyhh_wp,40.0
qtyhh_wp,30.0
qtyhh_wp,30.0
qtyhh_wp,20.0
qtyhh_wp,30.0
qtyhh_wp,50.0
qtyhh_wp,125.0
qtyhh_wp,25.0
qtyhh_wp,15.0
qtyhh_wp,5.0
qtyhh_wp,70.0
qtyhh_wp,20.0
qtyhh_wp,90.0
qtyhh_wp,30.0
qtyhh_wp,25.0
qtyhh_wp,20.0
qtyhh_wp,25.0
qtyhh_wp,20.0
qtyhh_wp,21.0
qtyhh_wp,15.0
qtyhh_wp,40.0
qtyhh_wp,30.0
qtyhh_wp,20.0
qtyhh_wp,9.0
qtyhh_wp,10.0
qtyhh_wp,40.0
qtyhh_wp,35.0
qtyhh_wp,25.0
qtyhh_wp,23.0
qtyhh_wp,40.0
qtyhh_wp,20.0
qtyhh_wp,30.0
qtyhh_wp,410.0
qtyhh_wp,12.0
qtyhh_wp,80.0
qtyhh_wp,40.0
qtyhh_wp,15.0
qtyhh_wp,0.0
qtyhh_wp,200.0
qtyhh_wp,700.0
qtyhh_wp,300.0
qtyhh_wp,60.0
qtyhh_wp,100.0
qtyhh_wp,52.0
qtyhh_wp,38.0
qtyhh_wp,102.0
qtyhh_wp,70.0
qtyhh_wp,100.0
qtyhh_wp,200.0
qtyhh_wp,30.0
qtyhh_wp,235.0
qtyhh_wp,126.0
qtyhh_wp,50.0
qtyhh_wp,87.0
qtyhh_wp,36.0
qtyhh_wp,70.0
qtyhh_wp,29.0
qtyhh_wp,100.0
qtyhh_wp,58.0
qtyhh_wp,130.0
qtyhh_wp,120.0
qtyhh_wp,50.0
qtyhh_wp,60.0
qtyhh_wp,50.0
qtyhh_wp,80.0
qtyhh_wp,107.0
qtyhh_wp,100.0
qtyhh_wp,30.0
qtyhh_wp,60.0
qtyhh_wp,50.0
qtyhh_wp,54.0
qtyhh_wp,100.0
qtyhh_wp,100.0
qtyhh_wp,120.0
qtyhh_wp,85.0
qtyhh_wp,100.0
qtyhh_wp,444.0
qtyhh_wp,200.0
qtyhh_wp,40.0
qtyhh_wp,52.0
qtyhh_wp,100.0
qtyhh_wp,95.0
qtyhh_wp,200.0
qtyhh_wp,90.0
qtyhh_wp,100.0
qtyhh_wp,40.0
qtyhh_wp,260.0
qtyhh_wp,170.0
qtyhh_wp,100.0
qtyhh_wp,80.0
qtyhh_wp,140.0
qtyhh_wp,180.0
qtyhh_wp,130.0
qtyhh_wp,336.0
qtyhh_wp,200.0
qtyhh_wp,70.0
qtyhh_wp,70.0
qtyhh_wp,60.0
qtyhh_wp,138.0
qtyhh_wp,120.0
qtyhh_wp,100.0
qtyhh_wp,93.0
qtyhh_wp,300.0
qtyhh_wp,50.0
qtyhh_wp,150.0
qtyhh_wp,75.0
qtyhh_wp,50.0
qtyhh_wp,30.0
qtyhh_wp,67.0
annual_rain,601.0
annual_rain,601.0
annual_rain,601.0
annual_rain,601.0
annual_rain,601.0
annual_rain,601.0
annual_rain,601.0
annual_rain,601.0
annual_rain,601.0
annual_rain,601.0
annual_rain,601.0
annual_rain,601.0
annual_rain,601.0
annual_rain,601.0
annual_rain,601.0
annual_rain,601.0
annual_rain,601.0
annual_rain,601.0
annual_rain,601.0
annual_rain,601.0
annual_rain,601.0
annual_rain,601.0
annual_rain,601.0
annual_rain,601.0
annual_rain,601.0
annual_rain,601.0
annual_rain,601.0
annual_rain,601.0
annual_rain,601.0
annual_rain,601.0
annual_rain,601.0
annual_rain,601.0
annual_rain,601.0
annual_rain,601.0
annual_rain,601.0
annual_rain,601.0
annual_rain,601.0
annual_rain,601.0
annual_rain,601.0
annual_rain,601.0
annual_rain,601.0
annual_rain,601.0
annual_rain,601.0
annual_rain,601.0
annual_rain,601.0
annual_rain,601.0
annual_rain,601.0
annual_rain,601.0
annual_rain,601.0
annual_rain,601.0
annual_rain,601.0
annual_rain,601.0
annual_rain,601.0
annual_rain,601.0
annual_rain,601.0
annual_rain,601.0
annual_rain,601.0
annual_rain,601.0
annual_rain,601.0
annual_rain,601.0
annual_rain,601.0
annual_rain,601.0
annual_rain,601.0
annual_rain,601.0
annual_rain,601.0
annual_rain,601.0
annual_rain,601.0
annual_rain,601.0
annual_rain,601.0
annual_rain,601.0
annual_rain,601.0
annual_rain,601.0
annual_rain,601.0
annual_rain,601.0
annual_rain,601.0
annual_rain,601.0
annual_rain,601.0
annual_rain,601.0
annual_rain,601.0
annual_rain,601.0
annual_rain,601.0
annual_rain,601.0
annual_rain,601.0
annual_rain,601.0
annual_rain,601.0
annual_rain,601.0
annual_rain,601.0
annual_rain,601.0
annual_rain,601.0
annual_rain,601.0
annual_rain,601.0
annual_rain,601.0
annual_rain,601.0
annual_rain,601.0
annual_rain,601.0
annual_rain,601.0
annual_rain,601.0
annual_rain,601.0
annual_rain,601.0
annual_rain,601.0
annual_rain,601.0
annual_rain,601.0
annual_rain,601.0
annual_rain,601.0
annual_rain,601.0
annual_rain,601.0
annual_rain,601.0
annual_rain,601.0
annual_rain,601.0
annual_rain,601.0
annual_rain,601.0
annual_rain,601.0
annual_rain,601.0
annual_rain,601.0
annual_rain,601.0
annual_rain,601.0
annual_rain,601.0
annual_rain,601.0
annual_rain,601.0
annual_rain,601.0
annual_rain,601.0
annual_rain,601.0
annual_rain,601.0
annual_rain,601.0
annual_rain,601.0
annual_rain,601.0
annual_rain,601.0
annual_rain,601.0
annual_rain,601.0
annual_rain,601.0
annual_rain,601.0
annual_rain,601.0
annual_rain,601.0
annual_rain,601.0
annual_rain,601.0
annual_rain,601.0
annual_rain,601.0
annual_rain,601.0
annual_rain,601.0
annual_rain,601.0
annual_rain,601.0
annual_rain,601.0
annual_rain,601.0
annual_rain,601.0
annual_rain,601.0
annual_rain,601.0
annual_rain,601.0
annual_rain,601.0
annual_rain,601.0
annual_rain,601.0
annual_rain,601.0
annual_rain,601.0
annual_rain,601.0
annual_rain,601.0
annual_rain,601.0
annual_rain,601.0
annual_rain,601.0
annual_rain,601.0
annual_rain,601.0
annual_rain,601.0
annual_rain,601.0
annual_rain,601.0
annual_rain,601.0
annual_rain,601.0
annual_rain,601.0
annual_rain,601.0
annual_rain,601.0
annual_rain,601.0
annual_rain,601.0
annual_rain,601.0
annual_rain,601.0
annual_rain,601.0
annual_rain,601.0
annual_rain,601.0
annual_rain,601.0
annual_rain,601.0
annual_rain,601.0
annual_rain,601.0
annual_rain,601.0
annual_rain,601.0
annual_rain,601.0
annual_rain,601.0
annual_rain,601.0
annual_rain,601.0
annual_rain,601.0
annual_rain,601.0
annual_rain,601.0
annual_rain,601.0
annual_rain,601.0
annual_rain,601.0
annual_rain,601.0
annual_rain,601.0
annual_rain,601.0
annual_rain,601.0
annual_rain,601.0
annual_rain,601.0
annual_rain,601.0
annual_rain,601.0
annual_rain,601.0
annual_rain,601.0
annual_rain,601.0
annual_rain,601.0
annual_rain,601.0
annual_rain,601.0
annual_rain,601.0
annual_rain,601.0
annual_rain,601.0
annual_rain,601.0
annual_rain,601.0
annual_rain,601.0
annual_rain,601.0
annual_rain,601.0
annual_rain,601.0
annual_rain,601.0
annual_rain,601.0
annual_rain,601.0
annual_rain,601.0
annual_rain,601.0
annual_rain,601.0
annual_rain,601.0
annual_rain,601.0
annual_rain,601.0
annual_rain,601.0
annual_rain,601.0
annual_rain,601.0
annual_rain,601.0
annual_rain,601.0
annual_rain,601.0
annual_rain,601.0
annual_rain,601.0
annual_rain,601.0
annual_rain,601.0
annual_rain,601.0
annual_rain,601.0
annual_rain,601.0
annual_rain,601.0
annual_rain,601.0
annual_rain,601.0
annual_rain,601.0
annual_rain,601.0
annual_rain,601.0
annual_rain,601.0
annual_rain,601.0
annual_rain,601.0
annual_rain,601.0
annual_rain,601.0
annual_rain,601.0
annual_rain,601.0
annual_rain,601.0
annual_rain,601.0
annual_rain,601.0
annual_rain,601.0
annual_rain,601.0
annual_rain,601.0
annual_rain,601.0
annual_rain,601.0
annual_rain,601.0
annual_rain,601.0
annual_rain,601.0
annual_rain,601.0
annual_rain,601.0
annual_rain,601.0
annual_rain,601.0
annual_rain,601.0
annual_rain,601.0
annual_rain,601.0
annual_rain,601.0
annual_rain,601.0
annual_rain,601.0
annual_rain,601.0
annual_rain,601.0
annual_rain,601.0
annual_rain,601.0
annual_rain,601.0
annual_rain,601.0
annual_rain,601.0
annual_rain,601.0
annual_rain,601.0
annual_rain,601.0
annual_rain,601.0
annual_rain,601.0
annual_rain,601.0
annual_rain,601.0
annual_rain,601.0
annual_rain,601.0
annual_rain,601.0
annual_rain,601.0
annual_rain,601.0
annual_rain,601.0
annual_rain,601.0
annual_rain,601.0
annual_rain,601.0
annual_rain,601.0
annual_rain,601.0
annual_rain,601.0
annual_rain,601.0
annual_rain,601.0
annual_rain,601.0
annual_rain,601.0
annual_rain,601.0
annual_rain,601.0
annual_rain,601.0
annual_rain,601.0
annual_rain,601.0
annual_rain,601.0
annual_rain,601.0
annual_rain,601.0
annual_rain,601.0
annual_rain,601.0
annual_rain,601.0
annual_rain,601.0
annual_rain,601.0
annual_rain,601.0
annual_rain,601.0
annual_rain,601.0
annual_rain,601.0
annual_rain,601.0
annual_rain,601.0
annual_rain,601.0
annual_rain,601.0
annual_rain,601.0
annual_rain,601.0
annual_rain,601.0
annual_rain,601.0
annual_rain,1186.0
annual_rain,1186.0
annual_rain,1186.0
annual_rain,1186.0
annual_rain,1186.0
annual_rain,1186.0
annual_rain,1186.0
annual_rain,1186.0
annual_rain,1186.0
annual_rain,1186.0
annual_rain,1439.0
annual_rain,1439.0
annual_rain,1439.0
annual_rain,1439.0
annual_rain,1439.0
annual_rain,1439.0
annual_rain,1439.0
annual_rain,1439.0
annual_rain,1439.0
annual_rain,1439.0
annual_rain,1439.0
annual_rain,1439.0
annual_rain,1439.0
annual_rain,1439.0
annual_rain,1439.0
annual_rain,1439.0
annual_rain,1439.0
annual_rain,1439.0
annual_rain,1439.0
annual_rain,1439.0
annual_rain,1439.0
annual_rain,1439.0
annual_rain,1439.0
annual_rain,1439.0
annual_rain,1439.0
annual_rain,1439.0
annual_rain,1439.0
annual_rain,1439.0
annual_rain,1439.0
annual_rain,1439.0
annual_rain,1439.0
annual_rain,1439.0
annual_rain,1439.0
annual_rain,1439.0
annual_rain,1439.0
annual_rain,1439.0
annual_rain,1439.0
annual_rain,1439.0
annual_rain,1439.0
annual_rain,1439.0
annual_rain,1439.0
annual_rain,1439.0
annual_rain,1439.0
annual_rain,1439.0
annual_rain,1439.0
annual_rain,1439.0
annual_rain,1439.0
annual_rain,1439.0
annual_rain,1439.0
annual_rain,1439.0
annual_rain,1439.0
annual_rain,1439.0
annual_rain,1439.0
annual_rain,1439.0
annual_rain,1439.0
annual_rain,1439.0
annual_rain,1439.0
annual_rain,1439.0
annual_rain,1439.0
annual_rain,1439.0
annual_rain,1439.0
annual_rain,1439.0
annual_rain,1439.0
annual_rain,1439.0
annual_rain,1439.0
annual_rain,1439.0
annual_rain,1439.0
annual_rain,1439.0
annual_rain,1439.0
annual_rain,1439.0
annual_rain,1439.0
annual_rain,1439.0
annual_rain,1439.0
annual_rain,1439.0
annual_rain,1439.0
annual_rain,1439.0
annual_rain,1439.0
annual_rain,1439.0
annual_rain,1439.0
annual_rain,1439.0
annual_rain,1439.0
annual_rain,1439.0
annual_rain,1439.0
annual_rain,1439.0
annual_rain,631.0
annual_rain,631.0
annual_rain,631.0
annual_rain,631.0
annual_rain,631.0
annual_rain,631.0
annual_rain,631.0
annual_rain,631.0
annual_rain,631.0
annual_rain,631.0
annual_rain,631.0
annual_rain,631.0
annual_rain,631.0
annual_rain,631.0
annual_rain,631.0
annual_rain,631.0
annual_rain,631.0
annual_rain,631.0
annual_rain,631.0
annual_rain,631.0
annual_rain,631.0
annual_rain,631.0
annual_rain,631.0
annual_rain,631.0
annual_rain,631.0
annual_rain,631.0
annual_rain,631.0
annual_rain,631.0
annual_rain,631.0
annual_rain,631.0
annual_rain,631.0
annual_rain,631.0
annual_rain,631.0
annual_rain,631.0
annual_rain,631.0
annual_rain,631.0
annual_rain,631.0
annual_rain,631.0
annual_rain,631.0
annual_rain,631.0
annual_rain,631.0
annual_rain,631.0
annual_rain,631.0
annual_rain,631.0
annual_rain,631.0
annual_rain,631.0
annual_rain,631.0
annual_rain,631.0
annual_rain,631.0
annual_rain,631.0
annual_rain,631.0
annual_rain,631.0
annual_rain,631.0
annual_rain,631.0
annual_rain,631.0
annual_rain,631.0
annual_rain,631.0
annual_rain,631.0
annual_rain,631.0
annual_rain,631.0
annual_rain,631.0
annual_rain,631.0
annual_rain,631.0
annual_rain,631.0
annual_rain,631.0
annual_rain,631.0
annual_rain,631.0
annual_rain,631.0
annual_rain,631.0
annual_rain,631.0
annual_rain,631.0
annual_rain,631.0
annual_rain,631.0
annual_rain,631.0
annual_rain,631.0
annual_rain,631.0
annual_rain,631.0
annual_rain,631.0
annual_rain,631.0
annual_rain,631.0
annual_rain,631.0
annual_rain,631.0
annual_rain,631.0
annual_rain,631.0
annual_rain,631.0
annual_rain,631.0
annual_rain,631.0
annual_rain,631.0
annual_rain,631.0
annual_rain,631.0
annual_rain,631.0
annual_rain,631.0
annual_rain,631.0
annual_rain,631.0
annual_rain,631.0
annual_rain,631.0
annual_rain,631.0
annual_rain,631.0
annual_rain,631.0
annual_rain,631.0
annual_rain,631.0
annual_rain,631.0
annual_rain,631.0
annual_rain,631.0
annual_rain,631.0
annual_rain,631.0
annual_rain,631.0
annual_rain,631.0
annual_rain,631.0
annual_rain,631.0
annual_rain,631.0
annual_rain,631.0
annual_rain,631.0
annual_rain,631.0
annual_rain,631.0
annual_rain,631.0
annual_rain,631.0
annual_rain,631.0
annual_rain,631.0
annual_rain,631.0
annual_rain,631.0
annual_rain,631.0
annual_rain,631.0
annual_rain,631.0
annual_rain,631.0
annual_rain,631.0
annual_rain,631.0
annual_rain,631.0
annual_rain,631.0
annual_rain,631.0
annual_rain,631.0
annual_rain,631.0
annual_rain,631.0
annual_rain,1007.0
annual_rain,1007.0
annual_rain,1007.0
annual_rain,1007.0
annual_rain,1007.0
annual_rain,1007.0
annual_rain,1007.0
annual_rain,1007.0
annual_rain,1007.0
annual_rain,1007.0
annual_rain,1007.0
annual_rain,1007.0
annual_rain,1007.0
annual_rain,1007.0
annual_rain,1007.0
annual_rain,1007.0
annual_rain,1007.0
annual_rain,1007.0
annual_rain,1007.0
annual_rain,1007.0
annual_rain,1007.0
annual_rain,1007.0
annual_rain,1007.0
annual_rain,1007.0
annual_rain,1007.0
annual_rain,1007.0
annual_rain,1007.0
annual_rain,1007.0
annual_rain,1007.0
annual_rain,1007.0
annual_rain,1007.0
annual_rain,1007.0
annual_rain,1007.0
annual_rain,1007.0
annual_rain,1007.0
annual_rain,1007.0
annual_rain,1007.0
annual_rain,1007.0
annual_rain,1007.0
annual_rain,1007.0
annual_rain,1007.0
annual_rain,1007.0
annual_rain,1007.0
annual_rain,1007.0
annual_rain,1007.0
annual_rain,1007.0
annual_rain,1007.0
annual_rain,1007.0
annual_rain,1007.0
annual_rain,1007.0
annual_rain,1007.0
annual_rain,1007.0
annual_rain,1007.0
annual_rain,1007.0
annual_rain,1007.0
annual_rain,1007.0
annual_rain,1007.0
annual_rain,1007.0
annual_rain,1007.0
annual_rain,1007.0
annual_rain,1007.0
annual_rain,1007.0
annual_rain,1007.0
annual_rain,1007.0
annual_rain,1007.0
annual_rain,1007.0
annual_rain,1007.0
annual_rain,1007.0
annual_rain,1007.0
annual_rain,1007.0
annual_rain,1007.0
annual_rain,1007.0
annual_rain,1007.0
annual_rain,1007.0
annual_rain,1007.0
annual_rain,1007.0
annual_rain,1007.0
annual_rain,1007.0
annual_rain,1007.0
annual_rain,1007.0
annual_rain,1007.0
annual_rain,1007.0
annual_rain,1007.0
annual_rain,1007.0
annual_rain,1007.0
annual_rain,1007.0
annual_rain,1007.0
annual_rain,1007.0
annual_rain,1007.0
annual_rain,1007.0
annual_rain,1007.0
annual_rain,1007.0
annual_rain,1007.0
annual_rain,1007.0
annual_rain,1007.0
annual_rain,1007.0
annual_rain,1007.0
annual_rain,1007.0
annual_rain,1007.0
annual_rain,1007.0
annual_rain,1007.0
annual_rain,959.0
annual_rain,959.0
annual_rain,959.0
annual_rain,959.0
annual_rain,959.0
annual_rain,959.0
annual_rain,959.0
annual_rain,959.0
annual_rain,959.0
annual_rain,959.0
annual_rain,959.0
annual_rain,959.0
annual_rain,959.0
annual_rain,959.0
annual_rain,959.0
annual_rain,959.0
annual_rain,959.0
annual_rain,959.0
annual_rain,959.0
annual_rain,959.0
annual_rain,959.0
annual_rain,959.0
annual_rain,959.0
annual_rain,959.0
annual_rain,959.0
annual_rain,959.0
annual_rain,959.0
annual_rain,959.0
annual_rain,959.0
annual_rain,959.0
annual_rain,959.0
annual_rain,959.0
annual_rain,959.0
annual_rain,1053.0
annual_rain,1053.0
annual_rain,1053.0
annual_rain,1053.0
annual_rain,1053.0
annual_rain,1053.0
annual_rain,1053.0
annual_rain,1053.0
annual_rain,1053.0
annual_rain,1053.0
annual_rain,1053.0
annual_rain,1053.0
annual_rain,1053.0
annual_rain,1053.0
annual_rain,1053.0
annual_rain,1053.0
annual_rain,1053.0
annual_rain,1053.0
annual_rain,1053.0
annual_rain,1053.0
annual_rain,1053.0
annual_rain,1053.0
annual_rain,1053.0
annual_rain,1053.0
annual_rain,1053.0
annual_rain,1053.0
annual_rain,1053.0
annual_rain,1007.0
annual_rain,1007.0
annual_rain,1007.0
annual_rain,1007.0
annual_rain,1007.0
annual_rain,1007.0
annual_rain,1007.0
annual_rain,1007.0
annual_rain,1007.0
annual_rain,1007.0
annual_rain,1007.0
annual_rain,1007.0
annual_rain,1007.0
annual_rain,1007.0
annual_rain,1007.0
annual_rain,1007.0
annual_rain,1007.0
annual_rain,1007.0
annual_rain,1007.0
annual_rain,1007.0
annual_rain,1007.0
annual_rain,1007.0
annual_rain,1007.0
annual_rain,1007.0
annual_rain,1007.0
annual_rain,1007.0
annual_rain,1007.0
annual_rain,1007.0
annual_rain,1007.0
annual_rain,1007.0
annual_rain,1007.0
annual_rain,1007.0
annual_rain,1007.0
annual_rain,1007.0
annual_rain,1007.0
annual_rain,1007.0
annual_rain,1007.0
annual_rain,1007.0
annual_rain,1007.0
annual_rain,1007.0
annual_rain,1007.0
annual_rain,1007.0
annual_rain,1007.0
annual_rain,1203.0
annual_rain,1203.0
annual_rain,1203.0
annual_rain,1203.0
annual_rain,1203.0
annual_rain,1203.0
annual_rain,1203.0
annual_rain,1203.0
annual_rain,1203.0
annual_rain,1203.0
annual_rain,1203.0
annual_rain,1203.0
annual_rain,1203.0
annual_rain,1203.0
annual_rain,1203.0
annual_rain,1203.0
annual_rain,1203.0
annual_rain,1203.0
annual_rain,1203.0
annual_rain,1203.0
annual_rain,1203.0
annual_rain,1203.0
annual_rain,1203.0
annual_rain,1203.0
annual_rain,1203.0
annual_rain,1203.0
annual_rain,1203.0
annual_rain,1203.0
annual_rain,1203.0
annual_rain,1203.0
annual_rain,1203.0
annual_rain,1203.0
annual_rain,1203.0
annual_rain,1203.0
annual_rain,1203.0
annual_rain,1203.0
annual_rain,1203.0
annual_rain,1203.0
annual_rain,1203.0
annual_rain,1203.0
annual_rain,1203.0
annual_rain,1203.0
annual_rain,1203.0
annual_rain,1203.0
annual_rain,1203.0
annual_rain,1203.0
annual_rain,1203.0
annual_rain,1203.0
annual_rain,1203.0
annual_rain,1203.0
annual_rain,1203.0
annual_rain,1203.0
annual_rain,1203.0
annual_rain,1203.0
annual_rain,1203.0
annual_rain,1203.0
annual_rain,1203.0
annual_rain,1203.0
annual_rain,1203.0
annual_rain,1203.0
annual_rain,1203.0
annual_rain,1203.0
annual_rain,1203.0
annual_rain,1203.0
annual_rain,1203.0
annual_rain,1203.0
annual_rain,1203.0
annual_rain,1203.0
annual_rain,1203.0
annual_rain,1203.0
annual_rain,1203.0
annual_rain,1203.0
annual_rain,1203.0
annual_rain,1203.0
annual_rain,1203.0
annual_rain,1203.0
annual_rain,1203.0
annual_rain,1203.0
annual_rain,1203.0
annual_rain,634.0
annual_rain,634.0
annual_rain,634.0
annual_rain,634.0
annual_rain,634.0
annual_rain,634.0
annual_rain,634.0
annual_rain,634.0
annual_rain,634.0
annual_rain,634.0
annual_rain,634.0
annual_rain,634.0
annual_rain,634.0
annual_rain,634.0
annual_rain,634.0
annual_rain,634.0
annual_rain,634.0
annual_rain,634.0
annual_rain,634.0
annual_rain,634.0
annual_rain,634.0
annual_rain,634.0
annual_rain,634.0
annual_rain,634.0
annual_rain,634.0
annual_rain,634.0
annual_rain,634.0
annual_rain,634.0
annual_rain,634.0
annual_rain,634.0
annual_rain,634.0
annual_rain,634.0
annual_rain,634.0
annual_rain,634.0
annual_rain,634.0
annual_rain,634.0
annual_rain,634.0
annual_rain,634.0
annual_rain,634.0
annual_rain,634.0
annual_rain,634.0
annual_rain,634.0
annual_rain,634.0
annual_rain,634.0
annual_rain,634.0
annual_rain,634.0
annual_rain,634.0
annual_rain,634.0
annual_rain,634.0
annual_rain,634.0
annual_rain,634.0
annual_rain,634.0
annual_rain,634.0
annual_rain,634.0
annual_rain,634.0
annual_rain,634.0
annual_rain,634.0
annual_rain,634.0
annual_rain,634.0
annual_rain,634.0
annual_rain,634.0
annual_rain,634.0
annual_rain,634.0
annual_rain,634.0
annual_rain,634.0
annual_rain,634.0
annual_rain,634.0
annual_rain,634.0
annual_rain,634.0
annual_rain,634.0
annual_rain,634.0
annual_rain,634.0
annual_rain,634.0
annual_rain,634.0
annual_rain,634.0
annual_rain,634.0
annual_rain,634.0
annual_rain,634.0
annual_rain,634.0
annual_rain,634.0
annual_rain,634.0
annual_rain,634.0
annual_rain,634.0
annual_rain,634.0
annual_rain,634.0
annual_rain,634.0
annual_rain,634.0
annual_rain,634.0
annual_rain,634.0
annual_rain,634.0
annual_rain,634.0
annual_rain,634.0
annual_rain,634.0
annual_rain,634.0
annual_rain,634.0
annual_rain,634.0
annual_rain,634.0
annual_rain,634.0
annual_rain,634.0
annual_rain,634.0
annual_rain,634.0
annual_rain,634.0
annual_rain,1689.0
annual_rain,1689.0
annual_rain,1689.0
annual_rain,1689.0
annual_rain,1689.0
annual_rain,1689.0
annual_rain,1689.0
annual_rain,1689.0
annual_rain,1689.0
annual_rain,1689.0
annual_rain,1689.0
annual_rain,1689.0
annual_rain,1689.0
annual_rain,1689.0
annual_rain,1689.0
annual_rain,1689.0
annual_rain,1689.0
annual_rain,1689.0
annual_rain,1689.0
annual_rain,1689.0
annual_rain,1689.0
annual_rain,1689.0
annual_rain,1689.0
annual_rain,1689.0
annual_rain,1689.0
annual_rain,1689.0
annual_rain,1689.0
annual_rain,1689.0
annual_rain,1689.0
annual_rain,1689.0
annual_rain,1689.0
annual_rain,1689.0
annual_rain,1689.0
annual_rain,1689.0
annual_rain,1689.0
annual_rain,1689.0
annual_rain,1689.0
annual_rain,1689.0
annual_rain,1689.0
annual_rain,1689.0
annual_rain,1689.0
annual_rain,1689.0
annual_rain,1689.0
annual_rain,1689.0
annual_rain,1689.0
annual_rain,1689.0
annual_rain,1689.0
annual_rain,1689.0
annual_rain,1689.0
annual_rain,1689.0
annual_rain,1689.0
annual_rain,1689.0
annual_rain,1689.0
annual_rain,1689.0
annual_rain,1689.0
annual_rain,1689.0
annual_rain,1689.0
annual_rain,1689.0
annual_rain,1689.0
annual_rain,1689.0
annual_rain,1689.0
annual_rain,1689.0
annual_rain,1689.0
annual_rain,1689.0
annual_rain,1689.0
annual_rain,1689.0
annual_rain,1689.0
annual_rain,1689.0
annual_rain,1689.0
annual_rain,1689.0
annual_rain,1689.0
annual_rain,1689.0
annual_rain,1689.0
annual_rain,1689.0
annual_rain,1689.0
annual_rain,1689.0
annual_rain,1689.0
annual_rain,1689.0
annual_rain,1689.0
annual_rain,1689.0
annual_rain,1689.0
annual_rain,1689.0
annual_rain,1689.0
annual_rain,1689.0
annual_rain,1689.0
annual_rain,1689.0
annual_rain,1689.0
annual_rain,1689.0
annual_rain,1689.0
annual_rain,1689.0
annual_rain,1689.0
annual_rain,1689.0
annual_rain,1689.0
annual_rain,1689.0
annual_rain,1689.0
annual_rain,1689.0
annual_rain,1689.0
annual_rain,1689.0
annual_rain,1689.0
annual_rain,1689.0
annual_rain,1689.0
annual_rain,1689.0
annual_rain,1689.0
annual_rain,1689.0
annual_rain,1689.0
annual_rain,1689.0
annual_rain,1689.0
annual_rain,1689.0
annual_rain,1689.0
annual_rain,1689.0
annual_rain,1689.0
annual_rain,1689.0
annual_rain,1689.0
annual_rain,1689.0
annual_rain,1689.0
annual_rain,1689.0
annual_rain,1689.0
annual_rain,1689.0
annual_rain,1689.0
annual_rain,1689.0
annual_rain,1689.0
annual_rain,1689.0
annual_rain,1689.0
annual_rain,1689.0
annual_rain,1689.0
annual_rain,1689.0
annual_rain,1689.0
annual_rain,1689.0
annual_rain,1689.0
annual_rain,1689.0
annual_rain,1689.0
annual_rain,1689.0
annual_rain,1689.0
annual_rain,1689.0
annual_rain,1689.0
annual_rain,1689.0
annual_rain,1689.0
annual_rain,1689.0
annual_rain,1689.0
annual_rain,1689.0
annual_rain,1689.0
annual_rain,1689.0
annual_rain,1689.0
annual_rain,1689.0
annual_rain,1689.0
annual_rain,1689.0
annual_rain,1689.0
annual_rain,1689.0
annual_rain,1689.0
annual_rain,1689.0
annual_rain,1689.0
annual_rain,1689.0
annual_rain,1689.0
annual_rain,1689.0
annual_rain,1689.0
annual_rain,1689.0
annual_rain,1689.0
annual_rain,1689.0
annual_rain,1689.0
annual_rain,1689.0
annual_rain,1205.0
annual_rain,1205.0
annual_rain,1205.0
annual_rain,1205.0
annual_rain,1205.0
annual_rain,1205.0
annual_rain,1205.0
annual_rain,1205.0
annual_rain,1205.0
annual_rain,1205.0
annual_rain,1205.0
annual_rain,1205.0
annual_rain,1205.0
annual_rain,1205.0
annual_rain,1205.0
annual_rain,1205.0
annual_rain,1205.0
annual_rain,1205.0
annual_rain,1205.0
annual_rain,1205.0
annual_rain,1205.0
annual_rain,1205.0
annual_rain,1205.0
annual_rain,1205.0
annual_rain,1205.0
annual_rain,1205.0
annual_rain,1205.0
annual_rain,1205.0
annual_rain,1205.0
annual_rain,1205.0
annual_rain,1205.0
annual_rain,1205.0
annual_rain,1205.0
annual_rain,1205.0
annual_rain,1205.0
annual_rain,1205.0
annual_rain,1205.0
annual_rain,1205.0
annual_rain,1205.0
annual_rain,1205.0
annual_rain,1205.0
annual_rain,1205.0
annual_rain,1205.0
annual_rain,1205.0
annual_rain,1205.0
annual_rain,1205.0
annual_rain,1205.0
annual_rain,1205.0
annual_rain,1205.0
annual_rain,1205.0
annual_rain,1205.0
annual_rain,1205.0
annual_rain,1205.0
annual_rain,1205.0
annual_rain,1205.0
annual_rain,1205.0
annual_rain,1205.0
annual_rain,1205.0
annual_rain,1205.0
annual_rain,1205.0
annual_rain,1205.0
annual_rain,1205.0
annual_rain,1205.0
annual_rain,1205.0
annual_rain,1205.0
annual_rain,1205.0
annual_rain,1205.0
annual_rain,1205.0
annual_rain,1205.0
annual_rain,1205.0
annual_rain,1205.0
annual_rain,1205.0
annual_rain,1205.0
annual_rain,1205.0
annual_rain,1205.0
annual_rain,1205.0
annual_rain,1205.0
annual_rain,1205.0
annual_rain,1205.0
annual_rain,1483.0
annual_rain,1483.0
annual_rain,1483.0
annual_rain,1483.0
annual_rain,1483.0
annual_rain,1483.0
annual_rain,1483.0
annual_rain,1483.0
annual_rain,1483.0
annual_rain,1483.0
annual_rain,1483.0
annual_rain,1483.0
annual_rain,1483.0
annual_rain,1483.0
annual_rain,1483.0
annual_rain,1483.0
annual_rain,1483.0
annual_rain,1483.0
annual_rain,1483.0
annual_rain,1483.0
annual_rain,1483.0
annual_rain,1483.0
annual_rain,1483.0
annual_rain,1483.0
annual_rain,1483.0
annual_rain,1483.0
annual_rain,1483.0
annual_rain,1483.0
annual_rain,1483.0
annual_rain,1483.0
annual_rain,1483.0
annual_rain,1483.0
annual_rain,1483.0
annual_rain,1483.0
annual_rain,1483.0
annual_rain,1483.0
annual_rain,1483.0
annual_rain,1483.0
annual_rain,1483.0
annual_rain,1483.0
annual_rain,1483.0
annual_rain,1483.0
annual_rain,1483.0
annual_rain,1483.0
annual_rain,1286.0
annual_rain,1286.0
annual_rain,1286.0
annual_rain,1286.0
annual_rain,1286.0
annual_rain,1286.0
annual_rain,1286.0
annual_rain,1286.0
annual_rain,1286.0
annual_rain,1286.0
annual_rain,1286.0
annual_rain,1286.0
annual_rain,1286.0
annual_rain,1286.0
annual_rain,1286.0
annual_rain,1286.0
annual_rain,1286.0
annual_rain,1286.0
annual_rain,1286.0
annual_rain,1286.0
annual_rain,1286.0
annual_rain,1286.0
annual_rain,1286.0
annual_rain,1286.0
annual_rain,1286.0
annual_rain,1286.0
annual_rain,1286.0
elevation_wp,2033.5
elevation_wp,1428.1
elevation_wp,1997.3
elevation_wp,1877.0
elevation_wp,1966.3
elevation_wp,2173.1
elevation_wp,1936.8
elevation_wp,1777.3
elevation_wp,1887.9
elevation_wp,1954.8
elevation_wp,1981.0
elevation_wp,1968.2
elevation_wp,1449.7
elevation_wp,1866.0
elevation_wp,1746.2
elevation_wp,1414.2
elevation_wp,1520.0
elevation_wp,1892.3
elevation_wp,1834.4
elevation_wp,1755.4
elevation_wp,1762.0
elevation_wp,1810.0
elevation_wp,1765.7
elevation_wp,1718.0
elevation_wp,1726.0
elevation_wp,1190.6
elevation_wp,1341.8
elevation_wp,1026.9
elevation_wp,1114.9
elevation_wp,1123.8
elevation_wp,1650.0
elevation_wp,2208.5
elevation_wp,2237.2
elevation_wp,1779.6
elevation_wp,2020.2
elevation_wp,1722.0
elevation_wp,1421.2
elevation_wp,1593.0
elevation_wp,1458.0
elevation_wp,2495.1
elevation_wp,2710.7
elevation_wp,2522.5
elevation_wp,2592.0
elevation_wp,1827.0
elevation_wp,988.0
elevation_wp,946.9
elevation_wp,1133.8
elevation_wp,2007.3
elevation_wp,2030.4
elevation_wp,2551.0
elevation_wp,2350.3
elevation_wp,2125.3
elevation_wp,1400.7
elevation_wp,2024.1
elevation_wp,2247.9
elevation_wp,1966.9
elevation_wp,1425.0
elevation_wp,918.0
elevation_wp,1593.0
elevation_wp,929.3
elevation_wp,744.2
elevation_wp,777.0
elevation_wp,2.0
elevation_wp,-4.0
elevation_wp,6.0
elevation_wp,24.0
elevation_wp,-17.0
elevation_wp,2.0
elevation_wp,-27.0
elevation_wp,2.0
elevation_wp,4.0
elevation_wp,-34.0
elevation_wp,0.0
elevation_wp,-28.0
elevation_wp,1.0
elevation_wp,-1.0
elevation_wp,-9.0
elevation_wp,-12.0
elevation_wp,-23.0
elevation_wp,8.0
elevation_wp,3.0
elevation_wp,-3.0
elevation_wp,-24.0
elevation_wp,-13.0
elevation_wp,-3.0
elevation_wp,-1.0
elevation_wp,-3.0
elevation_wp,-5.0
elevation_wp,17.0
elevation_wp,26.0
elevation_wp,-4.0
elevation_wp,-8.0
elevation_wp,6.0
elevation_wp,11.0
elevation_wp,-1.0
elevation_wp,9.0
elevation_wp,379.1641846
elevation_wp,371.8594971
elevation_wp,379.3148193
elevation_wp,371.1636963
elevation_wp,431.3168945
elevation_wp,437.531189
elevation_wp,379.7721558
elevation_wp,410.0155029
elevation_wp,356.2819214
elevation_wp,424.4067383
elevation_wp,420.2280273
elevation_wp,439.2115479
elevation_wp,384.1242676
elevation_wp,376.3400269
elevation_wp,399.4559937
elevation_wp,370.5230103
elevation_wp,406.8101807
elevation_wp,352.9700928
elevation_wp,391.0766602
elevation_wp,378.2567749
elevation_wp,354.1520996
elevation_wp,371.998291
elevation_wp,392.5455933
elevation_wp,374.4689941
elevation_wp,333.0612793
elevation_wp,322.1168213
elevation_wp,348.2982178
elevation_wp,340.5367432
elevation_wp,339.5629883
elevation_wp,307.1472168
elevation_wp,69.69
elevation_wp,48.09
elevation_wp,79.0
elevation_wp,103.87
elevation_wp,94.33
elevation_wp,121.62
elevation_wp,116.13
elevation_wp,147.83
elevation_wp,124.29
elevation_wp,121.83
elevation_wp,122.9
elevation_wp,101.9
elevation_wp,147.6
elevation_wp,82.19
elevation_wp,162.16
elevation_wp,118.73
elevation_wp,143.82
elevation_wp,122.65
elevation_wp,175.46
elevation_wp,102.04
elevation_wp,107.0
elevation_wp,88.98
elevation_wp,144.19
elevation_wp,159.7
elevation_wp,173.63
elevation_wp,117.76
elevation_wp,158.0
elevation_wp,170.77
elevation_wp,155.0
elevation_wp,181.0
elevation_wp,187.0
elevation_wp,153.08
elevation_wp,152.86
elevation_wp,193.0
elevation_wp,208.47
elevation_wp,865.468
elevation_wp,1183.166
elevation_wp,513.753
elevation_wp,526.176
elevation_wp,599.568
elevation_wp,521.105
elevation_wp,904.498
elevation_wp,1016.491
elevation_wp,875.407
elevation_wp,585.084
elevation_wp,411.0
elevation_wp,315.0
elevation_wp,324.0
elevation_wp,333.0
elevation_wp,364.0
elevation_wp,357.0
elevation_wp,402.0
elevation_wp,394.0
elevation_wp,372.0
elevation_wp,405.0
elevation_wp,370.0
elevation_wp,370.0
elevation_wp,407.0
elevation_wp,399.0
elevation_wp,222.0
elevation_wp,245.0
elevation_wp,240.0
elevation_wp,279.0
elevation_wp,295.0
elevation_wp,290.0
elevation_wp,301.0
elevation_wp,293.0
elevation_wp,309.0
elevation_wp,341.0
elevation_wp,347.0
elevation_wp,333.0
elevation_wp,330.0
elevation_wp,324.0
elevation_wp,311.0
elevation_wp,337.0
elevation_wp,325.0
elevation_wp,268.0
elevation_wp,310.0
elevation_wp,312.0
elevation_wp,313.0
elevation_wp,408.0
elevation_wp,347.0
elevation_wp,416.0
elevation_wp,408.0
elevation_wp,413.0
elevation_wp,408.0
elevation_wp,383.0
elevation_wp,398.0
elevation_wp,358.0
elevation_wp,369.0
elevation_wp,384.0
elevation_wp,436.0
elevation_wp,424.0
elevation_wp,411.0
elevation_wp,405.0
elevation_wp,398.0
elevation_wp,401.0
elevation_wp,425.0
elevation_wp,407.0
elevation_wp,401.0
elevation_wp,395.0
elevation_wp,395.0
elevation_wp,400.0
elevation_wp,390.0
elevation_wp,394.0
elevation_wp,391.0
elevation_wp,398.0
elevation_wp,396.0
elevation_wp,388.0
elevation_wp,384.0
elevation_wp,388.0
elevation_wp,375.0
elevation_wp,386.0
elevation_wp,382.0
elevation_wp,389.0
elevation_wp,384.0
elevation_wp,389.0
elevation_wp,362.0
elevation_wp,367.0
elevation_wp,374.0
elevation_wp,378.0
elevation_wp,371.0
elevation_wp,362.0
elevation_wp,375.0
elevation_wp,366.0
elevation_wp,810.4888
elevation_wp,829.7243
elevation_wp,811.7984
elevation_wp,784.7432
elevation_wp,815.8916
elevation_wp,955.9328
elevation_wp,684.4981
elevation_wp,718.8292
elevation_wp,775.6418
elevation_wp,947.6333
elevation_wp,811.9454
elevation_wp,933.642
elevation_wp,969.8102
elevation_wp,894.4796
elevation_wp,895.961
elevation_wp,1098.2519
elevation_wp,822.401
elevation_wp,810.4559
elevation_wp,842.3369
elevation_wp,957.2791
elevation_wp,1123.0576
elevation_wp,1009.5341
elevation_wp,821.5546
elevation_wp,880.9299
elevation_wp,609.3774
elevation_wp,1338.5695
elevation_wp,485.0226
elevation_wp,520.3715
elevation_wp,761.575
elevation_wp,780.2443
elevation_wp,445.9902
elevation_wp,498.9075
elevation_wp,378.0708
elevation_wp,495.4356
elevation_wp,753.9082
elevation_wp,682.3662
elevation_wp,437.9671
elevation_wp,470.8765
elevation_wp,453.1893
elevation_wp,459.3226
elevation_wp,914.1629
elevation_wp,938.2828
elevation_wp,915.4873
elevation_wp,1008.5739
elevation_wp,440.3837
elevation_wp,446.2423
elevation_wp,475.4376
elevation_wp,424.8777
elevation_wp,555.5215
elevation_wp,545.4095
elevation_wp,469.1056
elevation_wp,570.7278
elevation_wp,340.655
elevation_wp,423.7559
elevation_wp,434.6113
elevation_wp,426.7572
elevation_wp,314.5663
elevation_wp,413.1379
elevation_wp,513.1828
elevation_wp,454.3469
elevation_wp,1470.9665
elevation_wp,1525.0
elevation_wp,1470.0
elevation_wp,1488.8641
elevation_wp,1221.1525
elevation_wp,1633.0
elevation_wp,1580.0819
elevation_wp,644.0
elevation_wp,1692.7802
elevation_wp,1708.0
elevation_wp,843.0
elevation_wp,816.7458
elevation_wp,961.2775
elevation_wp,668.0
elevation_wp,631.0
elevation_wp,830.5089
elevation_wp,684.0
elevation_wp,637.7487
elevation_wp,656.623
elevation_wp,676.4526
elevation_wp,901.0328
elevation_wp,998.0
elevation_wp,1020.4256
elevation_wp,1256.9822
elevation_wp,924.7984
elevation_wp,914.8863
elevation_wp,1164.4156
elevation_wp,1105.6982
elevation_wp,1024.2274
elevation_wp,1055.3494
elevation_wp,1073.4628
elevation_wp,990.5497
elevation_wp,1267.7295
elevation_wp,1106.4248
elevation_wp,1019.6455
elevation_wp,901.7453
elevation_wp,1025.57
elevation_wp,1199.7869
elevation_wp,1531.8079
elevation_wp,1527.7787
elevation_wp,201.4365
elevation_wp,195.3917
elevation_wp,170.4148
elevation_wp,465.2079
elevation_wp,498.4978
elevation_wp,420.5765
elevation_wp,185.1939
elevation_wp,932.8387
elevation_wp,222.3696
elevation_wp,750.9229
elevation_wp,198.2455
elevation_wp,268.9381
elevation_wp,234.0946
elevation_wp,525.5948
elevation_wp,823.5045
elevation_wp,391.3702
elevation_wp,778.6675
elevation_wp,236.525
elevation_wp,329.1429
elevation_wp,287.7109
elevation_wp,111.1744
elevation_wp,192.386
elevation_wp,116.0294
elevation_wp,108.4274
elevation_wp,1041.7786
elevation_wp,1169.2889
elevation_wp,1002.8517
elevation_wp,959.04
elevation_wp,642.1225
elevation_wp,594.065
elevation_wp,716.3142
elevation_wp,715.0986
elevation_wp,784.1206
elevation_wp,735.0245
elevation_wp,418.6756
elevation_wp,503.4291
elevation_wp,498.455
elevation_wp,655.9292
elevation_wp,659.0712
elevation_wp,669.3569
elevation_wp,1174.633
elevation_wp,1260.9682
elevation_wp,1529.4948
elevation_wp,1289.0451
elevation_wp,1589.4175
elevation_wp,1383.0455
elevation_wp,1408.2564
elevation_wp,1560.7314
elevation_wp,1463.5403
elevation_wp,1611.4483
elevation_wp,1618.8539
elevation_wp,1598.3946
elevation_wp,1677.005
elevation_wp,1729.2822
elevation_wp,1724.5856
elevation_wp,1921.8795
elevation_wp,1470.3035
elevation_wp,1315.8319
elevation_wp,1315.1947
elevation_wp,1270.6013
elevation_wp,1761.1156
elevation_wp,1788.0
elevation_wp,1539.7628
elevation_wp,1772.518
elevation_wp,1598.6483
elevation_wp,1671.8787
elevation_wp,1627.5002
elevation_wp,1647.693
elevation_wp,1548.0
elevation_wp,1594.0
elevation_wp,1615.0
elevation_wp,1617.0
elevation_wp,1507.0
elevation_wp,1527.0
elevation_wp,1716.0
elevation_wp,1754.0
elevation_wp,1696.0
elevation_wp,1815.0
elevation_wp,1813.0
elevation_wp,1752.0
elevation_wp,1832.0
elevation_wp,1865.0
elevation_wp,1836.0
elevation_wp,1833.0
elevation_wp,1564.0
elevation_wp,1783.0
elevation_wp,1777.0
elevation_wp,1587.0
elevation_wp,1606.0
elevation_wp,1741.0
elevation_wp,1877.0
elevation_wp,1655.0
elevation_wp,1530.0
elevation_wp,1499.0
elevation_wp,1737.0
elevation_wp,1934.0
elevation_wp,1712.0
elevation_wp,1826.0
elevation_wp,1432.0
elevation_wp,1772.0
elevation_wp,1813.0
elevation_wp,2234.0
elevation_wp,2215.0
elevation_wp,2101.0
elevation_wp,2218.0
elevation_wp,1087.47144
elevation_wp,1050.787344
elevation_wp,1151.709128
elevation_wp,1069.400024
elevation_wp,1113.800049
elevation_wp,1139.668409
elevation_wp,1112.099976
elevation_wp,1077.571177
elevation_wp,1061.0
elevation_wp,1103.551181
elevation_wp,1092.31626
elevation_wp,1064.199951
elevation_wp,1074.408195
elevation_wp,1107.5
elevation_wp,1085.599976
elevation_wp,1072.235372
elevation_wp,1085.529567
elevation_wp,1059.127074
elevation_wp,1062.016911
elevation_wp,1097.008077
elevation_wp,1058.004139
elevation_wp,1073.654481
elevation_wp,1104.699951
elevation_wp,1083.001654
elevation_wp,1060.5
elevation_wp,1097.400024
elevation_wp,1119.817081
elevation_wp,1106.5
elevation_wp,1106.265176
elevation_wp,1060.099976
elevation_wp,1073.903809
elevation_wp,1128.599976
elevation_wp,1115.624366
elevation_wp,1138.412036
elevation_wp,1153.483965
elevation_wp,1118.657662
elevation_wp,1158.925429
elevation_wp,1091.800049
elevation_wp,1153.308512
elevation_wp,1131.699951
elevation_wp,1140.395034
elevation_wp,1123.127713
elevation_wp,1104.835955
elevation_wp,1125.599976
elevation_wp,1127.161641
elevation_wp,1138.719514
elevation_wp,1191.805135
elevation_wp,1151.751668
elevation_wp,1151.300049
elevation_wp,1141.599976
elevation_wp,1137.900024
elevation_wp,1156.199951
elevation_wp,1848.0
elevation_wp,1599.1
elevation_wp,1927.5
elevation_wp,1805.0
elevation_wp,1760.6
elevation_wp,2138.9
elevation_wp,1900.3
elevation_wp,1914.5
elevation_wp,2363.9
elevation_wp,2524.7
elevation_wp,2302.2
elevation_wp,2143.5
elevation_wp,2192.0
elevation_wp,2114.7
elevation_wp,2084.4
elevation_wp,1788.1
elevation_wp,2004.6
elevation_wp,1982.8
elevation_wp,1586.8
elevation_wp,1697.9
elevation_wp,2880.5
elevation_wp,2045.9
elevation_wp,1804.0
elevation_wp,2797.8
elevation_wp,701.8
elevation_wp,1591.2
elevation_wp,1427.7
elevation_wp,2097.7
elevation_wp,1997.7
elevation_wp,1767.9
elevation_wp,2324.4
elevation_wp,1803.8
elevation_wp,1471.5
elevation_wp,1508.2
elevation_wp,2012.2
elevation_wp,1808.9
elevation_wp,2017.9
elevation_wp,1990.6
elevation_wp,1433.4
elevation_wp,2103.4
elevation_wp,1993.5
elevation_wp,2069.9
elevation_wp,1944.1
elevation_wp,1578.2
elevation_wp,1826.1
elevation_wp,1833.3
elevation_wp,1656.8
elevation_wp,1958.5
elevation_wp,2111.7
elevation_wp,1901.4
elevation_wp,1936.9
elevation_wp,1669.3
elevation_wp,1503.0
elevation_wp,1810.5
elevation_wp,1493.3
elevation_wp,1912.6
elevation_wp,1955.1
elevation_wp,1403.0
elevation_wp,1975.7
elevation_wp,1742.3
elevation_wp,1392.8
elevation_wp,1774.9
elevation_wp,1454.2
elevation_wp,1580.2
elevation_wp,2000.0
elevation_wp,1954.7
elevation_wp,585.8
elevation_wp,1896.9
elevation_wp,1814.1
elevation_wp,1920.9
elevation_wp,2036.5
elevation_wp,4493.7
elevation_wp,1987.3
elevation_wp,1914.7
elevation_wp,2042.6
elevation_wp,2099.6
elevation_wp,2024.2
elevation_wp,1825.5
elevation_wp,1750.0
elevation_wp,1058.6
elevation_wp,1798.7
elevation_wp,1821.6
elevation_wp,2135.2
elevation_wp,1643.9
elevation_wp,2057.2
elevation_wp,2100.2
elevation_wp,825.5
elevation_wp,1973.1
elevation_wp,1814.7
elevation_wp,1990.3
elevation_wp,1447.3
elevation_wp,1997.2
elevation_wp,2226.1
elevation_wp,1154.3
elevation_wp,1211.8
elevation_wp,1942.3
elevation_wp,1472.6
elevation_wp,1404.7
elevation_wp,2292.9
elevation_wp,1677.4
elevation_wp,1980.9
elevation_wp,1941.0
elevation_wp,1801.5
elevation_wp,1872.1
elevation_wp,1813.7
elevation_wp,1999.1
elevation_wp,1796.5
elevation_wp,2058.7
elevation_wp,1755.0
elevation_wp,2011.3
elevation_wp,1709.4
elevation_wp,1791.6
elevation_wp,2346.0
elevation_wp,1820.9
elevation_wp,2167.9
elevation_wp,2132.9
elevation_wp,1693.7
elevation_wp,2239.8
elevation_wp,2805.8
elevation_wp,2421.2
elevation_wp,2528.0
elevation_wp,2834.5
elevation_wp,2457.2
elevation_wp,2237.8
elevation_wp,2772.8
elevation_wp,2286.3
elevation_wp,2132.3
elevation_wp,2805.9
elevation_wp,1974.9
elevation_wp,2342.7
elevation_wp,1877.6
elevation_wp,2485.3
elevation_wp,2299.7
elevation_wp,2466.0
elevation_wp,2328.7
elevation_wp,2543.9
elevation_wp,2413.8
elevation_wp,2003.5
elevation_wp,2424.0
elevation_wp,2516.2
elevation_wp,2343.1
elevation_wp,2376.9
elevation_wp,2526.2
elevation_wp,2151.4
elevation_wp,2209.6
elevation_wp,2425.8
elevation_wp,2171.2
elevation_wp,2010.8
elevation_wp,2395.2
elevation_wp,2386.8
elevation_wp,2376.8
elevation_wp,2039.8
elevation_wp,2180.6
elevation_wp,2071.3
elevation_wp,2114.5
elevation_wp,2228.1
elevation_wp,2188.1
elevation_wp,2422.9
elevation_wp,2166.0
elevation_wp,2041.0
elevation_wp,2807.6
elevation_wp,2134.2
elevation_wp,2324.0
elevation_wp,2061.9
elevation_wp,2012.1
elevation_wp,2065.4
elevation_wp,2897.3
elevation_wp,1953.4
elevation_wp,1913.5
elevation_wp,2059.2
elevation_wp,2032.0
elevation_wp,2165.8
elevation_wp,1948.8
elevation_wp,2105.9
elevation_wp,1716.6
elevation_wp,2416.0
elevation_wp,1834.3
elevation_wp,1960.2
elevation_wp,1941.8
elevation_wp,1898.0
elevation_wp,1947.4
elevation_wp,1688.7
elevation_wp,1950.8
elevation_wp,1959.5
elevation_wp,1943.7
elevation_wp,1910.2
elevation_wp,1942.4
elevation_wp,1910.2
elevation_wp,1999.4
elevation_wp,1928.3
elevation_wp,1887.2
elevation_wp,1712.3
elevation_wp,1863.1
elevation_wp,1712.2
elevation_wp,1625.1
elevation_wp,1697.3
elevation_wp,1777.2
elevation_wp,1645.0
elevation_wp,1756.1
elevation_wp,1609.5
elevation_wp,1660.5
elevation_wp,1264.8
elevation_wp,1578.2
elevation_wp,1464.2
elevation_wp,1319.0
elevation_wp,1287.5
elevation_wp,1365.7
elevation_wp,1411.9
elevation_wp,1322.0
elevation_wp,1237.9
elevation_wp,1077.9
elevation_wp,1121.9
elevation_wp,1129.7
elevation_wp,842.3
elevation_wp,1051.7
elevation_wp,1110.7
elevation_wp,1036.9
elevation_wp,1322.3
elevation_wp,1085.2
elevation_wp,1090.4
elevation_wp,1107.2
elevation_wp,1081.2
elevation_wp,1049.0
elevation_wp,1009.9
elevation_wp,872.5
elevation_wp,1046.0
elevation_wp,846.0
elevation_wp,1027.9
elevation_wp,893.1
elevation_wp,2100.4
elevation_wp,1873.4
elevation_wp,2354.3
elevation_wp,2358.2
elevation_wp,2440.9
elevation_wp,2657.7
elevation_wp,2361.6
elevation_wp,2224.1
elevation_wp,2341.8
elevation_wp,2298.5
elevation_wp,2070.7
elevation_wp,2239.9
elevation_wp,2078.5
elevation_wp,2134.5
elevation_wp,2507.4
elevation_wp,2100.8
elevation_wp,1878.8
elevation_wp,1971.6
elevation_wp,2196.2
elevation_wp,2128.4
elevation_wp,1912.2
elevation_wp,2296.1
elevation_wp,2161.9
elevation_wp,1830.1
elevation_wp,1174.6
elevation_wp,2596.5
elevation_wp,1988.8
elevation_wp,2237.8
elevation_wp,1719.1
elevation_wp,1887.3
elevation_wp,1807.6
elevation_wp,1915.3
elevation_wp,1427.2
elevation_wp,1411.4
elevation_wp,2369.9
elevation_wp,2222.5
elevation_wp,3128.9
elevation_wp,2313.4
elevation_wp,2627.4
elevation_wp,2960.0
elevation_wp,2486.6
elevation_wp,2462.9
elevation_wp,2318.8
elevation_wp,2460.2
elevation_wp,2560.2
elevation_wp,2918.4
elevation_wp,3398.4
elevation_wp,2790.5
elevation_wp,2576.5
elevation_wp,2697.4
elevation_wp,2475.6
elevation_wp,2701.6
elevation_wp,2620.1
elevation_wp,2191.0
elevation_wp,2137.2
elevation_wp,2034.4
elevation_wp,2226.2
elevation_wp,2054.0
elevation_wp,1905.9
elevation_wp,1925.0
elevation_wp,887.8
elevation_wp,816.2
elevation_wp,2812.7
elevation_wp,2770.4
elevation_wp,2054.9
elevation_wp,2062.9
elevation_wp,1438.3
elevation_wp,2723.2
elevation_wp,2216.2
elevation_wp,2876.2
elevation_wp,2423.2
elevation_wp,2142.0
elevation_wp,1966.2
elevation_wp,1867.9
elevation_wp,2058.3
elevation_wp,1817.2
elevation_wp,2152.1
elevation_wp,1869.8
elevation_wp,1707.7
elevation_wp,2106.8
elevation_wp,1576.2
elevation_wp,1614.2
elevation_wp,2072.1
elevation_wp,1562.0
elevation_wp,1749.9
elevation_wp,2070.8
elevation_wp,1738.3
elevation_wp,1856.6
elevation_wp,2011.9
elevation_wp,1437.4
elevation_wp,1887.6
elevation_wp,2064.9
elevation_wp,1975.1
elevation_wp,1897.3
elevation_wp,1307.5
elevation_wp,-9.0
elevation_wp,20.0
elevation_wp,11.0
elevation_wp,8.0
elevation_wp,6.0
elevation_wp,-13.0
elevation_wp,2.0
elevation_wp,-13.0
elevation_wp,16.0
elevation_wp,12.0
elevation_wp,-56.0
elevation_wp,-56.0
elevation_wp,-51.0
elevation_wp,-56.0
elevation_wp,-70.0
elevation_wp,-55.0
elevation_wp,-55.0
elevation_wp,-63.0
elevation_wp,-70.0
elevation_wp,-63.0
elevation_wp,-54.0
elevation_wp,-44.0
elevation_wp,-44.0
elevation_wp,-58.0
elevation_wp,-60.0
elevation_wp,-48.0
elevation_wp,-60.0
elevation_wp,-41.0
elevation_wp,-69.0
elevation_wp,-73.0
elevation_wp,-48.0
elevation_wp,-47.0
elevation_wp,-56.0
elevation_wp,-66.0
elevation_wp,-59.0
elevation_wp,-72.0
elevation_wp,-53.0
elevation_wp,-57.0
elevation_wp,-42.0
elevation_wp,-47.0
elevation_wp,-69.0
elevation_wp,-57.0
elevation_wp,-30.0
elevation_wp,-53.0
elevation_wp,-45.0
elevation_wp,-57.0
elevation_wp,-60.0
elevation_wp,-160.0
elevation_wp,-64.0
elevation_wp,-46.0
elevation_wp,-45.0
elevation_wp,-39.0
elevation_wp,-54.0
elevation_wp,-52.0
elevation_wp,-23.0
elevation_wp,-55.0
elevation_wp,-52.0
elevation_wp,-60.0
elevation_wp,-73.0
elevation_wp,-48.0
elevation_wp,-58.0
elevation_wp,-48.0
elevation_wp,-54.0
elevation_wp,-49.0
elevation_wp,-61.0
elevation_wp,-50.0
elevation_wp,-55.0
elevation_wp,-28.0
elevation_wp,-54.0
elevation_wp,-56.0
elevation_wp,-53.0
elevation_wp,-46.0
elevation_wp,-61.0
elevation_wp,-50.0
elevation_wp,-49.0
elevation_wp,-70.0
elevation_wp,-66.0
elevation_wp,-39.0
elevation_wp,-54.0
elevation_wp,-7.0
elevation_wp,-38.0
elevation_wp,-46.0
elevation_wp,-51.0
elevation_wp,-51.0
elevation_wp,-72.0
elevation_wp,-52.0
elevation_wp,-63.0
elevation_wp,-77.0
elevation_wp,-35.0
elevation_wp,-60.0
elevation_wp,-55.0
elevation_wp,-62.0
elevation_wp,-21.0
elevation_wp,-65.0
elevation_wp,303.0
elevation_wp,328.0
elevation_wp,305.0
elevation_wp,309.0
elevation_wp,315.0
elevation_wp,310.0
elevation_wp,310.0
elevation_wp,443.0
elevation_wp,312.0
elevation_wp,312.0
elevation_wp,317.0
elevation_wp,315.0
elevation_wp,314.0
elevation_wp,324.0
elevation_wp,324.0
elevation_wp,292.0
elevation_wp,301.0
elevation_wp,322.0
elevation_wp,325.0
elevation_wp,325.0
elevation_wp,306.0
elevation_wp,323.0
elevation_wp,312.0
elevation_wp,325.0
elevation_wp,314.0
elevation_wp,307.0
elevation_wp,323.0
elevation_wp,368.0
elevation_wp,426.0
elevation_wp,428.0
elevation_wp,422.0
elevation_wp,426.0
elevation_wp,357.0
elevation_wp,352.0
elevation_wp,423.0
elevation_wp,437.0
elevation_wp,431.0
elevation_wp,347.0
elevation_wp,352.0
elevation_wp,418.0
elevation_wp,416.0
elevation_wp,411.0
elevation_wp,420.0
elevation_wp,409.0
elevation_wp,404.0
elevation_wp,400.0
elevation_wp,411.0
elevation_wp,372.0
elevation_wp,376.0
elevation_wp,369.0
elevation_wp,376.0
elevation_wp,383.0
elevation_wp,352.0
elevation_wp,399.0
elevation_wp,397.0
elevation_wp,395.0
elevation_wp,384.0
elevation_wp,427.0
elevation_wp,428.0
elevation_wp,388.0
elevation_wp,383.0
elevation_wp,370.0
elevation_wp,375.0
elevation_wp,387.0
elevation_wp,349.0
elevation_wp,343.0
elevation_wp,412.0
elevation_wp,477.0
elevation_wp,469.0
elevation_wp,483.0
elevation_wp,463.0
elevation_wp,408.0
elevation_wp,343.0
elevation_wp,322.0
elevation_wp,326.0
elevation_wp,331.0
elevation_wp,354.0
elevation_wp,381.0
elevation_wp,335.0
elevation_wp,324.0
elevation_wp,358.0
elevation_wp,355.0
elevation_wp,338.0
elevation_wp,390.0
elevation_wp,383.0
elevation_wp,339.0
elevation_wp,339.0
elevation_wp,326.0
elevation_wp,332.0
elevation_wp,341.0
elevation_wp,313.0
elevation_wp,357.0
elevation_wp,352.0
elevation_wp,367.0
elevation_wp,362.0
elevation_wp,365.0
elevation_wp,350.0
elevation_wp,332.0
elevation_wp,325.0
elevation_wp,327.0
elevation_wp,332.0
elevation_wp,315.0
elevation_wp,346.0
elevation_wp,329.0
elevation_wp,327.0
elevation_wp,331.0
elevation_wp,323.0
elevation_wp,329.0
elevation_wp,330.0
elevation_wp,329.0
elevation_wp,321.0
elevation_wp,333.0
elevation_wp,325.0
elevation_wp,322.0
elevation_wp,337.0
elevation_wp,321.0
elevation_wp,314.0
elevation_wp,-217.0
elevation_wp,309.0
elevation_wp,310.0
elevation_wp,322.0
elevation_wp,311.0
elevation_wp,320.0
elevation_wp,312.0
elevation_wp,312.0
elevation_wp,315.0
elevation_wp,312.0
elevation_wp,303.0
elevation_wp,70.0
elevation_wp,75.0
elevation_wp,80.0
elevation_wp,66.0
elevation_wp,55.0
elevation_wp,80.0
elevation_wp,73.0
elevation_wp,42.0
elevation_wp,36.0
elevation_wp,62.0
elevation_wp,38.0
elevation_wp,327.0
elevation_wp,54.0
elevation_wp,78.0
elevation_wp,175.0
elevation_wp,344.0
elevation_wp,59.0
elevation_wp,376.0
elevation_wp,72.0
elevation_wp,62.0
elevation_wp,60.0
elevation_wp,92.0
elevation_wp,122.0
elevation_wp,81.0
elevation_wp,109.0
elevation_wp,90.0
elevation_wp,73.0
elevation_wp,70.0
elevation_wp,77.0
elevation_wp,60.0
elevation_wp,66.0
elevation_wp,81.0
elevation_wp,76.0
elevation_wp,115.0
elevation_wp,107.0
elevation_wp,95.0
elevation_wp,78.0
elevation_wp,250.0
elevation_wp,154.0
elevation_wp,208.0
elevation_wp,86.0
elevation_wp,188.0
elevation_wp,77.0
elevation_wp,89.0
elevation_wp,76.0
elevation_wp,109.0
elevation_wp,72.0
elevation_wp,101.0
elevation_wp,95.0
elevation_wp,150.0
elevation_wp,106.0
elevation_wp,138.0
elevation_wp,133.0
elevation_wp,128.0
elevation_wp,143.0
elevation_wp,123.0
elevation_wp,204.0
elevation_wp,124.0
elevation_wp,145.0
elevation_wp,167.0
elevation_wp,114.0
elevation_wp,145.0
elevation_wp,157.0
elevation_wp,187.0
elevation_wp,164.0
elevation_wp,138.0
elevation_wp,148.0
elevation_wp,159.0
elevation_wp,161.0
elevation_wp,164.0
elevation_wp,166.0
elevation_wp,170.0
elevation_wp,159.0
elevation_wp,187.0
elevation_wp,516.0
elevation_wp,472.0
elevation_wp,504.0
elevation_wp,469.0
elevation_wp,196.0
elevation_wp,204.0
elevation_wp,200.0
elevation_wp,184.0
elevation_wp,584.0
elevation_wp,567.0
elevation_wp,556.0
elevation_wp,534.0
elevation_wp,459.0
elevation_wp,543.0
elevation_wp,468.0
elevation_wp,249.0
elevation_wp,514.0
elevation_wp,232.0
elevation_wp,292.0
elevation_wp,446.0
elevation_wp,500.0
elevation_wp,520.0
elevation_wp,460.0
elevation_wp,513.0
elevation_wp,504.0
elevation_wp,497.0
elevation_wp,369.0
elevation_wp,1374.439645
elevation_wp,1276.638859
elevation_wp,1306.29481
elevation_wp,1298.014597
elevation_wp,1257.842951
elevation_wp,1237.754006
elevation_wp,619.2343966
elevation_wp,586.4420037
elevation_wp,595.3782597
elevation_wp,655.1952985
elevation_wp,628.3745357
elevation_wp,626.3440003
elevation_wp,647.2072056
elevation_wp,582.0085223
elevation_wp,582.9320844
elevation_wp,589.7009189
elevation_wp,520.8087969
elevation_wp,558.969241
elevation_wp,468.4167987
elevation_wp,581.2633102
elevation_wp,482.8499874
elevation_wp,484.602956
elevation_wp,161.4642447
elevation_wp,180.0
elevation_wp,186.0
elevation_wp,188.0
elevation_wp,183.0
elevation_wp,309.0
elevation_wp,315.1626889
elevation_wp,328.1626789
elevation_wp,145.4984576
elevation_wp,206.0574006
elevation_wp,146.3395127
elevation_wp,341.0
elevation_wp,227.4519407
elevation_wp,386.0
elevation_wp,311.0
elevation_wp,236.5728183
elevation_wp,267.7018679
elevation_wp,256.4216479
elevation_wp,238.8317606
elevation_wp,301.4957801
elevation_wp,249.5037537
elevation_wp,273.8362552
elevation_wp,250.3361273
elevation_wp,277.0
elevation_wp,294.3994962
elevation_wp,300.0388141
elevation_wp,325.0
elevation_wp,320.8055882
elevation_wp,290.101274
elevation_wp,377.3871926
elevation_wp,371.8334974
elevation_wp,374.1577981
elevation_wp,315.9568879
elevation_wp,334.0
elevation_wp,354.0
elevation_wp,351.6968047
elevation_wp,359.9991563
elevation_wp,353.0
elevation_wp,356.0070093
elevation_wp,364.1365179
elevation_wp,356.0
elevation_wp,368.0
elevation_wp,314.1163999
elevation_wp,362.2159773
elevation_wp,389.0
elevation_wp,284.0
elevation_wp,359.279922
elevation_wp,335.9162075
elevation_wp,309.0
elevation_wp,384.3900775
elevation_wp,343.4549766
elevation_wp,284.9637672
elevation_wp,337.0
elevation_wp,329.0
elevation_wp,307.1941459
elevation_wp,321.0
elevation_wp,310.6683065
elevation_wp,387.1881957
elevation_wp,250.0
elevation_wp,300.3789677
elevation_wp,389.5742953
elevation_wp,386.5662279
elevation_wp,305.0
elevation_wp,314.0
elevation_wp,282.8669888
elevation_wp,382.0
elevation_wp,311.0869778
elevation_wp,364.9367172
elevation_wp,302.0
elevation_wp,227.0
elevation_wp,208.0
elevation_wp,210.0
elevation_wp,214.0
elevation_wp,211.0
elevation_wp,214.0
elevation_wp,221.0
elevation_wp,215.0
elevation_wp,219.0
elevation_wp,216.0
elevation_wp,199.0
elevation_wp,212.0
elevation_wp,208.0
elevation_wp,210.0
elevation_wp,217.0
elevation_wp,211.0
elevation_wp,212.0
elevation_wp,213.0
elevation_wp,212.0
elevation_wp,214.0
elevation_wp,234.0
elevation_wp,235.0
elevation_wp,227.0
elevation_wp,212.0
elevation_wp,211.0
elevation_wp,201.0
elevation_wp,186.0
elevation_wp,209.0
elevation_wp,203.0
elevation_wp,240.0
elevation_wp,219.0
elevation_wp,237.0
elevation_wp,223.0
elevation_wp,215.0
elevation_wp,231.0
elevation_wp,238.0
elevation_wp,229.0
elevation_wp,231.0
elevation_wp,214.0
elevation_wp,226.0
elevation_wp,231.0
elevation_wp,237.0
elevation_wp,235.0
elevation_wp,236.0
elevation_wp,233.0
elevation_wp,239.0
elevation_wp,234.0
elevation_wp,237.0
elevation_wp,246.0
elevation_wp,249.0
elevation_wp,260.0
elevation_wp,261.0
elevation_wp,233.0
elevation_wp,221.0
elevation_wp,225.0
elevation_wp,228.0
elevation_wp,269.0
elevation_wp,262.0
elevation_wp,263.0
elevation_wp,246.0
elevation_wp,250.0
elevation_wp,243.0
elevation_wp,239.0
elevation_wp,244.0
elevation_wp,206.0
elevation_wp,208.0
elevation_wp,191.0
elevation_wp,200.0
elevation_wp,205.0
elevation_wp,203.0
elevation_wp,206.0
elevation_wp,211.0
elevation_wp,202.0
elevation_wp,206.0
elevation_wp,210.0
elevation_wp,195.0
elevation_wp,199.0
elevation_wp,203.0
elevation_wp,200.0
elevation_wp,201.0
elevation_wp,193.0
elevation_wp,194.0
elevation_wp,200.0
elevation_wp,198.0
elevation_wp,200.0
elevation_wp,205.0
elevation_wp,196.0
elevation_wp,195.0
elevation_wp,201.0
elevation_wp,204.0
elevation_wp,206.0
elevation_wp,204.0
elevation_wp,215.0
elevation_wp,236.0
elevation_wp,228.0
elevation_wp,246.0
elevation_wp,239.0
elevation_wp,193.0
elevation_wp,201.0
elevation_wp,195.0
elevation_wp,196.0
elevation_wp,194.0
elevation_wp,317.6
elevation_wp,316.1
elevation_wp,342.6
elevation_wp,350.9
elevation_wp,610.3
elevation_wp,672.8
elevation_wp,1322.9
elevation_wp,803.9
elevation_wp,1048.6
elevation_wp,1001.1
elevation_wp,1431.3
elevation_wp,1010.8
elevation_wp,897.8
elevation_wp,1085.8
elevation_wp,1515.3
elevation_wp,456.1
elevation_wp,1540.5
elevation_wp,1565.8698
elevation_wp,912.3
elevation_wp,987.2
elevation_wp,1325.5
elevation_wp,1669.2445
elevation_wp,1672.6254
elevation_wp,1806.3966
elevation_wp,722.1
elevation_wp,616.0
elevation_wp,804.7
elevation_wp,1304.2
elevation_wp,1267.4
elevation_wp,792.8
elevation_wp,1473.1
elevation_wp,1245.3075
elevation_wp,1156.2732
elevation_wp,1448.5328
elevation_wp,774.8
elevation_wp,1064.1623
elevation_wp,837.658
elevation_wp,933.8171
elevation_wp,1145.4139
elevation_wp,1713.5907
elevation_wp,1737.4995
elevation_wp,844.1617
elevation_wp,1727.8501
elevation_wp,1747.5852
elevation_wp,1933.5098
elevation_wp,912.5287
elevation_wp,997.3808
elevation_wp,710.5621
elevation_wp,777.9326
elevation_wp,1684.523
elevation_wp,1857.0882
elevation_wp,711.5
elevation_wp,864.9284
elevation_wp,626.7
elevation_wp,649.6
elevation_wp,860.4405
elevation_wp,759.2
elevation_wp,824.7577
elevation_wp,684.9457
elevation_wp,796.1966
elevation_wp,985.6784
elevation_wp,1072.4163
elevation_wp,937.8326
elevation_wp,567.6908
elevation_wp,831.7584
elevation_wp,510.6444
elevation_wp,815.9139
elevation_wp,511.1806
elevation_wp,519.6
elevation_wp,492.4
elevation_wp,592.5
elevation_wp,627.0337
elevation_wp,615.6366
elevation_wp,390.7
elevation_wp,601.9723
elevation_wp,576.1073
elevation_wp,368.2
elevation_wp,390.1
elevation_wp,466.4
elevation_wp,384.7
elevation_wp,382.0
elevation_wp,593.7
elevation_wp,486.9
elevation_wp,501.3
elevation_wp,769.4
elevation_wp,776.2
elevation_wp,816.3
elevation_wp,786.9
elevation_wp,988.4
elevation_wp,930.6
elevation_wp,755.1
elevation_wp,806.5
elevation_wp,786.4
elevation_wp,641.0
elevation_wp,689.5
elevation_wp,843.9
elevation_wp,599.6
elevation_wp,590.3
elevation_wp,653.5
elevation_wp,934.6
elevation_wp,464.6
elevation_wp,511.7
elevation_wp,820.5
elevation_wp,474.7
elevation_wp,472.2
elevation_wp,854.6
elevation_wp,756.8
elevation_wp,645.9
elevation_wp,652.6
elevation_wp,1007.9
elevation_wp,455.8
elevation_wp,494.6
elevation_wp,937.0
elevation_wp,417.7
elevation_wp,727.5
elevation_wp,775.1
elevation_wp,872.2
elevation_wp,387.4
elevation_wp,395.6
elevation_wp,532.7
elevation_wp,377.2
elevation_wp,822.0
elevation_wp,699.3
elevation_wp,731.9
elevation_wp,1169.7
elevation_wp,1309.7
elevation_wp,1207.1
elevation_wp,1395.9
elevation_wp,1354.5
elevation_wp,1367.7859
elevation_wp,1392.4558
elevation_wp,1313.6256
elevation_wp,227.5
elevation_wp,180.1
elevation_wp,279.8
elevation_wp,541.4
elevation_wp,357.5
elevation_wp,466.2
elevation_wp,360.1
elevation_wp,630.6
elevation_wp,583.5
elevation_wp,199.5
elevation_wp,325.7
elevation_wp,287.6
elevation_wp,144.3
elevation_wp,184.6
elevation_wp,157.4
elevation_wp,138.8
elevation_wp,128.3
elevation_wp,165.8
elevation_wp,146.9
elevation_wp,73.7
elevation_wp,159.9
elevation_wp,99.5
elevation_wp,150.0
elevation_wp,129.2
elevation_wp,1524.2
elevation_wp,1493.5
elevation_wp,1493.3
elevation_wp,1554.8
elevation_wp,1428.464505
elevation_wp,1579.069701
elevation_wp,1561.06972
elevation_wp,1611.935938
elevation_wp,1493.454746
elevation_wp,1617.831997
elevation_wp,1519.094473
elevation_wp,1659.065054
elevation_wp,1691.023105
elevation_wp,1628.946419
elevation_wp,1928.22912
elevation_wp,1713.993729
elevation_wp,1833.946831
elevation_wp,1789.997476
elevation_wp,1585.094749
elevation_wp,1856.110883
elevation_wp,1564.382165
elevation_wp,1856.936591
elevation_wp,2048.733869
elevation_wp,1875.416027
elevation_wp,1942.991426
elevation_wp,2110.469296
elevation_wp,1953.568135
elevation_wp,1970.257316
elevation_wp,1694.610304
elevation_wp,1633.559333
elevation_wp,2017.606121
elevation_wp,2017.556404
elevation_wp,1791.873963
elevation_wp,2102.222326
elevation_wp,1990.234573
elevation_wp,1635.410051
elevation_wp,2219.552708
elevation_wp,2222.723534
elevation_wp,1978.039067
elevation_wp,2100.205915
elevation_wp,2087.39252
elevation_wp,2117.778336
elevation_wp,2139.033921
elevation_wp,2132.668507
elevation_wp,1730.894508
elevation_wp,2024.826132
elevation_wp,1686.374568
elevation_wp,1803.681628
elevation_wp,1570.402166
elevation_wp,1421.381546
elevation_wp,1365.716572
elevation_wp,1981.552855
elevation_wp,1796.524616
elevation_wp,2016.881222
elevation_wp,1829.429699
elevation_wp,1864.491787
elevation_wp,2075.191876
elevation_wp,2162.474264
elevation_wp,2032.202487
elevation_wp,2000.105624
elevation_wp,1368.001072
elevation_wp,1945.707768
elevation_wp,1434.359592
elevation_wp,1750.265061
elevation_wp,1660.092013
elevation_wp,2151.862334
elevation_wp,2126.740336
elevation_wp,1529.918663
elevation_wp,1595.81727
elevation_wp,1397.447167
elevation_wp,1616.347202
elevation_wp,930.7493674
elevation_wp,1915.800674
elevation_wp,1777.551634
elevation_wp,1743.249857
elevation_wp,1854.490498
elevation_wp,1656.917351
elevation_wp,1972.688483
elevation_wp,1926.392815
elevation_wp,2223.683302
elevation_wp,1769.095376
elevation_wp,2148.74678
elevation_wp,1888.488338
elevation_wp,1117.621666
elevation_wp,1162.810619
elevation_wp,1142.599976
elevation_wp,1066.819545
elevation_wp,1138.307136
elevation_wp,1163.579358
elevation_wp,1174.290995
elevation_wp,1138.622778
elevation_wp,1155.800049
elevation_wp,1055.082765
elevation_wp,1178.099409
elevation_wp,1161.199951
elevation_wp,1194.329136
elevation_wp,1080.537095
elevation_wp,1192.800049
elevation_wp,1224.541347
elevation_wp,1208.620288
elevation_wp,1206.46012
elevation_wp,1177.0
elevation_wp,1050.179713
elevation_wp,1179.495519
elevation_wp,1219.300049
elevation_wp,1188.300049
elevation_wp,1226.199951
elevation_wp,1205.48298
elevation_wp,1218.374798
elevation_wp,1179.168839
elevation_wp,1196.729127
elevation_wp,1233.662379
elevation_wp,1178.458274
elevation_wp,1241.800049
elevation_wp,1157.015781
elevation_wp,1229.284228
elevation_wp,1210.300049
elevation_wp,1156.699951
elevation_wp,1208.699951
elevation_wp,1141.692236
elevation_wp,1183.897354
elevation_wp,1073.900024
elevation_wp,1191.833871
elevation_wp,1217.133488
elevation_wp,1186.300049
elevation_wp,1174.60429
elevation_wp,1173.729674
elevation_wp,1118.083111
elevation_wp,1138.192297
elevation_wp,1159.106787
elevation_wp,1179.008955
elevation_wp,1163.964686
elevation_wp,1145.900024
elevation_wp,1176.900024
elevation_wp,1158.099976
elevation_wp,1148.863481
elevation_wp,1152.219438
elevation_wp,1168.936091
elevation_wp,1140.199951
elevation_wp,1140.649996
elevation_wp,1171.199951
elevation_wp,1173.800049
elevation_wp,1134.491208
elevation_wp,1152.385938
elevation_wp,1166.131714
elevation_wp,1135.375935
elevation_wp,1165.384273
elevation_wp,1156.400024
elevation_wp,1148.701059
elevation_wp,1163.680309
elevation_wp,1141.099976
elevation_wp,1150.646093
elevation_wp,1140.286588
elevation_wp,1143.699951
pop_1000,379.4511944
pop_1000,343.3140875
pop_1000,386.2463438
pop_1000,351.3082643
pop_1000,274.5293783
pop_1000,1451.642475
pop_1000,479.6814029
pop_1000,483.8637074
pop_1000,259.795094
pop_1000,615.3111116
pop_1000,417.2481233
pop_1000,362.8427722
pop_1000,497.1529402
pop_1000,270.1388973
pop_1000,416.3787785
pop_1000,454.7888592
pop_1000,482.1129582
pop_1000,612.0335593
pop_1000,813.8715496
pop_1000,612.7377619
pop_1000,309.0022355
pop_1000,728.0244324
pop_1000,1489.861519
pop_1000,658.7159215
pop_1000,501.0984883
pop_1000,1238.958519
pop_1000,261.0763275
pop_1000,558.6871826
pop_1000,746.9017145
pop_1000,1318.037984
pop_1000,634.6204677
pop_1000,1731.189447
pop_1000,632.3384661
pop_1000,335.0992533
pop_1000,428.4689124
pop_1000,878.9506223
pop_1000,426.4695454
pop_1000,378.2292824
pop_1000,886.7304138
pop_1000,237.8421166
pop_1000,692.7927748
pop_1000,1075.187942
pop_1000,470.2136772
pop_1000,548.2012045
pop_1000,352.9925198
pop_1000,439.1148783
pop_1000,622.4958057
pop_1000,2392.076966
pop_1000,1620.87081
pop_1000,1724.433151
pop_1000,2735.969627
pop_1000,562.7050432
pop_1000,625.0688032
pop_1000,1926.808489
pop_1000,555.9104482
pop_1000,725.5427619
pop_1000,660.388419
pop_1000,510.4601766
pop_1000,640.5913634
pop_1000,954.8960892
pop_1000,135.0172369
pop_1000,238.1458486
pop_1000,264.5004937
pop_1000,183.4380539
pop_1000,232.4017148
pop_1000,364.9227151
pop_1000,412.6449532
pop_1000,805.2858836
pop_1000,494.4211089
pop_1000,591.6135144
pop_1000,9412.559168
pop_1000,224.6573669
pop_1000,688.3260094
pop_1000,2527.258294
pop_1000,677.3213226
pop_1000,724.7399814
pop_1000,521.4147912
pop_1000,621.177487
pop_1000,341.9132126
pop_1000,399.089401
pop_1000,695.4825721
pop_1000,463.7559167
pop_1000,496.5045077
pop_1000,386.7686606
pop_1000,863.1039192
pop_1000,748.8825051
pop_1000,1200.446956
pop_1000,329.6357718
pop_1000,620.2531792
pop_1000,640.2077135
pop_1000,299.6439566
pop_1000,2082.648498
pop_1000,541.7557095
pop_1000,646.887953
pop_1000,329.6656984
pop_1000,3423.227771
pop_1000,297.5982992
pop_1000,226.6873549
pop_1000,688.896338
pop_1000,438.7940129
pop_1000,380.3973459
pop_1000,567.7795127
pop_1000,182.0951043
pop_1000,610.4642684
pop_1000,369.4455562
pop_1000,598.777981
pop_1000,407.0563712
pop_1000,468.9680627
pop_1000,369.7475127
pop_1000,1103.66144
pop_1000,409.1006289
pop_1000,807.8986362
pop_1000,469.1755966
pop_1000,710.7043131
pop_1000,1622.958728
pop_1000,887.1659294
pop_1000,318.5962067
pop_1000,1853.601947
pop_1000,555.5913908
pop_1000,1101.459411
pop_1000,1410.764117
pop_1000,924.4387302
pop_1000,1316.626062
pop_1000,798.0294879
pop_1000,323.8444521
pop_1000,961.2542298
pop_1000,229.613993
pop_1000,1537.539925
pop_1000,365.7866553
pop_1000,1199.388393
pop_1000,769.5493311
pop_1000,783.7100465
pop_1000,459.8186427
pop_1000,623.3307159
pop_1000,2093.337848
pop_1000,575.6244707
pop_1000,1581.518292
pop_1000,8894.580192
pop_1000,1034.95281
pop_1000,3092.730035
pop_1000,1131.098693
pop_1000,1083.35576
pop_1000,1176.60348
pop_1000,490.5155791
pop_1000,495.3769877
pop_1000,816.9561656
pop_1000,438.3613081
pop_1000,637.8075574
pop_1000,261.0689569
pop_1000,434.3440668
pop_1000,408.3805155
pop_1000,372.4858043
pop_1000,684.5803068
pop_1000,1824.32867
pop_1000,929.7619351
pop_1000,1150.120735
pop_1000,1176.581262
pop_1000,572.6577517
pop_1000,543.6092062
pop_1000,778.4704773
pop_1000,471.8975174
pop_1000,918.7029656
pop_1000,702.9856155
pop_1000,772.244376
pop_1000,536.6060892
pop_1000,315.9994722
pop_1000,2879.262804
pop_1000,764.8136532
pop_1000,653.1036732
pop_1000,319.2631599
pop_1000,310.8084483
pop_1000,319.2631599
pop_1000,752.8754504
pop_1000,460.5700854
pop_1000,1230.324173
pop_1000,4434.410144
pop_1000,792.2280323
pop_1000,530.370353
pop_1000,676.684429
pop_1000,962.6625973
pop_1000,667.5029952
pop_1000,456.0659467
pop_1000,661.6712094
pop_1000,1153.874505
pop_1000,523.1700178
pop_1000,826.3832962
pop_1000,493.9461323
pop_1000,513.9399289
pop_1000,907.4884913
pop_1000,856.4347266
pop_1000,1064.340297
pop_1000,714.4950204
pop_1000,785.1771268
pop_1000,451.9997815
pop_1000,397.0893647
pop_1000,464.2212785
pop_1000,501.9701605
pop_1000,135.7207306
pop_1000,652.1106952
pop_1000,115.5399503
pop_1000,118.4003194
pop_1000,219.2409486
pop_1000,229.0417529
pop_1000,163.8727908
pop_1000,74.5927351
pop_1000,200.2279873
pop_1000,108.3564302
pop_1000,157.1813822
pop_1000,79.49923063
pop_1000,168.6039973
pop_1000,653.0955498
pop_1000,734.3528471
pop_1000,123.3161612
pop_1000,123.2272321
pop_1000,232.9472718
pop_1000,170.1099109
pop_1000,172.6974333
pop_1000,69.18305908
pop_1000,37.85412199
pop_1000,211.967438
pop_1000,58.26889727
pop_1000,288.9531602
pop_1000,101.9752229
pop_1000,112.3965569
pop_1000,124.8270194
pop_1000,155.0198473
pop_1000,196.8433023
pop_1000,138.4565915
pop_1000,223.5130526
pop_1000,913.6096131
pop_1000,913.6096131
pop_1000,232.694505
pop_1000,174.8808036
pop_1000,545.7838646
pop_1000,1168.393991
pop_1000,568.0487128
pop_1000,322.8904155
pop_1000,303.0930865
pop_1000,599.9788328
pop_1000,1065.146233
pop_1000,525.8502719
pop_1000,461.9288335
pop_1000,721.9012961
pop_1000,453.3287632
pop_1000,478.4602421
pop_1000,389.3766994
pop_1000,252.1964138
pop_1000,1389.662906
pop_1000,343.6690402
pop_1000,235.363263
pop_1000,800.937405
pop_1000,329.0568899
pop_1000,315.0066533
pop_1000,372.7540696
pop_1000,1484.192115
pop_1000,258.5351628
pop_1000,889.9419918
pop_1000,382.5377185
pop_1000,428.0077703
pop_1000,150.4053369
pop_1000,391.0685076
pop_1000,205.3268728
pop_1000,344.5559508
pop_1000,478.2160415
pop_1000,432.5661354
pop_1000,2386.794139
pop_1000,738.9290793
pop_1000,1372.466007
pop_1000,5769.057363
pop_1000,3828.9587
pop_1000,3286.835671
pop_1000,1424.119448
pop_1000,2205.614971
pop_1000,817.3827615
pop_1000,696.2237472
pop_1000,900.0588994
pop_1000,1493.130309
pop_1000,536.7939057
pop_1000,401.0638086
pop_1000,363.2496923
pop_1000,427.537679
pop_1000,341.6235369
pop_1000,387.1642271
pop_1000,289.4151305
pop_1000,480.4935354
pop_1000,360.6248877
pop_1000,235.9872829
pop_1000,419.4680173
pop_1000,413.2500396
pop_1000,243.4401996
pop_1000,362.8372954
pop_1000,698.1253308
pop_1000,635.5904867
pop_1000,401.7801251
pop_1000,940.3018319
pop_1000,703.5000846
pop_1000,7909.298171
pop_1000,439.0614748
pop_1000,625.615313
pop_1000,1030.163449
pop_1000,999.9792793
pop_1000,842.608903
pop_1000,1783.306061
pop_1000,3094.057479
pop_1000,1111.590028
pop_1000,267.1598636
pop_1000,1343.086949
pop_1000,188.77245
pop_1000,444.2985841
pop_1000,1901.764055
pop_1000,388.5902064
pop_1000,1061.400405
pop_1000,607.3806113
pop_1000,608.0062905
pop_1000,706.3434464
pop_1000,409.0593997
pop_1000,684.8101768
pop_1000,404.6975829
pop_1000,577.9658367
pop_1000,1191.265358
pop_1000,587.417557
pop_1000,881.1101853
pop_1000,1034.139355
pop_1000,953.7002871
pop_1000,7503.579834
pop_1000,6181.236328
pop_1000,5840.347168
pop_1000,4535.801514
pop_1000,5862.264648
pop_1000,1672.492554
pop_1000,4223.138428
pop_1000,4681.045898
pop_1000,2833.255249
pop_1000,3012.227783
pop_1000,3193.996643
pop_1000,2554.625244
pop_1000,1001.378601
pop_1000,1919.653931
pop_1000,1758.995544
pop_1000,2037.742432
pop_1000,1229.074463
pop_1000,1637.682434
pop_1000,1857.352783
pop_1000,1058.344238
pop_1000,2109.724121
pop_1000,2082.609009
pop_1000,1931.822937
pop_1000,3015.258179
pop_1000,1699.432495
pop_1000,1231.738281
pop_1000,1848.329834
pop_1000,2469.883667
pop_1000,1914.062744
pop_1000,3144.623169
pop_1000,2769.112427
pop_1000,1315.698059
pop_1000,1639.173767
pop_1000,1262.60321
pop_1000,5868.370972
pop_1000,3497.616699
pop_1000,2682.067749
pop_1000,3008.426147
pop_1000,1199.763428
pop_1000,4888.090576
pop_1000,1834.777039
pop_1000,2984.433105
pop_1000,2249.558838
pop_1000,5044.04248
pop_1000,2702.240479
pop_1000,1739.647644
pop_1000,7837.694824
pop_1000,4595.910889
pop_1000,4610.71582
pop_1000,6628.247437
pop_1000,5168.585938
pop_1000,4622.241943
pop_1000,5275.504272
pop_1000,3222.111328
pop_1000,3140.232788
pop_1000,5317.999756
pop_1000,1769.929688
pop_1000,1228.127197
pop_1000,2754.603882
pop_1000,1334.707764
pop_1000,2487.041443
pop_1000,2388.341919
pop_1000,1251.839905
pop_1000,1204.793457
pop_1000,1592.672058
pop_1000,3889.88269
pop_1000,1962.700378
pop_1000,844.4016113
pop_1000,1615.470337
pop_1000,2294.835938
pop_1000,1775.804688
pop_1000,1538.743652
pop_1000,1980.435913
pop_1000,3151.367432
pop_1000,1600.98822
pop_1000,1783.528442
pop_1000,1000.460693
pop_1000,1971.953979
pop_1000,1669.84906
pop_1000,1914.994812
pop_1000,2640.78064
pop_1000,2395.735718
pop_1000,2169.270325
pop_1000,2498.017273
pop_1000,1743.581665
pop_1000,1872.190369
pop_1000,2793.244141
pop_1000,3930.946045
pop_1000,2043.302429
pop_1000,1878.219177
pop_1000,1660.402283
pop_1000,2075.414734
pop_1000,2550.249207
pop_1000,2751.496399
pop_1000,268.9652154
pop_1000,230.6084987
pop_1000,367.0070835
pop_1000,134.6118955
pop_1000,209.5401945
pop_1000,536.9854148
pop_1000,432.5585388
pop_1000,432.5585388
pop_1000,309.08971
pop_1000,301.5759178
pop_1000,68.74432405
pop_1000,88.09389903
pop_1000,116.5158402
pop_1000,200.7516712
pop_1000,200.7516712
pop_1000,149.2442071
pop_1000,245.478121
pop_1000,166.8098057
pop_1000,169.1831861
pop_1000,169.1831861
pop_1000,274.233672
pop_1000,278.2709492
pop_1000,278.2709492
pop_1000,278.2709492
pop_1000,387.4499351
pop_1000,194.9166367
pop_1000,478.2769945
pop_1000,39.53551706
pop_1000,34.43149544
pop_1000,73.92194772
pop_1000,34.43149544
pop_1000,109.5969531
pop_1000,152.2744483
pop_1000,73.22192221
pop_1000,125.3096382
pop_1000,279.6615953
pop_1000,279.6615953
pop_1000,251.8202609
pop_1000,152.098643
pop_1000,195.0664489
pop_1000,231.6386761
pop_1000,231.6386761
pop_1000,163.5622758
pop_1000,92.09234945
pop_1000,211.1455567
pop_1000,58.4814729
pop_1000,58.4814729
pop_1000,58.4814729
pop_1000,111.6745694
pop_1000,231.7173169
pop_1000,258.9315396
pop_1000,59.31317424
pop_1000,109.7646197
pop_1000,149.3861589
pop_1000,161.8659321
pop_1000,227.5855871
pop_1000,132.3103716
pop_1000,58.55901823
pop_1000,36.59560258
pop_1000,36.59560258
pop_1000,36.59560258
pop_1000,36.59560258
pop_1000,189.5193126
pop_1000,189.5193126
pop_1000,156.2854731
pop_1000,272.1654797
pop_1000,217.8109068
pop_1000,105.8178649
pop_1000,208.5851338
pop_1000,108.8411313
pop_1000,115.0196207
pop_1000,168.6816925
pop_1000,168.6816925
pop_1000,115.0196207
pop_1000,207.8215624
pop_1000,143.0419305
pop_1000,213.8061478
pop_1000,213.8061478
pop_1000,100.818613
pop_1000,514.0729778
pop_1000,350.7926729
pop_1000,119.8675067
pop_1000,101.851487
pop_1000,593.4679619
pop_1000,308.6638455
pop_1000,664.0151687
pop_1000,863.723929
pop_1000,732.2822134
pop_1000,577.5886541
pop_1000,456.0827954
pop_1000,401.2058243
pop_1000,126.2858078
pop_1000,178.21408
pop_1000,130.5415584
pop_1000,466.142061
pop_1000,263.3096719
pop_1000,273.4087308
pop_1000,155.6524387
pop_1000,284.0276792
pop_1000,1003.464385
pop_1000,289.4234375
pop_1000,247.5101679
pop_1000,144.7058464
pop_1000,185.7434116
pop_1000,245.6769783
pop_1000,84.92366613
pop_1000,232.4580885
pop_1000,232.4580885
pop_1000,217.5074918
pop_1000,210.6280918
pop_1000,236.4596415
pop_1000,210.6280918
pop_1000,270.3363175
pop_1000,413.1813285
pop_1000,210.6280918
pop_1000,122.9457025
pop_1000,193.5966406
pop_1000,174.9488933
pop_1000,243.0926878
pop_1000,228.0463929
pop_1000,234.9790644
pop_1000,145.0491925
pop_1000,129.5835054
pop_1000,211.2812173
pop_1000,169.5059007
pop_1000,302.7168503
pop_1000,400.6471111
pop_1000,2153.790253
pop_1000,1157.462639
pop_1000,2211.759422
pop_1000,2719.176503
pop_1000,2211.759422
pop_1000,1946.056837
pop_1000,2055.032247
pop_1000,1762.582113
pop_1000,1188.773283
pop_1000,944.779759
pop_1000,841.0251642
pop_1000,886.6598263
pop_1000,1284.001713
pop_1000,1622.192282
pop_1000,795.6570396
pop_1000,552.8961383
pop_1000,2093.853833
pop_1000,571.6544974
pop_1000,810.9665172
pop_1000,1362.308515
pop_1000,1362.308515
pop_1000,912.5484551
pop_1000,1807.791146
pop_1000,3352.284247
pop_1000,2484.100487
pop_1000,2179.406273
pop_1000,2580.686126
pop_1000,1752.580469
pop_1000,1374.806102
pop_1000,1731.924498
pop_1000,799.4472843
pop_1000,1166.454651
pop_1000,711.0462101
pop_1000,1028.642749
pop_1000,754.7236993
pop_1000,980.0474478
pop_1000,1002.804572
pop_1000,63.31007567
pop_1000,975.7634426
pop_1000,480.3101413
pop_1000,685.7616496
pop_1000,97.61416339
pop_1000,1171.040487
pop_1000,1013.683718
pop_1000,803.7300888
pop_1000,686.0075964
pop_1000,457.2765
pop_1000,1013.683718
pop_1000,245.4519129
pop_1000,1154.607018
pop_1000,1455.619845
pop_1000,1051.368771
pop_1000,326.2687296
pop_1000,394.1078921
pop_1000,844.3466503
pop_1000,265.9051525
pop_1000,110.2355146
pop_1000,1100.23216
pop_1000,2547.93476
pop_1000,71.48950364
pop_1000,1658.106109
pop_1000,1601.730079
pop_1000,443.9999601
pop_1000,325.1160851
pop_1000,1036.471186
pop_1000,912.4067673
pop_1000,1537.171041
pop_1000,484.3569568
pop_1000,874.0220065
pop_1000,740.031149
pop_1000,1214.100469
pop_1000,556.0004331
pop_1000,1090.014858
pop_1000,1467.388353
pop_1000,484.0496721
pop_1000,417.383604
pop_1000,396.3095681
pop_1000,342.8259641
pop_1000,887.3743914
pop_1000,684.3333653
pop_1000,957.233797
pop_1000,957.233797
pop_1000,879.3108232
pop_1000,690.1048776
pop_1000,643.604103
pop_1000,848.8282803
pop_1000,363.8777066
pop_1000,677.6962389
pop_1000,536.7398268
pop_1000,876.8468703
pop_1000,803.0561356
pop_1000,1031.996363
pop_1000,131.6531485
pop_1000,859.8609916
pop_1000,756.3764397
pop_1000,1101.925302
pop_1000,1047.95466
pop_1000,653.784496
pop_1000,625.8913915
pop_1000,448.0860191
pop_1000,247.1670988
pop_1000,1282.80046
pop_1000,1363.444611
pop_1000,680.6236556
pop_1000,1410.407316
pop_1000,1423.596305
pop_1000,1589.28902
pop_1000,1654.539721
pop_1000,1664.527788
pop_1000,1516.718436
pop_1000,1787.499938
pop_1000,845.7321465
pop_1000,1450.66126
pop_1000,1686.186957
pop_1000,1186.666886
pop_1000,1043.598643
pop_1000,785.6133309
pop_1000,783.6344515
pop_1000,901.1223185
pop_1000,1239.531456
pop_1000,1258.618168
pop_1000,1416.900294
pop_1000,990.7615815
pop_1000,1058.842498
pop_1000,1267.583188
pop_1000,811.2232282
pop_1000,714.7382665
pop_1000,866.2577125
pop_1000,877.2371903
pop_1000,786.6246833
pop_1000,633.2913755
pop_1000,461.1023442
pop_1000,798.7410822
pop_1000,913.3462743
pop_1000,327.7485304
pop_1000,210.5891686
pop_1000,266.800709
pop_1000,617.2584521
pop_1000,617.2584521
pop_1000,568.3422226
pop_1000,1316.51017
pop_1000,522.3703265
pop_1000,665.543265
pop_1000,510.3189763
pop_1000,673.4545021
pop_1000,510.3189763
pop_1000,890.735394
pop_1000,535.2085503
pop_1000,561.2951171
pop_1000,688.3080618
pop_1000,688.3080618
pop_1000,832.621513
pop_1000,547.956789
pop_1000,588.4815696
pop_1000,588.4815696
pop_1000,399.74652
pop_1000,514.4723615
pop_1000,803.6694786
pop_1000,263.0580126
pop_1000,323.3690461
pop_1000,648.2993861
pop_1000,1553.777012
pop_1000,1870.024064
pop_1000,1763.335328
pop_1000,1401.993323
pop_1000,912.3242974
pop_1000,1134.08239
pop_1000,1320.571782
pop_1000,999.9103813
pop_1000,1454.546964
pop_1000,955.0502423
pop_1000,1908.68755
pop_1000,1394.22835
pop_1000,1136.022851
pop_1000,1136.022851
pop_1000,835.5979032
pop_1000,1117.140261
pop_1000,701.0425198
pop_1000,1026.400861
pop_1000,1026.400861
pop_1000,1492.910463
pop_1000,1492.910463
pop_1000,1488.046569
pop_1000,1218.553982
pop_1000,723.4073347
pop_1000,749.4409325
pop_1000,666.3188827
pop_1000,863.5088561
pop_1000,985.4342253
pop_1000,1323.934009
pop_1000,535.1670946
pop_1000,594.6251884
pop_1000,363.4410743
pop_1000,423.325444
pop_1000,294.9636045
pop_1000,1018.408784
pop_1000,1047.070516
pop_1000,324.2675385
pop_1000,451.7620331
pop_1000,1661.398932
pop_1000,326.5733625
pop_1000,73.89275795
pop_1000,42.07184202
pop_1000,54.97260732
pop_1000,51.84863045
pop_1000,42.45033652
pop_1000,119.4455671
pop_1000,174.9188008
pop_1000,142.1245246
pop_1000,34.02710436
pop_1000,75.75012307
pop_1000,36.1411654
pop_1000,81.21027503
pop_1000,96.41320262
pop_1000,110.5672968
pop_1000,120.8884314
pop_1000,62.8890409
pop_1000,60.02851759
pop_1000,83.98780648
pop_1000,93.99323894
pop_1000,51.35845641
pop_1000,155.9491209
pop_1000,199.8959291
pop_1000,240.8449335
pop_1000,404.3350987
pop_1000,341.2561698
pop_1000,472.2151926
pop_1000,57.95012115
pop_1000,183.6547177
pop_1000,155.8929298
pop_1000,821.0573332
pop_1000,143.4323221
pop_1000,276.2283254
pop_1000,296.0320174
pop_1000,429.3741563
pop_1000,229.2863611
pop_1000,737.8751363
pop_1000,181.0558612
pop_1000,208.806144
pop_1000,275.4178783
pop_1000,238.0050209
pop_1000,332.6062508
pop_1000,493.9265734
pop_1000,131.8871015
pop_1000,496.2186645
pop_1000,989.7434566
pop_1000,301.8286428
pop_1000,524.4391896
pop_1000,396.1577416
pop_1000,237.8911858
pop_1000,557.5308046
pop_1000,378.3814297
pop_1000,300.7595368
pop_1000,242.3533556
pop_1000,357.3444834
pop_1000,348.5574049
pop_1000,261.8744251
pop_1000,321.5173649
pop_1000,627.6566655
pop_1000,79.41416522
pop_1000,225.0178406
pop_1000,1597.046333
pop_1000,1507.309777
pop_1000,84.15692133
pop_1000,104.6812406
pop_1000,112.1056336
pop_1000,392.3616206
pop_1000,137.3541782
pop_1000,622.4566672
pop_1000,141.2006521
pop_1000,145.9691132
pop_1000,119.9180411
pop_1000,749.2225849
pop_1000,378.0376048
pop_1000,570.3997567
pop_1000,850.858534
pop_1000,364.1879983
pop_1000,677.5532768
pop_1000,480.5090779
pop_1000,480.5090779
pop_1000,677.5532768
pop_1000,680.6201751
pop_1000,417.7479858
pop_1000,164.836337
pop_1000,681.9564368
pop_1000,681.9564368
pop_1000,814.6161096
pop_1000,575.8898587
pop_1000,798.3244596
pop_1000,542.589494
pop_1000,503.4947907
pop_1000,334.7674812
pop_1000,581.5774702
pop_1000,581.5774702
pop_1000,789.8172885
pop_1000,1460.636877
pop_1000,719.0504132
pop_1000,719.0504132
pop_1000,454.6849337
pop_1000,460.0015144
pop_1000,325.944617
pop_1000,1070.932135
pop_1000,433.0371149
pop_1000,827.7742892
pop_1000,565.1026687
pop_1000,298.9802176
pop_1000,433.4818408
pop_1000,1067.549405
pop_1000,542.8310912
pop_1000,306.1672802
pop_1000,1069.331074
pop_1000,839.676783
pop_1000,839.676783
pop_1000,719.820141
pop_1000,899.9682167
pop_1000,716.0118983
pop_1000,812.4647449
pop_1000,1403.274039
pop_1000,1403.274039
pop_1000,1403.274039
pop_1000,275.3657684
pop_1000,275.3657684
pop_1000,180.7578071
pop_1000,132.7719884
pop_1000,151.2271391
pop_1000,403.0766624
pop_1000,403.0766624
pop_1000,403.0766624
pop_1000,195.9795166
pop_1000,95.73566755
pop_1000,387.7850516
pop_1000,345.8173598
pop_1000,461.2159736
pop_1000,461.2159736
pop_1000,461.2159736
pop_1000,59.08569105
pop_1000,510.1660026
pop_1000,330.0011837
pop_1000,341.2084986
pop_1000,229.1819672
pop_1000,325.5926281
pop_1000,290.9902792
pop_1000,315.4303051
pop_1000,235.0342277
pop_1000,235.0342277
pop_1000,235.0342277
pop_1000,572.5855074
pop_1000,424.1607422
pop_1000,340.6703628
pop_1000,706.1630838
pop_1000,706.1630838
pop_1000,706.1630838
pop_1000,299.9275463
pop_1000,299.9275463
pop_1000,516.4459857
pop_1000,651.6677666
pop_1000,474.6321505
pop_1000,841.9805897
pop_1000,681.0070735
pop_1000,490.6942505
pop_1000,1128.934659
pop_1000,1128.934659
pop_1000,1128.934659
pop_1000,1128.934659
pop_1000,347.7453587
pop_1000,106.4656397
pop_1000,101.2370738
pop_1000,133.9436107
pop_1000,101.2370738
pop_1000,225.9910378
pop_1000,129.7770022
pop_1000,129.7770022
pop_1000,129.7770022
pop_1000,129.7770022
pop_1000,270.9102697
pop_1000,217.8051172
pop_1000,214.0496383
pop_1000,290.5600285
pop_1000,177.0253603
pop_1000,167.627653
pop_1000,170.7080315
pop_1000,260.3688419
pop_1000,140.3683231
pop_1000,90.66842031
pop_1000,169.3801412
pop_1000,90.66842031
pop_1000,208.3544706
pop_1000,210.7950233
pop_1000,115.250864
pop_1000,136.3804914
pop_1000,217.4546486
pop_1000,382.021864
pop_1000,270.3740798
pop_1000,178.5129658
pop_1000,236.0210222
pop_1000,268.6451515
pop_1000,387.4899336
pop_1000,387.4899336
pop_1000,208.1176639
pop_1000,135.2066382
pop_1000,261.3216669
pop_1000,114.5782561
pop_1000,235.3755273
pop_1000,185.3431862
pop_1000,117.2572286
pop_1000,546.2194389
pop_1000,288.4881071
pop_1000,203.4081638
pop_1000,142.4852525
pop_1000,132.6804597
pop_1000,165.5855761
pop_1000,104.3952152
pop_1000,270.8249684
pop_1000,403.4672534
pop_1000,588.6017463
pop_1000,110.5510261
pop_1000,347.2234079
pop_1000,426.8316454
pop_1000,223.4740232
pop_1000,283.3335752
pop_1000,218.8240825
pop_1000,175.0605187
pop_1000,275.5290675
pop_1000,394.8911511
pop_1000,259.3566116
pop_1000,227.4305781
pop_1000,163.63324
pop_1000,112.3722688
pop_1000,152.7868477
pop_1000,244.5465645
pop_1000,238.5504857
pop_1000,394.2815278
pop_1000,194.3606662
pop_1000,278.8939692
pop_1000,411.5484606
pop_1000,315.5767362
pop_1000,215.0008596
pop_1000,304.5257934
pop_1000,215.0008596
pop_1000,197.7946419
pop_1000,364.093328
pop_1000,197.7946419
pop_1000,179.4480175
pop_1000,179.4480175
pop_1000,148.3101167
pop_1000,306.9374455
pop_1000,299.7380041
pop_1000,178.1976426
pop_1000,394.1610352
pop_1000,394.1610352
pop_1000,239.7627151
pop_1000,166.8702634
pop_1000,157.5819058
pop_1000,271.6639687
pop_1000,406.8778731
pop_1000,204.5497636
pop_1000,294.2532629
pop_1000,300.0407884
pop_1000,248.0136313
pop_1000,488.7963819
pop_1000,360.3730174
pop_1000,360.3730174
pop_1000,422.9837722
pop_1000,407.0123794
pop_1000,209.5479504
pop_1000,311.5500135
pop_1000,271.1019978
pop_1000,174.436442
pop_1000,258.4325999
pop_1000,375.5125472
pop_1000,533.8806854
pop_1000,574.0280434
pop_1000,356.3521849
pop_1000,241.1747251
pop_1000,251.0783445
pop_1000,226.69623
pop_1000,513.5862495
pop_1000,191.8411356
pop_1000,223.1728409
pop_1000,237.9412925
pop_1000,311.1488311
pop_1000,730.1542044
pop_1000,154.0708975
pop_1000,525.6970431
pop_1000,357.7698335
pop_1000,408.9482456
pop_1000,311.9057134
pop_1000,391.2478356
pop_1000,147.3326804
pop_1000,315.9092155
pop_1000,150.8814879
pop_1000,267.869944
pop_1000,248.0866841
pop_1000,101.9602686
pop_1000,232.3163676
pop_1000,232.0966995
pop_1000,155.0360974
pop_1000,273.6102649
pop_1000,208.1685247
pop_1000,143.7636158
pop_1000,143.7636158
pop_1000,136.6691829
pop_1000,418.8569411
pop_1000,317.1215338
pop_1000,209.6341198
pop_1000,220.2092538
pop_1000,85.27888153
pop_1000,49.50018017
pop_1000,47.64831285
pop_1000,50.21438676
pop_1000,31.78126798
pop_1000,35.54888382
pop_1000,48.98644598
pop_1000,40.22056053
pop_1000,54.45061916
pop_1000,55.41690809
pop_1000,81.67483423
pop_1000,79.48189107
pop_1000,65.77680638
pop_1000,191.8105734
pop_1000,191.8105734
pop_1000,107.4265597
pop_1000,79.7369899
pop_1000,79.7369899
pop_1000,149.2126821
pop_1000,149.2126821
pop_1000,160.8293715
pop_1000,160.8293715
pop_1000,163.0617808
pop_1000,157.0001328
pop_1000,614.746925
pop_1000,604.3232686
pop_1000,404.1630386
pop_1000,816.5998024
pop_1000,3054.989927
pop_1000,3193.087551
pop_1000,2846.86419
pop_1000,2489.484297
pop_1000,2168.33697
pop_1000,2149.158232
pop_1000,2167.768323
pop_1000,3141.09756
pop_1000,3037.496177
pop_1000,1896.816127
pop_1000,1082.816831
pop_1000,1841.208493
pop_1000,3361.467074
pop_1000,3290.345221
pop_1000,1865.715931
pop_1000,1655.901806
pop_1000,1578.361411
pop_1000,2467.900463
pop_1000,1260.411725
pop_1000,2585.591338
pop_1000,2778.17018
pop_1000,1344.186923
pop_1000,977.0518642
pop_1000,2466.038904
pop_1000,2741.723953
pop_1000,1355.971841
pop_1000,1403.205102
pop_1000,1032.996088
pop_1000,1507.584207
pop_1000,1454.035823
pop_1000,1506.651396
pop_1000,1842.816153
pop_1000,2992.278141
pop_1000,2494.275893
pop_1000,2334.337361
pop_1000,1316.672291
pop_1000,1987.275156
pop_1000,1231.995665
pop_1000,3601.573147
pop_1000,1726.172393
pop_1000,1565.680278
pop_1000,1721.657356
pop_1000,1147.92079
pop_1000,2067.561031
pop_1000,1941.219881
pop_1000,2599.272984
pop_1000,2976.661325
pop_1000,3120.01251
pop_1000,1501.522448
pop_1000,1846.56028
pop_1000,2748.292157
pop_1000,2809.900801
pop_1000,2013.24004
pop_1000,1517.258015
pop_1000,1101.72587
pop_1000,1700.506633
pop_1000,2329.377233
pop_1000,1895.626871
pop_1000,2266.9078
pop_1000,1642.674788
pop_1000,1610.1089
pop_1000,1335.118979
pop_1000,1250.503892
pop_1000,1271.023656
pop_1000,1548.689879
pop_1000,2198.826809
pop_1000,1395.439003
pop_1000,1989.343124
pop_1000,2814.936115
pop_1000,2155.048776
pop_1000,1853.110614
pop_1000,2256.230376
pop_1000,1849.747753
pop_1000,2360.998942
pop_1000,2482.934237
pop_1000,1142.064204
pop_1000,2136.065815
pop_1000,1441.620176
pop_1000,1417.737327
pop_1000,2065.59796
pop_1000,1982.110516
pop_1000,2352.623655
pop_1000,1516.574462
pop_1000,1810.666093
pop_1000,2863.270237
pop_1000,3070.374944
pop_1000,2030.725469
pop_1000,1966.211675
pop_1000,1382.605075
pop_1000,1333.369757
pop_1000,2020.613817
pop_1000,1982.878172
pop_1000,1319.068318
pop_1000,1959.192906
pop_1000,1739.462715
pop_1000,1022.801404
pop_1000,1417.213064
pop_1000,1262.005344
pop_1000,786.9296517
pop_1000,1686.166567
pop_1000,1359.179069
pop_1000,1883.522538
pop_1000,1379.655512
pop_1000,1709.081096
pop_1000,1709.480456
pop_1000,1692.131047
pop_1000,1611.68268
pop_1000,1395.588778
pop_1000,1744.578308
pop_1000,1081.570674
pop_1000,1674.601649
pop_1000,1571.631
pop_1000,1591.008797
pop_1000,1379.989341
pop_1000,1565.355073
pop_1000,2159.419677
pop_1000,1838.364713
pop_1000,1567.014912
pop_1000,1703.533882
pop_1000,1734.73217
pop_1000,1772.71766
pop_1000,1243.36384
pop_1000,1944.004457
pop_1000,1206.858398
pop_1000,1421.436822
pop_1000,2691.250607
pop_1000,1721.055094
pop_1000,1763.201986
pop_1000,1572.99703
pop_1000,1852.509778
pop_1000,1297.799357
pop_1000,2148.728948
pop_1000,1807.675987
pop_1000,1950.697574
pop_1000,1955.408943
pop_1000,1455.559469
pop_1000,2147.730398
pop_1000,2090.149186
pop_1000,1573.619816
pop_1000,2044.579973
pop_1000,2057.347308
pop_1000,1644.226873
pop_1000,2010.123303
pop_1000,1437.919621
pop_1000,2335.517688
pop_1000,2523.028071
pop_1000,2069.105378
pop_1000,1888.55924
pop_1000,1422.968472
pop_1000,1304.366727
